upz_id,anio,mes,n_estaciones,n_portales,flujo_total_upz,validaciones_upz,salidas_upz,dist_cai_mediana_m,n_cai_500m_media,upz_nuse_hurto,upz_nuse_violencia,upz_nuse_orden_publico,upz_nuse_otros,upz_nuse_total,loc_nuse_hurto,loc_nuse_violencia,loc_nuse_total,poblacion_localidad,loc_tasa_nuse_hurto_100k_hab,loc_tasa_nuse_violencia_100k_hab,dai_total,dai_hurto_personas,ir_total,indice_seguridad_nocturna_2019,cod_localidad,localidad,pct_nocturno_pond,pct_finde_pond,pct_pico_am_pond,pct_pico_pm_pond,gini_pond,log_flujo_upz,periodo
UPZ10,2023,1,1,1,3465755.0,1583640.0,1882115.0,177.7828067856346,1.0,29.0,125.0,141.0,217.0,512.0,660.0,2531.0,10327.0,585076.0,112.80585770053804,432.59337248494217,9046.0,4968.0,39367.0,41.7932881111111,1.0,USAQUÉN,0.1803563725652852,0.2205106823765673,0.2448632404771832,0.1681642239569733,0.2861010616608853,15.058441060088754,2023-01
UPZ10,2023,2,1,1,3983681.0,1900159.0,2083522.0,177.7828067856346,1.0,39.0,141.0,130.0,204.0,514.0,645.0,2553.0,10574.0,585076.0,110.242088207344,436.3535677416267,9046.0,4968.0,39367.0,41.7932881111111,1.0,USAQUÉN,0.18904249612356,0.195276177987143,0.2550794102238607,0.16071166340879203,0.2830362414421205,15.197716824199706,2023-02
UPZ10,2023,3,1,1,4489185.0,2178612.0,2310573.0,177.7828067856346,1.0,31.0,194.0,146.0,211.0,582.0,703.0,2727.0,10950.0,585076.0,120.15533024769432,466.0932938626777,9046.0,4968.0,39367.0,41.7932881111111,1.0,USAQUÉN,0.1922705346293369,0.1870241480357793,0.2550828268382791,0.1623582008761055,0.2840060966270576,15.317181728766077,2023-03
UPZ10,2023,4,1,1,3868303.0,1859534.0,2008769.0,177.7828067856346,1.0,32.0,185.0,171.0,203.0,591.0,740.0,2791.0,11743.0,585076.0,126.47929499757296,477.0320437003056,9046.0,4968.0,39367.0,41.7932881111111,1.0,USAQUÉN,0.1897281572824052,0.2668834370006693,0.2471944415936393,0.1601738540129871,0.2745141321839928,15.16832646754417,2023-04
UPZ10,2023,5,1,1,4322832.0,2070833.0,2251999.0,177.7828067856346,1.0,43.0,230.0,159.0,271.0,703.0,771.0,3254.0,12955.0,585076.0,131.777751950174,556.1670620568951,9046.0,4968.0,39367.0,41.7932881111111,1.0,USAQUÉN,0.1883364886722408,0.2118199365601069,0.2530847833087198,0.1627002853684806,0.2820440520515811,15.279421300993167,2023-05
UPZ10,2023,6,1,1,3856362.0,1855109.0,2001253.0,177.7828067856346,1.0,33.0,157.0,183.0,197.0,570.0,697.0,2798.0,11562.0,585076.0,119.1298224504167,478.2284694637961,9046.0,4968.0,39367.0,41.7932881111111,1.0,USAQUÉN,0.1895963086452983,0.2334951957311061,0.2459660166758203,0.1635079901731217,0.2774862624100295,15.165234809974203,2023-06
UPZ10,2023,7,1,1,3824095.0,1880343.0,1943752.0,177.7828067856346,1.0,28.0,142.0,178.0,242.0,590.0,712.0,2523.0,11549.0,585076.0,121.69359194361074,431.2260287552386,9046.0,4968.0,39367.0,41.7932881111111,1.0,USAQUÉN,0.1882840253707086,0.28795309739951547,0.245037061056276,0.1621520908868634,0.2754119923167179,15.156832395941079,2023-07
UPZ10,2023,8,1,1,4294960.0,2095859.0,2199101.0,177.7828067856346,1.0,26.0,129.0,127.0,198.0,480.0,619.0,2240.0,9999.0,585076.0,105.79822108580764,382.8562443169776,9046.0,4968.0,39367.0,41.7932881111111,1.0,USAQUÉN,0.1867314247396949,0.2105109244323579,0.2517343584107884,0.1645959450146218,0.2839032081204128,15.272952800202294,2023-08
UPZ10,2023,9,1,1,4398782.0,2114098.0,2284684.0,177.7828067856346,1.0,26.0,170.0,173.0,220.0,589.0,692.0,2796.0,12721.0,585076.0,118.275232619352,477.8866335313703,9046.0,4968.0,39367.0,41.7932881111111,1.0,USAQUÉN,0.1869979007825348,0.2143657039607782,0.2528690896707316,0.1631594836934406,0.2838444692828996,15.296838242385446,2023-09
UPZ10,2023,10,1,1,4331704.0,2076832.0,2254872.0,177.7828067856346,1.0,38.0,168.0,191.0,212.0,609.0,703.0,2835.0,12220.0,585076.0,120.15533024769432,484.5524342136748,9046.0,4968.0,39367.0,41.7932881111111,1.0,USAQUÉN,0.1864028567048902,0.2188328196017087,0.24934898598796218,0.1638812347288734,0.2816860397273869,15.281471556051978,2023-10
UPZ10,2023,11,1,1,4244448.0,2034628.0,2209820.0,177.7828067856346,1.0,38.0,154.0,223.0,233.0,648.0,722.0,3148.0,11947.0,585076.0,123.4027716057401,538.049757638324,9046.0,4968.0,39367.0,41.7932881111111,1.0,USAQUÉN,0.1884369887438838,0.2265884751091308,0.24792764571506107,0.162603005149315,0.2778714077190268,15.261122333936568,2023-11
UPZ10,2023,12,1,1,3846598.0,1847294.0,1999304.0,177.7828067856346,1.0,27.0,146.0,170.0,309.0,652.0,718.0,3253.0,13435.0,585076.0,122.71909974088835,555.9961440906823,9046.0,4968.0,39367.0,41.7932881111111,1.0,USAQUÉN,0.1962669350943353,0.2806984249458872,0.2287083287621945,0.1590519726781951,0.2538948275534486,15.162699679263582,2023-12
UPZ10,2024,1,1,1,3526901.0,1692832.0,1834069.0,177.7828067856346,1.0,21.0,102.0,133.0,190.0,446.0,453.0,1894.0,7940.0,586366.0,77.25550253595877,323.00644989648106,9684.0,4757.0,36626.0,41.7932881111111,1.0,USAQUÉN,0.1841409781561773,0.2166854130580926,0.24542424071444016,0.16598679690754,0.2807932383182396,15.075930139643635,2024-01
UPZ10,2024,2,1,1,4149738.0,2004113.0,2145625.0,177.7828067856346,1.0,46.0,156.0,209.0,330.0,741.0,669.0,2660.0,11593.0,586366.0,114.09256334780666,453.64158221997866,9684.0,4757.0,36626.0,41.7932881111111,1.0,USAQUÉN,0.1877581187053255,0.1806767077825154,0.2599959322733146,0.1616065881749643,0.2890843135934958,15.238555757683818,2024-02
UPZ10,2024,3,1,1,3892419.0,1906275.0,1986144.0,177.7828067856346,1.0,21.0,126.0,166.0,221.0,534.0,507.0,2345.0,9925.0,586366.0,86.46476773892074,399.92086853603377,9684.0,4757.0,36626.0,41.7932881111111,1.0,USAQUÉN,0.185201541766187,0.2717713586332818,0.2470481723576007,0.1595077508356628,0.2752465331556296,15.17454137322522,2024-03
UPZ10,2024,4,1,1,4312647.0,2066962.0,2245685.0,177.7828067856346,1.0,20.0,72.0,103.0,188.0,383.0,476.0,1788.0,7461.0,586366.0,81.17796734462776,304.9290033869631,9684.0,4757.0,36626.0,41.7932881111111,1.0,USAQUÉN,0.1857446250527808,0.1808759214468515,0.2582411683590148,0.1642501693275614,0.2897478157442757,15.277062426697327,2024-04
UPZ10,2024,5,1,1,4216551.0,1996175.0,2220376.0,177.7828067856346,1.0,28.0,143.0,188.0,265.0,624.0,630.0,2826.0,11809.0,586366.0,107.44142736788967,481.9515456216766,9684.0,4757.0,36626.0,41.7932881111111,1.0,USAQUÉN,0.1893092245297163,0.2154170553136912,0.2512864186867418,0.1606732611558593,0.2799961430054888,15.254528053263423,2024-05
UPZ10,2024,6,1,1,3650722.0,1741938.0,1908784.0,177.7828067856346,1.0,63.0,176.0,178.0,278.0,695.0,724.0,3041.0,11919.0,586366.0,123.47237049897164,518.6180644853215,9684.0,4757.0,36626.0,41.7932881111111,1.0,USAQUÉN,0.1863932668661158,0.2936679374655205,0.24385395546415198,0.1610133557142943,0.2728714665666311,15.110435514216386,2024-06
UPZ10,2024,7,1,1,3693542.0,1886383.0,1807159.0,177.7828067856346,1.0,45.0,198.0,186.0,211.0,640.0,668.0,2871.0,11732.0,586366.0,113.92202139960366,489.62593329081153,9684.0,4757.0,36626.0,41.7932881111111,1.0,USAQUÉN,0.1767373973275517,0.2132546482482127,0.2567548981438413,0.1672348656113833,0.294597879397832,15.122096447214284,2024-07
UPZ10,2024,8,1,1,4215383.0,2004953.0,2210430.0,177.7828067856346,1.0,37.0,163.0,206.0,277.0,683.0,608.0,2792.0,11261.0,586366.0,103.6895045074237,476.1531193827746,9684.0,4757.0,36626.0,41.7932881111111,1.0,USAQUÉN,0.1845322239995749,0.2436758415546108,0.2518748592951103,0.1629386938268717,0.2827303659707135,15.254251011244955,2024-08
UPZ10,2024,9,1,1,3884422.0,1845895.0,2038527.0,177.7828067856346,1.0,40.0,252.0,232.0,246.0,770.0,725.0,3167.0,12981.0,586366.0,123.64291244717464,540.1063499588994,9684.0,4757.0,36626.0,41.7932881111111,1.0,USAQUÉN,0.1817034812386501,0.2200700644780613,0.2572508857173602,0.15990384154965648,0.2868716045298528,15.17248475336666,2024-09
UPZ10,2024,10,1,1,4353260.0,2105948.0,2247312.0,177.7828067856346,1.0,44.0,163.0,203.0,305.0,715.0,749.0,2996.0,12734.0,586366.0,127.73591920404662,510.9436768161865,9684.0,4757.0,36626.0,41.7932881111111,1.0,USAQUÉN,0.18247589163064,0.1935599987136077,0.2574785333290453,0.1641153985748611,0.2894374557731983,15.286435547673316,2024-10
UPZ10,2024,11,1,1,4047635.0,1921286.0,2126349.0,177.7828067856346,1.0,28.0,148.0,180.0,344.0,700.0,661.0,2725.0,12756.0,586366.0,112.72822776218268,464.7268088531736,9684.0,4757.0,36626.0,41.7932881111111,1.0,USAQUÉN,0.1864367711021374,0.2602929859041143,0.2509818696596901,0.1557739272439338,0.2742391839786974,15.213643317899871,2024-11
UPZ10,2024,12,1,1,3892219.0,1859285.0,2032934.0,177.7828067856346,1.0,41.0,147.0,209.0,277.0,674.0,721.0,3298.0,14172.0,586366.0,122.96074465436264,562.4473451734923,9684.0,4757.0,36626.0,41.7932881111111,1.0,USAQUÉN,0.1935065832626581,0.240060746838757,0.2340317952304328,0.1581054406239731,0.2598521869774556,15.174489989975275,2024-12
UPZ10,2025,1,1,1,3528550.0,1686394.0,1842156.0,177.7828067856346,1.0,32.0,103.0,188.0,456.0,779.0,592.0,2309.0,10342.0,586286.0,100.97460966149627,393.83509072364,9559.0,4923.0,45490.0,41.7932881111111,1.0,USAQUÉN,0.1831973473523118,0.2102223292854005,0.2482583497470632,0.1661963129330745,0.2846541457555444,15.076397579649958,2025-01
UPZ10,2025,2,1,1,3956420.0,1875585.0,2080835.0,177.7828067856346,1.0,47.0,142.0,211.0,268.0,668.0,665.0,2741.0,11610.0,586286.0,113.4258706501605,467.5192653414886,9559.0,4923.0,45490.0,41.7932881111111,1.0,USAQUÉN,0.184672759717118,0.18863543304300348,0.2583762593455699,0.1639795572765277,0.2905232651522912,15.190850133935642,2025-02
UPZ10,2025,3,1,1,4176123.0,1971118.0,2205005.0,177.7828067856346,1.0,38.0,160.0,223.0,259.0,680.0,750.0,3041.0,13306.0,586286.0,127.9239142670983,518.688831048328,9559.0,4923.0,45490.0,41.7932881111111,1.0,USAQUÉN,0.1857270487483247,0.2410604285362284,0.254316982521827,0.1599837935807925,0.2828199981451779,15.24489386213384,2025-03
UPZ10,2025,4,1,1,3883082.0,1836831.0,2046251.0,177.7828067856346,1.0,43.0,163.0,232.0,271.0,709.0,720.0,2807.0,12796.0,586286.0,122.8069576964144,478.7765697969933,9559.0,4923.0,45490.0,41.7932881111111,1.0,USAQUÉN,0.18751239350598306,0.2084514311054981,0.2544156935135544,0.161776650608975,0.2848547178865732,15.172139726183335,2025-04
UPZ10,2025,5,1,1,8321129.0,3944794.0,4376335.0,177.7828067856346,1.0,34.0,200.0,206.0,268.0,708.0,667.0,2787.0,13069.0,586286.0,113.7670010882061,475.3652654165373,9559.0,4923.0,45490.0,41.7932881111111,1.0,USAQUÉN,0.1869930150103429,0.2267834088379113,0.2565421110524786,0.1563374393066133,0.2808329376516279,15.934308500706756,2025-05
UPZ10,2025,6,1,1,3526558.0,1607360.0,1919198.0,177.7828067856346,1.0,33.0,200.0,240.0,223.0,696.0,640.0,2970.0,12597.0,586286.0,109.16174017459056,506.5787004977093,9559.0,4923.0,45490.0,41.7932881111111,1.0,USAQUÉN,0.1902302471701869,0.2789493324652536,0.2453230600489202,0.1613372018835362,0.2747320397222056,15.07583288239715,2025-06
UPZ10,2025,7,1,1,4020832.0,1855697.0,2165135.0,177.7828067856346,1.0,48.0,218.0,205.0,301.0,772.0,769.0,3119.0,12966.0,586286.0,131.16465342853147,531.9929181321062,9559.0,4923.0,45490.0,41.7932881111111,1.0,USAQUÉN,0.1862582172047974,0.1851268593166787,0.2584634224956427,0.1648837852464365,0.2921141596951361,15.206999404354995,2025-07
UPZ10,2025,8,1,1,3840103.0,1847051.0,1993052.0,177.7828067856346,1.0,49.0,195.0,270.0,336.0,850.0,751.0,2995.0,13574.0,586286.0,128.09447948612112,510.8428309732792,9559.0,4923.0,45490.0,41.7932881111111,1.0,USAQUÉN,0.1865515065611521,0.2646522762540484,0.2543845829135312,0.1569155827330673,0.2790426499524374,15.161009747120849,2025-08
UPZ10,2025,9,1,1,4004503.0,1901520.0,2102983.0,177.7828067856346,1.0,39.0,182.0,283.0,312.0,816.0,741.0,2987.0,13089.0,586286.0,126.38882729589314,509.4783092210968,9559.0,4923.0,45490.0,41.7932881111111,1.0,USAQUÉN,0.1853023958278967,0.1821806601218678,0.2624023505538639,0.1607525328361597,0.291082134431148,15.202930035902792,2025-09
UPZ10,2025,10,1,1,4135909.0,1919876.0,2216033.0,177.7828067856346,1.0,38.0,193.0,210.0,359.0,800.0,660.0,2985.0,13611.0,586286.0,112.57304455504652,509.1371787830512,9559.0,4923.0,45490.0,41.7932881111111,1.0,USAQUÉN,0.1856837275675069,0.1915194459065709,0.2584096990528563,0.1633225005675898,0.2888762216284217,15.23521769299412,2025-10
UPZ10,2025,11,1,1,4000924.0,1869676.0,2131248.0,177.7828067856346,1.0,53.0,237.0,273.0,318.0,881.0,674.0,3065.0,13484.0,586286.0,114.9609576213657,522.7823963048752,9559.0,4923.0,45490.0,41.7932881111111,1.0,USAQUÉN,0.1871145265443682,0.2818896334946627,0.2467582488445169,0.157883528904823,0.2750142237865746,15.202035892407773,2025-11
UPZ10,2025,12,1,1,1748319.0,1748319.0,0.0,177.7828067856346,1.0,34.0,234.0,246.0,335.0,849.0,589.0,3375.0,14838.0,586286.0,100.46291400442786,575.6576142019425,9559.0,4923.0,45490.0,41.7932881111111,1.0,USAQUÉN,0.1290954339568465,0.229524474652509,0.3098256096284488,0.1256412588320552,0.3401713945793211,14.374165312826738,2025-12
UPZ10,2026,1,1,1,3305831.0,1570947.0,1734884.0,177.7828067856346,1.0,35.0,145.0,212.0,324.0,716.0,579.0,2694.0,11546.0,584326.0,99.08852250284944,461.0440062567813,9153.0,4640.0,46798.0,41.7932881111111,1.0,USAQUÉN,0.1799402328794182,0.23542431539906303,0.2475553045512611,0.1648257276309648,0.2852872563254592,15.011198436879223,2026-01
UPZ10,2026,2,1,1,3663590.0,1725924.0,1937666.0,177.7828067856346,1.0,34.0,194.0,200.0,275.0,703.0,672.0,2873.0,12755.0,584326.0,115.00429554734858,491.677590933828,9153.0,4640.0,46798.0,41.7932881111111,1.0,USAQUÉN,0.1811905808237275,0.1839777376835289,0.2623585062739007,0.16066044508255556,0.2943576495343529,15.113954098951616,2026-02
UPZ10,2026,3,1,1,3820479.0,1808365.0,2012114.0,177.7828067856346,1.0,34.0,194.0,227.0,337.0,792.0,682.0,3236.0,13906.0,584326.0,116.71566899299364,553.800447010744,9153.0,4640.0,46798.0,41.7932881111111,1.0,USAQUÉN,0.1827226376587857,0.2100883161509329,0.2543154929002358,0.1594509484281945,0.2843390140016522,15.155886365391911,2026-03
UPZ10,2026,4,1,1,3450224.0,1539217.0,1911007.0,177.7828067856346,1.0,36.0,196.0,237.0,261.0,730.0,586.0,2892.0,12729.0,584326.0,100.28648391480098,494.9292004805536,9153.0,4640.0,46798.0,41.7932881111111,1.0,USAQUÉN,0.188359944165944,0.1989517202361354,0.2554434146884376,0.15745296537268297,0.2806872291186223,15.053949714436072,2026-04
UPZ10,2026,5,1,1,3908209.0,1821976.0,2086233.0,177.7828067856346,1.0,40.0,179.0,247.0,370.0,836.0,596.0,3039.0,13288.0,584326.0,101.99785736044603,520.0863901315362,9153.0,4640.0,46798.0,41.7932881111111,1.0,USAQUÉN,0.1850049472789198,0.2608721795584627,0.24721400518754244,0.1582228586035189,0.2753018461953667,15.178589770755746,2026-05
UPZ10,2026,6,1,1,3371355.0,1588102.0,1783253.0,177.7828067856346,1.0,20.0,196.0,213.0,334.0,763.0,502.0,2710.0,11805.0,584326.0,85.91094697138242,463.7822037698134,9153.0,4640.0,46798.0,41.7932881111111,1.0,USAQUÉN,0.2819563647257557,0.2464916925093916,0.2939254394746326,0.1071779744346116,0.324844977506291,15.030825298668523,2026-06
UPZ100,2023,1,4,0,2317360.0,977943.0,1339417.0,575.6820137310776,0.75,146.0,373.0,623.0,745.0,1887.0,481.0,971.0,5211.0,154555.0,311.2160719484973,628.2553136423927,10667.0,6631.0,18152.0,42.04490588888888,13.0,TEUSAQUILLO,0.14423956571270752,0.17822565332965093,0.22409811164428486,0.17089058238685395,0.2960802497173075,14.655939164672906,2023-01
UPZ100,2023,2,4,0,3151068.0,1437068.0,1714000.0,575.6820137310776,0.75,158.0,480.0,709.0,865.0,2212.0,457.0,1128.0,5879.0,154555.0,295.6876192941024,729.8372747565592,10667.0,6631.0,18152.0,42.04490588888888,13.0,TEUSAQUILLO,0.156049948779271,0.16560004417549856,0.2195243009671641,0.16713888751369377,0.2866670014179007,14.963252000957208,2023-02
UPZ100,2023,3,4,0,3549687.0,1599208.0,1950479.0,575.6820137310776,0.75,148.0,541.0,827.0,815.0,2331.0,472.0,1260.0,6359.0,154555.0,305.39290220309925,815.2437643557311,10667.0,6631.0,18152.0,42.04490588888888,13.0,TEUSAQUILLO,0.15440150075203807,0.15800294504839435,0.2163466807073412,0.17488922262723441,0.2909238139032438,15.082369988550399,2023-03
UPZ100,2023,4,4,0,2901434.0,1293461.0,1607973.0,575.6820137310776,0.75,193.0,511.0,887.0,787.0,2378.0,565.0,1220.0,6232.0,154555.0,365.5656562388794,789.3630099317395,10667.0,6631.0,18152.0,42.04490588888888,13.0,TEUSAQUILLO,0.1567001007088219,0.2241470941610252,0.21598630194586538,0.16439836301635669,0.2817910423431081,14.880715655499012,2023-04
UPZ100,2023,5,4,0,3436514.0,1537926.0,1898588.0,575.6820137310776,0.75,199.0,563.0,778.0,845.0,2385.0,559.0,1309.0,6599.0,154555.0,361.6835430752806,846.9476885251206,10667.0,6631.0,18152.0,42.04490588888888,13.0,TEUSAQUILLO,0.15759982354211266,0.16847305147018166,0.21640359969434142,0.17414245948074125,0.29265384952265455,15.04996814344791,2023-05
UPZ100,2023,6,4,0,2930064.0,1322157.0,1607907.0,575.6820137310776,0.75,159.0,542.0,841.0,866.0,2408.0,489.0,1287.0,6467.0,154555.0,316.3922228332956,832.7132735919251,10667.0,6631.0,18152.0,42.04490588888888,13.0,TEUSAQUILLO,0.1561419818816244,0.20562861425552476,0.20878793091208922,0.1750094878473644,0.2886366678239839,14.890534823758108,2023-06
UPZ100,2023,7,4,0,2618878.0,1202912.0,1415966.0,575.6820137310776,0.75,177.0,425.0,769.0,787.0,2158.0,562.0,1060.0,5840.0,154555.0,363.62459965708,685.8399922357736,10667.0,6631.0,18152.0,42.04490588888888,13.0,TEUSAQUILLO,0.15372193740983733,0.2559825238136332,0.21181360872862343,0.17517959981335515,0.2900841516212184,14.778256539739704,2023-07
UPZ100,2023,8,4,0,3353687.0,1571933.0,1781754.0,575.6820137310776,0.75,134.0,398.0,668.0,743.0,1943.0,416.0,1023.0,5477.0,154555.0,269.1598460095112,661.9002943935816,10667.0,6631.0,18152.0,42.04490588888888,13.0,TEUSAQUILLO,0.1516864871408691,0.1794586077949433,0.21601330118165465,0.17045746964460307,0.290499235555711,15.025570895603304,2023-08
UPZ100,2023,9,4,0,3448358.0,1637273.0,1811085.0,575.6820137310776,0.75,146.0,479.0,872.0,904.0,2401.0,444.0,1209.0,6253.0,154555.0,287.2763741063052,782.2458024651419,10667.0,6631.0,18152.0,42.04490588888888,13.0,TEUSAQUILLO,0.1544436511522295,0.19624557543039323,0.2196091589098347,0.16449858164378525,0.28427529223306963,15.0534087336822,2023-09
UPZ100,2023,10,4,0,3321072.0,1558436.0,1762636.0,575.6820137310776,0.75,165.0,459.0,958.0,1006.0,2588.0,455.0,1173.0,6870.0,154555.0,294.39358157290286,758.9531234835496,10667.0,6631.0,18152.0,42.04490588888888,13.0,TEUSAQUILLO,0.1505047165493551,0.17429010873597436,0.21945715118491854,0.16358061493397313,0.2882857045218523,15.015798180340674,2023-10
UPZ100,2023,11,4,0,3011744.0,1460797.0,1550947.0,575.6820137310776,0.75,177.0,477.0,790.0,815.0,2259.0,541.0,1259.0,6494.0,154555.0,350.0372035844845,814.5967454951311,10667.0,6631.0,18152.0,42.04490588888888,13.0,TEUSAQUILLO,0.15887671727743127,0.19087777712846768,0.21416129657766397,0.15487803744275735,0.26985618612935947,14.918029870929887,2023-11
UPZ100,2023,12,4,0,2496096.0,1167574.0,1328522.0,575.6820137310776,0.75,145.0,474.0,746.0,836.0,2201.0,464.0,1263.0,6235.0,154555.0,300.2167513183009,817.1848209375303,10667.0,6631.0,18152.0,42.04490588888888,13.0,TEUSAQUILLO,0.17395765226978444,0.24586113675115054,0.2029008499673089,0.15478250836506283,0.2580988592627821,14.73023846927029,2023-12
UPZ100,2024,1,4,0,2109138.0,997875.0,1111263.0,575.6820137310776,0.75,96.0,287.0,530.0,571.0,1484.0,314.0,738.0,4124.0,155013.0,202.56365595143632,476.0891022043312,7745.0,4250.0,16698.0,42.04490588888888,13.0,TEUSAQUILLO,0.14757403261427174,0.1984412589408564,0.22389004417918595,0.16848826392583124,0.28990505079294265,14.561789891175119,2024-01
UPZ100,2024,2,4,0,2970064.0,1512362.0,1457702.0,575.6820137310776,0.75,158.0,513.0,656.0,711.0,2038.0,459.0,1276.0,5798.0,155013.0,296.1041977124499,823.1567674969195,7745.0,4250.0,16698.0,42.04490588888888,13.0,TEUSAQUILLO,0.16574491324092677,0.15520574640815818,0.21535259846252466,0.16439948768780735,0.27626979668776375,14.904094059368258,2024-02
UPZ100,2024,3,4,0,2864580.0,1358669.0,1505911.0,575.6820137310776,0.75,121.0,445.0,578.0,702.0,1846.0,394.0,1141.0,5239.0,155013.0,254.17223071613347,736.0672975814932,7745.0,4250.0,16698.0,42.04490588888888,13.0,TEUSAQUILLO,0.15463348902805993,0.24639214125630982,0.2124772217916762,0.16047692855497137,0.27966574552204543,14.867932300525968,2024-03
UPZ100,2024,4,4,0,3020264.0,1460086.0,1560178.0,575.6820137310776,0.75,121.0,349.0,568.0,548.0,1586.0,314.0,819.0,4099.0,155013.0,202.56365595143632,528.3427841535871,7745.0,4250.0,16698.0,42.04490588888888,13.0,TEUSAQUILLO,0.16053795297364729,0.18880700495056055,0.2078420959227405,0.165789149557787,0.2804735172373369,14.920854802748932,2024-04
UPZ100,2024,5,4,0,2954649.0,1449684.0,1504965.0,575.6820137310776,0.75,177.0,510.0,882.0,911.0,2480.0,552.0,1336.0,6706.0,155013.0,356.0991658764103,861.8631985704424,7745.0,4250.0,16698.0,42.04490588888888,13.0,TEUSAQUILLO,0.17367342110687256,0.2088325889132685,0.20183311114112024,0.16414944719321986,0.26979713874075123,14.89889042004134,2024-05
UPZ100,2024,6,4,0,2374905.0,1188960.0,1185945.0,575.6820137310776,0.75,130.0,488.0,764.0,853.0,2235.0,439.0,1208.0,6043.0,155013.0,283.2020540212756,779.289478946927,7745.0,4250.0,16698.0,42.04490588888888,13.0,TEUSAQUILLO,0.16530934921607388,0.27628263025257854,0.2027980066571084,0.1613403483507761,0.271656397349264,14.680467994650858,2024-06
UPZ100,2024,7,4,0,2594841.0,1354955.0,1239886.0,575.6820137310776,0.75,156.0,431.0,830.0,883.0,2300.0,510.0,1174.0,6228.0,155013.0,329.0046641249444,757.3558346719307,7745.0,4250.0,16698.0,42.04490588888888,13.0,TEUSAQUILLO,0.16154747053865728,0.2157970372751163,0.19416180027986296,0.18388833843769228,0.29079100373177086,14.76903580102864,2024-07
UPZ100,2024,8,4,0,3043841.0,1526117.0,1517724.0,575.6820137310776,0.75,143.0,469.0,760.0,706.0,2078.0,451.0,1198.0,5860.0,155013.0,290.9433402359802,772.8384071013398,7745.0,4250.0,16698.0,42.04490588888888,13.0,TEUSAQUILLO,0.1639822842257529,0.21223546170775676,0.21493106900130457,0.16479737279312548,0.2771380188213562,14.928630762696717,2024-08
UPZ100,2024,9,3,0,1810617.0,838950.0,971667.0,619.2725047783815,0.0,191.0,535.0,940.0,768.0,2434.0,535.0,1314.0,6508.0,155013.0,345.13234373891225,847.6708405101507,7745.0,4250.0,16698.0,42.04490588888888,13.0,TEUSAQUILLO,0.15024381191604844,0.1953124266479327,0.226882880255736,0.17029885392658964,0.30147494442478134,14.409178229132166,2024-09
UPZ100,2024,10,3,0,1952242.0,914731.0,1037511.0,619.2725047783815,0.0,180.0,464.0,812.0,903.0,2359.0,539.0,1272.0,6939.0,155013.0,347.7127724771471,820.5763387586848,7745.0,4250.0,16698.0,42.04490588888888,13.0,TEUSAQUILLO,0.15624548595922017,0.18868920963691996,0.2259233230306488,0.1792492938887699,0.3021803656507549,14.484489013680696,2024-10
UPZ100,2024,11,3,0,2050657.0,922812.0,1127845.0,619.2725047783815,0.0,178.0,525.0,911.0,913.0,2527.0,464.0,1335.0,6790.0,155013.0,299.3297336352435,861.2180913858838,7745.0,4250.0,16698.0,42.04490588888888,13.0,TEUSAQUILLO,0.1647072133467469,0.222128322776554,0.21829101600121323,0.16959540283918761,0.29413386097410177,14.533670787574222,2024-11
UPZ100,2024,12,3,0,1871220.0,831508.0,1039712.0,619.2725047783815,0.0,186.0,488.0,986.0,840.0,2500.0,563.0,1341.0,7079.0,155013.0,363.1953449065562,865.088734493236,7745.0,4250.0,16698.0,42.04490588888888,13.0,TEUSAQUILLO,0.1792167676702899,0.20282649822041232,0.20474289500967277,0.1775884182511944,0.28966341404221413,14.442101182523333,2024-12
UPZ100,2025,1,3,0,1651499.0,760975.0,890524.0,619.2725047783815,0.0,132.0,381.0,735.0,587.0,1835.0,456.0,990.0,5330.0,155083.0,294.0360967997782,638.3678417363604,8975.0,5315.0,21506.0,42.04490588888888,13.0,TEUSAQUILLO,0.13647480258843628,0.1972250664396406,0.2191996483194964,0.1705953197670722,0.3073548147095495,14.317193918302657,2025-01
UPZ100,2025,2,3,0,1971395.0,910334.0,1061061.0,619.2725047783815,0.0,152.0,390.0,757.0,768.0,2067.0,508.0,1096.0,6009.0,155083.0,327.566528890981,706.7183379222738,8975.0,5315.0,21506.0,42.04490588888888,13.0,TEUSAQUILLO,0.14983653707146458,0.1713375553859069,0.22741916257269593,0.16632232505408603,0.3031791328226131,14.494251971941617,2025-02
UPZ100,2025,3,3,0,1906782.0,869140.0,1037642.0,619.2725047783815,0.0,187.0,495.0,846.0,758.0,2286.0,558.0,1237.0,6779.0,155083.0,359.807328978676,797.6373941695737,8975.0,5315.0,21506.0,42.04490588888888,13.0,TEUSAQUILLO,0.15076343284130012,0.2366856829988955,0.22509075499978493,0.17624982824465513,0.30396400659204675,14.460927562368944,2025-03
UPZ100,2025,4,3,0,1868605.0,865150.0,1003455.0,619.2725047783815,0.0,175.0,523.0,833.0,783.0,2314.0,492.0,1262.0,6573.0,155083.0,317.2494728629186,813.7577942134212,8975.0,5315.0,21506.0,42.04490588888888,13.0,TEUSAQUILLO,0.1427080629667586,0.1776828168607062,0.23370642805729405,0.17136419949641574,0.30928524850097655,14.440702721137477,2025-04
UPZ100,2025,5,3,0,2060738.0,935088.0,1125650.0,619.2725047783815,0.0,127.0,527.0,1035.0,754.0,2443.0,545.0,1457.0,7204.0,155083.0,351.4247209558753,939.4969145554315,8975.0,5315.0,21506.0,42.04490588888888,13.0,TEUSAQUILLO,0.15227117663671944,0.2096845887250102,0.23186256574101116,0.16864928972047868,0.3068053247693091,14.53857472903587,2025-05
UPZ100,2025,6,3,0,1823330.0,766913.0,1056417.0,619.2725047783815,0.0,148.0,478.0,860.0,732.0,2218.0,528.0,1270.0,6461.0,155083.0,340.46284892605894,818.9163222274525,8975.0,5315.0,21506.0,42.04490588888888,13.0,TEUSAQUILLO,0.15649169376909278,0.21403421212835855,0.21884409295080975,0.17481092287188818,0.29891245506709374,14.416175057574819,2025-06
UPZ100,2025,7,3,0,2037116.0,925987.0,1111129.0,619.2725047783815,0.0,176.0,475.0,776.0,755.0,2182.0,589.0,1225.0,6911.0,155083.0,379.7966250330468,789.8996021485268,8975.0,5315.0,21506.0,42.04490588888888,13.0,TEUSAQUILLO,0.13959686144529812,0.17362683322893738,0.22822117149931562,0.16648830994405817,0.30960070271547885,14.527045640077489,2025-07
UPZ100,2025,8,3,0,1886433.0,826581.0,1059852.0,619.2725047783815,0.0,214.0,648.0,879.0,747.0,2488.0,657.0,1547.0,7709.0,155083.0,423.644113152312,997.5303547132828,8975.0,5315.0,21506.0,42.04490588888888,13.0,TEUSAQUILLO,0.1638473245538007,0.25855145663800405,0.21576170476237422,0.16961482331999064,0.28519716524912764,14.450198302250909,2025-08
UPZ100,2025,9,3,0,2122160.0,960635.0,1161525.0,619.2725047783815,0.0,206.0,519.0,895.0,848.0,2468.0,637.0,1381.0,7750.0,155083.0,410.747793117234,890.4908984221353,8975.0,5315.0,21506.0,42.04490588888888,13.0,TEUSAQUILLO,0.14452538922607153,0.16769423606137143,0.229195725110265,0.16844771365024308,0.3114405243140748,14.56794499587909,2025-09
UPZ100,2025,10,3,0,2100841.0,940113.0,1160728.0,619.2725047783815,0.0,196.0,603.0,937.0,895.0,2631.0,693.0,1541.0,7871.0,155083.0,446.8574892154524,993.6614587027592,8975.0,5315.0,21506.0,42.04490588888888,13.0,TEUSAQUILLO,0.14703540153681305,0.1652057437949849,0.22644169644442388,0.17088537400022183,0.3087456080695473,14.55784829871494,2025-10
UPZ100,2025,11,3,0,2005653.0,886761.0,1118892.0,619.2725047783815,0.0,158.0,474.0,857.0,924.0,2413.0,577.0,1320.0,7429.0,155083.0,372.058833012,851.1571223151474,8975.0,5315.0,21506.0,42.04490588888888,13.0,TEUSAQUILLO,0.16204348409221336,0.25332946426924297,0.21174400556826128,0.16761722989968847,0.28886560441766307,14.51148025148424,2025-11
UPZ100,2025,12,3,0,777098.0,777098.0,0.0,619.2725047783815,0.0,167.0,446.0,854.0,779.0,2246.0,525.0,1166.0,6797.0,155083.0,338.52840092079725,751.8554580450468,8975.0,5315.0,21506.0,42.04490588888888,13.0,TEUSAQUILLO,0.22223065816666623,0.18564711271937387,0.07624392290290283,0.24905481676699717,0.4012238177126006,13.56332174752268,2025-12
UPZ100,2026,1,3,0,1453459.0,612134.0,841325.0,619.2725047783815,0.0,194.0,359.0,675.0,609.0,1837.0,616.0,1030.0,5805.0,154663.0,398.2853041774697,665.9640638032367,8029.0,4744.0,22550.0,42.04490588888888,13.0,TEUSAQUILLO,0.14397654147795014,0.23283628915573126,0.21428124219534225,0.17252155031548874,0.2982547666782185,14.189456790808883,2026-01
UPZ100,2026,2,3,0,1864082.0,787230.0,1076852.0,619.2725047783815,0.0,204.0,448.0,612.0,748.0,2012.0,696.0,1246.0,6941.0,154663.0,450.0106683563619,805.6225470862455,8029.0,4744.0,22550.0,42.04490588888888,13.0,TEUSAQUILLO,0.1427903922681513,0.17309968123719877,0.22804576193536547,0.16675875846663396,0.30685004863485826,14.438279264676389,2026-02
UPZ100,2026,3,3,0,1783849.0,703895.0,1079954.0,619.2725047783815,0.0,221.0,481.0,755.0,886.0,2343.0,688.0,1358.0,7155.0,154663.0,444.8381319384727,878.0380569366947,8029.0,4744.0,22550.0,42.04490588888888,13.0,TEUSAQUILLO,0.14785948810689692,0.1936772675265675,0.22626690936284405,0.17046958571044968,0.2993487771175816,14.394283947284213,2026-03
UPZ100,2026,4,3,0,1813431.0,680487.0,1132944.0,619.2725047783815,0.0,174.0,518.0,705.0,744.0,2141.0,630.0,1401.0,7155.0,154663.0,407.3372429087759,905.8404401828492,8029.0,4744.0,22550.0,42.04490588888888,13.0,TEUSAQUILLO,0.15634562329639232,0.1727168003635098,0.22548638464876794,0.16658036616777802,0.2962728963584664,14.41073118900772,2026-04
UPZ100,2026,5,3,0,1944382.0,775026.0,1169356.0,619.2725047783815,0.0,174.0,464.0,816.0,738.0,2192.0,642.0,1312.0,7036.0,154663.0,415.09604753560967,848.2959725338316,8029.0,4744.0,22550.0,42.04490588888888,13.0,TEUSAQUILLO,0.15472679751201146,0.22135619441035764,0.22110470061952847,0.16853478380277123,0.3006725080463804,14.480454746756134,2026-05
UPZ100,2026,6,3,0,1604674.0,656998.0,947676.0,619.2725047783815,0.0,209.0,461.0,677.0,691.0,2038.0,568.0,1198.0,6160.0,154663.0,367.25008567013447,774.5873285789103,8029.0,4744.0,22550.0,42.04490588888888,13.0,TEUSAQUILLO,0.2641664288198101,0.2021463549605714,0.3235149320048807,0.05614847626371456,0.4062846739436428,14.288431178650757,2026-06
UPZ101,2023,1,2,0,344744.0,138889.0,205855.0,585.7825279609085,0.5,155.0,232.0,412.0,536.0,1335.0,481.0,971.0,5211.0,154555.0,311.2160719484973,628.2553136423927,10667.0,6631.0,18152.0,42.04490588888888,13.0,TEUSAQUILLO,0.09235258626691102,0.16064964147309305,0.2400099784187687,0.16347492632214045,0.33438954049356867,12.750557391588217,2023-01
UPZ101,2023,2,2,0,390147.0,164805.0,225342.0,585.7825279609085,0.5,121.0,290.0,455.0,564.0,1430.0,457.0,1128.0,5879.0,154555.0,295.6876192941024,729.8372747565592,10667.0,6631.0,18152.0,42.04490588888888,13.0,TEUSAQUILLO,0.09812967932599764,0.1400138921996068,0.24642506542405807,0.1658272394764025,0.3352284445992641,12.874278870165094,2023-02
UPZ101,2023,3,2,0,428591.0,178225.0,250366.0,585.7825279609085,0.5,151.0,287.0,519.0,645.0,1602.0,472.0,1260.0,6359.0,154555.0,305.39290220309925,815.2437643557311,10667.0,6631.0,18152.0,42.04490588888888,13.0,TEUSAQUILLO,0.09592128626126067,0.13468084957453605,0.2498582564729544,0.16750701717954875,0.3372079832884894,12.968258363201047,2023-03
UPZ101,2023,4,2,0,364195.0,154542.0,209653.0,585.7825279609085,0.5,143.0,304.0,548.0,561.0,1556.0,565.0,1220.0,6232.0,154555.0,365.5656562388794,789.3630099317395,10667.0,6631.0,18152.0,42.04490588888888,13.0,TEUSAQUILLO,0.10064388583039298,0.18986257362127432,0.24406156042779273,0.1621933304960254,0.3286022066184125,12.805444717460922,2023-04
UPZ101,2023,5,2,0,414730.0,174509.0,240221.0,585.7825279609085,0.5,147.0,316.0,584.0,670.0,1717.0,559.0,1309.0,6599.0,154555.0,361.6835430752806,846.9476885251206,10667.0,6631.0,18152.0,42.04490588888888,13.0,TEUSAQUILLO,0.1014636028259349,0.15455356496998043,0.2460058351216454,0.1642104501724013,0.3302625436886822,12.935382985069609,2023-05
UPZ101,2023,6,2,0,379453.0,162866.0,216587.0,585.7825279609085,0.5,138.0,248.0,615.0,485.0,1486.0,489.0,1287.0,6467.0,154555.0,316.3922228332956,832.7132735919251,10667.0,6631.0,18152.0,42.04490588888888,13.0,TEUSAQUILLO,0.09938516759651385,0.1571683449597183,0.24219863856656812,0.1671853958197721,0.33389101343590927,12.846486020980803,2023-06
UPZ101,2023,7,2,0,375693.0,169977.0,205716.0,585.7825279609085,0.5,173.0,254.0,540.0,468.0,1435.0,562.0,1060.0,5840.0,154555.0,363.62459965708,685.8399922357736,10667.0,6631.0,18152.0,42.04490588888888,13.0,TEUSAQUILLO,0.09715911661915443,0.2068843443982187,0.2342391260949765,0.1697875659115288,0.33704494255424894,12.836527599501341,2023-07
UPZ101,2023,8,2,0,401548.0,182981.0,218567.0,585.7825279609085,0.5,124.0,270.0,531.0,583.0,1508.0,416.0,1023.0,5477.0,154555.0,269.1598460095112,661.9002943935816,10667.0,6631.0,18152.0,42.04490588888888,13.0,TEUSAQUILLO,0.10453295745465042,0.14677199238945277,0.23546126490481836,0.1740140655662585,0.33155006123309644,12.903082356904417,2023-08
UPZ101,2023,9,2,0,420991.0,186026.0,234965.0,585.7825279609085,0.5,128.0,313.0,605.0,604.0,1650.0,444.0,1209.0,6253.0,154555.0,287.2763741063052,782.2458024651419,10667.0,6631.0,18152.0,42.04490588888888,13.0,TEUSAQUILLO,0.106626982524567,0.15389640158578205,0.24706228874251468,0.16888247017157137,0.33273404643884535,12.950366734763804,2023-09
UPZ101,2023,10,2,0,416912.0,181274.0,235638.0,585.7825279609085,0.5,133.0,284.0,663.0,729.0,1809.0,455.0,1173.0,6870.0,154555.0,294.39358157290286,758.9531234835496,10667.0,6631.0,18152.0,42.04490588888888,13.0,TEUSAQUILLO,0.10533877652838008,0.16223567563418653,0.24337749932839545,0.1673422688720881,0.33078873229438216,12.940630447335668,2023-10
UPZ101,2023,11,2,0,393646.0,173603.0,220043.0,585.7825279609085,0.5,166.0,359.0,718.0,623.0,1866.0,541.0,1259.0,6494.0,154555.0,350.0372035844845,814.5967454951311,10667.0,6631.0,18152.0,42.04490588888888,13.0,TEUSAQUILLO,0.10820889835029437,0.15744094948252996,0.24390442173932916,0.1656640738125117,0.32728168918018846,12.883207307250178,2023-11
UPZ101,2023,12,2,0,351263.0,148931.0,202332.0,585.7825279609085,0.5,137.0,303.0,571.0,584.0,1595.0,464.0,1263.0,6235.0,154555.0,300.2167513183009,817.1848209375303,10667.0,6631.0,18152.0,42.04490588888888,13.0,TEUSAQUILLO,0.1137580673170815,0.18814677321551088,0.2362047810330151,0.1623199710758035,0.3131775922080824,12.76929050962137,2023-12
UPZ101,2024,1,2,0,353792.0,145000.0,208792.0,585.7825279609085,0.5,108.0,193.0,450.0,441.0,1192.0,314.0,738.0,4124.0,155013.0,202.56365595143632,476.0891022043312,7745.0,4250.0,16698.0,42.04490588888888,13.0,TEUSAQUILLO,0.09800673842257591,0.1595655074167872,0.2478377125542691,0.16440733538350213,0.3353018269698801,12.776464448807177,2024-01
UPZ101,2024,2,2,0,409070.0,174787.0,234283.0,585.7825279609085,0.5,136.0,315.0,521.0,606.0,1578.0,459.0,1276.0,5798.0,155013.0,296.1041977124499,823.1567674969195,7745.0,4250.0,16698.0,42.04490588888888,13.0,TEUSAQUILLO,0.10240301170948732,0.13405040702080326,0.25325738871097847,0.17006869239983374,0.33957589555026435,12.92164156952485,2024-02
UPZ101,2024,3,2,0,363913.0,150810.0,213103.0,585.7825279609085,0.5,109.0,295.0,433.0,495.0,1332.0,394.0,1141.0,5239.0,155013.0,254.17223071613347,736.0672975814932,7745.0,4250.0,16698.0,42.04490588888888,13.0,TEUSAQUILLO,0.10671231860362228,0.19265868490545812,0.2501971625086215,0.16630898044312784,0.3291295712014204,12.804670107062188,2024-03
UPZ101,2024,4,2,0,422376.0,172023.0,250353.0,585.7825279609085,0.5,84.0,214.0,355.0,444.0,1097.0,314.0,819.0,4099.0,155013.0,202.56365595143632,528.3427841535871,7745.0,4250.0,16698.0,42.04490588888888,13.0,TEUSAQUILLO,0.09933329545239304,0.13308521317499095,0.2564729056575184,0.1689229501676231,0.3408720200811354,12.953651191578157,2024-04
UPZ101,2024,5,2,0,425298.0,196894.0,228404.0,585.7825279609085,0.5,156.0,334.0,593.0,643.0,1726.0,552.0,1336.0,6706.0,155013.0,356.0991658764103,861.8631985704424,7745.0,4250.0,16698.0,42.04490588888888,13.0,TEUSAQUILLO,0.10506280302282162,0.15041218157621242,0.2521690673363147,0.17079318501380208,0.33513590481665967,12.96054537866777,2024-05
UPZ101,2024,6,2,0,361448.0,166205.0,195243.0,585.7825279609085,0.5,158.0,358.0,585.0,587.0,1688.0,439.0,1208.0,6043.0,155013.0,283.2020540212756,779.289478946927,7745.0,4250.0,16698.0,42.04490588888888,13.0,TEUSAQUILLO,0.1042916270113543,0.21115900489143657,0.24981740111993972,0.16317423253137378,0.3333501354293403,12.797873465144356,2024-06
UPZ101,2024,7,2,0,380468.0,190405.0,190063.0,585.7825279609085,0.5,160.0,340.0,617.0,613.0,1730.0,510.0,1174.0,6228.0,155013.0,329.0046641249444,757.3558346719307,7745.0,4250.0,16698.0,42.04490588888888,13.0,TEUSAQUILLO,0.09666515975062291,0.13926269751989656,0.24712459392117078,0.17760757803547203,0.35041444672504135,12.849157352878692,2024-07
UPZ101,2024,8,2,0,416799.0,195944.0,220855.0,585.7825279609085,0.5,121.0,336.0,589.0,541.0,1587.0,451.0,1198.0,5860.0,155013.0,290.9433402359802,772.8384071013398,7745.0,4250.0,16698.0,42.04490588888888,13.0,TEUSAQUILLO,0.10548489799639629,0.17382239400766314,0.25333074215629114,0.1657657527969117,0.3355421264483411,12.94035937018617,2024-08
UPZ101,2024,9,2,0,393297.0,185429.0,207868.0,585.7825279609085,0.5,150.0,331.0,554.0,619.0,1654.0,535.0,1314.0,6508.0,155013.0,345.13234373891225,847.6708405101507,7745.0,4250.0,16698.0,42.04490588888888,13.0,TEUSAQUILLO,0.1039087508930909,0.15599915585422716,0.2549574494593145,0.16330406791813815,0.33765180187483446,12.882320330625744,2024-09
UPZ101,2024,10,2,0,437732.0,212532.0,225200.0,585.7825279609085,0.5,170.0,370.0,796.0,682.0,2018.0,539.0,1272.0,6939.0,155013.0,347.7127724771471,820.5763387586848,7745.0,4250.0,16698.0,42.04490588888888,13.0,TEUSAQUILLO,0.1041162172288066,0.13804793800773071,0.25130902013103906,0.16877450129302857,0.3399041752712181,12.98936212994231,2024-10
UPZ101,2024,11,2,0,390113.0,183165.0,206948.0,585.7825279609085,0.5,130.0,386.0,708.0,619.0,1843.0,464.0,1335.0,6790.0,155013.0,299.3297336352435,861.2180913858838,7745.0,4250.0,16698.0,42.04490588888888,13.0,TEUSAQUILLO,0.10585907160233057,0.18846334267250764,0.2530215604196732,0.16654917934034497,0.3340494947046241,12.874191719728005,2024-11
UPZ101,2024,12,2,0,371377.0,171626.0,199751.0,585.7825279609085,0.5,198.0,388.0,832.0,671.0,2089.0,563.0,1341.0,7079.0,155013.0,363.1953449065562,865.088734493236,7745.0,4250.0,16698.0,42.04490588888888,13.0,TEUSAQUILLO,0.10421754712865898,0.16482173101726813,0.24286641337508777,0.16162551800461525,0.32683928452517813,12.824972998142531,2024-12
UPZ101,2025,1,2,0,356721.0,167224.0,189497.0,585.7825279609085,0.5,151.0,294.0,589.0,577.0,1611.0,456.0,990.0,5330.0,155083.0,294.0360967997782,638.3678417363604,8975.0,5315.0,21506.0,42.04490588888888,13.0,TEUSAQUILLO,0.08983771631050595,0.14712618545025383,0.25320909057779045,0.16422638420502295,0.34605286940119506,12.78470924261656,2025-01
UPZ101,2025,2,2,0,375370.0,177138.0,198232.0,585.7825279609085,0.5,157.0,336.0,676.0,587.0,1756.0,508.0,1096.0,6009.0,155083.0,327.566528890981,706.7183379222738,8975.0,5315.0,21506.0,42.04490588888888,13.0,TEUSAQUILLO,0.09462397101526487,0.13804512880624448,0.2588033140634574,0.16691797426539143,0.35084778046022524,12.835667485183599,2025-02
UPZ101,2025,3,2,0,387014.0,181802.0,205212.0,585.7825279609085,0.5,172.0,311.0,758.0,685.0,1926.0,558.0,1237.0,6779.0,155083.0,359.807328978676,797.6373941695737,8975.0,5315.0,21506.0,42.04490588888888,13.0,TEUSAQUILLO,0.09774323409489055,0.1793345977148113,0.25944281085438764,0.16389587973561676,0.3433921912302295,12.866216147068188,2025-03
UPZ101,2025,4,2,0,362131.0,169460.0,192671.0,585.7825279609085,0.5,107.0,292.0,759.0,601.0,1759.0,492.0,1262.0,6573.0,155083.0,317.2494728629186,813.7577942134212,8975.0,5315.0,21506.0,42.04490588888888,13.0,TEUSAQUILLO,0.09641538559250652,0.14476805354968228,0.2608641624163631,0.16125932328356313,0.34597731627271616,12.799761303798732,2025-04
UPZ101,2025,5,2,0,386237.0,180308.0,205929.0,585.7825279609085,0.5,174.0,420.0,832.0,688.0,2114.0,545.0,1457.0,7204.0,155083.0,351.4247209558753,939.4969145554315,8975.0,5315.0,21506.0,42.04490588888888,13.0,TEUSAQUILLO,0.09680066901928083,0.16473823067184137,0.26113759168593376,0.15574375318780956,0.3438730212141723,12.864206449669755,2025-05
UPZ101,2025,6,2,0,337143.0,142047.0,195096.0,585.7825279609085,0.5,169.0,359.0,720.0,580.0,1828.0,528.0,1270.0,6461.0,155083.0,340.46284892605894,818.9163222274525,8975.0,5315.0,21506.0,42.04490588888888,13.0,TEUSAQUILLO,0.0931681808609403,0.19424695159027475,0.25560667135310533,0.1576274755815781,0.3449797677047127,12.728262451675203,2025-06
UPZ101,2025,7,2,0,401559.0,185739.0,215820.0,585.7825279609085,0.5,187.0,323.0,798.0,652.0,1960.0,589.0,1225.0,6911.0,155083.0,379.7966250330468,789.8996021485268,8975.0,5315.0,21506.0,42.04490588888888,13.0,TEUSAQUILLO,0.09195161856663649,0.12422333953416559,0.26222049561832755,0.16410041861843466,0.35609977154266487,12.903109750514485,2025-07
UPZ101,2025,8,2,0,370997.0,166356.0,204641.0,585.7825279609085,0.5,190.0,403.0,882.0,731.0,2206.0,657.0,1547.0,7709.0,155083.0,423.644113152312,997.5303547132828,8975.0,5315.0,21506.0,42.04490588888888,13.0,TEUSAQUILLO,0.09806009213012498,0.19002579535683578,0.2573794397259277,0.15551877777987422,0.3439443044320921,12.823949255303509,2025-08
UPZ101,2025,9,2,0,414855.0,190415.0,224440.0,585.7825279609085,0.5,203.0,369.0,890.0,822.0,2284.0,637.0,1381.0,7750.0,155083.0,410.747793117234,890.4908984221353,8975.0,5315.0,21506.0,42.04490588888888,13.0,TEUSAQUILLO,0.0920249243711658,0.13022140265876028,0.2676212170517409,0.16343300671318894,0.3584435894256694,12.935684340568914,2025-09
UPZ101,2025,10,2,0,415733.0,185976.0,229757.0,585.7825279609085,0.5,197.0,455.0,764.0,724.0,2140.0,693.0,1541.0,7871.0,155083.0,446.8574892154524,993.6614587027592,8975.0,5315.0,21506.0,42.04490588888888,13.0,TEUSAQUILLO,0.0942095046580377,0.13587567020178812,0.2618387282222003,0.16277274115838763,0.3521096238911162,12.937798506261249,2025-10
UPZ101,2025,11,2,0,372558.0,168990.0,203568.0,585.7825279609085,0.5,183.0,336.0,806.0,616.0,1941.0,577.0,1320.0,7429.0,155083.0,372.058833012,851.1571223151474,8975.0,5315.0,21506.0,42.04490588888888,13.0,TEUSAQUILLO,0.10487762979187129,0.21022498510299065,0.255753466574332,0.16078570316568155,0.33740333096665753,12.828148009379019,2025-11
UPZ101,2025,12,2,0,166022.0,166022.0,0.0,585.7825279609085,0.5,132.0,301.0,798.0,636.0,1867.0,525.0,1166.0,6797.0,155083.0,338.52840092079725,751.8554580450468,8975.0,5315.0,21506.0,42.04490588888888,13.0,TEUSAQUILLO,0.08916288202768305,0.15747912927202412,0.1217248316488176,0.2429196130633289,0.41806492216781427,12.019875588677822,2025-12
UPZ101,2026,1,2,0,347471.0,154293.0,193178.0,585.7825279609085,0.5,203.0,285.0,708.0,516.0,1712.0,616.0,1030.0,5805.0,154663.0,398.2853041774697,665.9640638032367,8029.0,4744.0,22550.0,42.04490588888888,13.0,TEUSAQUILLO,0.09214006348731257,0.16776076276869142,0.25999292027248316,0.15815708361273315,0.3507713125768183,12.758436487267158,2026-01
UPZ101,2026,2,2,0,387037.0,165695.0,221342.0,585.7825279609085,0.5,252.0,347.0,850.0,690.0,2139.0,696.0,1246.0,6941.0,154663.0,450.0106683563619,805.6225470862455,8029.0,4744.0,22550.0,42.04490588888888,13.0,TEUSAQUILLO,0.09312287972467745,0.14643044463449228,0.271051604885321,0.1561349431708079,0.35208605798580833,12.86627557467698,2026-02
UPZ101,2026,3,2,0,396604.0,161407.0,235197.0,585.7825279609085,0.5,219.0,382.0,911.0,644.0,2156.0,688.0,1358.0,7155.0,154663.0,444.8381319384727,878.0380569366947,8029.0,4744.0,22550.0,42.04490588888888,13.0,TEUSAQUILLO,0.0928129822190396,0.15696765539429758,0.27128067291303165,0.1588738388921947,0.352465449500777,12.890693580745666,2026-03
UPZ101,2026,4,2,0,377362.0,158215.0,219147.0,585.7825279609085,0.5,226.0,337.0,881.0,667.0,2111.0,630.0,1401.0,7155.0,154663.0,407.3372429087759,905.8404401828492,8029.0,4744.0,22550.0,42.04490588888888,13.0,TEUSAQUILLO,0.09458027040348523,0.14057324266884308,0.2699609393632639,0.15574435157753033,0.3515920628649615,12.840960217922898,2026-04
UPZ101,2026,5,2,0,386529.0,172463.0,214066.0,585.7825279609085,0.5,208.0,364.0,857.0,665.0,2094.0,642.0,1312.0,7036.0,154663.0,415.09604753560967,848.2959725338316,8029.0,4744.0,22550.0,42.04490588888888,13.0,TEUSAQUILLO,0.09460092256984595,0.1918562384711108,0.26375769993971987,0.1507286646021385,0.34266118610250373,12.864962176536356,2026-05
UPZ101,2026,6,2,0,357241.0,161686.0,195555.0,585.7825279609085,0.5,149.0,340.0,687.0,580.0,1756.0,568.0,1198.0,6160.0,154663.0,367.25008567013447,774.5873285789103,8029.0,4744.0,22550.0,42.04490588888888,13.0,TEUSAQUILLO,0.28703592252848914,0.177762350905971,0.3197113433228548,0.044734506957488,0.4420821655337792,12.786165903032511,2026-06
UPZ102,2023,1,8,0,3012849.0,1027211.0,1985638.0,459.1739343997227,0.75,240.0,556.0,860.0,1071.0,2727.0,318.0,888.0,4199.0,75278.0,422.4341773160817,1179.6275140147188,6895.0,3875.0,16510.0,41.75165722222223,14.0,LOS MÁRTIRES,0.11648874537024587,0.21173746178451025,0.20598310768312647,0.17666998910333703,0.3298587303941954,14.91839670069329,2023-01
UPZ102,2023,2,8,0,3184934.0,1215599.0,1969335.0,459.1739343997227,0.75,270.0,697.0,951.0,1122.0,3040.0,355.0,1025.0,4396.0,75278.0,471.5853237333617,1361.6195966949174,6895.0,3875.0,16510.0,41.75165722222223,14.0,LOS MÁRTIRES,0.11843196750701895,0.19861447678350636,0.21329735561239255,0.1782084024347129,0.3293246804831156,14.973942124638686,2023-02
UPZ102,2023,3,8,0,3498387.0,1268337.0,2230050.0,459.1739343997227,0.75,279.0,632.0,924.0,1346.0,3181.0,369.0,987.0,4593.0,75278.0,490.1830548101703,1311.1400409150085,6895.0,3875.0,16510.0,41.75165722222223,14.0,LOS MÁRTIRES,0.11971259897775743,0.18947360597898397,0.214034067700343,0.17988404370356964,0.32902328048803686,15.067812563089493,2023-03
UPZ102,2023,4,8,0,3145352.0,1098445.0,2046907.0,459.1739343997227,0.75,266.0,664.0,1057.0,1159.0,3146.0,393.0,1040.0,4873.0,75278.0,522.0648795132709,1381.5457371343552,6895.0,3875.0,16510.0,41.75165722222223,14.0,LOS MÁRTIRES,0.12171865024963816,0.2639529693337979,0.21101835343071296,0.17150353919052616,0.32112491349851163,14.961436365542083,2023-04
UPZ102,2023,5,8,0,3478106.0,1214899.0,2263207.0,459.1739343997227,0.75,312.0,669.0,1109.0,1319.0,3409.0,431.0,1078.0,5230.0,75278.0,572.54443529318,1432.0252929142646,6895.0,3875.0,16510.0,41.75165722222223,14.0,LOS MÁRTIRES,0.12138042946362182,0.21161718475515118,0.21846228953344143,0.16878151499695518,0.32140331635744174,15.06199845071774,2023-05
UPZ102,2023,6,8,0,3339076.0,1164670.0,2174406.0,459.1739343997227,0.75,292.0,675.0,1157.0,1177.0,3301.0,388.0,1075.0,4975.0,75278.0,515.4228327001248,1428.040064826377,6895.0,3875.0,16510.0,41.75165722222223,14.0,LOS MÁRTIRES,0.11956301683459732,0.22434110514405778,0.21189394910448275,0.1690934857427623,0.32356763716490233,15.021204679972538,2023-06
UPZ102,2023,7,8,0,3313708.0,1192414.0,2121294.0,459.1739343997227,0.75,284.0,582.0,1107.0,1269.0,3242.0,412.0,923.0,4936.0,75278.0,547.3046574032254,1226.1218417067405,6895.0,3875.0,16510.0,41.75165722222223,14.0,LOS MÁRTIRES,0.11725625794427265,0.29048274621662495,0.20493356686829373,0.16795656104883105,0.3237955570722067,15.013578362042583,2023-07
UPZ102,2023,8,8,0,3526581.0,1248921.0,2277660.0,459.1739343997227,0.75,264.0,582.0,887.0,1056.0,2789.0,359.0,897.0,4149.0,75278.0,476.8989611838784,1191.5831982783814,6895.0,3875.0,16510.0,41.75165722222223,14.0,LOS MÁRTIRES,0.120454627300493,0.21663248341665764,0.21644419906986395,0.17010498270137564,0.3248513660332495,15.075839404315971,2023-08
UPZ102,2023,9,8,0,3601461.0,1318690.0,2282771.0,459.1739343997227,0.75,301.0,786.0,1030.0,1266.0,3383.0,407.0,1196.0,5207.0,75278.0,540.6626105900795,1588.7775977045087,6895.0,3875.0,16510.0,41.75165722222223,14.0,LOS MÁRTIRES,0.11877624108660341,0.22744269617246998,0.21555196627146592,0.17162590404283148,0.32464667951371834,15.096850154431598,2023-09
UPZ102,2023,10,8,0,3587650.0,1250491.0,2337159.0,459.1739343997227,0.75,306.0,748.0,1038.0,1368.0,3460.0,407.0,1130.0,5224.0,75278.0,540.6626105900795,1501.1025797709822,6895.0,3875.0,16510.0,41.75165722222223,14.0,LOS MÁRTIRES,0.12038744024640081,0.22278009281841868,0.21348515044667118,0.17047510208632388,0.3235517200087927,15.093007950022612,2023-10
UPZ102,2023,11,8,0,3591712.0,1244729.0,2346983.0,459.1739343997227,0.75,270.0,732.0,1033.0,1365.0,3400.0,404.0,1136.0,5102.0,75278.0,536.6773825021919,1509.0730359467575,6895.0,3875.0,16510.0,41.75165722222223,14.0,LOS MÁRTIRES,0.12119262346201475,0.23937108543223953,0.20902789533236513,0.16808641672829,0.3222206901788634,15.094139527016067,2023-11
UPZ102,2023,12,8,0,3994359.0,1383181.0,2611178.0,459.1739343997227,0.75,269.0,907.0,1287.0,1582.0,4045.0,372.0,1360.0,5972.0,75278.0,494.1682828980579,1806.636733175696,6895.0,3875.0,16510.0,41.75165722222223,14.0,LOS MÁRTIRES,0.131451629660729,0.300413908714765,0.18272318537217105,0.1576893814501901,0.3128761855435406,15.20039367374574,2023-12
UPZ102,2024,1,8,0,3085757.0,1053002.0,2032755.0,459.1739343997227,0.75,162.0,354.0,668.0,755.0,1939.0,286.0,634.0,3236.0,75403.0,379.29525350450245,840.8153521743168,15595.0,8492.0,15973.0,41.75165722222223,14.0,LOS MÁRTIRES,0.1204330088208501,0.21069481491899714,0.20964288503598952,0.1694968203912362,0.3236148723428054,14.942307566095865,2024-01
UPZ102,2024,2,8,0,3422866.0,1285611.0,2137255.0,459.1739343997227,0.75,271.0,698.0,984.0,1143.0,3096.0,394.0,1063.0,4810.0,75403.0,522.5256289537551,1409.7582324310704,15595.0,8492.0,15973.0,41.75165722222223,14.0,LOS MÁRTIRES,0.12081980422254328,0.19508184077319995,0.22165226450582637,0.17411286331395964,0.3298378508555461,15.045988769798939,2024-02
UPZ102,2024,3,8,0,3246910.0,1244442.0,2002468.0,459.1739343997227,0.75,233.0,582.0,719.0,892.0,2426.0,402.0,962.0,3994.0,75403.0,533.1352863944405,1275.8113072424171,15595.0,8492.0,15973.0,41.75165722222223,14.0,LOS MÁRTIRES,0.12182197843488113,0.27114610506604736,0.2149000126273903,0.16793228022951046,0.3217722273248445,14.993214332807394,2024-03
UPZ102,2024,4,8,0,3589660.0,1475468.0,2114192.0,459.1739343997227,0.75,228.0,459.0,493.0,755.0,1935.0,328.0,745.0,3094.0,75403.0,434.9959550681007,988.0243491638264,15595.0,8492.0,15973.0,41.75165722222223,14.0,LOS MÁRTIRES,0.11772061978014628,0.18701576193845654,0.22504582606709267,0.17244947989503182,0.33011898335175055,15.093568048458529,2024-04
UPZ102,2024,5,8,0,3577175.0,1431289.0,2145886.0,459.1739343997227,0.75,324.0,797.0,1019.0,1142.0,3282.0,438.0,1165.0,4881.0,75403.0,580.8787448775248,1545.031364799809,15595.0,8492.0,15973.0,41.75165722222223,14.0,LOS MÁRTIRES,0.12146092936465222,0.21750990656034438,0.21982793684960894,0.16834457358110796,0.32257952562975983,15.090083940723492,2024-05
UPZ102,2024,6,8,0,3300703.0,1367831.0,1932872.0,459.1739343997227,0.75,332.0,839.0,1266.0,1218.0,3655.0,434.0,1271.0,5531.0,75403.0,575.573916157182,1685.6093258888902,15595.0,8492.0,15973.0,41.75165722222223,14.0,LOS MÁRTIRES,0.11770189562647711,0.28859185452311215,0.20927753875462285,0.16382146470009568,0.3228767041387994,15.009646034052006,2024-06
UPZ102,2024,7,8,0,3210924.0,1399182.0,1811742.0,459.1739343997227,0.75,315.0,745.0,1125.0,1247.0,3432.0,429.0,1224.0,5349.0,75403.0,568.9428802567537,1623.2775884248638,15595.0,8492.0,15973.0,41.75165722222223,14.0,LOS MÁRTIRES,0.11098892406048848,0.20676571603687907,0.21021892763578331,0.17748909659649367,0.3358669109627243,14.98206930415249,2024-07
UPZ102,2024,8,8,0,3444815.0,1377267.0,2067548.0,459.1739343997227,0.75,275.0,740.0,1033.0,1091.0,3139.0,400.0,1158.0,4911.0,75403.0,530.4828720342692,1535.7479145392092,15595.0,8492.0,15973.0,41.75165722222223,14.0,LOS MÁRTIRES,0.11736566404872245,0.2498822142843665,0.21848197943866357,0.1666980665144572,0.32648558544660333,15.05238075997198,2024-08
UPZ102,2024,9,8,0,3226514.0,1278051.0,1948463.0,459.1739343997227,0.75,280.0,775.0,1019.0,1306.0,3380.0,415.0,1212.0,5187.0,75403.0,550.3759797355543,1607.3631022638358,15595.0,8492.0,15973.0,41.75165722222223,14.0,LOS MÁRTIRES,0.11369577196937622,0.21907451819517904,0.224464545946492,0.16444497064013974,0.3275448649818039,14.986912855415719,2024-09
UPZ102,2024,10,8,0,3643469.0,1472412.0,2171057.0,459.1739343997227,0.75,330.0,789.0,1212.0,1428.0,3759.0,476.0,1220.0,5650.0,75403.0,631.2746177207804,1617.972759704521,15595.0,8492.0,15973.0,41.75165722222223,14.0,LOS MÁRTIRES,0.11569495994064992,0.20067880363466792,0.2183797913472023,0.1707962933127741,0.3298589449197152,15.108446807753822,2024-10
UPZ102,2024,11,8,0,3608707.0,1432283.0,2176424.0,459.1739343997227,0.75,322.0,738.0,953.0,1596.0,3609.0,453.0,1090.0,5258.0,75403.0,600.7718525788098,1445.5658262933837,15595.0,8492.0,15973.0,41.75165722222223,14.0,LOS MÁRTIRES,0.1184787238199166,0.2775185128634716,0.21363358122452167,0.16232018836663656,0.3255394583936745,15.098860094405092,2024-11
UPZ102,2024,12,8,0,4125525.0,1666682.0,2458843.0,459.1739343997227,0.75,317.0,983.0,1468.0,1537.0,4305.0,483.0,1446.0,6463.0,75403.0,640.5580679813801,1917.6955824038832,15595.0,8492.0,15973.0,41.75165722222223,14.0,LOS MÁRTIRES,0.12388144539179857,0.25885650917155995,0.19107701444058633,0.15365171705419306,0.318763003070773,15.232703842379705,2024-12
UPZ102,2025,1,8,0,3070987.0,1197000.0,1873987.0,459.1739343997227,0.75,207.0,549.0,791.0,1038.0,2585.0,310.0,889.0,4099.0,75471.0,410.7537994726451,1177.935895907037,5762.0,3175.0,19060.0,41.75165722222223,14.0,LOS MÁRTIRES,0.1150096044040564,0.20378366954988733,0.21483614225654488,0.16550705033919058,0.32613235258906387,14.937509566265188,2025-01
UPZ102,2025,2,8,0,3242885.0,1283557.0,1959328.0,459.1739343997227,0.75,339.0,630.0,979.0,1361.0,3309.0,454.0,1014.0,5058.0,75471.0,601.5555643889707,1343.5624279524586,5762.0,3175.0,19060.0,41.75165722222223,14.0,LOS MÁRTIRES,0.11516535430642773,0.20398780715319842,0.22726954548187797,0.1659139932498377,0.33102438467526585,14.991973923667791,2025-02
UPZ102,2025,3,8,0,2952222.0,1194218.0,1758004.0,459.1739343997227,0.75,369.0,827.0,891.0,1555.0,3642.0,539.0,1279.0,5834.0,75471.0,714.1816061798572,1694.690675888752,5762.0,3175.0,19060.0,41.75165722222223,14.0,LOS MÁRTIRES,0.11545676443031717,0.24986264583083515,0.23181183528880958,0.1644283526103389,0.33237474873799244,14.89806866512691,2025-03
UPZ102,2025,4,7,0,2490983.0,1031211.0,1459772.0,468.3588016532668,0.7142857142857143,356.0,800.0,1267.0,1316.0,3739.0,527.0,1245.0,5774.0,75471.0,698.2814591034967,1649.6402591723972,5762.0,3175.0,19060.0,41.75165722222223,14.0,LOS MÁRTIRES,0.11607265083703898,0.19226827320780587,0.23937698490917034,0.16883174232822942,0.33646931656211926,14.728187969652584,2025-04
UPZ102,2025,5,6,0,2617030.0,1074584.0,1542446.0,503.3080385839261,0.5,378.0,837.0,1005.0,1464.0,3684.0,493.0,1279.0,5713.0,75471.0,653.2310423871421,1694.690675888752,5762.0,3175.0,19060.0,41.75165722222223,14.0,LOS MÁRTIRES,0.11529405471087449,0.23122241625048243,0.240744660932431,0.16378490120480085,0.3374958580538719,14.777550644954411,2025-05
UPZ102,2025,6,7,0,2357606.0,861607.0,1495999.0,449.98906714617857,0.5714285714285714,446.0,819.0,1000.0,1323.0,3588.0,601.0,1226.0,5497.0,75471.0,796.3323660743862,1624.4650263014933,5762.0,3175.0,19060.0,41.75165722222223,14.0,LOS MÁRTIRES,0.11479526265202919,0.2627983641032471,0.2290454808818776,0.16249237574047568,0.33482536940277985,14.67315725536336,2025-06
UPZ102,2025,7,6,0,2740121.0,1101019.0,1639102.0,503.3080385839261,0.5,366.0,783.0,1075.0,1506.0,3730.0,498.0,1192.0,5826.0,75471.0,659.8561036689589,1579.4146095851388,5762.0,3175.0,19060.0,41.75165722222223,14.0,LOS MÁRTIRES,0.11123267914081163,0.18167701353334395,0.2385208536411348,0.166508340325117,0.3443390748954603,14.823512637973145,2025-07
UPZ102,2025,8,6,0,2565913.0,1021697.0,1544216.0,503.3080385839261,0.5,399.0,856.0,931.0,1472.0,3658.0,524.0,1261.0,5565.0,75471.0,694.3064223344066,1670.8404552742113,5762.0,3175.0,19060.0,41.75165722222223,14.0,LOS MÁRTIRES,0.1126507406915199,0.26038645893294116,0.22988971177120965,0.16095908162123965,0.3356969331244678,14.757824918672569,2025-08
UPZ102,2025,9,7,0,2687623.0,1063643.0,1623980.0,468.3588016532668,0.7142857142857143,423.0,880.0,1019.0,1429.0,3751.0,566.0,1285.0,5625.0,75471.0,749.9569371016682,1702.640749426932,5762.0,3175.0,19060.0,41.75165722222223,14.0,LOS MÁRTIRES,0.11032834590268051,0.18459322605886314,0.23972074952476588,0.16585473483446148,0.34535451793860106,14.804167717812618,2025-09
UPZ102,2025,10,6,0,2779346.0,1089527.0,1689819.0,503.3080385839261,0.5,360.0,882.0,1034.0,1598.0,3874.0,473.0,1314.0,5958.0,75471.0,626.7307972598747,1741.06610486147,5762.0,3175.0,19060.0,41.75165722222223,14.0,LOS MÁRTIRES,0.1117946452150973,0.19166667266328122,0.23613216922254368,0.16688026607698353,0.3438094280180578,14.837726206192213,2025-10
UPZ102,2025,11,6,0,2720982.0,1064936.0,1656046.0,503.3080385839261,0.5,338.0,883.0,1034.0,1666.0,3921.0,470.0,1273.0,5880.0,75471.0,622.7557604907845,1686.7406023505716,5762.0,3175.0,19060.0,41.75165722222223,14.0,LOS MÁRTIRES,0.11444581404801644,0.29428603349820026,0.22266372949177904,0.15947624791343706,0.33524223830109406,14.816503402528507,2025-11
UPZ102,2025,12,6,0,1219160.0,1219160.0,0.0,503.3080385839261,0.5,376.0,931.0,1187.0,1641.0,4135.0,517.0,1386.0,6521.0,75471.0,685.031336539863,1836.4669873196328,5762.0,3175.0,19060.0,41.75165722222223,14.0,LOS MÁRTIRES,0.14187883460743458,0.23700498704025721,0.07128924833491909,0.26362413465008694,0.4642472118899617,14.013672654977361,2025-12
UPZ102,2026,1,6,0,2230919.0,776110.0,1454809.0,503.3080385839261,0.5,295.0,693.0,816.0,1147.0,2951.0,404.0,1115.0,4672.0,75373.0,536.0009552492272,1479.3095670863572,5030.0,2745.0,19329.0,41.75165722222223,14.0,LOS MÁRTIRES,0.1116781918124324,0.22023211062346953,0.23189277602638192,0.16350705695724496,0.33806168453861385,14.617924166166596,2026-01
UPZ102,2026,2,6,0,2468637.0,850589.0,1618048.0,503.3080385839261,0.5,376.0,790.0,1041.0,1296.0,3503.0,480.0,1182.0,5283.0,75373.0,636.8328181178937,1568.2008146153132,5030.0,2745.0,19329.0,41.75165722222223,14.0,LOS MÁRTIRES,0.10920439092503265,0.19224616660934757,0.24053354138336253,0.16423678329377706,0.3441305608021607,14.719176734432093,2026-02
UPZ102,2026,3,6,0,2598243.0,873978.0,1724265.0,503.3080385839261,0.5,415.0,890.0,1218.0,1547.0,4070.0,504.0,1375.0,6063.0,75373.0,668.6744590237884,1824.260676900216,5030.0,2745.0,19329.0,41.75165722222223,14.0,LOS MÁRTIRES,0.1100736151314561,0.20525986214530353,0.23879906536840473,0.16207914348273042,0.3402410778689195,14.770346005325996,2026-03
UPZ102,2026,4,6,0,2446607.0,807698.0,1638909.0,503.3080385839261,0.5,367.0,929.0,1060.0,1342.0,3698.0,485.0,1339.0,5784.0,75373.0,643.4664933066217,1776.4982155413743,5030.0,2745.0,19329.0,41.75165722222223,14.0,LOS MÁRTIRES,0.1137146260106343,0.19086310142985774,0.23855404648151501,0.16085869124056293,0.3339476345770694,14.710212724704242,2026-04
UPZ102,2026,5,6,0,2544837.0,887965.0,1656872.0,503.3080385839261,0.5,324.0,866.0,1008.0,1354.0,3552.0,422.0,1289.0,5402.0,75373.0,559.8821859286481,1710.1614636540935,5030.0,2745.0,19329.0,41.75165722222223,14.0,LOS MÁRTIRES,0.11008563613308038,0.25758309864246703,0.2348578710542168,0.15989589903007537,0.3347303425961513,14.749577158764376,2026-05
UPZ102,2026,6,6,0,2394034.0,896196.0,1497838.0,503.3080385839261,0.5,326.0,748.0,970.0,1344.0,3388.0,423.0,1111.0,5000.0,75373.0,561.2089209663937,1474.0026269353748,5030.0,2745.0,19329.0,41.75165722222223,14.0,LOS MÁRTIRES,0.26558478283934145,0.23156062111064415,0.3086079813402817,0.05166008502803213,0.40804819110340096,14.688490367171303,2026-06
UPZ104,2023,1,4,0,1237705.0,514731.0,722974.0,926.3352254476573,0.0,34.0,57.0,71.0,148.0,310.0,481.0,971.0,5211.0,154555.0,311.2160719484973,628.2553136423927,10667.0,6631.0,18152.0,42.04490588888888,13.0,TEUSAQUILLO,0.12267543558440822,0.1432045600526781,0.23863117624959093,0.16840604182741445,0.33056352318009286,14.028769416271105,2023-01
UPZ104,2023,2,4,0,1405218.0,619596.0,785622.0,926.3352254476573,0.0,20.0,62.0,72.0,200.0,354.0,457.0,1128.0,5879.0,154555.0,295.6876192941024,729.8372747565592,10667.0,6631.0,18152.0,42.04490588888888,13.0,TEUSAQUILLO,0.11949391482318042,0.12402844256193697,0.24998896968299578,0.16259256570866581,0.33478666703098225,14.155703008856243,2023-02
UPZ104,2023,3,4,0,1557977.0,666282.0,891695.0,926.3352254476573,0.0,25.0,66.0,98.0,218.0,407.0,472.0,1260.0,6359.0,154555.0,305.39290220309925,815.2437643557311,10667.0,6631.0,18152.0,42.04490588888888,13.0,TEUSAQUILLO,0.12071038275918061,0.12371748748537359,0.2556000505784103,0.15862300919718325,0.33642785993885377,14.258898742787817,2023-03
UPZ104,2023,4,4,0,1450899.0,640423.0,810476.0,926.3352254476573,0.0,31.0,47.0,95.0,174.0,347.0,565.0,1220.0,6232.0,154555.0,365.5656562388794,789.3630099317395,10667.0,6631.0,18152.0,42.04490588888888,13.0,TEUSAQUILLO,0.1296892478387537,0.21945704008342407,0.22406521749618685,0.16091264795137358,0.31863698762040504,14.187693922276162,2023-04
UPZ104,2023,5,4,0,1597215.0,683518.0,913697.0,926.3352254476573,0.0,39.0,59.0,69.0,172.0,339.0,559.0,1309.0,6599.0,154555.0,361.6835430752806,846.9476885251206,10667.0,6631.0,18152.0,42.04490588888888,13.0,TEUSAQUILLO,0.1213205485798718,0.14598159922114426,0.24519116086437953,0.16206208932422994,0.3349157435135905,14.283772045562115,2023-05
UPZ104,2023,6,4,0,1467739.0,644549.0,823190.0,926.3352254476573,0.0,26.0,71.0,101.0,228.0,426.0,489.0,1287.0,6467.0,154555.0,316.3922228332956,832.7132735919251,10667.0,6631.0,18152.0,42.04490588888888,13.0,TEUSAQUILLO,0.12317993866756959,0.1504259272254808,0.23533475638379844,0.1654728803963102,0.3323317528532706,14.199233679434032,2023-06
UPZ104,2023,7,4,0,1394144.0,637202.0,756942.0,926.3352254476573,0.0,29.0,48.0,87.0,173.0,337.0,562.0,1060.0,5840.0,154555.0,363.62459965708,685.8399922357736,10667.0,6631.0,18152.0,42.04490588888888,13.0,TEUSAQUILLO,0.1278440390662657,0.2072074333784745,0.22919511901209622,0.1660165664379002,0.32697410254210096,14.14779116482407,2023-07
UPZ104,2023,8,4,0,1556594.0,688441.0,868153.0,926.3352254476573,0.0,28.0,71.0,67.0,154.0,320.0,416.0,1023.0,5477.0,154555.0,269.1598460095112,661.9002943935816,10667.0,6631.0,18152.0,42.04490588888888,13.0,TEUSAQUILLO,0.11871689085272069,0.14921103383412754,0.24172905715941337,0.1655511970366068,0.33657573929869933,14.258010658945198,2023-08
UPZ104,2023,9,4,0,1585326.0,715585.0,869741.0,926.3352254476573,0.0,24.0,55.0,62.0,187.0,328.0,444.0,1209.0,6253.0,154555.0,287.2763741063052,782.2458024651419,10667.0,6631.0,18152.0,42.04490588888888,13.0,TEUSAQUILLO,0.12380923545062655,0.1513505739513513,0.24245675652831022,0.16520135290785612,0.3306020547112661,14.276300622378088,2023-09
UPZ104,2023,10,4,0,1666635.0,752812.0,913823.0,926.3352254476573,0.0,25.0,66.0,88.0,234.0,413.0,455.0,1173.0,6870.0,154555.0,294.39358157290286,758.9531234835496,10667.0,6631.0,18152.0,42.04490588888888,13.0,TEUSAQUILLO,0.11904046176877357,0.1752405295700618,0.23322683130979485,0.1636693097168846,0.32762081529031345,14.326317181549763,2023-10
UPZ104,2023,11,4,0,1544699.0,699797.0,844902.0,926.3352254476573,0.0,41.0,51.0,70.0,221.0,383.0,541.0,1259.0,6494.0,154555.0,350.0372035844845,814.5967454951311,10667.0,6631.0,18152.0,42.04490588888888,13.0,TEUSAQUILLO,0.12322983312606528,0.1547621899153168,0.2394861393708418,0.16809100025312368,0.33260894755332615,14.250339627327238,2023-11
UPZ104,2023,12,4,0,1395597.0,622851.0,772746.0,926.3352254476573,0.0,23.0,80.0,71.0,206.0,380.0,464.0,1263.0,6235.0,154555.0,300.2167513183009,817.1848209375303,10667.0,6631.0,18152.0,42.04490588888888,13.0,TEUSAQUILLO,0.15215567244698858,0.18048261783308503,0.21895432563985157,0.17238500799299505,0.3180730570405925,14.148832838679375,2023-12
UPZ104,2024,1,4,0,1205827.0,539899.0,665928.0,926.3352254476573,0.0,16.0,48.0,39.0,143.0,246.0,314.0,738.0,4124.0,155013.0,202.56365595143632,476.0891022043312,7745.0,4250.0,16698.0,42.04490588888888,13.0,TEUSAQUILLO,0.11730704321598368,0.14138512406837797,0.2468247932746571,0.1746693348216618,0.34349605879607087,14.002676196559847,2024-01
UPZ104,2024,2,4,0,1436592.0,654955.0,781637.0,926.3352254476573,0.0,30.0,58.0,51.0,186.0,325.0,459.0,1276.0,5798.0,155013.0,296.1041977124499,823.1567674969195,7745.0,4250.0,16698.0,42.04490588888888,13.0,TEUSAQUILLO,0.11171856727588625,0.10999922037711471,0.25572048292069005,0.17233703097330344,0.3504402444109709,14.17778419990345,2024-02
UPZ104,2024,3,4,0,1298569.0,571526.0,727043.0,926.3352254476573,0.0,20.0,58.0,82.0,187.0,347.0,394.0,1141.0,5239.0,155013.0,254.17223071613347,736.0672975814932,7745.0,4250.0,16698.0,42.04490588888888,13.0,TEUSAQUILLO,0.11997591194614991,0.1783039638247948,0.2542799034937689,0.16696840907183214,0.3387829474627819,14.07677344690958,2024-03
UPZ104,2024,4,4,0,1596218.0,685281.0,910937.0,926.3352254476573,0.0,21.0,63.0,42.0,96.0,222.0,314.0,819.0,4099.0,155013.0,202.56365595143632,528.3427841535871,7745.0,4250.0,16698.0,42.04490588888888,13.0,TEUSAQUILLO,0.11737118614124135,0.15364129461013468,0.2423102608791531,0.167972043918813,0.3345699874363252,14.283147639142822,2024-04
UPZ104,2024,5,4,0,1466488.0,654513.0,811975.0,926.3352254476573,0.0,31.0,99.0,81.0,195.0,406.0,552.0,1336.0,6706.0,155013.0,356.0991658764103,861.8631985704424,7745.0,4250.0,16698.0,42.04490588888888,13.0,TEUSAQUILLO,0.11891062183938765,0.14666127510078497,0.25480331240351095,0.16678622668579626,0.33997724762237,14.198380984618124,2024-05
UPZ104,2024,6,4,0,1277691.0,585030.0,692661.0,926.3352254476573,0.0,21.0,60.0,87.0,229.0,397.0,439.0,1208.0,6043.0,155013.0,283.2020540212756,779.289478946927,7745.0,4250.0,16698.0,42.04490588888888,13.0,TEUSAQUILLO,0.12140494063118547,0.18737002921676676,0.2479660575209499,0.1679020983946823,0.3369184814788986,14.060565100647585,2024-06
UPZ104,2024,7,4,0,1343199.0,661152.0,682047.0,926.3352254476573,0.0,21.0,51.0,71.0,156.0,299.0,510.0,1174.0,6228.0,155013.0,329.0046641249444,757.3558346719307,7745.0,4250.0,16698.0,42.04490588888888,13.0,TEUSAQUILLO,0.11451765523946932,0.1312151066223247,0.24291262873185582,0.18098658501085838,0.34833545085021594,14.110564640254422,2024-07
UPZ104,2024,8,4,0,1501064.0,688355.0,812709.0,926.3352254476573,0.0,29.0,66.0,66.0,191.0,352.0,451.0,1198.0,5860.0,155013.0,290.9433402359802,772.8384071013398,7745.0,4250.0,16698.0,42.04490588888888,13.0,TEUSAQUILLO,0.11666591164667192,0.1703498318526058,0.24391764774853036,0.17118390688205165,0.33885731013779735,14.221684747947787,2024-08
UPZ104,2024,9,4,0,1425007.0,654864.0,770143.0,926.3352254476573,0.0,28.0,68.0,107.0,205.0,408.0,535.0,1314.0,6508.0,155013.0,345.13234373891225,847.6708405101507,7745.0,4250.0,16698.0,42.04490588888888,13.0,TEUSAQUILLO,0.11597136014068694,0.14409192375897095,0.2523706901088906,0.16531076689447838,0.3416688669234748,14.169687283953525,2024-09
UPZ104,2024,10,4,0,1652418.0,773851.0,878567.0,926.3352254476573,0.0,35.0,63.0,92.0,252.0,442.0,539.0,1272.0,6939.0,155013.0,347.7127724771471,820.5763387586848,7745.0,4250.0,16698.0,42.04490588888888,13.0,TEUSAQUILLO,0.1167222821344236,0.15072033831633394,0.24129124712996347,0.17458960142046384,0.33913947788894444,14.317750227691603,2024-10
UPZ104,2024,11,4,0,1493092.0,671525.0,821567.0,926.3352254476573,0.0,31.0,78.0,90.0,239.0,438.0,464.0,1335.0,6790.0,155013.0,299.3297336352435,861.2180913858838,7745.0,4250.0,16698.0,42.04490588888888,13.0,TEUSAQUILLO,0.12533387092021117,0.18209929461814808,0.24581070690888435,0.1685020079137789,0.3322805035682809,14.21635969552036,2024-11
UPZ104,2024,12,4,0,1453980.0,650417.0,803563.0,926.3352254476573,0.0,30.0,64.0,86.0,183.0,363.0,563.0,1341.0,7079.0,155013.0,363.1953449065562,865.088734493236,7745.0,4250.0,16698.0,42.04490588888888,13.0,TEUSAQUILLO,0.14397653337735042,0.15441409097786765,0.22990068639183484,0.17076988679349092,0.3213530960011362,14.189815181822814,2024-12
UPZ104,2025,1,4,0,1637461.0,737684.0,899777.0,926.3352254476573,0.0,28.0,53.0,71.0,177.0,329.0,456.0,990.0,5330.0,155083.0,294.0360967997782,638.3678417363604,8975.0,5315.0,21506.0,42.04490588888888,13.0,TEUSAQUILLO,0.11263352226404165,0.1312641949945678,0.2575804858863814,0.17218852845960908,0.34896086554633965,14.308657429414026,2025-01
UPZ104,2025,2,4,0,1414178.0,647901.0,766277.0,926.3352254476573,0.0,44.0,66.0,100.0,190.0,400.0,508.0,1096.0,6009.0,155083.0,327.566528890981,706.7183379222738,8975.0,5315.0,21506.0,42.04490588888888,13.0,TEUSAQUILLO,0.10986523620081766,0.11495016893205802,0.25891012305381644,0.17083068750892744,0.3505933342689824,14.162059001532901,2025-02
UPZ104,2025,3,4,0,1444371.0,657309.0,787062.0,926.3352254476573,0.0,37.0,55.0,106.0,194.0,392.0,558.0,1237.0,6779.0,155083.0,359.807328978676,797.6373941695737,8975.0,5315.0,21506.0,42.04490588888888,13.0,TEUSAQUILLO,0.1126123412890455,0.16088802669120328,0.2590428636409897,0.17004010742392361,0.3466397560041136,14.183184490643036,2025-03
UPZ104,2025,4,4,0,1428523.0,650487.0,778036.0,926.3352254476573,0.0,37.0,74.0,70.0,223.0,404.0,492.0,1262.0,6573.0,155083.0,317.2494728629186,813.7577942134212,8975.0,5315.0,21506.0,42.04490588888888,13.0,TEUSAQUILLO,0.11422917236894331,0.13862429936374837,0.2560259792806976,0.16717896736699372,0.34364950531004845,14.17215160132839,2025-04
UPZ104,2025,5,4,0,1691407.0,758233.0,933174.0,926.3352254476573,0.0,41.0,70.0,105.0,218.0,434.0,545.0,1457.0,7204.0,155083.0,351.4247209558753,939.4969145554315,8975.0,5315.0,21506.0,42.04490588888888,13.0,TEUSAQUILLO,0.12045770178318994,0.1869697831450384,0.24063693717715487,0.16055981795038093,0.3269636371272523,14.341071284905118,2025-05
UPZ104,2025,6,4,0,2046356.0,887440.0,1158916.0,926.3352254476573,0.0,32.0,95.0,78.0,188.0,393.0,528.0,1270.0,6461.0,155083.0,340.46284892605894,818.9163222274525,8975.0,5315.0,21506.0,42.04490588888888,13.0,TEUSAQUILLO,0.12418367087642614,0.2015240749898844,0.23882257046183558,0.16091872577400995,0.3208789007433082,14.53157120840277,2025-06
UPZ104,2025,7,4,0,1692064.0,751868.0,940196.0,926.3352254476573,0.0,32.0,79.0,94.0,239.0,444.0,589.0,1225.0,6911.0,155083.0,379.7966250330468,789.8996021485268,8975.0,5315.0,21506.0,42.04490588888888,13.0,TEUSAQUILLO,0.11036048281861673,0.13385132004463182,0.25291773833613856,0.1637260765550239,0.34394624567312293,14.341459643492058,2025-07
UPZ104,2025,8,4,0,1471985.0,654352.0,817633.0,926.3352254476573,0.0,33.0,89.0,149.0,280.0,551.0,657.0,1547.0,7709.0,155083.0,423.644113152312,997.5303547132828,8975.0,5315.0,21506.0,42.04490588888888,13.0,TEUSAQUILLO,0.11986263446978056,0.2009252811679467,0.24635033645043938,0.1630967706872013,0.33194379047115813,14.202122388001646,2025-08
UPZ104,2025,9,4,0,1652631.0,734996.0,917635.0,926.3352254476573,0.0,40.0,75.0,180.0,248.0,543.0,637.0,1381.0,7750.0,155083.0,410.747793117234,890.4908984221353,8975.0,5315.0,21506.0,42.04490588888888,13.0,TEUSAQUILLO,0.11702612379896052,0.13480928289497168,0.2537142290081694,0.16310598070591678,0.3400675986134455,14.317879121393508,2025-09
UPZ104,2025,10,4,0,1689097.0,744674.0,944423.0,926.3352254476573,0.0,54.0,82.0,162.0,248.0,546.0,693.0,1541.0,7871.0,155083.0,446.8574892154524,993.6614587027592,8975.0,5315.0,21506.0,42.04490588888888,13.0,TEUSAQUILLO,0.12053896253441924,0.15557780281416636,0.25170076082072257,0.1502376713711527,0.32341129451560297,14.33970462457308,2025-10
UPZ104,2025,11,4,0,1525486.0,675549.0,849937.0,926.3352254476573,0.0,32.0,99.0,255.0,289.0,675.0,577.0,1320.0,7429.0,155083.0,372.058833012,851.1571223151474,8975.0,5315.0,21506.0,42.04490588888888,13.0,TEUSAQUILLO,0.1292958440785428,0.21155094179822034,0.245142203861589,0.15723120369508467,0.32002442076459503,14.237823605777837,2025-11
UPZ104,2025,12,4,0,626192.0,626192.0,0.0,926.3352254476573,0.0,33.0,83.0,128.0,218.0,462.0,525.0,1166.0,6797.0,155083.0,338.52840092079725,751.8554580450468,8975.0,5315.0,21506.0,42.04490588888888,13.0,TEUSAQUILLO,0.16978658302884733,0.1364805043820425,0.08129934588752329,0.26424642921021024,0.43154879014743086,13.34741231232174,2025-12
UPZ104,2026,1,4,0,1204938.0,538873.0,666065.0,926.3352254476573,0.0,40.0,73.0,94.0,202.0,409.0,616.0,1030.0,5805.0,154663.0,398.2853041774697,665.9640638032367,8029.0,4744.0,22550.0,42.04490588888888,13.0,TEUSAQUILLO,0.11407557899244607,0.15512914357419216,0.25385538509035316,0.16310382774881363,0.342346097271485,14.001938671301021,2026-01
UPZ104,2026,2,4,0,1529004.0,676833.0,852171.0,926.3352254476573,0.0,31.0,75.0,233.0,236.0,575.0,696.0,1246.0,6941.0,154663.0,450.0106683563619,805.6225470862455,8029.0,4744.0,22550.0,42.04490588888888,13.0,TEUSAQUILLO,0.10771456451389265,0.11029794559072438,0.2576350356179578,0.15740769808319657,0.34745748353295164,14.240127100996725,2026-02
UPZ104,2026,3,4,0,1527740.0,650335.0,877405.0,926.3352254476573,0.0,38.0,104.0,98.0,253.0,493.0,688.0,1358.0,7155.0,154663.0,444.8381319384727,878.0380569366947,8029.0,4744.0,22550.0,42.04490588888888,13.0,TEUSAQUILLO,0.10773691858562318,0.14241690339979313,0.260855250238915,0.15973005877963525,0.3468031248849661,14.239300077162184,2026-03
UPZ104,2026,4,4,0,1526179.0,649189.0,876990.0,926.3352254476573,0.0,55.0,91.0,114.0,238.0,498.0,630.0,1401.0,7155.0,154663.0,407.3372429087759,905.8404401828492,8029.0,4744.0,22550.0,42.04490588888888,13.0,TEUSAQUILLO,0.11486398384462107,0.1405726326990477,0.24754239181642518,0.1578930125496419,0.3354038656547471,14.238277784078479,2026-04
UPZ104,2026,5,4,0,1666885.0,741427.0,925458.0,926.3352254476573,0.0,38.0,72.0,68.0,235.0,413.0,642.0,1312.0,7036.0,154663.0,415.09604753560967,848.2959725338316,8029.0,4744.0,22550.0,42.04490588888888,13.0,TEUSAQUILLO,0.11252065979356697,0.22301118553469496,0.2417347327500097,0.15025151705126621,0.3300447480189976,14.326467173150514,2026-05
UPZ104,2026,6,4,0,1417778.0,633932.0,783846.0,926.3352254476573,0.0,46.0,72.0,96.0,228.0,442.0,568.0,1198.0,6160.0,154663.0,367.25008567013447,774.5873285789103,8029.0,4744.0,22550.0,42.04490588888888,13.0,TEUSAQUILLO,0.2752532483929077,0.17792348308409353,0.338360448532845,0.038826953161919496,0.4708644517533368,14.164601415284498,2026-06
UPZ105,2023,1,2,0,877792.0,415882.0,461910.0,478.6538201275198,0.5,29.0,36.0,25.0,109.0,199.0,1386.0,4694.0,17724.0,830505.0,166.8864124839706,565.1982829724084,17846.0,9318.0,77148.0,43.08297155555556,10.0,ENGATIVÁ,0.12746755495607157,0.14783912361926282,0.2539599358390143,0.18284399948962848,0.3346758948835384,13.685164942501416,2023-01
UPZ105,2023,2,2,0,982625.0,486736.0,495889.0,478.6538201275198,0.5,11.0,31.0,20.0,112.0,174.0,1197.0,5154.0,18878.0,830505.0,144.1291744179746,620.5862697997002,17846.0,9318.0,77148.0,43.08297155555556,10.0,ENGATIVÁ,0.12821574863248944,0.14264750031802564,0.25520620786159515,0.1691428571428571,0.3257948852226541,13.797982841096058,2023-02
UPZ105,2023,3,2,0,1071671.0,534690.0,536981.0,478.6538201275198,0.5,23.0,37.0,45.0,111.0,216.0,1415.0,5281.0,19034.0,830505.0,170.3782638274303,635.8781705107133,17846.0,9318.0,77148.0,43.08297155555556,10.0,ENGATIVÁ,0.13151797519947814,0.13498079167953597,0.2577414150424897,0.16393277414430352,0.32333532040063323,13.88472967052345,2023-03
UPZ105,2023,4,2,0,916848.0,450063.0,466785.0,478.6538201275198,0.5,8.0,39.0,27.0,99.0,173.0,1293.0,5681.0,20777.0,830505.0,155.68840645149638,684.0416373170541,17846.0,9318.0,77148.0,43.08297155555556,10.0,ENGATIVÁ,0.12815210372929858,0.1941477758581575,0.2521443030905886,0.16677573599986037,0.321553680757661,13.728696979593026,2023-04
UPZ105,2023,5,2,0,1105184.0,530234.0,574950.0,478.6538201275198,0.5,22.0,42.0,27.0,122.0,213.0,1469.0,5924.0,21559.0,830505.0,176.88033184628628,713.300943401906,17846.0,9318.0,77148.0,43.08297155555556,10.0,ENGATIVÁ,0.12458649419463176,0.14316349132814082,0.2564948461070735,0.1831604511104033,0.34138057269901106,13.915522394908871,2023-05
UPZ105,2023,6,2,0,1024329.0,482302.0,542027.0,478.6538201275198,0.5,18.0,44.0,45.0,100.0,207.0,1244.0,5989.0,19937.0,830505.0,149.78838176771964,721.1275067579364,17846.0,9318.0,77148.0,43.08297155555556,10.0,ENGATIVÁ,0.12176947055096553,0.15222843441901962,0.26449997998689867,0.18143487102288422,0.34681126408958646,13.839548322041813,2023-06
UPZ105,2023,7,2,0,1007747.0,488811.0,518936.0,478.6538201275198,0.5,24.0,46.0,58.0,105.0,233.0,1389.0,4920.0,19627.0,830505.0,167.24763848501814,592.4106417179909,17846.0,9318.0,77148.0,43.08297155555556,10.0,ENGATIVÁ,0.12120899392407014,0.19770239951098828,0.2536698199051944,0.18473485904696313,0.3417671199522487,13.823227704046179,2023-07
UPZ105,2023,8,2,0,1123719.0,539766.0,583953.0,478.6538201275198,0.5,16.0,48.0,25.0,107.0,196.0,1135.0,4660.0,16810.0,830505.0,136.6638370629918,561.1043882938694,17846.0,9318.0,77148.0,43.08297155555556,10.0,ENGATIVÁ,0.1228038326307555,0.14586208829787514,0.25717194423160944,0.1808726202903039,0.34109816646509594,13.932154278180564,2023-08
UPZ105,2023,9,2,0,1131094.0,542174.0,588920.0,478.6538201275198,0.5,17.0,42.0,40.0,100.0,199.0,1211.0,5480.0,19459.0,830505.0,145.8148957561965,659.839495246868,17846.0,9318.0,77148.0,43.08297155555556,10.0,ENGATIVÁ,0.12122953529945345,0.15139060060437062,0.2609809617945104,0.179844469159946,0.34219879739256387,13.938695863934631,2023-09
UPZ105,2023,10,2,0,1139881.0,531506.0,608375.0,478.6538201275198,0.5,19.0,49.0,49.0,108.0,225.0,1363.0,5936.0,20626.0,830505.0,164.117013142606,714.7458474060963,17846.0,9318.0,77148.0,43.08297155555556,10.0,ENGATIVÁ,0.12208818288926651,0.14536341951484405,0.26189225015593726,0.18084694805861312,0.3429866323653577,13.946434428957172,2023-10
UPZ105,2023,11,2,0,1115707.0,523236.0,592471.0,478.6538201275198,0.5,15.0,36.0,60.0,159.0,270.0,1280.0,5617.0,19333.0,830505.0,154.1230937802903,676.3354826280396,17846.0,9318.0,77148.0,43.08297155555556,10.0,ENGATIVÁ,0.12245508901530597,0.14882670808733833,0.2587623811627963,0.18272180778645286,0.34175137560790914,13.924998842649606,2023-11
UPZ105,2023,12,2,0,1011813.0,470037.0,541776.0,478.6538201275198,0.5,20.0,55.0,45.0,139.0,259.0,1157.0,6080.0,21179.0,830505.0,139.3128277373405,732.084695456379,17846.0,9318.0,77148.0,43.08297155555556,10.0,ENGATIVÁ,0.13370158319768574,0.17877315274660435,0.23662376348198721,0.18119949041967234,0.3223699368892438,13.827254329146443,2023-12
UPZ105,2024,1,2,0,935295.0,431711.0,503584.0,478.6538201275198,0.5,14.0,19.0,26.0,81.0,140.0,864.0,3646.0,13025.0,831376.0,103.92409691884296,438.5500663959508,14546.0,6993.0,67606.0,43.08297155555556,10.0,ENGATIVÁ,0.11612913572723044,0.14094269722387048,0.26157736329179565,0.19181113980081152,0.3534339588911467,13.748617266530026,2024-01
UPZ105,2024,2,2,0,1114300.0,529835.0,584465.0,478.6538201275198,0.5,16.0,40.0,32.0,98.0,186.0,1159.0,5113.0,18380.0,831376.0,139.40744019553128,615.0045226227363,14546.0,6993.0,67606.0,43.08297155555556,10.0,ENGATIVÁ,0.1168365790182177,0.11982051512160095,0.26762182536121326,0.18956295432109846,0.35751302290252046,13.923736963035145,2024-02
UPZ105,2024,3,2,0,997694.0,477960.0,519734.0,478.6538201275198,0.5,14.0,26.0,44.0,94.0,178.0,1045.0,4746.0,16552.0,831376.0,125.69523296318393,570.8608379361443,14546.0,6993.0,67606.0,43.08297155555556,10.0,ENGATIVÁ,0.12377342151000201,0.18609513538219127,0.2572321774010869,0.18325458507317868,0.3391205066441905,13.813201895051701,2024-03
UPZ105,2024,4,2,0,1139119.0,546193.0,592926.0,478.6538201275198,0.5,13.0,23.0,38.0,63.0,137.0,747.0,3375.0,11941.0,831376.0,89.85104212774965,405.9535035892304,14546.0,6993.0,67606.0,43.08297155555556,10.0,ENGATIVÁ,0.1183247755502278,0.12800945291931742,0.2661153048979079,0.19037607133231904,0.3549545232024301,13.945765714583853,2024-04
UPZ105,2024,5,2,0,1095901.0,519340.0,576561.0,478.6538201275198,0.5,16.0,60.0,43.0,90.0,209.0,1227.0,5387.0,19224.0,831376.0,147.58665152710685,647.9619329882026,14546.0,6993.0,67606.0,43.08297155555556,10.0,ENGATIVÁ,0.11935658421700494,0.139266229340059,0.2655650464777384,0.18417357042287574,0.34813093846863546,13.907087413943083,2024-05
UPZ105,2024,6,2,0,948108.0,450277.0,497831.0,478.6538201275198,0.5,17.0,55.0,49.0,135.0,256.0,1206.0,5662.0,19983.0,831376.0,145.06071861588498,681.0396258732511,14546.0,6993.0,67606.0,43.08297155555556,10.0,ENGATIVÁ,0.12042931817894158,0.19508642475329813,0.25953372400612584,0.18125888611845903,0.34314285305325465,13.76222369879894,2024-06
UPZ105,2024,7,2,0,1001784.0,507061.0,494723.0,478.6538201275198,0.5,17.0,48.0,41.0,126.0,232.0,1370.0,6009.0,20811.0,831376.0,164.78705182733205,722.777660168203,14546.0,6993.0,67606.0,43.08297155555556,10.0,ENGATIVÁ,0.11458258466895056,0.14283318559689512,0.25571280834990373,0.19703548868818024,0.3590341504989003,13.817292968526365,2024-07
UPZ105,2024,8,2,0,1320643.0,734267.0,586376.0,478.6538201275198,0.5,22.0,51.0,50.0,141.0,264.0,1210.0,5236.0,19174.0,831376.0,145.54184869421297,629.7992725313215,14546.0,6993.0,67606.0,43.08297155555556,10.0,ENGATIVÁ,0.11791755985531285,0.1649393515128615,0.25153277607953095,0.19545403261895905,0.35263336507369397,14.093629297169652,2024-08
UPZ105,2024,9,2,0,1029947.0,484405.0,545542.0,478.6538201275198,0.5,21.0,41.0,38.0,139.0,239.0,1271.0,5757.0,20252.0,831376.0,152.8790823887146,692.4664652335406,14546.0,6993.0,67606.0,43.08297155555556,10.0,ENGATIVÁ,0.1166943541755061,0.14559487041566216,0.2657505677476608,0.18285892380870078,0.35221167029508055,13.845017902571218,2024-09
UPZ105,2024,10,2,0,1179132.0,566003.0,613129.0,478.6538201275198,0.5,27.0,50.0,31.0,156.0,264.0,1458.0,5827.0,21018.0,831376.0,175.37191355054753,700.8862416042801,14546.0,6993.0,67606.0,43.08297155555556,10.0,ENGATIVÁ,0.11978472299963018,0.13199200768022573,0.2629552925372223,0.19135771058710974,0.3548392945582455,13.980289132540067,2024-10
UPZ105,2024,11,2,0,1083719.0,503260.0,580459.0,478.6538201275198,0.5,25.0,72.0,40.0,133.0,270.0,1215.0,5468.0,20026.0,831376.0,146.14326129212293,657.7048170743442,14546.0,6993.0,67606.0,43.08297155555556,10.0,ENGATIVÁ,0.12378393291988049,0.178297141602205,0.2596244967560779,0.182041654709385,0.3403374106405133,13.895909202284846,2024-11
UPZ105,2024,12,2,0,1018191.0,470068.0,548123.0,478.6538201275198,0.5,27.0,54.0,64.0,126.0,271.0,1204.0,6611.0,24235.0,831376.0,144.820153576721,795.1877369565636,14546.0,6993.0,67606.0,43.08297155555556,10.0,ENGATIVÁ,0.13148809997338418,0.15576055965923874,0.2451730569215402,0.1819796089338837,0.3287502888593499,13.833538081283434,2024-12
UPZ105,2025,1,2,0,915987.0,429080.0,486907.0,478.6538201275198,0.5,19.0,28.0,49.0,59.0,155.0,1158.0,4235.0,16652.0,831165.0,139.32251718972768,509.5257860954202,15693.0,7442.0,79411.0,43.08297155555556,10.0,ENGATIVÁ,0.1178379169136679,0.13434470139860058,0.25982246472930287,0.19168285139417918,0.35178005717585914,13.72775745141582,2025-01
UPZ105,2025,2,2,0,1045649.0,493603.0,552046.0,478.6538201275198,0.5,20.0,48.0,57.0,123.0,248.0,1113.0,4642.0,18207.0,831165.0,133.90842973416832,558.4931993045906,15693.0,7442.0,79411.0,43.08297155555556,10.0,ENGATIVÁ,0.11845561942869923,0.12316752562284282,0.2677361141262507,0.18970036790548256,0.3573531687560914,13.860148303239253,2025-02
UPZ105,2025,3,2,0,1075589.0,505922.0,569667.0,478.6538201275198,0.5,25.0,46.0,50.0,138.0,259.0,1198.0,5706.0,21075.0,831165.0,144.1350393724471,686.5062893649275,15693.0,7442.0,79411.0,43.08297155555556,10.0,ENGATIVÁ,0.11857968052852896,0.15971993019638536,0.2674618278915087,0.18686319774560722,0.3548641264076219,13.888378976474423,2025-03
UPZ105,2025,4,2,0,1020451.0,475816.0,544635.0,478.6538201275198,0.5,23.0,76.0,67.0,138.0,304.0,1220.0,5432.0,19687.0,831165.0,146.7819265729428,653.5405124132994,15693.0,7442.0,79411.0,43.08297155555556,10.0,ENGATIVÁ,0.11928451243616786,0.13276678645030476,0.27043336720724465,0.1880678249127101,0.3576216643134608,13.835755244400659,2025-04
UPZ105,2025,5,2,0,1077499.0,497133.0,580366.0,478.6538201275198,0.5,20.0,53.0,62.0,134.0,269.0,1275.0,5783.0,20871.0,831165.0,153.399144574182,695.7703945666625,15693.0,7442.0,79411.0,43.08297155555556,10.0,ENGATIVÁ,0.1178126383411956,0.15032496549880783,0.2734127827496824,0.18239088852982688,0.35630526246872624,13.890153172885363,2025-05
UPZ105,2025,6,2,0,932562.0,420166.0,512396.0,478.6538201275198,0.5,21.0,61.0,49.0,121.0,252.0,1328.0,5862.0,21247.0,831165.0,159.77573646628525,705.2751258775334,15693.0,7442.0,79411.0,43.08297155555556,10.0,ENGATIVÁ,0.11800609503711278,0.17473369062861233,0.2702801529549777,0.18395452527553124,0.35538812049902674,13.74569091622554,2025-06
UPZ105,2025,7,2,0,1115255.0,509842.0,605413.0,478.6538201275198,0.5,24.0,56.0,74.0,125.0,279.0,1437.0,5445.0,21833.0,831165.0,172.88985941419574,655.1045821226833,15693.0,7442.0,79411.0,43.08297155555556,10.0,ENGATIVÁ,0.11288270395559755,0.1169257255067226,0.27404315604951335,0.1896427274479827,0.3669306911319893,13.92459363628017,2025-07
UPZ105,2025,8,2,0,1033547.0,471229.0,562318.0,478.6538201275198,0.5,30.0,83.0,72.0,121.0,306.0,1477.0,6523.0,23260.0,831165.0,177.7023815969152,784.802054946972,15693.0,7442.0,79411.0,43.08297155555556,10.0,ENGATIVÁ,0.11829940970270338,0.17902717534858112,0.2659037276485733,0.18303570132756417,0.3524564439034043,13.848507133605976,2025-08
UPZ105,2025,9,2,0,1112524.0,506735.0,605789.0,478.6538201275198,0.5,37.0,52.0,76.0,137.0,302.0,1497.0,6051.0,22409.0,831165.0,180.1086426882749,728.0142931908827,15693.0,7442.0,79411.0,43.08297155555556,10.0,ENGATIVÁ,0.11457730350086824,0.12255465949498612,0.2753360826373184,0.18484634938212563,0.3637114283977324,13.922141865823546,2025-09
UPZ105,2025,10,2,0,1111546.0,490047.0,621499.0,478.6538201275198,0.5,24.0,52.0,45.0,226.0,347.0,1480.0,5837.0,21901.0,831165.0,178.06332076061915,702.2672995133337,15693.0,7442.0,79411.0,43.08297155555556,10.0,ENGATIVÁ,0.11783857798057833,0.12830867998265477,0.27804967135863023,0.1755887745536397,0.3544641166913813,13.921262397045101,2025-10
UPZ105,2025,11,2,0,1037453.0,463936.0,573517.0,478.6538201275198,0.5,24.0,58.0,69.0,176.0,327.0,1351.0,6183.0,23048.0,831165.0,162.54293672134895,743.8956163938568,15693.0,7442.0,79411.0,43.08297155555556,10.0,ENGATIVÁ,0.12455504008374352,0.1877270584787937,0.26224706083070753,0.17496599845968921,0.3388399200987766,13.852279228856041,2025-11
UPZ105,2025,12,2,0,446063.0,446063.0,0.0,478.6538201275198,0.5,23.0,46.0,94.0,185.0,348.0,1262.0,6355.0,26125.0,831165.0,151.8350748647982,764.5894617795504,15693.0,7442.0,79411.0,43.08297155555556,10.0,ENGATIVÁ,0.13805673189661546,0.14544582267527228,0.13156885910734578,0.26135545875806776,0.3989631858508172,13.008215476631948,2025-12
UPZ105,2026,1,2,0,873545.0,393103.0,480442.0,478.6538201275198,0.5,19.0,32.0,43.0,108.0,202.0,1232.0,4961.0,19451.0,828873.0,148.63555695504618,598.5235373814807,13872.0,6502.0,86095.0,43.08297155555556,10.0,ENGATIVÁ,0.11194042665231893,0.1547178451024274,0.26998723591801216,0.18551763217693415,0.35967736074204104,13.68031492411539,2026-01
UPZ105,2026,2,2,0,1042861.0,468176.0,574685.0,478.6538201275198,0.5,18.0,53.0,48.0,99.0,218.0,1104.0,5439.0,20243.0,828873.0,133.19290168698944,656.19220314813,13872.0,6502.0,86095.0,43.08297155555556,10.0,ENGATIVÁ,0.1133871148695751,0.12641953242090745,0.2766648671299435,0.1791245429640191,0.3607018245912624,13.857478455686604,2026-02
UPZ105,2026,3,2,0,1076774.0,480465.0,596309.0,478.6538201275198,0.5,17.0,28.0,55.0,168.0,268.0,1320.0,6302.0,23263.0,828873.0,159.2523824518352,760.3094804632315,13872.0,6502.0,86095.0,43.08297155555556,10.0,ENGATIVÁ,0.11305343553986255,0.13613905982128094,0.2750122124048315,0.18426800795710144,0.36269637850615294,13.88948009196445,2026-03
UPZ105,2026,4,2,0,1023595.0,455301.0,568294.0,478.6538201275198,0.5,29.0,78.0,37.0,107.0,251.0,1173.0,5645.0,20760.0,828873.0,141.51745804242628,681.0452264701588,13872.0,6502.0,86095.0,43.08297155555556,10.0,ENGATIVÁ,0.11376276750081817,0.12937147993102738,0.27442689735686476,0.18521094768927163,0.3628779676812429,13.838831498535246,2026-04
UPZ105,2026,5,2,0,1064357.0,488175.0,576182.0,478.6538201275198,0.5,21.0,48.0,51.0,131.0,251.0,1162.0,5392.0,21106.0,828873.0,140.19035485532766,650.5218531668904,13872.0,6502.0,86095.0,43.08297155555556,10.0,ENGATIVÁ,0.11584083160067528,0.1738204380673026,0.2689163504350514,0.17857072392063938,0.3521718820042699,13.877881418923149,2026-05
UPZ105,2026,6,2,0,979137.0,454683.0,524454.0,478.6538201275198,0.5,18.0,44.0,46.0,98.0,206.0,1019.0,5156.0,18865.0,828873.0,122.9380134230455,622.0494575164108,13872.0,6502.0,86095.0,43.08297155555556,10.0,ENGATIVÁ,0.2783410288856411,0.15659197844632566,0.35530370111639126,0.059127578673872944,0.44804355174152494,13.794426850435112,2026-06
UPZ107,2023,1,2,0,396232.0,170462.0,225770.0,749.0837034705896,0.0,78.0,153.0,231.0,331.0,793.0,481.0,971.0,5211.0,154555.0,311.2160719484973,628.2553136423927,10667.0,6631.0,18152.0,42.04490588888888,13.0,TEUSAQUILLO,0.1150285691211209,0.15901290153243547,0.24700932786852148,0.17936209089624258,0.3334651487361944,12.889755177274333,2023-01
UPZ107,2023,2,2,0,620492.0,293338.0,327154.0,749.0837034705896,0.0,87.0,139.0,261.0,410.0,897.0,457.0,1128.0,5879.0,154555.0,295.6876192941024,729.8372747565592,10667.0,6631.0,18152.0,42.04490588888888,13.0,TEUSAQUILLO,0.11275084932601866,0.12288313145052629,0.24389355543665345,0.17050663022246856,0.3381664301367375,13.338267990715321,2023-02
UPZ107,2023,3,2,0,658217.0,296116.0,362101.0,749.0837034705896,0.0,77.0,181.0,305.0,350.0,913.0,472.0,1260.0,6359.0,154555.0,305.39290220309925,815.2437643557311,10667.0,6631.0,18152.0,42.04490588888888,13.0,TEUSAQUILLO,0.11747949384473509,0.1239834279576492,0.24433735379061922,0.16826061921828206,0.331990217383676,13.39728994317364,2023-03
UPZ107,2023,4,2,0,579758.0,264756.0,315002.0,749.0837034705896,0.0,114.0,166.0,274.0,421.0,975.0,565.0,1220.0,6232.0,154555.0,365.5656562388794,789.3630099317395,10667.0,6631.0,18152.0,42.04490588888888,13.0,TEUSAQUILLO,0.13381445361685393,0.21451709161408725,0.22352084835396832,0.17364486561634332,0.3126154630827285,13.270366054073888,2023-04
UPZ107,2023,5,2,0,633836.0,279715.0,354121.0,749.0837034705896,0.0,76.0,184.0,375.0,411.0,1046.0,559.0,1309.0,6599.0,154555.0,361.6835430752806,846.9476885251206,10667.0,6631.0,18152.0,42.04490588888888,13.0,TEUSAQUILLO,0.12557664758707293,0.15732776301756282,0.2415356653771638,0.17490802037120007,0.32765327990834675,13.35954552487833,2023-05
UPZ107,2023,6,2,0,535992.0,236470.0,299522.0,749.0837034705896,0.0,84.0,223.0,341.0,465.0,1113.0,489.0,1287.0,6467.0,154555.0,316.3922228332956,832.7132735919251,10667.0,6631.0,18152.0,42.04490588888888,13.0,TEUSAQUILLO,0.12733025866057696,0.16073747369363714,0.24247376826519798,0.1758477738473708,0.3242707112062753,13.19187451456842,2023-06
UPZ107,2023,7,2,0,488614.0,227217.0,261397.0,749.0837034705896,0.0,105.0,154.0,281.0,393.0,933.0,562.0,1060.0,5840.0,154555.0,363.62459965708,685.8399922357736,10667.0,6631.0,18152.0,42.04490588888888,13.0,TEUSAQUILLO,0.12142099898897697,0.22928323789330637,0.24109624366064006,0.17906977696095483,0.3304021457188113,13.099328090690408,2023-07
UPZ107,2023,8,2,0,655522.0,303124.0,352398.0,749.0837034705896,0.0,87.0,144.0,273.0,313.0,817.0,416.0,1023.0,5477.0,154555.0,269.1598460095112,661.9002943935816,10667.0,6631.0,18152.0,42.04490588888888,13.0,TEUSAQUILLO,0.11977477491220732,0.1429563004750412,0.2443960690869261,0.17080891259179706,0.3327356927460503,13.39318714378898,2023-08
UPZ107,2023,9,2,0,658814.0,300661.0,358153.0,749.0837034705896,0.0,73.0,166.0,264.0,371.0,874.0,444.0,1209.0,6253.0,154555.0,287.2763741063052,782.2458024651419,10667.0,6631.0,18152.0,42.04490588888888,13.0,TEUSAQUILLO,0.12619191456162127,0.15700030661157774,0.24868323988257687,0.16645821127055588,0.32346202529386625,13.398196527818785,2023-09
UPZ107,2023,10,2,0,703593.0,319567.0,384026.0,749.0837034705896,0.0,76.0,174.0,287.0,431.0,968.0,455.0,1173.0,6870.0,154555.0,294.39358157290286,758.9531234835496,10667.0,6631.0,18152.0,42.04490588888888,13.0,TEUSAQUILLO,0.12312089517661487,0.16379639933882223,0.23736592035452309,0.17059436350276364,0.329399283146281,13.463955342961485,2023-10
UPZ107,2023,11,2,0,638966.0,291525.0,347441.0,749.0837034705896,0.0,92.0,179.0,300.0,401.0,972.0,541.0,1259.0,6494.0,154555.0,350.0372035844845,814.5967454951311,10667.0,6631.0,18152.0,42.04490588888888,13.0,TEUSAQUILLO,0.12756234291026436,0.14584657086605538,0.2442305224378135,0.1755163811533008,0.3325301264815875,13.367606523806353,2023-11
UPZ107,2023,12,2,0,464186.0,211556.0,252630.0,749.0837034705896,0.0,81.0,234.0,268.0,402.0,985.0,464.0,1263.0,6235.0,154555.0,300.2167513183009,817.1848209375303,10667.0,6631.0,18152.0,42.04490588888888,13.0,TEUSAQUILLO,0.13605106573657968,0.19039996897795278,0.23853369123584078,0.17914370532502052,0.3185218117771705,13.048040612953624,2023-12
UPZ107,2024,1,2,0,425898.0,193149.0,232749.0,749.0837034705896,0.0,62.0,107.0,167.0,239.0,575.0,314.0,738.0,4124.0,155013.0,202.56365595143632,476.0891022043312,7745.0,4250.0,16698.0,42.04490588888888,13.0,TEUSAQUILLO,0.11187890058182938,0.1563308585623788,0.2579443904409036,0.18076393878346456,0.34383376066437027,12.961955159962265,2024-01
UPZ107,2024,2,2,0,679072.0,317146.0,361926.0,749.0837034705896,0.0,81.0,210.0,302.0,316.0,909.0,459.0,1276.0,5798.0,155013.0,296.1041977124499,823.1567674969195,7745.0,4250.0,16698.0,42.04490588888888,13.0,TEUSAQUILLO,0.11240192497997263,0.11620711794920122,0.2522825267423778,0.17223652278403467,0.347929862978019,13.428482439210777,2024-02
UPZ107,2024,3,2,0,585241.0,267286.0,317955.0,749.0837034705896,0.0,85.0,163.0,234.0,329.0,811.0,394.0,1141.0,5239.0,155013.0,254.17223071613347,736.0672975814932,7745.0,4250.0,16698.0,42.04490588888888,13.0,TEUSAQUILLO,0.11625979724592084,0.178623848978455,0.2519543230908292,0.16656727741221136,0.3355715529009595,13.279779007191342,2024-03
UPZ107,2024,4,2,0,630461.0,279940.0,350521.0,749.0837034705896,0.0,42.0,100.0,179.0,269.0,590.0,314.0,819.0,4099.0,155013.0,202.56365595143632,528.3427841535871,7745.0,4250.0,16698.0,42.04490588888888,13.0,TEUSAQUILLO,0.12391567440333338,0.1628633650614391,0.2452808341832405,0.17313204147441313,0.32721306898024427,13.354206576803866,2024-04
UPZ107,2024,5,2,0,531230.0,252290.0,278940.0,749.0837034705896,0.0,112.0,185.0,357.0,390.0,1044.0,552.0,1336.0,6706.0,155013.0,356.0991658764103,861.8631985704424,7745.0,4250.0,16698.0,42.04490588888888,13.0,TEUSAQUILLO,0.12352653276358637,0.17213824520452528,0.24831805432675114,0.18171978239180764,0.3350184756217282,13.182950351453272,2024-05
UPZ107,2024,6,2,0,456579.0,219055.0,237524.0,749.0837034705896,0.0,80.0,172.0,251.0,354.0,857.0,439.0,1208.0,6043.0,155013.0,283.2020540212756,779.289478946927,7745.0,4250.0,16698.0,42.04490588888888,13.0,TEUSAQUILLO,0.11788102387538629,0.21496389452865766,0.2481607783099967,0.1774347922265369,0.33602553617387926,13.031517019904525,2024-06
UPZ107,2024,7,2,0,490176.0,252737.0,237439.0,749.0837034705896,0.0,88.0,147.0,290.0,373.0,898.0,510.0,1174.0,6228.0,155013.0,329.0046641249444,757.3558346719307,7745.0,4250.0,16698.0,42.04490588888888,13.0,TEUSAQUILLO,0.10975241545893719,0.15820440005222614,0.24718468468468463,0.18714502546024278,0.3538629647657267,13.102519789269266,2024-07
UPZ107,2024,8,2,0,604937.0,293134.0,311803.0,749.0837034705896,0.0,89.0,160.0,250.0,395.0,894.0,451.0,1198.0,5860.0,155013.0,290.9433402359802,772.8384071013398,7745.0,4250.0,16698.0,42.04490588888888,13.0,TEUSAQUILLO,0.12135643876965696,0.17479836743330296,0.24044156664247682,0.17501657197361042,0.3305803292546751,13.312879599359436,2024-08
UPZ107,2024,9,2,0,563631.0,271623.0,292008.0,749.0837034705896,0.0,94.0,191.0,263.0,425.0,973.0,535.0,1314.0,6508.0,155013.0,345.13234373891225,847.6708405101507,7745.0,4250.0,16698.0,42.04490588888888,13.0,TEUSAQUILLO,0.11884725999811933,0.1635733307784703,0.24503088013256896,0.17398617180389292,0.33198093500388526,13.242155061042638,2024-09
UPZ107,2024,10,2,0,600420.0,294116.0,306304.0,749.0837034705896,0.0,79.0,181.0,278.0,404.0,942.0,539.0,1272.0,6939.0,155013.0,347.7127724771471,820.5763387586848,7745.0,4250.0,16698.0,42.04490588888888,13.0,TEUSAQUILLO,0.11740781452982907,0.15388061690150223,0.24254355284634088,0.18335331934312643,0.3398489998194395,13.305384689312557,2024-10
UPZ107,2024,11,2,0,594697.0,283473.0,311224.0,749.0837034705896,0.0,59.0,169.0,241.0,472.0,941.0,464.0,1335.0,6790.0,155013.0,299.3297336352435,861.2180913858838,7745.0,4250.0,16698.0,42.04490588888888,13.0,TEUSAQUILLO,0.1235856242758917,0.1764444750856318,0.23960100689931166,0.17312850073230565,0.32810933009121046,13.29580731112168,2024-11
UPZ107,2024,12,2,0,518303.0,247984.0,270319.0,749.0837034705896,0.0,78.0,200.0,324.0,381.0,983.0,563.0,1341.0,7079.0,155013.0,363.1953449065562,865.088734493236,7745.0,4250.0,16698.0,42.04490588888888,13.0,TEUSAQUILLO,0.13474936475382157,0.16276772467070416,0.2267978383300887,0.17665342473418058,0.3161477594980981,13.158315292314626,2024-12
UPZ107,2025,1,2,0,473836.0,227067.0,246769.0,749.0837034705896,0.0,74.0,136.0,243.0,331.0,784.0,456.0,990.0,5330.0,155083.0,294.0360967997782,638.3678417363604,8975.0,5315.0,21506.0,42.04490588888888,13.0,TEUSAQUILLO,0.1079951713250998,0.13344068411855572,0.24635949991136166,0.17776614693691487,0.345530529948077,13.068616549247142,2025-01
UPZ107,2025,2,2,0,596990.0,287695.0,309295.0,749.0837034705896,0.0,88.0,165.0,255.0,385.0,893.0,508.0,1096.0,6009.0,155083.0,327.566528890981,706.7183379222738,8975.0,5315.0,21506.0,42.04490588888888,13.0,TEUSAQUILLO,0.11046583694869258,0.12626007135797915,0.24897904487512354,0.1761419789276202,0.34930303666007484,13.299655641815688,2025-02
UPZ107,2025,3,2,0,580177.0,275645.0,304532.0,749.0837034705896,0.0,79.0,211.0,388.0,369.0,1047.0,558.0,1237.0,6779.0,155083.0,359.807328978676,797.6373941695737,8975.0,5315.0,21506.0,42.04490588888888,13.0,TEUSAQUILLO,0.1119572130573945,0.17926425901061224,0.25352952633420484,0.17300065324892228,0.3435393041424825,13.271088508380766,2025-03
UPZ107,2025,4,2,0,579168.0,277635.0,301533.0,749.0837034705896,0.0,96.0,225.0,441.0,376.0,1138.0,492.0,1262.0,6573.0,155083.0,317.2494728629186,813.7577942134212,8975.0,5315.0,21506.0,42.04490588888888,13.0,TEUSAQUILLO,0.11650160229846948,0.14723016464998065,0.24466648709873473,0.1754136968893309,0.33793051109405736,13.269347869908598,2025-04
UPZ107,2025,5,2,0,646696.0,309228.0,337468.0,749.0837034705896,0.0,111.0,251.0,323.0,410.0,1095.0,545.0,1457.0,7204.0,155083.0,351.4247209558753,939.4969145554315,8975.0,5315.0,21506.0,42.04490588888888,13.0,TEUSAQUILLO,0.1264968393186288,0.18754561648749948,0.23832372552172887,0.17600387198931178,0.3300820545888613,13.379631602167372,2025-05
UPZ107,2025,6,2,0,519606.0,228656.0,290950.0,749.0837034705896,0.0,101.0,182.0,292.0,363.0,938.0,528.0,1270.0,6461.0,155083.0,340.46284892605894,818.9163222274525,8975.0,5315.0,21506.0,42.04490588888888,13.0,TEUSAQUILLO,0.11685199939954502,0.18639315173419857,0.24894054341173888,0.17318506714703058,0.3379465396846688,13.160826111056023,2025-06
UPZ107,2025,7,2,0,639358.0,304673.0,334685.0,749.0837034705896,0.0,114.0,160.0,301.0,553.0,1128.0,589.0,1225.0,6911.0,155083.0,379.7966250330468,789.8996021485268,8975.0,5315.0,21506.0,42.04490588888888,13.0,TEUSAQUILLO,0.11629634727335854,0.13162891525561574,0.24491755792529377,0.18556583322645526,0.3490562950053425,13.36821982686925,2025-07
UPZ107,2025,8,2,0,557418.0,258040.0,299378.0,749.0837034705896,0.0,108.0,174.0,347.0,410.0,1039.0,657.0,1547.0,7709.0,155083.0,423.644113152312,997.5303547132828,8975.0,5315.0,21506.0,42.04490588888888,13.0,TEUSAQUILLO,0.11452267418705532,0.1914739028879583,0.24762745372413517,0.17531367842444986,0.3398309941755005,13.231070686296528,2025-08
UPZ107,2025,9,2,0,688523.0,317894.0,370629.0,749.0837034705896,0.0,106.0,195.0,359.0,402.0,1062.0,637.0,1381.0,7750.0,155083.0,410.747793117234,890.4908984221353,8975.0,5315.0,21506.0,42.04490588888888,13.0,TEUSAQUILLO,0.11475578884075037,0.1340434524336877,0.2445829696320965,0.17902524679640328,0.3455354013636876,13.442304002547855,2025-09
UPZ107,2025,10,2,0,705563.0,321585.0,383978.0,749.0837034705896,0.0,160.0,198.0,344.0,526.0,1228.0,693.0,1541.0,7871.0,155083.0,446.8574892154524,993.6614587027592,8975.0,5315.0,21506.0,42.04490588888888,13.0,TEUSAQUILLO,0.12557773012473727,0.14078119175750428,0.237778908474509,0.17305754411725102,0.3293890099085173,13.466751344658094,2025-10
UPZ107,2025,11,2,0,608820.0,284968.0,323852.0,749.0837034705896,0.0,117.0,207.0,287.0,488.0,1099.0,577.0,1320.0,7429.0,155083.0,372.058833012,851.1571223151474,8975.0,5315.0,21506.0,42.04490588888888,13.0,TEUSAQUILLO,0.12443579383068887,0.19435301074209124,0.23311323543904602,0.17205249499030908,0.32435176532317794,13.319277936501184,2025-11
UPZ107,2025,12,2,0,246237.0,246237.0,0.0,749.0837034705896,0.0,88.0,151.0,319.0,402.0,960.0,525.0,1166.0,6797.0,155083.0,338.52840092079725,751.8554580450468,8975.0,5315.0,21506.0,42.04490588888888,13.0,TEUSAQUILLO,0.13912612645540673,0.15813626709227285,0.1088666609810873,0.25771512810828584,0.40297782217944494,12.414049765762622,2025-12
UPZ107,2026,1,2,0,439876.0,200390.0,239486.0,749.0837034705896,0.0,86.0,143.0,286.0,360.0,875.0,616.0,1030.0,5805.0,154663.0,398.2853041774697,665.9640638032367,8029.0,4744.0,22550.0,42.04490588888888,13.0,TEUSAQUILLO,0.10571160963544268,0.16791777682801515,0.24998408642435596,0.1779706098991534,0.34686933516764096,12.99424814799442,2026-01
UPZ107,2026,2,2,0,656059.0,289374.0,366685.0,749.0837034705896,0.0,139.0,193.0,284.0,403.0,1019.0,696.0,1246.0,6941.0,154663.0,450.0106683563619,805.6225470862455,8029.0,4744.0,22550.0,42.04490588888888,13.0,TEUSAQUILLO,0.11113939447519196,0.1366995956156382,0.24354364470268675,0.16515740200195403,0.3380239087781371,13.394006002906345,2026-02
UPZ107,2026,3,2,0,621457.0,264314.0,357143.0,749.0837034705896,0.0,112.0,200.0,300.0,386.0,998.0,688.0,1358.0,7155.0,154663.0,444.8381319384727,878.0380569366947,8029.0,4744.0,22550.0,42.04490588888888,13.0,TEUSAQUILLO,0.11636203309319867,0.16272083185160033,0.24490029076830738,0.16960304574572338,0.33193918473570816,13.339822000089622,2026-03
UPZ107,2026,4,2,0,643012.0,270680.0,372332.0,749.0837034705896,0.0,87.0,230.0,331.0,464.0,1112.0,630.0,1401.0,7155.0,154663.0,407.3372429087759,905.8404401828492,8029.0,4744.0,22550.0,42.04490588888888,13.0,TEUSAQUILLO,0.12422163194466039,0.14896611571790258,0.23850721292915214,0.17003570695414705,0.32529525344901417,13.373918665565053,2026-04
UPZ107,2026,5,2,0,678389.0,299974.0,378415.0,749.0837034705896,0.0,135.0,263.0,344.0,477.0,1219.0,642.0,1312.0,7036.0,154663.0,415.09604753560967,848.2959725338316,8029.0,4744.0,22550.0,42.04490588888888,13.0,TEUSAQUILLO,0.12031592493392432,0.20682233939524372,0.23363881195007574,0.16725212230740769,0.3236921554012911,13.42747614870573,2026-05
UPZ107,2026,6,2,0,564156.0,248757.0,315399.0,749.0837034705896,0.0,104.0,161.0,265.0,350.0,880.0,568.0,1198.0,6160.0,154663.0,367.25008567013447,774.5873285789103,8029.0,4744.0,22550.0,42.04490588888888,13.0,TEUSAQUILLO,0.2806050099617836,0.18053339856351783,0.3225065407440495,0.055158502258240615,0.4164647508458554,13.243086087979327,2026-06
UPZ108,2023,1,6,0,2027104.0,775283.0,1251821.0,713.3143310157485,0.16666666666666666,71.0,221.0,248.0,728.0,1268.0,516.0,1521.0,6974.0,249697.0,206.65046035795385,609.138275590015,7879.0,4201.0,23914.0,41.01226222222223,16.0,PUENTE ARANDA,0.1407332825548171,0.16568908156660928,0.26486948868928284,0.16328762609121186,0.31950735207730163,14.522118731468725,2023-01
UPZ108,2023,2,6,0,2260447.0,941112.0,1319335.0,713.3143310157485,0.16666666666666666,93.0,253.0,306.0,874.0,1526.0,475.0,1757.0,7481.0,249697.0,190.2305594380389,703.6528272265986,7879.0,4201.0,23914.0,41.01226222222223,16.0,PUENTE ARANDA,0.14425199971510058,0.15466277245164337,0.26571381678048633,0.15937467235462716,0.3159991244641514,14.631073139301698,2023-02
UPZ108,2023,3,6,0,2486569.0,989297.0,1497272.0,713.3143310157485,0.16666666666666666,94.0,294.0,314.0,840.0,1542.0,559.0,1813.0,7517.0,249697.0,223.87133205445,726.0800089708727,7879.0,4201.0,23914.0,41.01226222222223,16.0,PUENTE ARANDA,0.1434591197750796,0.1472028324973085,0.2697922317860474,0.16085578160107356,0.3186546017465989,14.726414406601096,2023-03
UPZ108,2023,4,6,0,2101247.0,821348.0,1279899.0,713.3143310157485,0.16666666666666666,57.0,239.0,191.0,781.0,1268.0,536.0,1881.0,7842.0,249697.0,214.66016812376603,753.313015374634,7879.0,4201.0,23914.0,41.01226222222223,16.0,PUENTE ARANDA,0.14390597583244613,0.21294545572224488,0.26626474660047106,0.1541884414350145,0.31261766735193136,14.55804153598235,2023-04
UPZ108,2023,5,6,0,2421297.0,937073.0,1484224.0,713.3143310157485,0.16666666666666666,88.0,215.0,225.0,852.0,1380.0,580.0,1885.0,8149.0,249697.0,232.28152520855275,754.9149569277965,7879.0,4201.0,23914.0,41.01226222222223,16.0,PUENTE ARANDA,0.1413395382722565,0.16395014737968944,0.26966745508708756,0.16521228085608658,0.3243843523040476,14.699813904975965,2023-05
UPZ108,2023,6,6,0,2325195.0,912706.0,1412489.0,713.3143310157485,0.16666666666666666,72.0,223.0,253.0,676.0,1224.0,566.0,1834.0,7876.0,249697.0,226.67472977248423,734.4902021249754,7879.0,4201.0,23914.0,41.01226222222223,16.0,PUENTE ARANDA,0.1408376501755766,0.1689015329897062,0.2664486204382858,0.16510830274450095,0.32199433571487224,14.659314464454363,2023-06
UPZ108,2023,7,6,0,2282271.0,940117.0,1342154.0,713.3143310157485,0.16666666666666666,94.0,200.0,305.0,785.0,1384.0,609.0,1533.0,7434.0,249697.0,243.8956014689804,613.9441002495024,7879.0,4201.0,23914.0,41.01226222222223,16.0,PUENTE ARANDA,0.14180042597921103,0.2214202432577025,0.25718462005607573,0.16528010915443428,0.31602659286978535,14.640681557830936,2023-07
UPZ108,2023,8,6,0,2357594.0,938671.0,1418923.0,713.3143310157485,0.16666666666666666,72.0,217.0,238.0,629.0,1156.0,520.0,1517.0,6469.0,249697.0,208.2524019111163,607.5363340368527,7879.0,4201.0,23914.0,41.01226222222223,16.0,PUENTE ARANDA,0.1409190895463765,0.15885559600168644,0.2688694491078616,0.16287876538538865,0.32462001312951416,14.673152165441406,2023-08
UPZ108,2023,9,6,0,2223185.0,902330.0,1320855.0,713.3143310157485,0.16666666666666666,71.0,238.0,245.0,736.0,1290.0,528.0,1873.0,8054.0,249697.0,211.45628501744116,750.1091322683092,7879.0,4201.0,23914.0,41.01226222222223,16.0,PUENTE ARANDA,0.13480839426318542,0.1727921877846423,0.27353279191790153,0.15883338543575992,0.33106642056760505,14.614451410356363,2023-09
UPZ108,2023,10,6,0,2208772.0,870454.0,1338318.0,713.3143310157485,0.16666666666666666,93.0,241.0,262.0,819.0,1415.0,592.0,1857.0,8322.0,249697.0,237.0873498680401,743.7013660556595,7879.0,4201.0,23914.0,41.01226222222223,16.0,PUENTE ARANDA,0.1341057383921925,0.1713938785895511,0.26646661583902725,0.1621887637112386,0.3276954049143262,14.607947262951273,2023-10
UPZ108,2023,11,6,0,2160176.0,833742.0,1326434.0,713.3143310157485,0.16666666666666666,82.0,244.0,243.0,764.0,1333.0,643.0,1909.0,8427.0,249697.0,257.5121046708611,764.526606246771,7879.0,4201.0,23914.0,41.01226222222223,16.0,PUENTE ARANDA,0.1338562228262882,0.17975433483197661,0.266405144765982,0.16021101984282757,0.32499569021263436,14.585700257822394,2023-11
UPZ108,2023,12,6,0,2051672.0,768112.0,1283560.0,713.3143310157485,0.16666666666666666,77.0,292.0,261.0,972.0,1602.0,651.0,2292.0,9642.0,249697.0,260.71598777718594,917.912509962074,7879.0,4201.0,23914.0,41.01226222222223,16.0,PUENTE ARANDA,0.14144999785540766,0.2174104827672259,0.24935808452813119,0.1572990224558311,0.3051085969209074,14.534165628441794,2023-12
UPZ108,2024,1,6,0,1817241.0,652062.0,1165179.0,713.3143310157485,0.16666666666666666,61.0,157.0,144.0,577.0,939.0,398.0,1206.0,5345.0,249697.0,159.3931845396621,482.9853782784735,6160.0,3123.0,26239.0,41.01226222222223,16.0,PUENTE ARANDA,0.1352616411362059,0.16012240533864244,0.27108897499010864,0.16548933245507882,0.3346808857866737,14.412829974796443,2024-01
UPZ108,2024,2,6,0,2161695.0,799185.0,1362510.0,713.3143310157485,0.16666666666666666,109.0,270.0,250.0,842.0,1471.0,588.0,2064.0,8520.0,249697.0,235.48540831487765,826.6018414318154,6160.0,3123.0,26239.0,41.01226222222223,16.0,PUENTE ARANDA,0.13532575132014457,0.14369279662487072,0.2755374833174893,0.16794182343022487,0.339720190881877,14.586403194149067,2024-02
UPZ108,2024,3,6,0,1908287.0,658766.0,1249521.0,713.3143310157485,0.16666666666666666,84.0,187.0,218.0,668.0,1157.0,519.0,1693.0,7109.0,249697.0,207.85191652282563,678.0217623759997,6160.0,3123.0,26239.0,41.01226222222223,16.0,PUENTE ARANDA,0.1368289989922899,0.2073587463520948,0.27629858611414315,0.1608751723404288,0.33162624482609576,14.461716538965733,2024-03
UPZ108,2024,4,6,0,2173486.0,758909.0,1414577.0,713.3143310157485,0.16666666666666666,66.0,187.0,177.0,538.0,968.0,428.0,1413.0,5738.0,249697.0,171.40774618838032,565.8858536546295,6160.0,3123.0,26239.0,41.01226222222223,16.0,PUENTE ARANDA,0.13555412825295396,0.14233632054680817,0.28289301150317964,0.16589156773956668,0.3442066361927963,14.591842888166406,2024-04
UPZ108,2024,5,6,0,2222275.0,898832.0,1323443.0,713.3143310157485,0.16666666666666666,122.0,228.0,233.0,838.0,1421.0,670.0,2044.0,9039.0,249697.0,268.3252101547075,818.5921336660032,6160.0,3123.0,26239.0,41.01226222222223,16.0,PUENTE ARANDA,0.13844776186565563,0.16310672621525232,0.27642888481398564,0.165273424756162,0.33700190897021787,14.61404200390002,2024-05
UPZ108,2024,6,6,0,1991455.0,836590.0,1154865.0,713.3143310157485,0.16666666666666666,105.0,330.0,301.0,803.0,1539.0,699.0,2286.0,9336.0,249697.0,279.93928641513514,915.5095976323304,6160.0,3123.0,26239.0,41.01226222222223,16.0,PUENTE ARANDA,0.1420072258725404,0.21631018526655127,0.2670524817281837,0.16031946491384438,0.3245827454455741,14.504376085315402,2024-06
UPZ108,2024,7,6,0,2213342.0,1009118.0,1204224.0,713.3143310157485,0.16666666666666666,122.0,311.0,242.0,778.0,1453.0,720.0,2305.0,9787.0,249697.0,288.349479569238,923.118820009852,6160.0,3123.0,26239.0,41.01226222222223,16.0,PUENTE ARANDA,0.13637024915263882,0.1555304150917481,0.25866585462165353,0.17703183692353008,0.33524610532357524,14.610014148439491,2024-07
UPZ108,2024,8,6,0,2388247.0,1015911.0,1372336.0,713.3143310157485,0.16666666666666666,98.0,250.0,257.0,740.0,1345.0,682.0,2275.0,9051.0,249697.0,273.13103481419483,911.1042583611336,6160.0,3123.0,26239.0,41.01226222222223,16.0,PUENTE ARANDA,0.13988084147075236,0.19683056233295798,0.2667848007345973,0.16359446908129682,0.3263495590137869,14.686070181981565,2024-08
UPZ108,2024,9,6,0,2237456.0,948627.0,1288829.0,713.3143310157485,0.16666666666666666,111.0,233.0,204.0,891.0,1439.0,727.0,2115.0,9484.0,249697.0,291.15287728727213,847.0265962346364,6160.0,3123.0,26239.0,41.01226222222223,16.0,PUENTE ARANDA,0.13513070201157026,0.16797246515685665,0.2746351213163521,0.15917631452864323,0.3347494019973388,14.620850064133323,2024-09
UPZ108,2024,10,6,0,2541286.0,1085554.0,1455732.0,713.3143310157485,0.16666666666666666,140.0,260.0,300.0,1045.0,1745.0,789.0,2197.0,9846.0,249697.0,315.98297136128986,879.8663980744662,6160.0,3123.0,26239.0,41.01226222222223,16.0,PUENTE ARANDA,0.13746662123035344,0.15548112254976412,0.269098401360571,0.16830415781616076,0.33239864304548894,14.748180810081116,2024-10
UPZ108,2024,11,6,0,2354237.0,983723.0,1370514.0,713.3143310157485,0.16666666666666666,142.0,270.0,249.0,932.0,1593.0,817.0,2107.0,9415.0,249697.0,327.1965622334269,843.8227131283115,6160.0,3123.0,26239.0,41.01226222222223,16.0,PUENTE ARANDA,0.13948340800012907,0.2184423233514722,0.2625275195318058,0.15948479273751962,0.3179104838154851,14.671727241428636,2024-11
UPZ108,2024,12,6,0,2390748.0,1013403.0,1377345.0,713.3143310157485,0.16666666666666666,150.0,258.0,323.0,934.0,1665.0,765.0,2381.0,11042.0,249697.0,306.3713220423153,953.555709519938,6160.0,3123.0,26239.0,41.01226222222223,16.0,PUENTE ARANDA,0.14572510360774113,0.20126086061768111,0.24295785252147026,0.1575904277657034,0.3010465245175743,14.687116845653874,2024-12
UPZ108,2025,1,6,0,2008850.0,839271.0,1169579.0,713.3143310157485,0.16666666666666666,92.0,192.0,197.0,632.0,1113.0,565.0,1568.0,7495.0,249519.0,226.43566221409992,628.4090590295729,8727.0,4312.0,29954.0,41.01226222222223,16.0,PUENTE ARANDA,0.14048535231600168,0.16892002887224028,0.2640057744480672,0.16657540383801672,0.329505978922378,14.513072976997629,2025-01
UPZ108,2025,2,6,0,2276211.0,963693.0,1312518.0,713.3143310157485,0.16666666666666666,101.0,261.0,249.0,900.0,1511.0,630.0,1916.0,8994.0,249519.0,252.48578264581053,767.8773961101159,8727.0,4312.0,29954.0,41.01226222222223,16.0,PUENTE ARANDA,0.1355805766688589,0.15887630803998393,0.2762560237166062,0.16459150755356156,0.33753919350811484,14.638022776434013,2025-02
UPZ108,2025,3,6,0,2419495.0,1017408.0,1402087.0,713.3143310157485,0.16666666666666666,133.0,292.0,265.0,1100.0,1790.0,675.0,2046.0,9709.0,249519.0,270.52048140622554,819.9776369735372,8727.0,4312.0,29954.0,41.01226222222223,16.0,PUENTE ARANDA,0.13646277425661132,0.2013969857346264,0.27405140328870276,0.16112039909154596,0.3322468895565674,14.699069398670702,2025-03
UPZ108,2025,4,6,0,2257750.0,948295.0,1309455.0,713.3143310157485,0.16666666666666666,120.0,272.0,237.0,955.0,1584.0,652.0,1878.0,8664.0,249519.0,261.3027464842357,752.6480949346543,8727.0,4312.0,29954.0,41.01226222222223,16.0,PUENTE ARANDA,0.13758343483556637,0.16081984276381348,0.2772946517550659,0.16395482227881736,0.3354591900772122,14.629879300113044,2025-04
UPZ108,2025,5,6,0,2471201.0,1025709.0,1445492.0,713.3143310157485,0.16666666666666666,116.0,269.0,264.0,1102.0,1751.0,677.0,2150.0,9669.0,249519.0,271.3220235733551,861.6578296642741,8727.0,4312.0,29954.0,41.01226222222223,16.0,PUENTE ARANDA,0.13849298377590485,0.18955762805210902,0.2754883151957287,0.15854396303659635,0.3305929460421334,14.72021482524813,2025-05
UPZ108,2025,6,6,0,2175665.0,810234.0,1365431.0,713.3143310157485,0.16666666666666666,96.0,349.0,348.0,807.0,1600.0,645.0,2111.0,9696.0,249519.0,258.49734889928226,846.0277574052476,8727.0,4312.0,29954.0,41.01226222222223,16.0,PUENTE ARANDA,0.1381646531060618,0.2089728887489572,0.26985082721834475,0.15860484035915454,0.32684547975797795,14.59284492290023,2025-06
UPZ108,2025,7,6,0,2537265.0,1038249.0,1499016.0,713.3143310157485,0.16666666666666666,101.0,272.0,284.0,896.0,1553.0,619.0,2049.0,9713.0,249519.0,248.077300726598,821.1799502242314,8727.0,4312.0,29954.0,41.01226222222223,16.0,PUENTE ARANDA,0.13661994312773787,0.14215858414473853,0.2759967918211144,0.15936175369935734,0.3356878852474323,14.746597287206093,2025-07
UPZ108,2025,8,6,0,2359202.0,952779.0,1406423.0,713.3143310157485,0.16666666666666666,125.0,266.0,317.0,1053.0,1761.0,643.0,2056.0,9463.0,249519.0,257.6958067321527,823.9853478091849,8727.0,4312.0,29954.0,41.01226222222223,16.0,PUENTE ARANDA,0.13778345389669894,0.2152113299327484,0.26550799804340613,0.15312635374164651,0.3248083019801036,14.673833984227842,2025-08
UPZ108,2025,9,6,0,2525713.0,994894.0,1530819.0,713.3143310157485,0.16666666666666666,128.0,296.0,264.0,959.0,1647.0,640.0,2248.0,9554.0,249519.0,256.4934934814584,900.9333958536224,8727.0,4312.0,29954.0,41.01226222222223,16.0,PUENTE ARANDA,0.1347480889554751,0.147115685748935,0.27095517186632045,0.1592841308573064,0.3350972497650115,14.742033957068555,2025-09
UPZ108,2025,10,6,0,2499323.0,990520.0,1508803.0,713.3143310157485,0.16666666666666666,110.0,362.0,361.0,1035.0,1868.0,644.0,2207.0,10109.0,249519.0,258.0965778157174,884.5017814274665,8727.0,4312.0,29954.0,41.01226222222223,16.0,PUENTE ARANDA,0.13592840941326909,0.1581548283275111,0.2716999763535965,0.15492435351493183,0.33006441045569057,14.731530453165488,2025-10
UPZ108,2025,11,6,0,2393622.0,947860.0,1445762.0,713.3143310157485,0.16666666666666666,164.0,325.0,326.0,995.0,1810.0,666.0,2254.0,10143.0,249519.0,266.9135416541426,903.3380223550108,8727.0,4312.0,29954.0,41.01226222222223,16.0,PUENTE ARANDA,0.13905453743322876,0.23725592428545522,0.259075576678356,0.15187485743362983,0.31582441768289704,14.688318257896528,2025-11
UPZ108,2025,12,6,0,979976.0,979976.0,0.0,713.3143310157485,0.16666666666666666,104.0,336.0,350.0,1043.0,1833.0,523.0,2324.0,11244.0,249519.0,209.6032767043792,931.3919982045456,8727.0,4312.0,29954.0,41.01226222222223,16.0,PUENTE ARANDA,0.15216291011208435,0.18790460174534884,0.08304999306105454,0.26508608374082626,0.44672059749495285,13.795283360550956,2025-12
UPZ108,2026,1,6,0,1958728.0,719526.0,1239202.0,713.3143310157485,0.16666666666666666,110.0,224.0,244.0,786.0,1364.0,554.0,1678.0,8318.0,248758.0,222.7064054221372,674.5511702136213,7655.0,3707.0,27980.0,41.01226222222223,16.0,PUENTE ARANDA,0.1363859606846892,0.19158249639561994,0.2695586115070597,0.15194554833545032,0.32630979912128155,14.487805840936453,2026-01
UPZ108,2026,2,6,0,2255880.0,818503.0,1437377.0,713.3143310157485,0.16666666666666666,103.0,255.0,311.0,893.0,1562.0,504.0,1772.0,8349.0,248758.0,202.6065493371068,712.3388996534785,7655.0,3707.0,27980.0,41.01226222222223,16.0,PUENTE ARANDA,0.13283463659414502,0.15716261503271448,0.2780657659095342,0.15131212653155307,0.33324153494939374,14.629050698696007,2026-02
UPZ108,2026,3,6,0,2358494.0,806722.0,1551772.0,713.3143310157485,0.16666666666666666,121.0,291.0,294.0,765.0,1471.0,561.0,2035.0,9288.0,248758.0,225.52038527404144,818.0641426607385,7655.0,3707.0,27980.0,41.01226222222223,16.0,PUENTE ARANDA,0.13501793941388018,0.16848633068390248,0.27674227706324456,0.1521738024349436,0.3292018661766764,14.673533837713393,2026-03
UPZ108,2026,4,6,0,2206689.0,782854.0,1423835.0,713.3143310157485,0.16666666666666666,124.0,307.0,297.0,786.0,1514.0,546.0,1892.0,8434.0,248758.0,219.4904284485323,760.5785542575516,7655.0,3707.0,27980.0,41.01226222222223,16.0,PUENTE ARANDA,0.1375626560879217,0.15826607192948344,0.2737286495740904,0.15497562184793595,0.3283703269869431,14.607003760039788,2026-04
UPZ108,2026,5,6,0,2382794.0,977320.0,1405474.0,713.3143310157485,0.16666666666666666,117.0,256.0,274.0,819.0,1466.0,562.0,1820.0,8818.0,248758.0,225.92238239574203,731.6347614951077,7655.0,3707.0,27980.0,41.01226222222223,16.0,PUENTE ARANDA,0.13536503785052334,0.20965261789311201,0.26021594816841065,0.16213864899777317,0.32550568717583095,14.683784306687503,2026-05
UPZ108,2026,6,6,0,2215042.0,904003.0,1311039.0,713.3143310157485,0.16666666666666666,85.0,269.0,221.0,744.0,1319.0,456.0,1706.0,8002.0,248758.0,183.3106874954775,685.8070896212383,7655.0,3707.0,27980.0,41.01226222222223,16.0,PUENTE ARANDA,0.3091106173156084,0.18552560177188512,0.338250471097162,0.040968523395944596,0.4637995748131694,14.610781922906886,2026-06
UPZ109,2023,1,1,0,138981.0,55481.0,83500.0,1006.215517860798,0.0,34.0,71.0,87.0,212.0,404.0,481.0,971.0,5211.0,154555.0,311.2160719484973,628.2553136423927,10667.0,6631.0,18152.0,42.04490588888888,13.0,TEUSAQUILLO,0.1092019772486886,0.1411343996661414,0.2751095473481987,0.1792547182708427,0.3619748972644639,11.84209251212233,2023-01
UPZ109,2023,2,1,0,164782.0,68034.0,96748.0,1006.215517860798,0.0,32.0,72.0,115.0,204.0,423.0,457.0,1128.0,5879.0,154555.0,295.6876192941024,729.8372747565592,10667.0,6631.0,18152.0,42.04490588888888,13.0,TEUSAQUILLO,0.1108858977315483,0.1275928196040829,0.277408940296877,0.1707892852374652,0.3605851509303426,12.01237866719124,2023-02
UPZ109,2023,3,1,0,189703.0,70293.0,119410.0,1006.215517860798,0.0,36.0,85.0,149.0,267.0,537.0,472.0,1260.0,6359.0,154555.0,305.39290220309925,815.2437643557311,10667.0,6631.0,18152.0,42.04490588888888,13.0,TEUSAQUILLO,0.112575974022551,0.1260285815195331,0.2759945810029361,0.1699498690057616,0.3567211075145239,12.153214970241917,2023-03
UPZ109,2023,4,1,0,160931.0,65190.0,95741.0,1006.215517860798,0.0,25.0,86.0,102.0,209.0,422.0,565.0,1220.0,6232.0,154555.0,365.5656562388794,789.3630099317395,10667.0,6631.0,18152.0,42.04490588888888,13.0,TEUSAQUILLO,0.11624236474016811,0.1769578266462024,0.2664371687244844,0.1725025010718879,0.3469492262755578,11.988730980675047,2023-04
UPZ109,2023,5,1,0,189305.0,79578.0,109727.0,1006.215517860798,0.0,30.0,81.0,108.0,267.0,486.0,559.0,1309.0,6599.0,154555.0,361.6835430752806,846.9476885251206,10667.0,6631.0,18152.0,42.04490588888888,13.0,TEUSAQUILLO,0.11519505559810879,0.1361506563482211,0.2666437759171707,0.17610734000686717,0.3533354470513633,12.151114749949492,2023-05
UPZ109,2023,6,1,0,170084.0,72855.0,97229.0,1006.215517860798,0.0,31.0,102.0,131.0,258.0,522.0,489.0,1287.0,6467.0,154555.0,316.3922228332956,832.7132735919251,10667.0,6631.0,18152.0,42.04490588888888,13.0,TEUSAQUILLO,0.1139613367512523,0.1394546224218621,0.2646692222666447,0.181463276969027,0.3577365025786381,12.04404771164353,2023-06
UPZ109,2023,7,1,0,162512.0,74898.0,87614.0,1006.215517860798,0.0,32.0,86.0,98.0,209.0,425.0,562.0,1060.0,5840.0,154555.0,363.62459965708,685.8399922357736,10667.0,6631.0,18152.0,42.04490588888888,13.0,TEUSAQUILLO,0.1134254701191296,0.200446736241016,0.24988923894850842,0.1803989859210396,0.3545132264060365,11.998507124179282,2023-07
UPZ109,2023,8,1,0,183776.0,84179.0,99597.0,1006.215517860798,0.0,17.0,63.0,102.0,180.0,362.0,416.0,1023.0,5477.0,154555.0,269.1598460095112,661.9002943935816,10667.0,6631.0,18152.0,42.04490588888888,13.0,TEUSAQUILLO,0.1123541702942712,0.1309855476231934,0.2633695368274421,0.1781679871147483,0.35833133775987813,12.121472903664023,2023-08
UPZ109,2023,9,1,0,185644.0,86775.0,98869.0,1006.215517860798,0.0,31.0,88.0,76.0,201.0,396.0,444.0,1209.0,6253.0,154555.0,287.2763741063052,782.2458024651419,10667.0,6631.0,18152.0,42.04490588888888,13.0,TEUSAQUILLO,0.1133459740147809,0.1415451078408136,0.264209993320549,0.1735202861390618,0.35336501163692774,12.131586140203348,2023-09
UPZ109,2023,10,1,0,187863.0,86303.0,101560.0,1006.215517860798,0.0,20.0,99.0,113.0,287.0,519.0,455.0,1173.0,6870.0,154555.0,294.39358157290286,758.9531234835496,10667.0,6631.0,18152.0,42.04490588888888,13.0,TEUSAQUILLO,0.11404587385488359,0.1387873077721531,0.2578581200129882,0.17810319221986232,0.3512479369642761,12.143468252759867,2023-10
UPZ109,2023,11,1,0,179158.0,82324.0,96834.0,1006.215517860798,0.0,23.0,80.0,74.0,249.0,426.0,541.0,1259.0,6494.0,154555.0,350.0372035844845,814.5967454951311,10667.0,6631.0,18152.0,42.04490588888888,13.0,TEUSAQUILLO,0.11322966320231301,0.1367898726263968,0.2622991995891894,0.1762857366123756,0.3552458522207088,12.096023377052855,2023-11
UPZ109,2023,12,1,0,154061.0,71101.0,82960.0,1006.215517860798,0.0,32.0,81.0,141.0,243.0,497.0,464.0,1263.0,6235.0,154555.0,300.2167513183009,817.1848209375303,10667.0,6631.0,18152.0,42.04490588888888,13.0,TEUSAQUILLO,0.119108664749677,0.1616827100953518,0.2535229551930729,0.1762353872816611,0.3415281971364566,11.945103906863432,2023-12
UPZ109,2024,1,1,0,142875.0,65056.0,77819.0,1006.215517860798,0.0,12.0,40.0,66.0,118.0,236.0,314.0,738.0,4124.0,155013.0,202.56365595143632,476.0891022043312,7745.0,4250.0,16698.0,42.04490588888888,13.0,TEUSAQUILLO,0.1096972878390201,0.1348591426071741,0.2731478565179353,0.1803674540682414,0.3648633979283828,11.869725401097112,2024-01
UPZ109,2024,2,1,0,174175.0,81059.0,93116.0,1006.215517860798,0.0,14.0,66.0,126.0,196.0,402.0,459.0,1276.0,5798.0,155013.0,296.1041977124499,823.1567674969195,7745.0,4250.0,16698.0,42.04490588888888,13.0,TEUSAQUILLO,0.111542988373762,0.11317927371896079,0.2718989522032438,0.1808181426725994,0.3653068198133525,12.06781581989832,2024-02
UPZ109,2024,3,1,0,157122.0,64871.0,92251.0,1006.215517860798,0.0,24.0,85.0,99.0,165.0,373.0,394.0,1141.0,5239.0,155013.0,254.17223071613347,736.0672975814932,7745.0,4250.0,16698.0,42.04490588888888,13.0,TEUSAQUILLO,0.1226499153524013,0.1661320502539428,0.2621020608189814,0.178861012461654,0.3524202329179693,11.964777852631514,2024-03
UPZ109,2024,4,1,0,185101.0,77078.0,108023.0,1006.215517860798,0.0,19.0,41.0,70.0,134.0,264.0,314.0,819.0,4099.0,155013.0,202.56365595143632,528.3427841535871,7745.0,4250.0,16698.0,42.04490588888888,13.0,TEUSAQUILLO,0.11172819163591761,0.1209880011453206,0.2628240798266892,0.178362083403115,0.3570041560154134,12.128656901032139,2024-04
UPZ109,2024,5,1,0,177799.0,79872.0,97927.0,1006.215517860798,0.0,23.0,69.0,110.0,198.0,400.0,552.0,1336.0,6706.0,155013.0,356.0991658764103,861.8631985704424,7745.0,4250.0,16698.0,42.04490588888888,13.0,TEUSAQUILLO,0.1100343646477201,0.1534373084213072,0.2570205681696747,0.1746410272273747,0.3498542815348261,12.088408977749163,2024-05
UPZ109,2024,6,1,0,150458.0,70477.0,79981.0,1006.215517860798,0.0,18.0,63.0,108.0,190.0,379.0,439.0,1208.0,6043.0,155013.0,283.2020540212756,779.289478946927,7745.0,4250.0,16698.0,42.04490588888888,13.0,TEUSAQUILLO,0.1073788033869917,0.1853673450398117,0.2589493413444283,0.1635473022371691,0.336714449083801,11.921439254456413,2024-06
UPZ109,2024,7,1,0,161472.0,80519.0,80953.0,1006.215517860798,0.0,43.0,88.0,80.0,232.0,443.0,510.0,1174.0,6228.0,155013.0,329.0046641249444,757.3558346719307,7745.0,4250.0,16698.0,42.04490588888888,13.0,TEUSAQUILLO,0.10838411613158928,0.1222874554102259,0.2479191438763377,0.2006787554498612,0.3658451598515774,11.992087032000729,2024-07
UPZ109,2024,8,1,0,176677.0,85848.0,90829.0,1006.215517860798,0.0,22.0,63.0,105.0,180.0,370.0,451.0,1198.0,5860.0,155013.0,290.9433402359802,772.8384071013398,7745.0,4250.0,16698.0,42.04490588888888,13.0,TEUSAQUILLO,0.11150857214012011,0.1536759170690016,0.2691408615722476,0.1733332578660493,0.3567492512469781,12.082078485715726,2024-08
UPZ109,2024,9,1,0,166627.0,80414.0,86213.0,1006.215517860798,0.0,32.0,72.0,102.0,245.0,451.0,535.0,1314.0,6508.0,155013.0,345.13234373891225,847.6708405101507,7745.0,4250.0,16698.0,42.04490588888888,13.0,TEUSAQUILLO,0.1086798658080623,0.1355302562009758,0.268185828227118,0.1693543063249053,0.3595595803463406,12.023513060409725,2024-09
UPZ109,2024,10,1,0,192275.0,93270.0,99005.0,1006.215517860798,0.0,30.0,75.0,132.0,268.0,505.0,539.0,1272.0,6939.0,155013.0,347.7127724771471,820.5763387586848,7745.0,4250.0,16698.0,42.04490588888888,13.0,TEUSAQUILLO,0.1082356000520088,0.12087374853725129,0.2680275646859966,0.1690651410739825,0.35622519105811595,12.166681917925255,2024-10
UPZ109,2024,11,1,0,170118.0,80371.0,89747.0,1006.215517860798,0.0,31.0,92.0,107.0,246.0,476.0,464.0,1335.0,6790.0,155013.0,299.3297336352435,861.2180913858838,7745.0,4250.0,16698.0,42.04490588888888,13.0,TEUSAQUILLO,0.11303330629327869,0.1663786313029779,0.2689603686852655,0.1622285707567688,0.3503945619832767,12.044247592891221,2024-11
UPZ109,2024,12,1,0,169597.0,80095.0,89502.0,1006.215517860798,0.0,33.0,89.0,150.0,251.0,523.0,563.0,1341.0,7079.0,155013.0,363.1953449065562,865.088734493236,7745.0,4250.0,16698.0,42.04490588888888,13.0,TEUSAQUILLO,0.1214349310424123,0.1479448339298454,0.2487249184832279,0.1720667228783528,0.3384780288152486,12.041180313504247,2024-12
UPZ109,2025,1,1,0,141832.0,68013.0,73819.0,1006.215517860798,0.0,36.0,57.0,58.0,149.0,300.0,456.0,990.0,5330.0,155083.0,294.0360967997782,638.3678417363604,8975.0,5315.0,21506.0,42.04490588888888,13.0,TEUSAQUILLO,0.1083605956342715,0.1295053302498731,0.2684232049184951,0.1706314512944892,0.355775496100306,11.862398537578217,2025-01
UPZ109,2025,2,1,0,165995.0,80216.0,85779.0,1006.215517860798,0.0,30.0,58.0,90.0,241.0,419.0,508.0,1096.0,6009.0,155083.0,327.566528890981,706.7183379222738,8975.0,5315.0,21506.0,42.04490588888888,13.0,TEUSAQUILLO,0.11347329738847552,0.12120847013464262,0.262459712641947,0.1691797945721256,0.3482187513181601,12.019712946403121,2025-02
UPZ109,2025,3,1,0,180124.0,85835.0,94289.0,1006.215517860798,0.0,40.0,77.0,124.0,286.0,527.0,558.0,1237.0,6779.0,155083.0,359.807328978676,797.6373941695737,8975.0,5315.0,21506.0,42.04490588888888,13.0,TEUSAQUILLO,0.1100297572783193,0.1538662254891075,0.2677155737158846,0.1632930647775976,0.3481216562314235,12.101400781586204,2025-03
UPZ109,2025,4,1,0,167778.0,80217.0,87561.0,1006.215517860798,0.0,39.0,55.0,79.0,186.0,359.0,492.0,1262.0,6573.0,155083.0,317.2494728629186,813.7577942134212,8975.0,5315.0,21506.0,42.04490588888888,13.0,TEUSAQUILLO,0.1094601199203709,0.12122566725077182,0.2677407049791987,0.1633110419721298,0.3484446166686538,12.030396955957322,2025-04
UPZ109,2025,5,1,0,184316.0,85780.0,98536.0,1006.215517860798,0.0,50.0,71.0,101.0,228.0,450.0,545.0,1457.0,7204.0,155083.0,351.4247209558753,939.4969145554315,8975.0,5315.0,21506.0,42.04490588888888,13.0,TEUSAQUILLO,0.1138479567698951,0.1445235356670066,0.2608455044597322,0.1650697714794158,0.3439740730491027,12.124406954865297,2025-05
UPZ109,2025,6,1,0,157401.0,64174.0,93227.0,1006.215517860798,0.0,30.0,54.0,116.0,190.0,390.0,528.0,1270.0,6461.0,155083.0,340.46284892605894,818.9163222274525,8975.0,5315.0,21506.0,42.04490588888888,13.0,TEUSAQUILLO,0.10466896652499032,0.1602594646793857,0.2657098747784321,0.1561362380162769,0.3568530757498728,11.96655196818541,2025-06
UPZ109,2025,7,1,0,176696.0,82915.0,93781.0,1006.215517860798,0.0,32.0,61.0,124.0,217.0,434.0,589.0,1225.0,6911.0,155083.0,379.7966250330468,789.8996021485268,8975.0,5315.0,21506.0,42.04490588888888,13.0,TEUSAQUILLO,0.1090517046226287,0.11530538325711952,0.2758070358129216,0.1630427400733463,0.3606626284355628,12.082186020813305,2025-07
UPZ109,2025,8,1,0,163936.0,74151.0,89785.0,1006.215517860798,0.0,49.0,97.0,134.0,295.0,575.0,657.0,1547.0,7709.0,155083.0,423.644113152312,997.5303547132828,8975.0,5315.0,21506.0,42.04490588888888,13.0,TEUSAQUILLO,0.1110555338668748,0.1680960862775717,0.2636821686511809,0.1539747218426703,0.3416673785436218,12.007231386738928,2025-08
UPZ109,2025,9,1,0,176102.0,81535.0,94567.0,1006.215517860798,0.0,20.0,89.0,190.0,265.0,564.0,637.0,1381.0,7750.0,155083.0,410.747793117234,890.4908984221353,8975.0,5315.0,21506.0,42.04490588888888,13.0,TEUSAQUILLO,0.1140191479937763,0.11576813437666801,0.2766521674938388,0.1636494758719378,0.3574765134217132,12.078818651603223,2025-09
UPZ109,2025,10,1,0,187191.0,84735.0,102456.0,1006.215517860798,0.0,37.0,82.0,110.0,214.0,443.0,693.0,1541.0,7871.0,155083.0,446.8574892154524,993.6614587027592,8975.0,5315.0,21506.0,42.04490588888888,13.0,TEUSAQUILLO,0.1115972455940723,0.145049708586417,0.2771180238366161,0.1574060718731135,0.354603192416008,12.13988476494682,2025-10
UPZ109,2025,11,1,0,161372.0,73764.0,87608.0,1006.215517860798,0.0,29.0,99.0,142.0,266.0,536.0,577.0,1320.0,7429.0,155083.0,372.058833012,851.1571223151474,8975.0,5315.0,21506.0,42.04490588888888,13.0,TEUSAQUILLO,0.11130183674986979,0.175953697047815,0.2763428599757083,0.1592345636169843,0.3548310287096174,11.99146753773602,2025-11
UPZ109,2025,12,1,0,70531.0,70531.0,0.0,1006.215517860798,0.0,31.0,77.0,132.0,247.0,487.0,525.0,1166.0,6797.0,155083.0,338.52840092079725,751.8554580450468,8975.0,5315.0,21506.0,42.04490588888888,13.0,TEUSAQUILLO,0.119082389303994,0.1393855184245225,0.1369610525868058,0.2369312784449391,0.3801371028342147,11.163807608465529,2025-12
UPZ109,2026,1,1,0,132658.0,60832.0,71826.0,1006.215517860798,0.0,37.0,65.0,85.0,167.0,354.0,616.0,1030.0,5805.0,154663.0,398.2853041774697,665.9640638032367,8029.0,4744.0,22550.0,42.04490588888888,13.0,TEUSAQUILLO,0.1038761326116781,0.1511028358636494,0.2832169940749898,0.1647921723529677,0.365982864727887,11.795529666831422,2026-01
UPZ109,2026,2,1,0,173988.0,76563.0,97425.0,1006.215517860798,0.0,20.0,59.0,116.0,250.0,445.0,696.0,1246.0,6941.0,154663.0,450.0106683563619,805.6225470862455,8029.0,4744.0,22550.0,42.04490588888888,13.0,TEUSAQUILLO,0.1115191852311653,0.11471480791778742,0.2732199921833689,0.1730751546083637,0.3621879419983211,12.066741610301195,2026-02
UPZ109,2026,3,1,0,171004.0,73895.0,97109.0,1006.215517860798,0.0,42.0,90.0,136.0,216.0,484.0,688.0,1358.0,7155.0,154663.0,444.8381319384727,878.0380569366947,8029.0,4744.0,22550.0,42.04490588888888,13.0,TEUSAQUILLO,0.10467006619728192,0.1356517976187691,0.281350143856284,0.1611073425183036,0.362076752076752,12.049442227024079,2026-03
UPZ109,2026,4,1,0,162902.0,71274.0,91628.0,1006.215517860798,0.0,31.0,85.0,114.0,310.0,540.0,630.0,1401.0,7155.0,154663.0,407.3372429087759,905.8404401828492,8029.0,4744.0,22550.0,42.04490588888888,13.0,TEUSAQUILLO,0.1090164638862629,0.1256829259309278,0.280665676296178,0.1586598077371671,0.3581915664574454,12.00090407198561,2026-04
UPZ109,2026,5,1,0,172815.0,80201.0,92614.0,1006.215517860798,0.0,32.0,56.0,146.0,238.0,472.0,642.0,1312.0,7036.0,154663.0,415.09604753560967,848.2959725338316,8029.0,4744.0,22550.0,42.04490588888888,13.0,TEUSAQUILLO,0.1054711685906894,0.1765182420507479,0.2687382461013222,0.1767902091832306,0.3652044549411873,12.059976937140263,2026-05
UPZ109,2026,6,1,0,156581.0,72033.0,84548.0,1006.215517860798,0.0,23.0,81.0,108.0,276.0,488.0,568.0,1198.0,6160.0,154663.0,367.25008567013447,774.5873285789103,8029.0,4744.0,22550.0,42.04490588888888,13.0,TEUSAQUILLO,0.3040534930802587,0.1725241248938249,0.338878918898206,0.055064152100190895,0.4411291232822596,11.961328726953198,2026-06
UPZ111,2023,1,1,0,442972.0,187582.0,255390.0,538.5993816192456,0.0,64.0,140.0,173.0,311.0,688.0,516.0,1521.0,6974.0,249697.0,206.65046035795385,609.138275590015,7879.0,4201.0,23914.0,41.01226222222223,16.0,PUENTE ARANDA,0.137988405587712,0.1759524304019215,0.2537203254381767,0.159723413669487,0.30260612137060167,13.001261841612118,2023-01
UPZ111,2023,2,1,0,516833.0,245757.0,271076.0,538.5993816192456,0.0,45.0,170.0,197.0,415.0,827.0,475.0,1757.0,7481.0,249697.0,190.2305594380389,703.6528272265986,7879.0,4201.0,23914.0,41.01226222222223,16.0,PUENTE ARANDA,0.1426263415842254,0.1761555473431456,0.2598208705713451,0.1481310210454827,0.2989158389113687,13.155475083901083,2023-02
UPZ111,2023,3,1,0,573180.0,258255.0,314925.0,538.5993816192456,0.0,51.0,157.0,178.0,374.0,760.0,559.0,1813.0,7517.0,249697.0,223.87133205445,726.0800089708727,7879.0,4201.0,23914.0,41.01226222222223,16.0,PUENTE ARANDA,0.1385358875047977,0.1659757842213615,0.2627638787117485,0.1599514986566174,0.3103658323794634,13.25895508249211,2023-03
UPZ111,2023,4,1,0,483676.0,205654.0,278022.0,538.5993816192456,0.0,61.0,188.0,227.0,330.0,806.0,536.0,1881.0,7842.0,249697.0,214.66016812376603,753.313015374634,7879.0,4201.0,23914.0,41.01226222222223,16.0,PUENTE ARANDA,0.1417457140730571,0.2314152449160181,0.2601204111843465,0.1533071725700675,0.3008688845643996,13.089170540048556,2023-04
UPZ111,2023,5,1,0,532062.0,226336.0,305726.0,538.5993816192456,0.0,59.0,159.0,201.0,423.0,842.0,580.0,1885.0,8149.0,249697.0,232.28152520855275,754.9149569277965,7879.0,4201.0,23914.0,41.01226222222223,16.0,PUENTE ARANDA,0.1414327653544135,0.1854539508553514,0.2633245749555503,0.1531005785040089,0.304093225867706,13.18451530288675,2023-05
UPZ111,2023,6,1,0,486483.0,196345.0,290138.0,538.5993816192456,0.0,50.0,177.0,213.0,375.0,815.0,566.0,1834.0,7876.0,249697.0,226.67472977248423,734.4902021249754,7879.0,4201.0,23914.0,41.01226222222223,16.0,PUENTE ARANDA,0.1394622217014777,0.1999864332361048,0.2570593422586195,0.157195626568657,0.3035617426991728,13.094957236523866,2023-06
UPZ111,2023,7,1,0,488663.0,219644.0,269019.0,538.5993816192456,0.0,58.0,149.0,214.0,352.0,773.0,609.0,1533.0,7434.0,249697.0,243.8956014689804,613.9441002495024,7879.0,4201.0,23914.0,41.01226222222223,16.0,PUENTE ARANDA,0.1381770258849145,0.2517726940652351,0.2490796315661304,0.1599691402868643,0.300744004977772,13.099428369321831,2023-07
UPZ111,2023,8,1,0,535769.0,243514.0,292255.0,538.5993816192456,0.0,40.0,136.0,123.0,325.0,624.0,520.0,1517.0,6469.0,249697.0,208.2524019111163,607.5363340368527,7879.0,4201.0,23914.0,41.01226222222223,16.0,PUENTE ARANDA,0.1427704850411278,0.1905149420739161,0.255690418818558,0.1562949704070224,0.299746754859077,13.19145837700936,2023-08
UPZ111,2023,9,1,0,529335.0,237875.0,291460.0,538.5993816192456,0.0,48.0,161.0,181.0,409.0,799.0,528.0,1873.0,8054.0,249697.0,211.45628501744116,750.1091322683092,7879.0,4201.0,23914.0,41.01226222222223,16.0,PUENTE ARANDA,0.1362936514683518,0.1938186592611484,0.263489094807636,0.1525045576052972,0.3080475497514788,13.179376780730761,2023-09
UPZ111,2023,10,1,0,530127.0,233390.0,296737.0,538.5993816192456,0.0,63.0,150.0,206.0,419.0,838.0,592.0,1857.0,8322.0,249697.0,237.0873498680401,743.7013660556595,7879.0,4201.0,23914.0,41.01226222222223,16.0,PUENTE ARANDA,0.1373104935232501,0.1941459310693475,0.2509342101043712,0.1562568969322445,0.2991773771159898,13.180871879464894,2023-10
UPZ111,2023,11,1,0,499336.0,226543.0,272793.0,538.5993816192456,0.0,65.0,201.0,226.0,442.0,934.0,643.0,1909.0,8427.0,249697.0,257.5121046708611,764.526606246771,7879.0,4201.0,23914.0,41.01226222222223,16.0,PUENTE ARANDA,0.1418523799605876,0.2095643013922489,0.2404813592450774,0.1528069275998526,0.2863278894749178,13.121034494830871,2023-11
UPZ111,2023,12,1,0,512008.0,241109.0,270899.0,538.5993816192456,0.0,115.0,201.0,260.0,509.0,1085.0,651.0,2292.0,9642.0,249697.0,260.71598777718594,917.912509962074,7879.0,4201.0,23914.0,41.01226222222223,16.0,PUENTE ARANDA,0.1453102295276636,0.2684840861861533,0.2194067280198746,0.15404446805518662,0.2691536247965819,13.146095528899576,2023-12
UPZ111,2024,1,1,0,463925.0,201996.0,261929.0,538.5993816192456,0.0,32.0,98.0,152.0,222.0,504.0,398.0,1206.0,5345.0,249697.0,159.3931845396621,482.9853782784735,6160.0,3123.0,26239.0,41.01226222222223,16.0,PUENTE ARANDA,0.1307625154928059,0.1809538179662661,0.2530559896535,0.1703982324729212,0.3123276211503135,13.04747818021254,2024-01
UPZ111,2024,2,1,0,514945.0,215972.0,298973.0,538.5993816192456,0.0,57.0,161.0,220.0,362.0,800.0,588.0,2064.0,8520.0,249697.0,235.48540831487765,826.6018414318154,6160.0,3123.0,26239.0,41.01226222222223,16.0,PUENTE ARANDA,0.1382963229082717,0.1578964743807591,0.266647894435328,0.1698414393770208,0.3177178615064558,13.151815377826257,2024-02
UPZ111,2024,3,1,0,471161.0,195453.0,275708.0,538.5993816192456,0.0,52.0,173.0,180.0,323.0,728.0,519.0,1693.0,7109.0,249697.0,207.85191652282563,678.0217623759997,6160.0,3123.0,26239.0,41.01226222222223,16.0,PUENTE ARANDA,0.1366051095060924,0.2372968051260609,0.2642578651458843,0.1655591188574606,0.3126955787006568,13.062955140491727,2024-03
UPZ111,2024,4,1,0,531481.0,226869.0,304612.0,538.5993816192456,0.0,59.0,150.0,144.0,279.0,632.0,428.0,1413.0,5738.0,249697.0,171.40774618838032,565.8858536546295,6160.0,3123.0,26239.0,41.01226222222223,16.0,PUENTE ARANDA,0.1369794969152236,0.1535163063213925,0.2702937640291939,0.1747456635326568,0.3241948535361708,13.183422728241819,2024-04
UPZ111,2024,5,1,0,531832.0,232841.0,298991.0,538.5993816192456,0.0,68.0,211.0,233.0,454.0,966.0,670.0,2044.0,9039.0,249697.0,268.3252101547075,818.5921336660032,6160.0,3123.0,26239.0,41.01226222222223,16.0,PUENTE ARANDA,0.1403657545991967,0.1804047142706719,0.2674698024940207,0.1682110140044224,0.3163563477152061,13.184082928978102,2024-05
UPZ111,2024,6,1,0,484829.0,220293.0,264536.0,538.5993816192456,0.0,83.0,198.0,226.0,427.0,934.0,699.0,2286.0,9336.0,249697.0,279.93928641513514,915.5095976323304,6160.0,3123.0,26239.0,41.01226222222223,16.0,PUENTE ARANDA,0.1388675182383892,0.252416831501416,0.2564429933027933,0.1635318844376058,0.3069885307425204,13.091551530430037,2024-06
UPZ111,2024,7,1,0,493652.0,241761.0,251891.0,538.5993816192456,0.0,89.0,173.0,241.0,477.0,980.0,720.0,2305.0,9787.0,249697.0,288.349479569238,923.118820009852,6160.0,3123.0,26239.0,41.01226222222223,16.0,PUENTE ARANDA,0.1319249187686872,0.1765251634754847,0.25773419331837,0.1798210075113643,0.3247366864025223,13.109586094484847,2024-07
UPZ111,2024,8,1,0,529426.0,240020.0,289406.0,538.5993816192456,0.0,69.0,207.0,210.0,441.0,927.0,682.0,2275.0,9051.0,249697.0,273.13103481419483,911.1042583611336,6160.0,3123.0,26239.0,41.01226222222223,16.0,PUENTE ARANDA,0.1387257142641275,0.2091963749419182,0.2666151643478031,0.1651127825229588,0.3146874008131433,13.179548679771667,2024-08
UPZ111,2024,9,1,0,503939.0,223346.0,280593.0,538.5993816192456,0.0,79.0,188.0,249.0,425.0,941.0,727.0,2115.0,9484.0,249697.0,291.15287728727213,847.0265962346364,6160.0,3123.0,26239.0,41.01226222222223,16.0,PUENTE ARANDA,0.1339249393279742,0.180109100506212,0.2710665378150927,0.1672484169711016,0.3242711904104993,13.130210507982541,2024-09
UPZ111,2024,10,1,0,565234.0,257710.0,307524.0,538.5993816192456,0.0,62.0,248.0,198.0,484.0,992.0,789.0,2197.0,9846.0,249697.0,315.98297136128986,879.8663980744662,6160.0,3123.0,26239.0,41.01226222222223,16.0,PUENTE ARANDA,0.1370565111086735,0.1727408471535682,0.27249776198884,0.1717713371807074,0.3247246563513073,13.244995083680326,2024-10
UPZ111,2024,11,1,0,532041.0,235240.0,296801.0,538.5993816192456,0.0,88.0,161.0,241.0,387.0,877.0,817.0,2107.0,9415.0,249697.0,327.1965622334269,843.8227131283115,6160.0,3123.0,26239.0,41.01226222222223,16.0,PUENTE ARANDA,0.1374161013906823,0.2363577243107204,0.25738617888471,0.1709304358122776,0.3128633041856477,13.184475833023393,2024-11
UPZ111,2024,12,1,0,549500.0,245441.0,304059.0,538.5993816192456,0.0,70.0,237.0,253.0,546.0,1106.0,765.0,2381.0,11042.0,249697.0,306.3713220423153,953.555709519938,6160.0,3123.0,26239.0,41.01226222222223,16.0,PUENTE ARANDA,0.145073703366697,0.2252411282984531,0.2408589626933576,0.1666223839854413,0.2946074897694671,13.216764052825813,2024-12
UPZ111,2025,1,1,0,470800.0,207857.0,262943.0,538.5993816192456,0.0,47.0,134.0,159.0,315.0,655.0,565.0,1568.0,7495.0,249519.0,226.43566221409992,628.4090590295729,8727.0,4312.0,29954.0,41.01226222222223,16.0,PUENTE ARANDA,0.1321452846219201,0.1750977060322854,0.2599617672047578,0.1730564995751911,0.3193432564384749,13.062188654368258,2025-01
UPZ111,2025,2,1,0,520995.0,230316.0,290679.0,538.5993816192456,0.0,66.0,194.0,199.0,461.0,920.0,630.0,1916.0,8994.0,249519.0,252.48578264581053,767.8773961101159,8727.0,4312.0,29954.0,41.01226222222223,16.0,PUENTE ARANDA,0.1346212535628941,0.1628633672108177,0.2625303505791802,0.1738135682684095,0.3206149545772187,13.163495723760471,2025-02
UPZ111,2025,3,1,0,604078.0,255756.0,348322.0,538.5993816192456,0.0,65.0,214.0,206.0,462.0,947.0,675.0,2046.0,9709.0,249519.0,270.52048140622554,819.9776369735372,8727.0,4312.0,29954.0,41.01226222222223,16.0,PUENTE ARANDA,0.1326004257728306,0.214025341098335,0.2553560963981472,0.1679948615907217,0.3134337082074921,13.311458607652067,2025-03
UPZ111,2025,4,1,0,567466.0,245511.0,321955.0,538.5993816192456,0.0,68.0,155.0,221.0,461.0,905.0,652.0,1878.0,8664.0,249519.0,261.3027464842357,752.6480949346543,8727.0,4312.0,29954.0,41.01226222222223,16.0,PUENTE ARANDA,0.1359887640845442,0.1786080575752556,0.2525895824595658,0.1745249935678965,0.3167897498444569,13.248936114648632,2025-04
UPZ111,2025,5,1,0,606484.0,260543.0,345941.0,538.5993816192456,0.0,66.0,200.0,200.0,438.0,904.0,677.0,2150.0,9669.0,249519.0,271.3220235733551,861.6578296642741,8727.0,4312.0,29954.0,41.01226222222223,16.0,PUENTE ARANDA,0.1328147156396541,0.2004867399634615,0.2526859735788578,0.1704875973644811,0.3155081982354949,13.315433626144394,2025-05
UPZ111,2025,6,1,0,528106.0,217224.0,310882.0,538.5993816192456,0.0,58.0,206.0,210.0,422.0,896.0,645.0,2111.0,9696.0,249519.0,258.49734889928226,846.0277574052476,8727.0,4312.0,29954.0,41.01226222222223,16.0,PUENTE ARANDA,0.13183906261243,0.2419684684514093,0.2481338973615145,0.1708691058234521,0.3108924645042527,13.17705230011505,2025-06
UPZ111,2025,7,1,0,612510.0,262523.0,349987.0,538.5993816192456,0.0,65.0,197.0,208.0,502.0,972.0,619.0,2049.0,9713.0,249519.0,248.077300726598,821.1799502242314,8727.0,4312.0,29954.0,41.01226222222223,16.0,PUENTE ARANDA,0.1283325986514505,0.1636985518603778,0.2597606569688658,0.1765473216763808,0.3267687423655521,13.325320547798356,2025-07
UPZ111,2025,8,1,0,563396.0,238326.0,325070.0,538.5993816192456,0.0,79.0,169.0,222.0,512.0,982.0,643.0,2056.0,9463.0,249519.0,257.6958067321527,823.9853478091849,8727.0,4312.0,29954.0,41.01226222222223,16.0,PUENTE ARANDA,0.1311812650427053,0.23530518498533892,0.2482498988278227,0.1678925657974142,0.3105220735227801,13.241738034647698,2025-08
UPZ111,2025,9,1,0,540103.0,217220.0,322883.0,538.5993816192456,0.0,57.0,274.0,195.0,617.0,1143.0,640.0,2248.0,9554.0,249519.0,256.4934934814584,900.9333958536224,8727.0,4312.0,29954.0,41.01226222222223,16.0,PUENTE ARANDA,0.12326537715954168,0.151476662784691,0.2543496333106833,0.1772180491498843,0.3281085700846137,13.199515141092496,2025-09
UPZ111,2025,10,1,0,466760.0,193536.0,273224.0,538.5993816192456,0.0,79.0,222.0,197.0,532.0,1030.0,644.0,2207.0,10109.0,249519.0,258.0965778157174,884.5017814274665,8727.0,4312.0,29954.0,41.01226222222223,16.0,PUENTE ARANDA,0.1237702459508098,0.1442711457708458,0.26731510840689,0.1807588482303539,0.3403820150560261,13.053570485920044,2025-10
UPZ111,2025,11,1,0,428840.0,173725.0,255115.0,538.5993816192456,0.0,69.0,230.0,164.0,589.0,1052.0,666.0,2254.0,10143.0,249519.0,266.9135416541426,903.3380223550108,8727.0,4312.0,29954.0,41.01226222222223,16.0,PUENTE ARANDA,0.1268281876690607,0.2361603395205671,0.2636857569256599,0.1731997947952616,0.3289493201483313,12.968839167970176,2025-11
UPZ111,2025,12,1,0,182043.0,182043.0,0.0,538.5993816192456,0.0,72.0,225.0,176.0,606.0,1079.0,523.0,2324.0,11244.0,249519.0,209.6032767043792,931.3919982045456,8727.0,4312.0,29954.0,41.01226222222223,16.0,PUENTE ARANDA,0.1174887251913009,0.19436067302780113,0.1328257609465895,0.2579884972231835,0.3875435339097571,12.111998201889316,2025-12
UPZ111,2026,1,1,0,356063.0,143457.0,212606.0,538.5993816192456,0.0,59.0,170.0,150.0,342.0,721.0,554.0,1678.0,8318.0,248758.0,222.7064054221372,674.5511702136213,7655.0,3707.0,27980.0,41.01226222222223,16.0,PUENTE ARANDA,0.1150442477876106,0.1807573378868346,0.2831015859552944,0.1683157194092056,0.3463763128843145,12.782862960469615,2026-01
UPZ111,2026,2,1,0,394314.0,157963.0,236351.0,538.5993816192456,0.0,45.0,162.0,162.0,456.0,825.0,504.0,1772.0,8349.0,248758.0,202.6065493371068,712.3388996534785,7655.0,3707.0,27980.0,41.01226222222223,16.0,PUENTE ARANDA,0.1155272194241137,0.1495001445548471,0.2943643898010215,0.169682030057264,0.3574903868591662,12.884902825195326,2026-02
UPZ111,2026,3,1,0,403681.0,156913.0,246768.0,538.5993816192456,0.0,80.0,187.0,194.0,536.0,997.0,561.0,2035.0,9288.0,248758.0,225.52038527404144,818.0641426607385,7655.0,3707.0,27980.0,41.01226222222223,16.0,PUENTE ARANDA,0.1162303898375202,0.1550853272757449,0.3021321290821218,0.16429309281338478,0.35788017085885315,12.908380241081488,2026-03
UPZ111,2026,4,1,0,379613.0,152019.0,227594.0,538.5993816192456,0.0,58.0,217.0,191.0,480.0,946.0,546.0,1892.0,8434.0,248758.0,219.4904284485323,760.5785542575516,7655.0,3707.0,27980.0,41.01226222222223,16.0,PUENTE ARANDA,0.1181466388137392,0.1477794490705007,0.3004559907063246,0.1687560752661263,0.3591668840287603,12.846907591706852,2026-04
UPZ111,2026,5,1,0,404588.0,172041.0,232547.0,538.5993816192456,0.0,79.0,186.0,183.0,563.0,1011.0,562.0,1820.0,8818.0,248758.0,225.92238239574203,731.6347614951077,7655.0,3707.0,27980.0,41.01226222222223,16.0,PUENTE ARANDA,0.1165556071855813,0.20133320810305794,0.2926606819777156,0.1739868705942835,0.3584215652586639,12.910624544353555,2026-05
UPZ111,2026,6,1,0,406822.0,182096.0,224726.0,538.5993816192456,0.0,51.0,165.0,175.0,414.0,805.0,456.0,1706.0,8002.0,248758.0,183.3106874954775,685.8070896212383,7655.0,3707.0,27980.0,41.01226222222223,16.0,PUENTE ARANDA,0.2940745584063792,0.1805826626878585,0.3707444533481474,0.0447984622267232,0.4784521998986099,12.916131022323539,2026-06
UPZ115,2023,1,2,1,2857543.0,1256299.0,1601244.0,1086.5736285807106,0.0,52.0,75.0,137.0,190.0,454.0,634.0,2109.0,7885.0,385154.0,164.6094808829715,547.5731785207995,9312.0,5001.0,29456.0,38.790278777777786,9.0,FONTIBÓN,0.18918665440904997,0.18333512391589557,0.25834641858407725,0.18061110541468664,0.30100456603315995,14.865472722656866,2023-01
UPZ115,2023,2,2,1,3115188.0,1437674.0,1677514.0,1086.5736285807106,0.0,42.0,78.0,108.0,207.0,435.0,570.0,2046.0,7995.0,385154.0,147.99275095156742,531.2160849945736,9312.0,5001.0,29456.0,38.790278777777786,9.0,FONTIBÓN,0.19395875947133848,0.16565805980249024,0.2634425273851851,0.17273660530279386,0.29566648639023135,14.95180006151253,2023-02
UPZ115,2023,3,2,1,3435734.0,1578228.0,1857506.0,1086.5736285807106,0.0,51.0,90.0,98.0,213.0,452.0,540.0,1968.0,7738.0,385154.0,140.20365879622176,510.9644453906749,9312.0,5001.0,29456.0,38.790278777777786,9.0,FONTIBÓN,0.1966630711225025,0.16115974053870294,0.2682361323664754,0.167780450989512,0.29384470371728943,15.049741143490007,2023-03
UPZ115,2023,4,2,1,2946860.0,1334768.0,1612092.0,1086.5736285807106,0.0,39.0,84.0,138.0,190.0,451.0,581.0,2218.0,8439.0,385154.0,150.8487514085275,575.873546685222,9312.0,5001.0,29456.0,38.790278777777786,9.0,FONTIBÓN,0.19367801660072073,0.2280264417040511,0.26121770291089497,0.16690646993749278,0.28684019730800164,14.896250754653147,2023-04
UPZ115,2023,5,2,1,3304505.0,1536940.0,1767565.0,1086.5736285807106,0.0,29.0,122.0,171.0,267.0,589.0,682.0,2418.0,9329.0,385154.0,177.07202833152454,627.8008277208597,9312.0,5001.0,29456.0,38.790278777777786,9.0,FONTIBÓN,0.19365260455045458,0.1754562332331166,0.2692938881920287,0.1705856096450149,0.2987643832042693,15.010797246979713,2023-05
UPZ115,2023,6,2,1,2965273.0,1409673.0,1555600.0,1086.5736285807106,0.0,42.0,135.0,151.0,220.0,548.0,561.0,2479.0,8951.0,385154.0,145.65602330496372,643.6386484367292,9312.0,5001.0,29456.0,38.790278777777786,9.0,FONTIBÓN,0.19038145897527817,0.19010559904602367,0.26631342206940134,0.17070671064687803,0.2985221905720493,14.902479660374382,2023-06
UPZ115,2023,7,2,1,2952255.0,1371322.0,1580933.0,1086.5736285807106,0.0,32.0,113.0,118.0,191.0,454.0,613.0,2132.0,8803.0,385154.0,159.15711637422953,553.5448158398978,9312.0,5001.0,29456.0,38.790278777777786,9.0,FONTIBÓN,0.19388840056160453,0.24127014773452835,0.2536955649156322,0.1707528651827162,0.2871719111416897,14.8980798430856,2023-07
UPZ115,2023,8,2,1,3301176.0,1517942.0,1783234.0,1086.5736285807106,0.0,22.0,94.0,158.0,172.0,446.0,449.0,1804.0,7201.0,385154.0,116.57674592500662,468.384074941452,9312.0,5001.0,29456.0,38.790278777777786,9.0,FONTIBÓN,0.19587777204244783,0.1774722099033798,0.26229622413346027,0.17240522771279077,0.2944443454231444,15.009789326590633,2023-08
UPZ115,2023,9,2,1,3319405.0,1521452.0,1797953.0,1086.5736285807106,0.0,41.0,113.0,139.0,204.0,497.0,524.0,2179.0,8401.0,385154.0,136.04947631337075,565.7477268832727,9312.0,5001.0,29456.0,38.790278777777786,9.0,FONTIBÓN,0.1935289607625463,0.18080047478388442,0.2653424333577855,0.1715665910004955,0.2969922196861998,15.01529610796394,2023-09
UPZ115,2023,10,2,1,3302769.0,1531456.0,1771313.0,1086.5736285807106,0.0,30.0,110.0,121.0,231.0,492.0,569.0,2367.0,8788.0,385154.0,147.73311454638923,614.5593710567722,9312.0,5001.0,29456.0,38.790278777777786,9.0,FONTIBÓN,0.18828201427347777,0.1820275653550097,0.263224282412727,0.17285707840905612,0.2986701716417524,15.010271765505825,2023-10
UPZ115,2023,11,2,1,3235698.0,1486684.0,1749014.0,1086.5736285807106,0.0,33.0,76.0,107.0,173.0,389.0,630.0,2182.0,8440.0,385154.0,163.57093526225873,566.5266360988072,9312.0,5001.0,29456.0,38.790278777777786,9.0,FONTIBÓN,0.19276582672424927,0.18653502273697978,0.2624648530239843,0.17362868846227303,0.29598630876397186,14.989755227712754,2023-11
UPZ115,2023,12,2,1,3029437.0,1347105.0,1682332.0,1086.5736285807106,0.0,32.0,112.0,131.0,232.0,507.0,540.0,2506.0,9429.0,385154.0,140.20365879622176,650.6488313765403,9312.0,5001.0,29456.0,38.790278777777786,9.0,FONTIBÓN,0.2030248524725881,0.2315212364541662,0.24509174476973766,0.17013293229071935,0.2734922679986541,14.923887351640142,2023-12
UPZ115,2024,1,2,1,2794347.0,1227606.0,1566741.0,1086.5736285807106,0.0,22.0,52.0,59.0,135.0,268.0,357.0,1347.0,5311.0,385603.0,92.5822672541448,349.3230083790842,9218.0,4735.0,26856.0,38.790278777777786,9.0,FONTIBÓN,0.1858115688566953,0.17720598050277933,0.26358358500214896,0.18027109732613733,0.305922780076967,14.843109005790456,2024-01
UPZ115,2024,2,2,1,3225645.0,1482442.0,1743203.0,1086.5736285807106,0.0,27.0,106.0,118.0,193.0,444.0,512.0,2046.0,8000.0,385603.0,132.7790499555242,530.5975316582081,9218.0,4735.0,26856.0,38.790278777777786,9.0,FONTIBÓN,0.191637331448439,0.15191318325482187,0.26973520024677233,0.17520774914784482,0.3038861375135507,14.986643488214677,2024-02
UPZ115,2024,3,2,1,2987050.0,1393489.0,1593561.0,1086.5736285807106,0.0,31.0,86.0,98.0,159.0,374.0,474.0,1925.0,7140.0,385603.0,122.92435484163764,499.2181077429377,9218.0,4735.0,26856.0,38.790278777777786,9.0,FONTIBÓN,0.19174235449691163,0.23254950536482483,0.2629142464973804,0.16931621499472718,0.2928063510380145,14.909796836261362,2024-03
UPZ115,2024,4,2,1,3297566.0,1543819.0,1753747.0,1086.5736285807106,0.0,23.0,51.0,104.0,136.0,314.0,361.0,1438.0,5506.0,385603.0,93.61960358192232,372.9224098360231,9218.0,4735.0,26856.0,38.790278777777786,9.0,FONTIBÓN,0.1908941322175204,0.15370094184619804,0.27138016342963256,0.17702693441162354,0.3074234498155889,15.008695178536309,2024-04
UPZ115,2024,5,2,1,3180956.0,1471948.0,1709008.0,1086.5736285807106,0.0,37.0,105.0,158.0,200.0,500.0,568.0,2441.0,8877.0,385603.0,147.3017585444097,633.0344940262394,9218.0,4735.0,26856.0,38.790278777777786,9.0,FONTIBÓN,0.19224597888182035,0.1784504406851273,0.2678556383678366,0.17322182387936197,0.300339332043167,14.972692338507354,2024-05
UPZ115,2024,6,2,1,2786224.0,1280384.0,1505840.0,1086.5736285807106,0.0,33.0,130.0,105.0,160.0,428.0,554.0,2391.0,8386.0,385603.0,143.67108139718832,620.0677899290203,9218.0,4735.0,26856.0,38.790278777777786,9.0,FONTIBÓN,0.19009849890030378,0.24118161353860992,0.2622983650991449,0.17168325303349619,0.2968611592128002,14.84019783209987,2024-06
UPZ115,2024,7,2,1,2839613.0,1399313.0,1440300.0,1086.5736285807106,0.0,39.0,134.0,116.0,233.0,522.0,550.0,2433.0,8852.0,385603.0,142.63374506941076,630.9598213706844,9218.0,4735.0,26856.0,38.790278777777786,9.0,FONTIBÓN,0.17933746605611392,0.17025524252776691,0.27096650142114426,0.18100846840749074,0.3175075532381987,14.859178333246481,2024-07
UPZ115,2024,8,2,1,3145406.0,1452374.0,1693032.0,1086.5736285807106,0.0,36.0,87.0,108.0,163.0,394.0,543.0,2382.0,8663.0,385603.0,140.81840649580008,617.7337831915208,9218.0,4735.0,26856.0,38.790278777777786,9.0,FONTIBÓN,0.1893911310654332,0.20338773436561128,0.26676174713216666,0.1730333063521847,0.3014036827635669,14.961453533584473,2024-08
UPZ115,2024,9,2,1,3001055.0,1374590.0,1626465.0,1086.5736285807106,0.0,28.0,119.0,160.0,308.0,615.0,563.0,2441.0,9530.0,385603.0,146.00508813468775,633.0344940262394,9218.0,4735.0,26856.0,38.790278777777786,9.0,FONTIBÓN,0.1841129202896981,0.17396948739693208,0.27023430093750356,0.1734736617622802,0.3084721392709927,14.91447445147882,2024-09
UPZ115,2024,10,2,1,3341384.0,1562498.0,1778886.0,1086.5736285807106,0.0,50.0,109.0,150.0,196.0,505.0,591.0,2615.0,9572.0,385603.0,153.26644242913048,678.1586242845622,9218.0,4735.0,26856.0,38.790278777777786,9.0,FONTIBÓN,0.186030100102233,0.15944830046471756,0.2699985993827707,0.18004276072429864,0.3112251854442167,15.021895650382307,2024-10
UPZ115,2024,11,2,1,3082120.0,1418343.0,1663777.0,1086.5736285807106,0.0,24.0,106.0,106.0,206.0,442.0,547.0,2347.0,8506.0,385603.0,141.85574282357763,608.6570903234674,9218.0,4735.0,26856.0,38.790278777777786,9.0,FONTIBÓN,0.19272805731120135,0.21635919432079212,0.2620141331291449,0.17462331122733704,0.29530707874731127,14.941128229860224,2024-11
UPZ115,2024,12,2,1,3061869.0,1376075.0,1685794.0,1086.5736285807106,0.0,56.0,163.0,144.0,236.0,599.0,687.0,2584.0,10456.0,385603.0,178.16251429579123,670.1192677442862,9218.0,4735.0,26856.0,38.790278777777786,9.0,FONTIBÓN,0.2008034961652507,0.1968186751294715,0.2482604579098583,0.1714818628752569,0.2770523835090624,14.934536071789468,2024-12
UPZ115,2025,1,2,1,5219941.0,2320287.0,2899654.0,1086.5736285807106,0.0,38.0,112.0,107.0,187.0,444.0,525.0,1904.0,7571.0,385455.0,136.2026695723236,493.96168164896034,8918.0,4695.0,32664.0,38.790278777777786,9.0,FONTIBÓN,0.1873509681431265,0.17650984944082693,0.2585506234649012,0.181557990789551,0.30109185119365844,15.467996657112954,2025-01
UPZ115,2025,2,2,1,3048123.0,1387876.0,1660247.0,1086.5736285807106,0.0,24.0,96.0,99.0,197.0,416.0,515.0,1990.0,8122.0,385455.0,133.60833300904125,516.2729760931886,8918.0,4695.0,32664.0,38.790278777777786,9.0,FONTIBÓN,0.1884851759591066,0.1558972521778156,0.2690258890471283,0.1778451853812986,0.3072277838383969,14.930036549305168,2025-02
UPZ115,2025,3,2,1,3211037.0,1455890.0,1755147.0,1086.5736285807106,0.0,34.0,93.0,114.0,209.0,450.0,573.0,2406.0,9677.0,385455.0,148.65548507607892,624.1973771257345,8918.0,4695.0,32664.0,38.790278777777786,9.0,FONTIBÓN,0.1906661305989311,0.20041064615574342,0.2644824709276162,0.17546387662303478,0.3011798075875457,14.982104495895328,2025-03
UPZ115,2025,4,2,1,3031046.0,1365378.0,1665668.0,1086.5736285807106,0.0,44.0,111.0,120.0,199.0,474.0,593.0,2209.0,8815.0,385455.0,153.84415820264363,573.0889468290721,8918.0,4695.0,32664.0,38.790278777777786,9.0,FONTIBÓN,0.1901323833422521,0.17258068666724288,0.2702558786636692,0.1773909072973488,0.30906230426210857,14.92441833243418,2025-04
UPZ115,2025,5,2,1,3241404.0,1459157.0,1782247.0,1086.5736285807106,0.0,27.0,102.0,102.0,216.0,447.0,569.0,2419.0,9544.0,385455.0,147.61775045076598,627.5700146580016,8918.0,4695.0,32664.0,38.790278777777786,9.0,FONTIBÓN,0.1901299560313987,0.19004665879353513,0.2706271726696209,0.16914583927211785,0.3009770913720352,14.991517127240071,2025-05
UPZ115,2025,6,2,1,2816306.0,1213366.0,1602940.0,1086.5736285807106,0.0,50.0,118.0,127.0,267.0,562.0,562.0,2423.0,9339.0,385455.0,145.80171485646835,628.6077492833145,8918.0,4695.0,32664.0,38.790278777777786,9.0,FONTIBÓN,0.18865989704243782,0.22575210222184658,0.2642024694759731,0.1741018199016726,0.29950786180370037,14.850936655129209,2025-06
UPZ115,2025,7,2,1,3244568.0,1430105.0,1814463.0,1086.5736285807106,0.0,38.0,104.0,134.0,237.0,513.0,574.0,2407.0,9854.0,385455.0,148.91491873240716,624.4568107820627,8918.0,4695.0,32664.0,38.790278777777786,9.0,FONTIBÓN,0.1820624502244983,0.1473166843783209,0.2708711914806532,0.18107402896163674,0.3146855813615671,14.992492771368964,2025-07
UPZ115,2025,8,2,1,3053985.0,1351671.0,1702314.0,1086.5736285807106,0.0,38.0,131.0,158.0,229.0,556.0,673.0,2581.0,9873.0,385455.0,174.59885070890246,669.5982669831758,8918.0,4695.0,32664.0,38.790278777777786,9.0,FONTIBÓN,0.18898095439237586,0.22179938670294713,0.26260017649071626,0.1717988136811411,0.2967299507946318,14.931957853157297,2025-08
UPZ115,2025,9,2,1,3278445.0,1472363.0,1806082.0,1086.5736285807106,0.0,39.0,150.0,133.0,268.0,590.0,582.0,2494.0,10062.0,385455.0,150.99038798303306,647.0275388826193,8918.0,4695.0,32664.0,38.790278777777786,9.0,FONTIBÓN,0.18370721485338323,0.14785424187381513,0.2725523838283088,0.17598617637325006,0.31059577058625243,15.002879782580475,2025-09
UPZ115,2025,10,2,1,3268441.0,1472889.0,1795552.0,1086.5736285807106,0.0,46.0,124.0,151.0,241.0,562.0,615.0,2432.0,9797.0,385455.0,159.55169864186482,630.9426521902686,8918.0,4695.0,32664.0,38.790278777777786,9.0,FONTIBÓN,0.18692887526499638,0.1595350810982973,0.2740468620972506,0.16777570713376802,0.304790211798345,14.999823670778225,2025-10
UPZ115,2025,11,2,1,3055731.0,1377721.0,1678010.0,1086.5736285807106,0.0,38.0,119.0,148.0,298.0,603.0,583.0,2479.0,10269.0,385455.0,151.24982163936127,643.1360340376957,8918.0,4695.0,32664.0,38.790278777777786,9.0,FONTIBÓN,0.1934267119717016,0.23868069538843562,0.2601495354139484,0.1680429330984959,0.2896661877147758,14.932529401834039,2025-11
UPZ115,2025,12,2,1,1327168.0,1327168.0,0.0,1086.5736285807106,0.0,36.0,146.0,173.0,251.0,606.0,559.0,2639.0,10853.0,385455.0,145.02341388748363,684.6454190502134,8918.0,4695.0,32664.0,38.790278777777786,9.0,FONTIBÓN,0.14229170685248582,0.1877388544630371,0.2744528198389352,0.17293289169117995,0.32969850952290786,14.098557906657513,2025-12
UPZ115,2026,1,2,1,2653303.0,1161088.0,1492215.0,1086.5736285807106,0.0,30.0,106.0,115.0,218.0,469.0,567.0,2281.0,8784.0,384256.0,147.55787808127914,593.614673550966,8291.0,4134.0,34755.0,38.790278777777786,9.0,FONTIBÓN,0.18317998359026466,0.1989305405375865,0.26186455146660587,0.17618982830080085,0.3024619875746348,14.791315836926305,2026-01
UPZ115,2026,2,2,1,3025278.0,1332699.0,1692579.0,1086.5736285807106,0.0,36.0,113.0,151.0,227.0,527.0,570.0,2386.0,9564.0,384256.0,148.33860759493672,620.9402065289806,8291.0,4134.0,34755.0,38.790278777777786,9.0,FONTIBÓN,0.18521041702613772,0.15515598897026978,0.2698902381863749,0.17141102404473235,0.3041759282790571,14.922513546050903,2026-02
UPZ115,2026,3,2,1,3164646.0,1392859.0,1771787.0,1086.5736285807106,0.0,44.0,114.0,150.0,236.0,544.0,545.0,2447.0,10100.0,384256.0,141.83252831445702,636.8150399733512,8291.0,4134.0,34755.0,38.790278777777786,9.0,FONTIBÓN,0.18524757587420518,0.17146846756319664,0.26751364923596505,0.17230521202055452,0.3025132455346735,14.967551758963689,2026-03
UPZ115,2026,4,2,1,2975418.0,1284845.0,1690573.0,1086.5736285807106,0.0,29.0,123.0,122.0,235.0,509.0,535.0,2360.0,9335.0,384256.0,139.23009660226515,614.1738840772819,8291.0,4134.0,34755.0,38.790278777777786,9.0,FONTIBÓN,0.18610931304441922,0.1683212241103603,0.26716246255148013,0.17299350881119893,0.3019347632530365,14.905895091293758,2026-04
UPZ115,2026,5,2,1,3052374.0,1369730.0,1682644.0,1086.5736285807106,0.0,36.0,108.0,127.0,238.0,509.0,479.0,2343.0,9199.0,384256.0,124.65647901399068,609.7497501665557,8291.0,4134.0,34755.0,38.790278777777786,9.0,FONTIBÓN,0.18518209105437272,0.21780227455744283,0.2620537326028855,0.1672809426367804,0.2941141466470104,14.931430206473774,2026-05
UPZ115,2026,6,2,1,2803964.0,1256386.0,1547578.0,1086.5736285807106,0.0,48.0,128.0,142.0,248.0,566.0,527.0,2395.0,9469.0,384256.0,137.14815123251165,623.2823950699534,8291.0,4134.0,34755.0,38.790278777777786,9.0,FONTIBÓN,0.2936014870376367,0.19832458619297538,0.31727975109523515,0.09888358053099112,0.3468124747194678,14.846544688252488,2026-06
UPZ116,2023,1,1,0,347092.0,141531.0,205561.0,653.9808115199168,0.0,49.0,116.0,153.0,315.0,633.0,1386.0,4694.0,17724.0,830505.0,166.8864124839706,565.1982829724084,17846.0,9318.0,77148.0,43.08297155555556,10.0,ENGATIVÁ,0.1399139133140493,0.16758669171286,0.2710952715706498,0.185213142336902,0.3355991098889379,12.75734515347133,2023-01
UPZ116,2023,2,1,0,398756.0,192304.0,206452.0,653.9808115199168,0.0,42.0,140.0,128.0,303.0,613.0,1197.0,5154.0,18878.0,830505.0,144.1291744179746,620.5862697997002,17846.0,9318.0,77148.0,43.08297155555556,10.0,ENGATIVÁ,0.1394311308168404,0.1566145713167952,0.2780196410837705,0.17168393704420742,0.3311785627393783,12.89610497998993,2023-02
UPZ116,2023,3,1,0,443128.0,207159.0,235969.0,653.9808115199168,0.0,65.0,119.0,137.0,365.0,686.0,1415.0,5281.0,19034.0,830505.0,170.3782638274303,635.8781705107133,17846.0,9318.0,77148.0,43.08297155555556,10.0,ENGATIVÁ,0.1429338701233052,0.1466280623205936,0.2859873445144518,0.169612391904822,0.3327614382773175,13.001613946344342,2023-03
UPZ116,2023,4,1,0,382155.0,174712.0,207443.0,653.9808115199168,0.0,47.0,92.0,126.0,331.0,596.0,1293.0,5681.0,20777.0,830505.0,155.68840645149638,684.0416373170541,17846.0,9318.0,77148.0,43.08297155555556,10.0,ENGATIVÁ,0.1411521503055043,0.2082296450393165,0.2774057646766364,0.1726367573366827,0.3279926024234523,12.853581564453028,2023-04
UPZ116,2023,5,1,0,436844.0,206361.0,230483.0,653.9808115199168,0.0,52.0,156.0,154.0,378.0,740.0,1469.0,5924.0,21559.0,830505.0,176.88033184628628,713.300943401906,17846.0,9318.0,77148.0,43.08297155555556,10.0,ENGATIVÁ,0.1398805981082491,0.1636808563239966,0.2828515442583622,0.1757171896603822,0.3361054053744604,12.987331430940378,2023-05
UPZ116,2023,6,1,0,394121.0,183878.0,210243.0,653.9808115199168,0.0,49.0,179.0,151.0,279.0,658.0,1244.0,5989.0,19937.0,830505.0,149.78838176771964,721.1275067579364,17846.0,9318.0,77148.0,43.08297155555556,10.0,ENGATIVÁ,0.1394571717822699,0.172449577667772,0.2757884000091342,0.1793814589935578,0.3380746798239603,12.884413247731477,2023-06
UPZ116,2023,7,1,0,380814.0,183959.0,196855.0,653.9808115199168,0.0,38.0,136.0,168.0,290.0,632.0,1389.0,4920.0,19627.0,830505.0,167.24763848501814,592.4106417179909,17846.0,9318.0,77148.0,43.08297155555556,10.0,ENGATIVÁ,0.1404727767361494,0.2227334079104234,0.2687243641252685,0.1787906957202203,0.3298761764420034,12.850066345929424,2023-07
UPZ116,2023,8,1,0,421689.0,204600.0,217089.0,653.9808115199168,0.0,37.0,127.0,137.0,275.0,576.0,1135.0,4660.0,16810.0,830505.0,136.6638370629918,561.1043882938694,17846.0,9318.0,77148.0,43.08297155555556,10.0,ENGATIVÁ,0.1400913943688358,0.1634047840944392,0.2798341906001816,0.1763147722610739,0.3352780149919347,12.95202335449996,2023-08
UPZ116,2023,9,1,0,427226.0,208097.0,219129.0,653.9808115199168,0.0,60.0,175.0,135.0,374.0,744.0,1211.0,5480.0,19459.0,830505.0,145.8148957561965,659.839495246868,17846.0,9318.0,77148.0,43.08297155555556,10.0,ENGATIVÁ,0.1419084980783004,0.1718645400794895,0.2838614691053447,0.16995922532804653,0.3320067243575335,12.965068426199363,2023-09
UPZ116,2023,10,1,0,425413.0,203056.0,222357.0,653.9808115199168,0.0,53.0,152.0,195.0,319.0,719.0,1363.0,5936.0,20626.0,830505.0,164.117013142606,714.7458474060963,17846.0,9318.0,77148.0,43.08297155555556,10.0,ENGATIVÁ,0.1390648616755952,0.1697926485556389,0.277560864383552,0.1729589833879077,0.3288338639366849,12.960815740754779,2023-10
UPZ116,2023,11,1,0,411962.0,196163.0,215799.0,653.9808115199168,0.0,51.0,168.0,144.0,334.0,697.0,1280.0,5617.0,19333.0,830505.0,154.1230937802903,676.3354826280396,17846.0,9318.0,77148.0,43.08297155555556,10.0,ENGATIVÁ,0.1458144197765813,0.1740767352328613,0.2661701807448259,0.17513751268320862,0.32133265666886823,12.92868639106823,2023-11
UPZ116,2023,12,1,0,384762.0,175962.0,208800.0,653.9808115199168,0.0,46.0,127.0,167.0,386.0,726.0,1157.0,6080.0,21179.0,830505.0,139.3128277373405,732.084695456379,17846.0,9318.0,77148.0,43.08297155555556,10.0,ENGATIVÁ,0.1587422874400278,0.2117828683705771,0.24800266138547983,0.1752849813651036,0.3051827690835675,12.860380240298577,2023-12
UPZ116,2024,1,1,0,350301.0,154848.0,195453.0,653.9808115199168,0.0,33.0,85.0,111.0,210.0,439.0,864.0,3646.0,13025.0,831376.0,103.92409691884296,438.5500663959508,14546.0,6993.0,67606.0,43.08297155555556,10.0,ENGATIVÁ,0.1367538202859826,0.1626258560495117,0.2727796951764339,0.1780897000008564,0.3329975526802006,12.766548063877478,2024-01
UPZ116,2024,2,1,0,416079.0,196994.0,219085.0,653.9808115199168,0.0,50.0,134.0,161.0,350.0,695.0,1159.0,5113.0,18380.0,831376.0,139.40744019553128,615.0045226227363,14546.0,6993.0,67606.0,43.08297155555556,10.0,ENGATIVÁ,0.1409083371186721,0.1417158760716114,0.2826506504774334,0.17551234260801432,0.3339253473349152,12.9386304250601,2024-02
UPZ116,2024,3,1,0,378641.0,184473.0,194168.0,653.9808115199168,0.0,41.0,132.0,177.0,274.0,624.0,1045.0,4746.0,16552.0,831376.0,125.69523296318393,570.8608379361443,14546.0,6993.0,67606.0,43.08297155555556,10.0,ENGATIVÁ,0.1419524034639671,0.2151404628658808,0.2748751455864526,0.1706841044683486,0.3245072707289752,12.8443438056077,2024-03
UPZ116,2024,4,1,0,426222.0,207872.0,218350.0,653.9808115199168,0.0,31.0,78.0,101.0,201.0,411.0,747.0,3375.0,11941.0,831376.0,89.85104212774965,405.9535035892304,14546.0,6993.0,67606.0,43.08297155555556,10.0,ENGATIVÁ,0.1374401133681508,0.1492250517336036,0.284391701976904,0.176145295174815,0.3397106765900817,12.962715616272677,2024-04
UPZ116,2024,5,1,0,406856.0,196382.0,210474.0,653.9808115199168,0.0,69.0,118.0,177.0,351.0,715.0,1227.0,5387.0,19224.0,831376.0,147.58665152710685,647.9619329882026,14546.0,6993.0,67606.0,43.08297155555556,10.0,ENGATIVÁ,0.1370411152840317,0.1674400770788682,0.2832599248874294,0.17143903494110926,0.3352031796690016,12.91621459346598,2024-05
UPZ116,2024,6,1,0,352063.0,169350.0,182713.0,653.9808115199168,0.0,63.0,145.0,160.0,313.0,681.0,1206.0,5662.0,19983.0,831376.0,145.06071861588498,681.0396258732511,14546.0,6993.0,67606.0,43.08297155555556,10.0,ENGATIVÁ,0.1369186764868787,0.2235963449723487,0.278842139048977,0.1701087589437117,0.3326568884292119,12.77156541583844,2024-06
UPZ116,2024,7,1,0,376274.0,191671.0,184603.0,653.9808115199168,0.0,68.0,139.0,193.0,358.0,758.0,1370.0,6009.0,20811.0,831376.0,164.78705182733205,722.777660168203,14546.0,6993.0,67606.0,43.08297155555556,10.0,ENGATIVÁ,0.1261447774759882,0.1780165517681264,0.2764315365930146,0.1827684081281194,0.3473596341982136,12.83807288038631,2024-07
UPZ116,2024,8,1,0,407711.0,196384.0,211327.0,653.9808115199168,0.0,49.0,110.0,133.0,346.0,638.0,1210.0,5236.0,19174.0,831376.0,145.54184869421297,629.7992725313215,14546.0,6993.0,67606.0,43.08297155555556,10.0,ENGATIVÁ,0.1329127739992298,0.1884766415426613,0.2856459600059846,0.1740374922432801,0.3429306782996139,12.918313869066381,2024-08
UPZ116,2024,9,1,0,383993.0,184755.0,199238.0,653.9808115199168,0.0,66.0,123.0,126.0,400.0,715.0,1271.0,5757.0,20252.0,831376.0,152.8790823887146,692.4664652335406,14546.0,6993.0,67606.0,43.08297155555556,10.0,ENGATIVÁ,0.1264892849609237,0.1611696046542515,0.2919428218743571,0.17306825905680567,0.3503440955444706,12.858379602237044,2024-09
UPZ116,2024,10,1,0,430182.0,211379.0,218803.0,653.9808115199168,0.0,70.0,130.0,157.0,404.0,761.0,1458.0,5827.0,21018.0,831376.0,175.37191355054753,700.8862416042801,14546.0,6993.0,67606.0,43.08297155555556,10.0,ENGATIVÁ,0.1309561999339814,0.1475631244450023,0.2875968776006434,0.1783872872412142,0.35010487664785395,12.971963653936223,2024-10
UPZ116,2024,11,1,0,403948.0,193845.0,210103.0,653.9808115199168,0.0,58.0,123.0,194.0,346.0,721.0,1215.0,5468.0,20026.0,831376.0,146.14326129212293,657.7048170743442,14546.0,6993.0,67606.0,43.08297155555556,10.0,ENGATIVÁ,0.1372528147187261,0.1991518710329052,0.2778699238515849,0.1734554942715399,0.3327363676885741,12.909041435787788,2024-11
UPZ116,2024,12,1,0,387173.0,185897.0,201276.0,653.9808115199168,0.0,57.0,184.0,210.0,469.0,920.0,1204.0,6611.0,24235.0,831376.0,144.820153576721,795.1877369565636,14546.0,6993.0,67606.0,43.08297155555556,10.0,ENGATIVÁ,0.1494164107517828,0.17809093092751813,0.2581300865504567,0.1740410617475908,0.3159404226734873,12.866626900548253,2024-12
UPZ116,2025,1,1,0,338376.0,165329.0,173047.0,653.9808115199168,0.0,59.0,85.0,141.0,287.0,572.0,1158.0,4235.0,16652.0,831165.0,139.32251718972768,509.5257860954202,15693.0,7442.0,79411.0,43.08297155555556,10.0,ENGATIVÁ,0.1293856538288767,0.1535451686880866,0.2728562309383644,0.1791616426696929,0.3382888528893567,12.731912982213307,2025-01
UPZ116,2025,2,1,0,376899.0,187875.0,189024.0,653.9808115199168,0.0,44.0,120.0,208.0,430.0,802.0,1113.0,4642.0,18207.0,831165.0,133.90842973416832,558.4931993045906,15693.0,7442.0,79411.0,43.08297155555556,10.0,ENGATIVÁ,0.1305336442919721,0.1466148756032783,0.2866152470555772,0.1783422083900461,0.3475988704313646,12.83973252602804,2025-02
UPZ116,2025,3,1,0,404244.0,193079.0,211165.0,653.9808115199168,0.0,44.0,130.0,171.0,374.0,719.0,1198.0,5706.0,21075.0,831165.0,144.1350393724471,686.5062893649275,15693.0,7442.0,79411.0,43.08297155555556,10.0,ENGATIVÁ,0.1352499975262465,0.1886781250927657,0.2877049504754554,0.1724898823482847,0.3407166438162929,12.909773935028648,2025-03
UPZ116,2025,4,1,0,380515.0,181240.0,199275.0,653.9808115199168,0.0,43.0,120.0,171.0,346.0,680.0,1220.0,5432.0,19687.0,831165.0,146.7819265729428,653.5405124132994,15693.0,7442.0,79411.0,43.08297155555556,10.0,ENGATIVÁ,0.1353192384005886,0.1550609043007502,0.293515367331117,0.17325992405030016,0.3476127495319632,12.849280877320261,2025-04
UPZ116,2025,5,1,0,408547.0,193962.0,214585.0,653.9808115199168,0.0,38.0,151.0,169.0,413.0,771.0,1275.0,5783.0,20871.0,831165.0,153.399144574182,695.7703945666625,15693.0,7442.0,79411.0,43.08297155555556,10.0,ENGATIVÁ,0.1357689568152501,0.1777959451421746,0.2935623073967009,0.1675939365605426,0.3410738682271136,12.920362241743426,2025-05
UPZ116,2025,6,1,0,340628.0,146542.0,194086.0,653.9808115199168,0.0,71.0,138.0,177.0,353.0,739.0,1328.0,5862.0,21247.0,831165.0,159.77573646628525,705.2751258775334,15693.0,7442.0,79411.0,43.08297155555556,10.0,ENGATIVÁ,0.1345456040020198,0.2013017133060112,0.2887225947367803,0.1730421456838545,0.3420082352388337,12.73854625170031,2025-06
UPZ116,2025,7,1,0,406442.0,190454.0,215988.0,653.9808115199168,0.0,76.0,126.0,174.0,375.0,751.0,1437.0,5445.0,21833.0,831165.0,172.88985941419574,655.1045821226833,15693.0,7442.0,79411.0,43.08297155555556,10.0,ENGATIVÁ,0.1284291485624025,0.1345111971695838,0.2929249437804164,0.17879549849671042,0.3554866868965788,12.915196516363224,2025-07
UPZ116,2025,8,1,0,377423.0,176684.0,200739.0,653.9808115199168,0.0,41.0,177.0,218.0,405.0,841.0,1477.0,6523.0,23260.0,831165.0,177.7023815969152,784.802054946972,15693.0,7442.0,79411.0,43.08297155555556,10.0,ENGATIVÁ,0.1338206733558898,0.1994764495009578,0.2876321792789522,0.1723477371543334,0.3436683323833888,12.841121853355856,2025-08
UPZ116,2025,9,1,0,411310.0,193730.0,217580.0,653.9808115199168,0.0,61.0,173.0,172.0,376.0,782.0,1497.0,6051.0,22409.0,831165.0,180.1086426882749,728.0142931908827,15693.0,7442.0,79411.0,43.08297155555556,10.0,ENGATIVÁ,0.1304417592570081,0.1339451994845736,0.2981060513967567,0.1758235880479443,0.3571903515769403,12.927102467076372,2025-09
UPZ116,2025,10,1,0,415546.0,193783.0,221763.0,653.9808115199168,0.0,37.0,173.0,210.0,398.0,818.0,1480.0,5837.0,21901.0,831165.0,178.06332076061915,702.2672995133337,15693.0,7442.0,79411.0,43.08297155555556,10.0,ENGATIVÁ,0.1338311522671376,0.1421094174892791,0.3011170845104994,0.16772872317384827,0.35139563209039115,12.937348597137708,2025-10
UPZ116,2025,11,1,0,390411.0,182275.0,208136.0,653.9808115199168,0.0,65.0,196.0,179.0,459.0,899.0,1351.0,6183.0,23048.0,831165.0,162.54293672134895,743.8956163938568,15693.0,7442.0,79411.0,43.08297155555556,10.0,ENGATIVÁ,0.1389177046753293,0.2107522585173061,0.2873458995776246,0.16951366636698242,0.3412157226595038,12.87495530935364,2025-11
UPZ116,2025,12,1,0,172808.0,172808.0,0.0,653.9808115199168,0.0,65.0,155.0,302.0,438.0,960.0,1262.0,6355.0,26125.0,831165.0,151.8350748647982,764.5894617795504,15693.0,7442.0,79411.0,43.08297155555556,10.0,ENGATIVÁ,0.1231713809545854,0.1684644229433822,0.2423093838248229,0.1999791676311282,0.3433393516428827,12.059936430576748,2025-12
UPZ116,2026,1,1,0,326505.0,147093.0,179412.0,653.9808115199168,0.0,51.0,128.0,217.0,381.0,777.0,1232.0,4961.0,19451.0,828873.0,148.63555695504618,598.5235373814807,13872.0,6502.0,86095.0,43.08297155555556,10.0,ENGATIVÁ,0.1275876326549363,0.1727691765822882,0.29333394588138,0.1784842498583482,0.3576919306114695,12.696200541517047,2026-01
UPZ116,2026,2,1,0,393791.0,177922.0,215869.0,653.9808115199168,0.0,42.0,171.0,253.0,402.0,868.0,1104.0,5439.0,20243.0,828873.0,133.19290168698944,656.19220314813,13872.0,6502.0,86095.0,43.08297155555556,10.0,ENGATIVÁ,0.1313514021397137,0.1381138725872353,0.3054081987653349,0.171466590145534,0.359835998953563,12.883575590685268,2026-02
UPZ116,2026,3,1,0,408647.0,177160.0,231487.0,653.9808115199168,0.0,56.0,137.0,222.0,435.0,850.0,1320.0,6302.0,23263.0,828873.0,159.2523824518352,760.3094804632315,13872.0,6502.0,86095.0,43.08297155555556,10.0,ENGATIVÁ,0.1322045677565233,0.150995847271606,0.304465712460877,0.1715881922539502,0.3583357197929288,12.920606981671764,2026-03
UPZ116,2026,4,1,0,389233.0,170429.0,218804.0,653.9808115199168,0.0,42.0,143.0,179.0,443.0,807.0,1173.0,5645.0,20760.0,828873.0,141.51745804242628,681.0452264701588,13872.0,6502.0,86095.0,43.08297155555556,10.0,ENGATIVÁ,0.1302458938476439,0.1423697374066433,0.3070474497280549,0.1740782513301801,0.3633351839428778,12.871933415010984,2026-04
UPZ116,2026,5,1,0,395090.0,181152.0,213938.0,653.9808115199168,0.0,68.0,140.0,167.0,396.0,771.0,1162.0,5392.0,21106.0,828873.0,140.19035485532766,650.5218531668904,13872.0,6502.0,86095.0,43.08297155555556,10.0,ENGATIVÁ,0.1292971221746943,0.1913639930142499,0.3007238856969298,0.1659672479688172,0.35272478943197905,12.886868866031088,2026-05
UPZ116,2026,6,1,0,362393.0,166076.0,196317.0,653.9808115199168,0.0,43.0,128.0,180.0,377.0,728.0,1019.0,5156.0,18865.0,828873.0,122.9380134230455,622.0494575164108,13872.0,6502.0,86095.0,43.08297155555556,10.0,ENGATIVÁ,0.2561500911993333,0.1732566578272759,0.3604263879269191,0.0851368541886846,0.4116190045948179,12.800484537291123,2026-06
UPZ12,2023,1,1,0,1141733.0,471714.0,670019.0,757.9623058246959,0.0,84.0,259.0,400.0,402.0,1145.0,660.0,2531.0,10327.0,585076.0,112.80585770053804,432.59337248494217,9046.0,4968.0,39367.0,41.7932881111111,1.0,USAQUÉN,0.1491224305507504,0.1563763156534846,0.2917862582582793,0.1801761007170678,0.3455113427769585,13.948057841512266,2023-01
UPZ12,2023,2,1,0,1250096.0,503366.0,746730.0,757.9623058246959,0.0,56.0,325.0,385.0,446.0,1212.0,645.0,2553.0,10574.0,585076.0,110.242088207344,436.3535677416267,9046.0,4968.0,39367.0,41.7932881111111,1.0,USAQUÉN,0.1558104337586873,0.1464631516299548,0.3008784925317735,0.1686246496269086,0.3402930101030792,14.038730906329516,2023-02
UPZ12,2023,3,1,0,1438907.0,598965.0,839942.0,757.9623058246959,0.0,69.0,313.0,363.0,495.0,1240.0,703.0,2727.0,10950.0,585076.0,120.15533024769432,466.0932938626777,9046.0,4968.0,39367.0,41.7932881111111,1.0,USAQUÉN,0.1579163907048892,0.1394495961170527,0.3038952482683036,0.1705878142228789,0.3455286935134147,14.179394355566973,2023-03
UPZ12,2023,4,1,0,1231774.0,520647.0,711127.0,757.9623058246959,0.0,74.0,273.0,369.0,463.0,1179.0,740.0,2791.0,11743.0,585076.0,126.47929499757296,477.0320437003056,9046.0,4968.0,39367.0,41.7932881111111,1.0,USAQUÉN,0.1585144677513894,0.2002031216765413,0.2943283426992289,0.1663016105227095,0.3319141920088627,14.0239659646897,2023-04
UPZ12,2023,5,1,0,1423525.0,590371.0,833154.0,757.9623058246959,0.0,84.0,353.0,438.0,484.0,1359.0,771.0,3254.0,12955.0,585076.0,131.777751950174,556.1670620568951,9046.0,4968.0,39367.0,41.7932881111111,1.0,USAQUÉN,0.156055566287912,0.1555406473367169,0.3020698617867617,0.1737461583042096,0.3450869923921186,14.168646747892343,2023-05
UPZ12,2023,6,1,0,1309810.0,546798.0,763012.0,757.9623058246959,0.0,74.0,273.0,466.0,483.0,1296.0,697.0,2798.0,11562.0,585076.0,119.1298224504167,478.2284694637961,9046.0,4968.0,39367.0,41.7932881111111,1.0,USAQUÉN,0.1557126606148983,0.1699735076079736,0.2963261847138134,0.1703430268512226,0.3391622499428888,14.085392646490343,2023-06
UPZ12,2023,7,1,0,1274859.0,542987.0,731872.0,757.9623058246959,0.0,76.0,331.0,433.0,467.0,1307.0,712.0,2523.0,11549.0,585076.0,121.69359194361074,431.2260287552386,9046.0,4968.0,39367.0,41.7932881111111,1.0,USAQUÉN,0.1534648145402746,0.2135914638403148,0.2919742497013395,0.1711836367786555,0.3365454870722934,14.058346142224039,2023-07
UPZ12,2023,8,1,0,1463757.0,641394.0,822363.0,757.9623058246959,0.0,75.0,280.0,348.0,442.0,1145.0,619.0,2240.0,9999.0,585076.0,105.79822108580764,382.8562443169776,9046.0,4968.0,39367.0,41.7932881111111,1.0,USAQUÉN,0.1551978914532945,0.1551254750617759,0.3018028265620591,0.1735117235989307,0.345162413952703,14.196516976120034,2023-08
UPZ12,2023,9,1,0,1486072.0,634379.0,851693.0,757.9623058246959,0.0,74.0,285.0,450.0,512.0,1321.0,692.0,2796.0,12721.0,585076.0,118.275232619352,477.8866335313703,9046.0,4968.0,39367.0,41.7932881111111,1.0,USAQUÉN,0.1532213782373936,0.1654428587578529,0.3052234346653459,0.1694729461291243,0.3447817247264195,14.211646955306797,2023-09
UPZ12,2023,10,1,0,1473163.0,649602.0,823561.0,757.9623058246959,0.0,70.0,274.0,429.0,546.0,1319.0,703.0,2835.0,12220.0,585076.0,120.15533024769432,484.5524342136748,9046.0,4968.0,39367.0,41.7932881111111,1.0,USAQUÉN,0.1527420930338326,0.1586280676340635,0.3024159580440182,0.1720067636778822,0.3467380143963058,14.202922347842591,2023-10
UPZ12,2023,11,1,0,1426232.0,625386.0,800846.0,757.9623058246959,0.0,75.0,324.0,414.0,433.0,1246.0,722.0,3148.0,11947.0,585076.0,123.4027716057401,538.049757638324,9046.0,4968.0,39367.0,41.7932881111111,1.0,USAQUÉN,0.1556499924275994,0.1650348610885185,0.2996160512455196,0.1727972728139601,0.3433010759551829,14.170546559570457,2023-11
UPZ12,2023,12,1,0,1314522.0,552559.0,761963.0,757.9623058246959,0.0,79.0,375.0,565.0,560.0,1579.0,718.0,3253.0,13435.0,585076.0,122.71909974088835,555.9961440906823,9046.0,4968.0,39367.0,41.7932881111111,1.0,USAQUÉN,0.1619622950395657,0.2025839050240315,0.2749235083170916,0.1713497377754043,0.3182511213493342,14.088983659413694,2023-12
UPZ12,2024,1,1,0,1216470.0,507571.0,708899.0,757.9623058246959,0.0,30.0,193.0,289.0,320.0,832.0,453.0,1894.0,7940.0,586366.0,77.25550253595877,323.00644989648106,9684.0,4757.0,36626.0,41.7932881111111,1.0,USAQUÉN,0.1510575682096558,0.1557613422443627,0.297009379598346,0.1750967964684702,0.3451008045946763,14.011463779989175,2024-01
UPZ12,2024,2,1,0,1470628.0,669374.0,801254.0,757.9623058246959,0.0,63.0,284.0,358.0,485.0,1190.0,669.0,2660.0,11593.0,586366.0,114.09256334780666,453.64158221997866,9684.0,4757.0,36626.0,41.7932881111111,1.0,USAQUÉN,0.1569839551538526,0.1357039305657175,0.3043040116195258,0.1734653494969496,0.3496519395488281,14.201200078410684,2024-02
UPZ12,2024,3,1,0,1379645.0,653206.0,726439.0,757.9623058246959,0.0,71.0,310.0,358.0,424.0,1163.0,507.0,2345.0,9925.0,586366.0,86.46476773892074,399.92086853603377,9684.0,4757.0,36626.0,41.7932881111111,1.0,USAQUÉN,0.1606608946504354,0.2013554211409456,0.2903022154249825,0.1704771879722682,0.3330842639593909,14.137336777663052,2024-03
UPZ12,2024,4,1,0,1521209.0,739239.0,781970.0,757.9623058246959,0.0,47.0,233.0,286.0,358.0,924.0,476.0,1788.0,7461.0,586366.0,81.17796734462776,304.9290033869631,9684.0,4757.0,36626.0,41.7932881111111,1.0,USAQUÉN,0.152576010265519,0.1349630458405123,0.3060881180692462,0.1747655976266246,0.352444606070809,14.235015971400545,2024-04
UPZ12,2024,5,1,0,1471823.0,702202.0,769621.0,757.9623058246959,0.0,84.0,359.0,412.0,443.0,1298.0,630.0,2826.0,11809.0,586366.0,107.44142736788967,481.9515456216766,9684.0,4757.0,36626.0,41.7932881111111,1.0,USAQUÉN,0.1551905358185053,0.1571262305317962,0.3015878947400605,0.1716952378105247,0.3450868835833394,14.202012326475783,2024-05
UPZ12,2024,6,1,0,1265192.0,600353.0,664839.0,757.9623058246959,0.0,73.0,365.0,408.0,493.0,1339.0,724.0,3041.0,11919.0,586366.0,123.47237049897164,518.6180644853215,9684.0,4757.0,36626.0,41.7932881111111,1.0,USAQUÉN,0.1509881504151148,0.211130010306736,0.2957701281702698,0.1710554603570051,0.3415034018339222,14.05073444728267,2024-06
UPZ12,2024,7,1,0,1309784.0,668650.0,641134.0,757.9623058246959,0.0,73.0,366.0,448.0,465.0,1352.0,668.0,2871.0,11732.0,586366.0,113.92202139960366,489.62593329081153,9684.0,4757.0,36626.0,41.7932881111111,1.0,USAQUÉN,0.1428685951271354,0.149708654251388,0.3051518418304086,0.1788523909285806,0.3597530681243535,14.085372796086043,2024-07
UPZ12,2024,8,1,0,1430001.0,678469.0,751532.0,757.9623058246959,0.0,68.0,359.0,434.0,434.0,1295.0,608.0,2792.0,11261.0,586366.0,103.6895045074237,476.1531193827746,9684.0,4757.0,36626.0,41.7932881111111,1.0,USAQUÉN,0.1521803131606201,0.1810767964497927,0.2993983920290964,0.1729320469006665,0.3456140001105279,14.173185701536545,2024-08
UPZ12,2024,9,1,0,1361313.0,650146.0,711167.0,757.9623058246959,0.0,80.0,446.0,447.0,557.0,1530.0,725.0,3167.0,12981.0,586366.0,123.64291244717464,540.1063499588994,9684.0,4757.0,36626.0,41.7932881111111,1.0,USAQUÉN,0.1465107583634329,0.1543429027710746,0.3055887955231456,0.1694973896524899,0.349803630195679,14.123960233150111,2024-09
UPZ12,2024,10,1,0,1510746.0,729351.0,781395.0,757.9623058246959,0.0,81.0,305.0,440.0,509.0,1335.0,749.0,2996.0,12734.0,586366.0,127.73591920404662,510.9436768161865,9684.0,4757.0,36626.0,41.7932881111111,1.0,USAQUÉN,0.150274102992826,0.138393879580022,0.3051697638120504,0.1742827715578926,0.3515118444369687,14.228114126528755,2024-10
UPZ12,2024,11,1,0,1401917.0,663712.0,738205.0,757.9623058246959,0.0,70.0,330.0,433.0,584.0,1417.0,661.0,2725.0,12756.0,586366.0,112.72822776218268,464.7268088531736,9684.0,4757.0,36626.0,41.7932881111111,1.0,USAQUÉN,0.155352278344581,0.1917538627465106,0.2947178755946322,0.1693766464063136,0.3362044402570938,14.15335114368299,2024-11
UPZ12,2024,12,1,0,1353403.0,632211.0,721192.0,757.9623058246959,0.0,89.0,380.0,529.0,530.0,1528.0,721.0,3298.0,14172.0,586366.0,122.96074465436264,562.4473451734923,9684.0,4757.0,36626.0,41.7932881111111,1.0,USAQUÉN,0.1598393087646473,0.1739740491191463,0.2747223110928526,0.169978934581939,0.3182155170437867,14.11813271941738,2024-12
UPZ12,2025,1,1,0,1231328.0,571484.0,659844.0,757.9623058246959,0.0,78.0,269.0,323.0,419.0,1089.0,592.0,2309.0,10342.0,586286.0,100.97460966149627,393.83509072364,9559.0,4923.0,45490.0,41.7932881111111,1.0,USAQUÉN,0.1492396826840614,0.1497724408118714,0.2905683944489202,0.1778827412354791,0.3434426509245002,14.0236038197157,2025-01
UPZ12,2025,2,1,0,1385397.0,652731.0,732666.0,757.9623058246959,0.0,73.0,345.0,400.0,472.0,1290.0,665.0,2741.0,11610.0,586286.0,113.4258706501605,467.5192653414886,9559.0,4923.0,45490.0,41.7932881111111,1.0,USAQUÉN,0.1524999693228728,0.1414735270828506,0.30101119029419,0.1751245310910879,0.3494679641179057,14.141497299128712,2025-02
UPZ12,2025,3,1,0,1434378.0,676362.0,758016.0,757.9623058246959,0.0,94.0,337.0,368.0,559.0,1358.0,750.0,3041.0,13306.0,586286.0,127.9239142670983,518.688831048328,9559.0,4923.0,45490.0,41.7932881111111,1.0,USAQUÉN,0.1514579838787265,0.1813301654096758,0.2998233380601208,0.1719860455193819,0.3468619942876871,14.176241863732129,2025-03
UPZ12,2025,4,1,0,1343484.0,628332.0,715152.0,757.9623058246959,0.0,89.0,361.0,417.0,528.0,1395.0,720.0,2807.0,12796.0,586286.0,122.8069576964144,478.7765697969933,9559.0,4923.0,45490.0,41.7932881111111,1.0,USAQUÉN,0.1541030633784995,0.1491941846720913,0.301644083591617,0.1729213001420188,0.3486830670150884,14.11077679777436,2025-04
UPZ12,2025,5,1,0,1460577.0,688678.0,771899.0,757.9623058246959,0.0,74.0,315.0,388.0,539.0,1316.0,667.0,2787.0,13069.0,586286.0,113.7670010882061,475.3652654165373,9559.0,4923.0,45490.0,41.7932881111111,1.0,USAQUÉN,0.1519132507221461,0.1687483782094336,0.3037265409492276,0.170678437357291,0.348655410958904,14.194342121090855,2025-05
UPZ12,2025,6,1,0,1243191.0,560648.0,682543.0,757.9623058246959,0.0,70.0,350.0,536.0,509.0,1465.0,640.0,2970.0,12597.0,586286.0,109.16174017459056,506.5787004977093,9559.0,4923.0,45490.0,41.7932881111111,1.0,USAQUÉN,0.15152297595462,0.1930025233451658,0.29771611924475,0.1735847508548565,0.3452958156675202,14.033192019187076,2025-06
UPZ12,2025,7,1,0,1455929.0,678994.0,776935.0,757.9623058246959,0.0,77.0,366.0,488.0,482.0,1413.0,769.0,3119.0,12966.0,586286.0,131.16465342853147,531.9929181321062,9559.0,4923.0,45490.0,41.7932881111111,1.0,USAQUÉN,0.1458800532168807,0.1301842328849827,0.3050856188728983,0.1776535806347699,0.3590281952885319,14.191154742813515,2025-07
UPZ12,2025,8,1,0,1346761.0,632419.0,714342.0,757.9623058246959,0.0,81.0,368.0,408.0,573.0,1430.0,751.0,2995.0,13574.0,586286.0,128.09447948612112,510.8428309732792,9559.0,4923.0,45490.0,41.7932881111111,1.0,USAQUÉN,0.1501877467494232,0.1948385793767416,0.2962841959337997,0.1697361298701105,0.3425497231105218,14.113213008320821,2025-08
UPZ12,2025,9,1,0,1449591.0,682077.0,767514.0,757.9623058246959,0.0,75.0,357.0,423.0,537.0,1392.0,741.0,2987.0,13089.0,586286.0,126.38882729589314,509.4783092210968,9559.0,4923.0,45490.0,41.7932881111111,1.0,USAQUÉN,0.1464751091859704,0.1329809580771404,0.3061249690429921,0.1752956523598725,0.3572574635104997,14.186792005642307,2025-09
UPZ12,2025,10,1,0,1449495.0,677707.0,771788.0,757.9623058246959,0.0,66.0,291.0,405.0,547.0,1309.0,660.0,2985.0,13611.0,586286.0,112.57304455504652,509.1371787830512,9559.0,4923.0,45490.0,41.7932881111111,1.0,USAQUÉN,0.1465089565676322,0.1387476327962497,0.3065695293878213,0.1722013528849703,0.3537913906941979,14.186725777872566,2025-10
UPZ12,2025,11,1,0,1340966.0,623231.0,717735.0,757.9623058246959,0.0,71.0,344.0,454.0,539.0,1408.0,674.0,3065.0,13484.0,586286.0,114.9609576213657,522.7823963048752,9559.0,4923.0,45490.0,41.7932881111111,1.0,USAQUÉN,0.1524945449772775,0.21176301263417563,0.2938471221492565,0.1672600200154217,0.3371048306315694,14.108900807729118,2025-11
UPZ12,2025,12,1,0,600545.0,600545.0,0.0,757.9623058246959,0.0,68.0,393.0,512.0,639.0,1612.0,589.0,3375.0,14838.0,586286.0,100.46291400442786,575.6576142019425,9559.0,4923.0,45490.0,41.7932881111111,1.0,USAQUÉN,0.1061835499421359,0.1651366675269963,0.313258789932478,0.1554221582062959,0.3722726394735439,13.305592855246537,2025-12
UPZ12,2026,1,1,0,1793937.0,479742.0,1314195.0,757.9623058246959,0.0,71.0,380.0,431.0,445.0,1327.0,579.0,2694.0,11546.0,584326.0,99.08852250284944,461.0440062567813,9153.0,4640.0,46798.0,41.7932881111111,1.0,USAQUÉN,0.1581287414218002,0.17698782064253088,0.2811403076027753,0.1787548838114159,0.335065797140399,14.399923203927404,2026-01
UPZ12,2026,2,1,0,1311158.0,556909.0,754249.0,757.9623058246959,0.0,75.0,304.0,439.0,475.0,1293.0,672.0,2873.0,12755.0,584326.0,115.00429554734858,491.677590933828,9153.0,4640.0,46798.0,41.7932881111111,1.0,USAQUÉN,0.1481499559930992,0.139125871939156,0.3072139284510333,0.1693556382983591,0.3532146198018321,14.086421274172068,2026-02
UPZ12,2026,3,1,0,1367968.0,559613.0,808355.0,757.9623058246959,0.0,77.0,353.0,522.0,585.0,1537.0,682.0,3236.0,13906.0,584326.0,116.71566899299364,553.800447010744,9153.0,4640.0,46798.0,41.7932881111111,1.0,USAQUÉN,0.1497476549159044,0.1513105569720929,0.3046862207303095,0.1696596704016468,0.3508091141424961,14.128836985078175,2026-03
UPZ12,2026,4,1,0,1323053.0,526215.0,796838.0,757.9623058246959,0.0,64.0,334.0,480.0,472.0,1350.0,586.0,2892.0,12729.0,584326.0,100.28648391480098,494.9292004805536,9153.0,4640.0,46798.0,41.7932881111111,1.0,USAQUÉN,0.1492850248629495,0.1434878270182676,0.3076407369923956,0.1713755987099534,0.3527366050701788,14.095452502763326,2026-04
UPZ12,2026,5,1,0,1378867.0,614609.0,764258.0,757.9623058246959,0.0,58.0,426.0,515.0,565.0,1564.0,596.0,3039.0,13288.0,584326.0,101.99785736044603,520.0863901315362,9153.0,4640.0,46798.0,41.7932881111111,1.0,USAQUÉN,0.1466921755325205,0.19076024011017736,0.3011262144934936,0.1685963910950077,0.3468265518814982,14.136772705423649,2026-05
UPZ12,2026,6,1,0,1244390.0,526308.0,718082.0,757.9623058246959,0.0,62.0,300.0,419.0,444.0,1225.0,502.0,2710.0,11805.0,584326.0,85.91094697138242,463.7822037698134,9153.0,4640.0,46798.0,41.7932881111111,1.0,USAQUÉN,0.240904378852289,0.1700793159700737,0.3462596131437893,0.11185962600149471,0.3771756983547038,14.034156007972044,2026-06
UPZ13,2023,1,4,0,2240278.0,1001093.0,1239185.0,993.7290486823705,0.0,175.0,346.0,692.0,837.0,2050.0,660.0,2531.0,10327.0,585076.0,112.80585770053804,432.59337248494217,9046.0,4968.0,39367.0,41.7932881111111,1.0,USAQUÉN,0.13428556634489114,0.1612532016115857,0.2804098419928241,0.17983169945872785,0.3483690619332319,14.622110523273426,2023-01
UPZ13,2023,2,4,0,2655781.0,1253937.0,1401844.0,993.7290486823705,0.0,151.0,382.0,642.0,850.0,2025.0,645.0,2553.0,10574.0,585076.0,110.242088207344,436.3535677416267,9046.0,4968.0,39367.0,41.7932881111111,1.0,USAQUÉN,0.13686482432098124,0.14677942194781868,0.2876765817663429,0.17361521902596633,0.34895163236880344,14.7922493313596,2023-02
UPZ13,2023,3,4,0,2966805.0,1403289.0,1563516.0,993.7290486823705,0.0,203.0,468.0,720.0,881.0,2272.0,703.0,2727.0,10950.0,585076.0,120.15533024769432,466.0932938626777,9046.0,4968.0,39367.0,41.7932881111111,1.0,USAQUÉN,0.1385365738563876,0.13808659483855526,0.29033927069692816,0.17479544493150034,0.3515122945957524,14.902996174160634,2023-03
UPZ13,2023,4,4,0,2481065.0,1156781.0,1324284.0,993.7290486823705,0.0,211.0,476.0,795.0,904.0,2386.0,740.0,2791.0,11743.0,585076.0,126.47929499757296,477.0320437003056,9046.0,4968.0,39367.0,41.7932881111111,1.0,USAQUÉN,0.13755625104541794,0.1977852252963949,0.28298895837069965,0.1727754008863129,0.34247672319156525,14.724198461444008,2023-04
UPZ13,2023,5,4,0,2879349.0,1344086.0,1535263.0,993.7290486823705,0.0,203.0,495.0,859.0,1036.0,2593.0,771.0,3254.0,12955.0,585076.0,131.777751950174,556.1670620568951,9046.0,4968.0,39367.0,41.7932881111111,1.0,USAQUÉN,0.13584390082619363,0.15512777367384087,0.2901096740964711,0.17880986292387616,0.3538622638990555,14.873074784894193,2023-05
UPZ13,2023,6,4,0,2624248.0,1234810.0,1389438.0,993.7290486823705,0.0,200.0,484.0,740.0,968.0,2392.0,697.0,2798.0,11562.0,585076.0,119.1298224504167,478.2284694637961,9046.0,4968.0,39367.0,41.7932881111111,1.0,USAQUÉN,0.13472621490042094,0.17138852730382184,0.2864256731833271,0.1780929241443644,0.35309691046773334,14.780304936775243,2023-06
UPZ13,2023,7,4,0,2536609.0,1231978.0,1304631.0,993.7290486823705,0.0,192.0,416.0,850.0,971.0,2429.0,712.0,2523.0,11549.0,585076.0,121.69359194361074,431.2260287552386,9046.0,4968.0,39367.0,41.7932881111111,1.0,USAQUÉN,0.13304849111550102,0.21287671848519021,0.281900363832187,0.1775094230131644,0.34939181180276413,14.746338707665625,2023-07
UPZ13,2023,8,4,0,2920521.0,1421298.0,1499223.0,993.7290486823705,0.0,175.0,403.0,757.0,841.0,2176.0,619.0,2240.0,9999.0,585076.0,105.79822108580764,382.8562443169776,9046.0,4968.0,39367.0,41.7932881111111,1.0,USAQUÉN,0.13517725090831392,0.1540718248559075,0.28819481181611084,0.17854759476134566,0.3541219193638476,14.887272582986213,2023-08
UPZ13,2023,9,4,0,2951125.0,1438020.0,1513105.0,993.7290486823705,0.0,161.0,516.0,921.0,1188.0,2786.0,692.0,2796.0,12721.0,585076.0,118.275232619352,477.8866335313703,9046.0,4968.0,39367.0,41.7932881111111,1.0,USAQUÉN,0.13316989283747718,0.16625456393748142,0.28838154940912364,0.1767193866745732,0.3520464167954492,14.897697011550514,2023-09
UPZ13,2023,10,4,0,2863883.0,1388989.0,1474894.0,993.7290486823705,0.0,169.0,544.0,913.0,1023.0,2649.0,703.0,2835.0,12220.0,585076.0,120.15533024769432,484.5524342136748,9046.0,4968.0,39367.0,41.7932881111111,1.0,USAQUÉN,0.13011111138269263,0.15811330281299896,0.2885983819869736,0.1773815480590513,0.3539687257178321,14.867688954272902,2023-10
UPZ13,2023,11,4,0,2826877.0,1370313.0,1456564.0,993.7290486823705,0.0,183.0,539.0,711.0,976.0,2409.0,722.0,3148.0,11947.0,585076.0,123.4027716057401,538.049757638324,9046.0,4968.0,39367.0,41.7932881111111,1.0,USAQUÉN,0.1332148515835673,0.16349349476471736,0.2850870412826592,0.17657825225505033,0.34967465203518583,14.85468312670902,2023-11
UPZ13,2023,12,4,0,2535153.0,1176576.0,1358577.0,993.7290486823705,0.0,177.0,513.0,698.0,1188.0,2576.0,718.0,3253.0,13435.0,585076.0,122.71909974088835,555.9961440906823,9046.0,4968.0,39367.0,41.7932881111111,1.0,USAQUÉN,0.13946140528796486,0.2016521290825445,0.26837433480346157,0.17525332790565304,0.33346271784029924,14.745764548215714,2023-12
UPZ13,2024,1,4,0,2321954.0,1085068.0,1236886.0,993.7290486823705,0.0,109.0,374.0,450.0,665.0,1598.0,453.0,1894.0,7940.0,586366.0,77.25550253595877,323.00644989648106,9684.0,4757.0,36626.0,41.7932881111111,1.0,USAQUÉN,0.1306541817796562,0.15773094557428782,0.28096379170302255,0.1825828590919544,0.3536360123197069,14.657919630535561,2024-01
UPZ13,2024,2,4,0,2881887.0,1393227.0,1488660.0,993.7290486823705,0.0,153.0,477.0,778.0,1038.0,2446.0,669.0,2660.0,11593.0,586366.0,114.09256334780666,453.64158221997866,9684.0,4757.0,36626.0,41.7932881111111,1.0,USAQUÉN,0.1354001735668331,0.13608201848302862,0.29353440991961166,0.17605131637708205,0.3575793281573301,14.873955845890196,2024-02
UPZ13,2024,3,4,0,2570786.0,1222803.0,1347983.0,993.7290486823705,0.0,92.0,372.0,654.0,785.0,1903.0,507.0,2345.0,9925.0,586366.0,86.46476773892074,399.92086853603377,9684.0,4757.0,36626.0,41.7932881111111,1.0,USAQUÉN,0.1338835671269409,0.2004149703631496,0.28810177120927216,0.17352864065698193,0.34952673514268634,14.759722246688806,2024-03
UPZ13,2024,4,4,0,2916663.0,1374482.0,1542181.0,993.7290486823705,0.0,117.0,299.0,518.0,600.0,1534.0,476.0,1788.0,7461.0,586366.0,81.17796734462776,304.9290033869631,9684.0,4757.0,36626.0,41.7932881111111,1.0,USAQUÉN,0.13270645254525462,0.136921200700938,0.29580380043906335,0.17618079291299674,0.35890405192403946,14.88595071252204,2024-04
UPZ13,2024,5,4,0,3423429.0,1966649.0,1456780.0,993.7290486823705,0.0,127.0,466.0,845.0,1014.0,2452.0,630.0,2826.0,11809.0,586366.0,107.44142736788967,481.9515456216766,9684.0,4757.0,36626.0,41.7932881111111,1.0,USAQUÉN,0.1316723670915914,0.15664645009433525,0.2833804936512485,0.18114761544638425,0.35533234654601353,15.046153238318412,2024-05
UPZ13,2024,6,4,0,2436736.0,1200571.0,1236165.0,993.7290486823705,0.0,150.0,466.0,836.0,916.0,2368.0,724.0,3041.0,11919.0,586366.0,123.47237049897164,518.6180644853215,9684.0,4757.0,36626.0,41.7932881111111,1.0,USAQUÉN,0.13183332129537212,0.21347244838997734,0.2841932815044387,0.1745745127908809,0.3483787016678349,14.706169996825405,2024-06
UPZ13,2024,7,4,0,2547145.0,1347239.0,1199906.0,993.7290486823705,0.0,166.0,443.0,731.0,901.0,2241.0,668.0,2871.0,11732.0,586366.0,113.92202139960366,489.62593329081153,9684.0,4757.0,36626.0,41.7932881111111,1.0,USAQUÉN,0.12672030842374496,0.15080099483932008,0.2886902787238261,0.1847904222178164,0.36430762890245216,14.7504836820624,2024-07
UPZ13,2024,8,4,0,2835954.0,1407703.0,1428251.0,993.7290486823705,0.0,160.0,433.0,844.0,861.0,2298.0,608.0,2792.0,11261.0,586366.0,103.6895045074237,476.1531193827746,9684.0,4757.0,36626.0,41.7932881111111,1.0,USAQUÉN,0.13396479632603345,0.18297334865093015,0.28538333132342764,0.17783363199826224,0.3505043762362974,14.8578889464744,2024-08
UPZ13,2024,9,4,0,2699599.0,1338978.0,1360621.0,993.7290486823705,0.0,154.0,442.0,816.0,1028.0,2440.0,725.0,3167.0,12981.0,586366.0,123.64291244717464,540.1063499588994,9684.0,4757.0,36626.0,41.7932881111111,1.0,USAQUÉN,0.1297314897508852,0.15845464456017352,0.288880311483298,0.1743962714462407,0.35415351453757327,14.808613801426072,2024-09
UPZ13,2024,10,4,0,2973330.0,1506081.0,1467249.0,993.7290486823705,0.0,177.0,476.0,729.0,970.0,2352.0,749.0,2996.0,12734.0,586366.0,127.73591920404662,510.9436768161865,9684.0,4757.0,36626.0,41.7932881111111,1.0,USAQUÉN,0.13231965506687784,0.14043917089593147,0.29041411481403,0.17733147682900985,0.3563571570615365,14.90519309481122,2024-10
UPZ13,2024,11,4,0,2755448.0,1369429.0,1386019.0,993.7290486823705,0.0,178.0,429.0,727.0,1225.0,2559.0,661.0,2725.0,12756.0,586366.0,112.72822776218268,464.7268088531736,9684.0,4757.0,36626.0,41.7932881111111,1.0,USAQUÉN,0.13548214301267883,0.1945563842975806,0.2824742110901748,0.17187695068097814,0.34349586089937145,14.829090600779148,2024-11
UPZ13,2024,12,4,0,2538270.0,1255488.0,1282782.0,993.7290486823705,0.0,166.0,478.0,912.0,1181.0,2737.0,721.0,3298.0,14172.0,586366.0,122.96074465436264,562.4473451734923,9684.0,4757.0,36626.0,41.7932881111111,1.0,USAQUÉN,0.14206723477013872,0.1719214267985675,0.26632076177869174,0.1753253200014183,0.3310336467973499,14.746993304576925,2024-12
UPZ13,2025,1,3,0,2361201.0,1156249.0,1204952.0,800.0647010365778,0.0,123.0,386.0,706.0,744.0,1959.0,592.0,2309.0,10342.0,586286.0,100.97460966149627,393.83509072364,9559.0,4923.0,45490.0,41.7932881111111,1.0,USAQUÉN,0.13335078208081394,0.15251179378629773,0.2796449772806296,0.1805559967152309,0.35121617247332215,14.674680945862049,2025-01
UPZ13,2025,2,3,0,2668590.0,1338655.0,1329935.0,800.0647010365778,0.0,148.0,458.0,823.0,953.0,2382.0,665.0,2741.0,11610.0,586286.0,113.4258706501605,467.5192653414886,9559.0,4923.0,45490.0,41.7932881111111,1.0,USAQUÉN,0.13520173574809166,0.14180522298292356,0.2900201979322413,0.1759742036056494,0.3542829809368783,14.797060801000217,2025-02
UPZ13,2025,3,3,0,2761510.0,1377730.0,1383780.0,800.0647010365778,0.0,176.0,427.0,885.0,1110.0,2598.0,750.0,3041.0,13306.0,586286.0,127.9239142670983,518.688831048328,9559.0,4923.0,45490.0,41.7932881111111,1.0,USAQUÉN,0.1341059782510293,0.18218257402652893,0.28723307176146384,0.17408953797016846,0.3506085525309762,14.831288189537174,2025-03
UPZ13,2025,4,3,0,2559420.0,1272011.0,1287409.0,800.0647010365778,0.0,200.0,497.0,1023.0,1016.0,2736.0,720.0,2807.0,12796.0,586286.0,122.8069576964144,478.7765697969933,9559.0,4923.0,45490.0,41.7932881111111,1.0,USAQUÉN,0.13500636863039278,0.14765728172789142,0.28972306225629246,0.17641340616233364,0.35530731631579743,14.755291228286584,2025-04
UPZ13,2025,5,3,0,2774171.0,1382408.0,1391763.0,800.0647010365778,0.0,162.0,462.0,1080.0,1026.0,2730.0,667.0,2787.0,13069.0,586286.0,113.7670010882061,475.3652654165373,9559.0,4923.0,45490.0,41.7932881111111,1.0,USAQUÉN,0.13375779647325267,0.1710813789056262,0.28939420100635466,0.17253586747176,0.35128650731635297,14.835862521792627,2025-05
UPZ13,2025,6,3,0,2317696.0,1109750.0,1207946.0,800.0647010365778,0.0,155.0,492.0,912.0,942.0,2501.0,640.0,2970.0,12597.0,586286.0,109.16174017459056,506.5787004977093,9559.0,4923.0,45490.0,41.7932881111111,1.0,USAQUÉN,0.13255189636604622,0.19342096633898487,0.28757697299386975,0.17478435480753296,0.35234431909376956,14.656084146740259,2025-06
UPZ13,2025,7,3,0,2774869.0,1370537.0,1404332.0,800.0647010365778,0.0,217.0,529.0,966.0,1064.0,2776.0,769.0,3119.0,12966.0,586286.0,131.16465342853147,531.9929181321062,9559.0,4923.0,45490.0,41.7932881111111,1.0,USAQUÉN,0.13153882219304763,0.13214713919828286,0.28931095485949065,0.17844049574952903,0.3610024956317656,14.83611409684117,2025-07
UPZ13,2025,8,3,0,2615370.0,1300979.0,1314391.0,800.0647010365778,0.0,195.0,476.0,1007.0,1017.0,2695.0,751.0,2995.0,13574.0,586286.0,128.09447948612112,510.8428309732792,9559.0,4923.0,45490.0,41.7932881111111,1.0,USAQUÉN,0.1335998348226063,0.1933405216087972,0.2823803133017508,0.1729208486753308,0.3468384638169494,14.77691613686799,2025-08
UPZ13,2025,9,3,0,2801259.0,1394110.0,1407149.0,800.0647010365778,0.0,196.0,509.0,945.0,1083.0,2733.0,741.0,2987.0,13089.0,586286.0,126.38882729589314,509.4783092210968,9559.0,4923.0,45490.0,41.7932881111111,1.0,USAQUÉN,0.13035567221738506,0.13528666931547562,0.29086278705396384,0.17592910901848058,0.35829724867220974,14.845579516943518,2025-09
UPZ13,2025,10,3,0,2788275.0,1384017.0,1404258.0,800.0647010365778,0.0,145.0,546.0,1006.0,1220.0,2917.0,660.0,2985.0,13611.0,586286.0,112.57304455504652,509.1371787830512,9559.0,4923.0,45490.0,41.7932881111111,1.0,USAQUÉN,0.1308027364589217,0.13824748276263993,0.2915304265181878,0.17325694201612105,0.355652052573273,14.840933683014024,2025-10
UPZ13,2025,11,3,0,2580352.0,1270430.0,1309922.0,800.0647010365778,0.0,165.0,522.0,950.0,986.0,2623.0,674.0,3065.0,13484.0,586286.0,114.9609576213657,522.7823963048752,9559.0,4923.0,45490.0,41.7932881111111,1.0,USAQUÉN,0.13569931544223418,0.20891723299766854,0.2805299432015477,0.16972025522099302,0.3414929188904339,14.763436381700041,2025-11
UPZ13,2025,12,4,0,1185858.0,1185858.0,0.0,993.7290486823705,0.0,144.0,487.0,938.0,1269.0,2838.0,589.0,3375.0,14838.0,586286.0,100.46291400442786,575.6576142019425,9559.0,4923.0,45490.0,41.7932881111111,1.0,USAQUÉN,0.1115841863022385,0.16350524261758148,0.26260648408156795,0.17807950024370534,0.3661174440784647,13.98597712118608,2025-12
UPZ13,2026,1,4,0,2167638.0,1017195.0,1150443.0,993.7290486823705,0.0,117.0,409.0,820.0,901.0,2247.0,579.0,2694.0,11546.0,584326.0,99.08852250284944,461.0440062567813,9153.0,4640.0,46798.0,41.7932881111111,1.0,USAQUÉN,0.12872536835025028,0.17428325209283094,0.28722461960899376,0.1734380925228289,0.35361282831779306,14.589148653430193,2026-01
UPZ13,2026,2,4,0,2634712.0,1244315.0,1390397.0,993.7290486823705,0.0,196.0,496.0,928.0,1369.0,2989.0,672.0,2873.0,12755.0,584326.0,115.00429554734858,491.677590933828,9153.0,4640.0,46798.0,41.7932881111111,1.0,USAQUÉN,0.13084276383908372,0.139018610003674,0.2927610304276141,0.17049491557331498,0.355926923763563,14.784284436071434,2026-02
UPZ13,2026,3,4,0,2726350.0,1264812.0,1461538.0,993.7290486823705,0.0,153.0,483.0,1035.0,1091.0,2762.0,682.0,3236.0,13906.0,584326.0,116.71566899299364,553.800447010744,9153.0,4640.0,46798.0,41.7932881111111,1.0,USAQUÉN,0.13111522731857608,0.152191391420764,0.2906970858473783,0.1713430043831496,0.35437950795862816,14.818474276247091,2026-03
UPZ13,2026,4,4,0,2560357.0,1176177.0,1384180.0,993.7290486823705,0.0,125.0,472.0,1046.0,1161.0,2804.0,586.0,2892.0,12729.0,584326.0,100.28648391480098,494.9292004805536,9153.0,4640.0,46798.0,41.7932881111111,1.0,USAQUÉN,0.1323987240841804,0.143629579781257,0.291776107784969,0.17353126927221474,0.35489368915426456,14.755657259858062,2026-04
UPZ13,2026,5,4,0,2610769.0,1218968.0,1391801.0,993.7290486823705,0.0,147.0,496.0,1000.0,1129.0,2772.0,596.0,3039.0,13288.0,584326.0,101.99785736044603,520.0863901315362,9153.0,4640.0,46798.0,41.7932881111111,1.0,USAQUÉN,0.13179603404207724,0.19054385891666398,0.2871111921430046,0.1692639218559742,0.3487666112198478,14.775155371917535,2026-05
UPZ13,2026,6,4,0,2314744.0,1050662.0,1264082.0,993.7290486823705,0.0,116.0,451.0,1028.0,916.0,2511.0,502.0,2710.0,11805.0,584326.0,85.91094697138242,463.7822037698134,9153.0,4640.0,46798.0,41.7932881111111,1.0,USAQUÉN,0.24610712890928754,0.17222898082898144,0.3445292438386275,0.1012759942352156,0.3950747994712956,14.654809656234356,2026-06
UPZ15,2023,1,1,0,495131.0,203904.0,291227.0,621.8896281927866,0.0,24.0,62.0,77.0,154.0,317.0,660.0,2531.0,10327.0,585076.0,112.80585770053804,432.59337248494217,9046.0,4968.0,39367.0,41.7932881111111,1.0,USAQUÉN,0.1374626109049928,0.1788556967751968,0.268549131441982,0.1796817407918308,0.3325240305440996,13.112577653002775,2023-01
UPZ15,2023,2,1,0,563244.0,249134.0,314110.0,621.8896281927866,0.0,41.0,59.0,93.0,182.0,375.0,645.0,2553.0,10574.0,585076.0,110.242088207344,436.3535677416267,9046.0,4968.0,39367.0,41.7932881111111,1.0,USAQUÉN,0.1400245719439532,0.1648024657164568,0.2728284722074269,0.1757568655857852,0.3319457101188224,13.241468205774371,2023-02
UPZ15,2023,3,1,0,619123.0,276241.0,342882.0,621.8896281927866,0.0,33.0,81.0,108.0,159.0,381.0,703.0,2727.0,10950.0,585076.0,120.15533024769432,466.0932938626777,9046.0,4968.0,39367.0,41.7932881111111,1.0,USAQUÉN,0.1425403352807115,0.1575906564608325,0.2751036546857409,0.1814243696325286,0.3379385047003858,13.336059239519885,2023-03
UPZ15,2023,4,1,0,525993.0,236051.0,289942.0,621.8896281927866,0.0,33.0,68.0,140.0,179.0,420.0,740.0,2791.0,11743.0,585076.0,126.47929499757296,477.0320437003056,9046.0,4968.0,39367.0,41.7932881111111,1.0,USAQUÉN,0.1395398798082864,0.2233660904232565,0.2705397220115096,0.178707701433289,0.3315115628816093,13.173043183646504,2023-04
UPZ15,2023,5,1,0,600429.0,268063.0,332366.0,621.8896281927866,0.0,42.0,86.0,103.0,206.0,437.0,771.0,3254.0,12955.0,585076.0,131.777751950174,556.1670620568951,9046.0,4968.0,39367.0,41.7932881111111,1.0,USAQUÉN,0.138730807472657,0.1785340148460517,0.2772251173744106,0.1822929938427357,0.3413201913480171,13.30539967870756,2023-05
UPZ15,2023,6,1,0,558594.0,254672.0,303922.0,621.8896281927866,0.0,35.0,67.0,164.0,175.0,441.0,697.0,2798.0,11562.0,585076.0,119.1298224504167,478.2284694637961,9046.0,4968.0,39367.0,41.7932881111111,1.0,USAQUÉN,0.1364568899773359,0.1878716921413405,0.2755113731977071,0.1823757505451186,0.343817457034335,13.233178191296966,2023-06
UPZ15,2023,7,1,0,544453.0,254558.0,289895.0,621.8896281927866,0.0,42.0,57.0,110.0,171.0,380.0,712.0,2523.0,11549.0,585076.0,121.69359194361074,431.2260287552386,9046.0,4968.0,39367.0,41.7932881111111,1.0,USAQUÉN,0.1362964296275344,0.2360607802693712,0.2700894292069288,0.1809761356811332,0.3380706047928505,13.207536899906883,2023-07
UPZ15,2023,8,1,0,601847.0,285681.0,316166.0,621.8896281927866,0.0,28.0,57.0,110.0,140.0,335.0,619.0,2240.0,9999.0,585076.0,105.79822108580764,382.8562443169776,9046.0,4968.0,39367.0,41.7932881111111,1.0,USAQUÉN,0.1377775414681804,0.1760696655462268,0.2772565120371124,0.1820097134321513,0.3432533857746762,13.307758539164736,2023-08
UPZ15,2023,9,1,0,609027.0,288254.0,320773.0,621.8896281927866,0.0,30.0,82.0,151.0,181.0,444.0,692.0,2796.0,12721.0,585076.0,118.275232619352,477.8866335313703,9046.0,4968.0,39367.0,41.7932881111111,1.0,USAQUÉN,0.1338085175205697,0.1857750149008172,0.2815802911857766,0.1800642664446732,0.3458023738141197,13.319617880684637,2023-09
UPZ15,2023,10,1,0,588811.0,278195.0,310616.0,621.8896281927866,0.0,31.0,63.0,142.0,175.0,411.0,703.0,2835.0,12220.0,585076.0,120.15533024769432,484.5524342136748,9046.0,4968.0,39367.0,41.7932881111111,1.0,USAQUÉN,0.1316160873353249,0.1807303192365631,0.2809967884431507,0.1788995110485368,0.3453666720466187,13.285860528287513,2023-10
UPZ15,2023,11,1,0,574288.0,269163.0,305125.0,621.8896281927866,0.0,30.0,66.0,101.0,178.0,375.0,722.0,3148.0,11947.0,585076.0,123.4027716057401,538.049757638324,9046.0,4968.0,39367.0,41.7932881111111,1.0,USAQUÉN,0.1346275736215975,0.1854121973643886,0.2788566015657649,0.1783634692001225,0.3430559765849579,13.260886291631472,2023-11
UPZ15,2023,12,1,0,480196.0,227914.0,252282.0,621.8896281927866,0.0,39.0,77.0,93.0,188.0,397.0,718.0,3253.0,13435.0,585076.0,122.71909974088835,555.9961440906823,9046.0,4968.0,39367.0,41.7932881111111,1.0,USAQUÉN,0.1444868345425617,0.2238565085923248,0.2592004098326517,0.1748848386908679,0.321704093625747,13.081949632872039,2023-12
UPZ15,2024,1,1,0,475192.0,204272.0,270920.0,621.8896281927866,0.0,25.0,29.0,85.0,131.0,270.0,453.0,1894.0,7940.0,586366.0,77.25550253595877,323.00644989648106,9684.0,4757.0,36626.0,41.7932881111111,1.0,USAQUÉN,0.1295728884324652,0.1737108368827758,0.2826815266250274,0.1837089008232461,0.3509911412018324,13.071474211872026,2024-01
UPZ15,2024,2,1,0,562070.0,254391.0,307679.0,621.8896281927866,0.0,29.0,92.0,96.0,206.0,423.0,669.0,2660.0,11593.0,586366.0,114.09256334780666,453.64158221997866,9684.0,4757.0,36626.0,41.7932881111111,1.0,USAQUÉN,0.1336221467077054,0.1531535218033341,0.2854128489334068,0.1788638425818848,0.3487785822085539,13.23938167627962,2024-02
UPZ15,2024,3,1,0,515027.0,235918.0,279109.0,621.8896281927866,0.0,18.0,55.0,90.0,131.0,294.0,507.0,2345.0,9925.0,586366.0,86.46476773892074,399.92086853603377,9684.0,4757.0,36626.0,41.7932881111111,1.0,USAQUÉN,0.1341327736215771,0.2261745500721321,0.2797348488525844,0.1775868061286107,0.3409958444152165,13.151974605456083,2024-03
UPZ15,2024,4,1,0,569948.0,242815.0,327133.0,621.8896281927866,0.0,11.0,51.0,70.0,128.0,260.0,476.0,1788.0,7461.0,586366.0,81.17796734462776,304.9290033869631,9684.0,4757.0,36626.0,41.7932881111111,1.0,USAQUÉN,0.1327963252787973,0.1501540491413251,0.2930530504537256,0.1775740944787945,0.3543212520361736,13.253300407579024,2024-04
UPZ15,2024,5,1,0,578604.0,268152.0,310452.0,621.8896281927866,0.0,26.0,61.0,93.0,232.0,412.0,630.0,2826.0,11809.0,586366.0,107.44142736788967,481.9515456216766,9684.0,4757.0,36626.0,41.7932881111111,1.0,USAQUÉN,0.1356834726341332,0.1754446910149255,0.2847802642221623,0.1803634264540169,0.3479443421428015,13.268373584739129,2024-05
UPZ15,2024,6,1,0,503003.0,234577.0,268426.0,621.8896281927866,0.0,23.0,52.0,105.0,232.0,412.0,724.0,3041.0,11919.0,586366.0,123.47237049897164,518.6180644853215,9684.0,4757.0,36626.0,41.7932881111111,1.0,USAQUÉN,0.1331264425858295,0.2327501028820901,0.2764357270234969,0.1793428667423454,0.3434597024425173,13.128351413278802,2024-06
UPZ15,2024,7,1,0,522336.0,262973.0,259363.0,621.8896281927866,0.0,15.0,70.0,119.0,176.0,380.0,668.0,2871.0,11732.0,586366.0,113.92202139960366,489.62593329081153,9684.0,4757.0,36626.0,41.7932881111111,1.0,USAQUÉN,0.1302246063836304,0.1700820927525577,0.2737050480916498,0.1907373797708754,0.3530978723078219,13.166066337953762,2024-07
UPZ15,2024,8,1,0,569646.0,270515.0,299131.0,621.8896281927866,0.0,25.0,69.0,110.0,151.0,355.0,608.0,2792.0,11261.0,586366.0,103.6895045074237,476.1531193827746,9684.0,4757.0,36626.0,41.7932881111111,1.0,USAQUÉN,0.1358440154060592,0.2018464098756069,0.2753675089441513,0.1794991977473729,0.341423302215704,13.252770394246083,2024-08
UPZ15,2024,9,1,0,540420.0,256685.0,283735.0,621.8896281927866,0.0,17.0,69.0,112.0,173.0,371.0,725.0,3167.0,12981.0,586366.0,123.64291244717464,540.1063499588994,9684.0,4757.0,36626.0,41.7932881111111,1.0,USAQUÉN,0.1309777580400429,0.175289589578476,0.2786906480145072,0.1792809296473113,0.3471320186027222,13.200101894005844,2024-09
UPZ15,2024,10,1,0,601510.0,290633.0,310877.0,621.8896281927866,0.0,21.0,74.0,100.0,182.0,377.0,749.0,2996.0,12734.0,586366.0,127.73591920404662,510.9436768161865,9684.0,4757.0,36626.0,41.7932881111111,1.0,USAQUÉN,0.1325430998653389,0.1559176073548236,0.2802197802197802,0.1834283719306412,0.3507262202779464,13.307198439362582,2024-10
UPZ15,2024,11,1,0,558256.0,264479.0,293777.0,621.8896281927866,0.0,27.0,55.0,110.0,178.0,370.0,661.0,2725.0,12756.0,586366.0,112.72822776218268,464.7268088531736,9684.0,4757.0,36626.0,41.7932881111111,1.0,USAQUÉN,0.1363442578315324,0.2138821615889484,0.2747986586798888,0.1767199994267863,0.3395723928293622,13.232572917517464,2024-11
UPZ15,2024,12,1,0,538973.0,252459.0,286514.0,621.8896281927866,0.0,21.0,64.0,130.0,219.0,434.0,721.0,3298.0,14172.0,586366.0,122.96074465436264,562.4473451734923,9684.0,4757.0,36626.0,41.7932881111111,1.0,USAQUÉN,0.145370918394799,0.1906477689977049,0.2591168759845113,0.1768010642462609,0.322922824972891,13.197420755872072,2024-12
UPZ15,2025,1,1,0,492321.0,230783.0,261538.0,621.8896281927866,0.0,26.0,58.0,96.0,171.0,351.0,592.0,2309.0,10342.0,586286.0,100.97460966149627,393.83509072364,9559.0,4923.0,45490.0,41.7932881111111,1.0,USAQUÉN,0.1322267382459818,0.1655281818163352,0.27434133421080953,0.1867480769660445,0.35027291644651815,13.106886221753026,2025-01
UPZ15,2025,2,1,0,544551.0,260894.0,283657.0,621.8896281927866,0.0,13.0,72.0,105.0,191.0,381.0,665.0,2741.0,11610.0,586286.0,113.4258706501605,467.5192653414886,9559.0,4923.0,45490.0,41.7932881111111,1.0,USAQUÉN,0.1343730890219648,0.1594102297121849,0.2821113173972686,0.1818764449978055,0.3502366350785783,13.207716880880808,2025-02
UPZ15,2025,3,1,0,569285.0,270762.0,298523.0,621.8896281927866,0.0,26.0,72.0,132.0,187.0,417.0,750.0,3041.0,13306.0,586286.0,127.9239142670983,518.688831048328,9559.0,4923.0,45490.0,41.7932881111111,1.0,USAQUÉN,0.1330300288958957,0.2029106686457574,0.2813985964850646,0.1801241908710048,0.3494889216563296,13.252136466445208,2025-03
UPZ15,2025,4,1,0,530848.0,251254.0,279594.0,621.8896281927866,0.0,23.0,117.0,135.0,227.0,502.0,720.0,2807.0,12796.0,586286.0,122.8069576964144,478.7765697969933,9559.0,4923.0,45490.0,41.7932881111111,1.0,USAQUÉN,0.1350348875761046,0.1660588341672192,0.2842414401109169,0.1842109229007173,0.3541287680994132,13.182231006892001,2025-04
UPZ15,2025,5,1,0,578380.0,275060.0,303320.0,621.8896281927866,0.0,33.0,63.0,150.0,208.0,454.0,667.0,2787.0,13069.0,586286.0,113.7670010882061,475.3652654165373,9559.0,4923.0,45490.0,41.7932881111111,1.0,USAQUÉN,0.1334503267747847,0.187148587433867,0.2850599951588921,0.180229261039455,0.3513384493224716,13.267986371082243,2025-05
UPZ15,2025,6,1,0,493132.0,224449.0,268683.0,621.8896281927866,0.0,22.0,70.0,113.0,164.0,369.0,640.0,2970.0,12597.0,586286.0,109.16174017459056,506.5787004977093,9559.0,4923.0,45490.0,41.7932881111111,1.0,USAQUÉN,0.131617903522789,0.2138839093792331,0.2802900643235482,0.1826752269169309,0.3520126452314572,13.108532165665302,2025-06
UPZ15,2025,7,1,0,583178.0,275455.0,307723.0,621.8896281927866,0.0,30.0,79.0,121.0,199.0,429.0,769.0,3119.0,12966.0,586286.0,131.16465342853147,531.9929181321062,9559.0,4923.0,45490.0,41.7932881111111,1.0,USAQUÉN,0.1300374842672391,0.1446213677470686,0.2835806563347726,0.1876631148637294,0.3620251753146056,13.276247736056966,2025-07
UPZ15,2025,8,1,0,537157.0,254480.0,282677.0,621.8896281927866,0.0,23.0,67.0,128.0,256.0,474.0,751.0,2995.0,13574.0,586286.0,128.09447948612112,510.8428309732792,9559.0,4923.0,45490.0,41.7932881111111,1.0,USAQUÉN,0.1350499016116331,0.2134273592264459,0.2753626965672978,0.1812877799228158,0.3445248112822748,13.194045695751376,2025-08
UPZ15,2025,9,1,0,561821.0,266622.0,295199.0,621.8896281927866,0.0,24.0,70.0,135.0,212.0,441.0,741.0,2987.0,13089.0,586286.0,126.38882729589314,509.4783092210968,9559.0,4923.0,45490.0,41.7932881111111,1.0,USAQUÉN,0.1299844612429937,0.1494977937812933,0.2847775359055642,0.1829159109396053,0.3564662026328488,13.238938572804152,2025-09
UPZ15,2025,10,1,0,562165.0,265858.0,296307.0,621.8896281927866,0.0,36.0,76.0,112.0,195.0,419.0,660.0,2985.0,13611.0,586286.0,112.57304455504652,509.1371787830512,9559.0,4923.0,45490.0,41.7932881111111,1.0,USAQUÉN,0.1288216093139914,0.1536666281251945,0.2849003406473188,0.1833216226552702,0.3565730156102892,13.239550680091504,2025-10
UPZ15,2025,11,1,0,510381.0,244714.0,265667.0,621.8896281927866,0.0,27.0,85.0,123.0,207.0,442.0,674.0,3065.0,13484.0,586286.0,114.9609576213657,522.7823963048752,9559.0,4923.0,45490.0,41.7932881111111,1.0,USAQUÉN,0.1358103064181464,0.2324322417958348,0.27250230709999,0.1758509819135116,0.3392795027402229,13.142912784614495,2025-11
UPZ15,2025,12,1,0,235331.0,235331.0,0.0,621.8896281927866,0.0,37.0,83.0,159.0,209.0,488.0,589.0,3375.0,14838.0,586286.0,100.46291400442786,575.6576142019425,9559.0,4923.0,45490.0,41.7932881111111,1.0,USAQUÉN,0.1274715188394219,0.1824833957277196,0.2070487951013678,0.2191466487628064,0.35063230626059677,12.368748312743952,2025-12
UPZ15,2026,1,1,0,441920.0,195092.0,246828.0,621.8896281927866,0.0,21.0,54.0,93.0,181.0,349.0,579.0,2694.0,11546.0,584326.0,99.08852250284944,461.0440062567813,9153.0,4640.0,46798.0,41.7932881111111,1.0,USAQUÉN,0.1291817523533671,0.191220130340333,0.2796116944243302,0.182994659666908,0.3543938231105858,12.998884149203064,2026-01
UPZ15,2026,2,1,0,509909.0,219536.0,290373.0,621.8896281927866,0.0,36.0,68.0,93.0,219.0,416.0,672.0,2873.0,12755.0,584326.0,115.00429554734858,491.677590933828,9153.0,4640.0,46798.0,41.7932881111111,1.0,USAQUÉN,0.1312704815957357,0.1551217962420745,0.2885691368459862,0.175023386525831,0.3525268874161791,13.141987557407187,2026-02
UPZ15,2026,3,1,0,523458.0,214798.0,308660.0,621.8896281927866,0.0,31.0,87.0,159.0,195.0,472.0,682.0,3236.0,13906.0,584326.0,116.71566899299364,553.800447010744,9153.0,4640.0,46798.0,41.7932881111111,1.0,USAQUÉN,0.1322875951843319,0.1696124617447818,0.2894883639184041,0.1720424561282853,0.3505591620595356,13.168212076847832,2026-03
UPZ15,2026,4,1,0,483616.0,189561.0,294055.0,621.8896281927866,0.0,20.0,56.0,89.0,246.0,411.0,586.0,2892.0,12729.0,584326.0,100.28648391480098,494.9292004805536,9153.0,4640.0,46798.0,41.7932881111111,1.0,USAQUÉN,0.1339678587970621,0.161812264275789,0.2925254747568319,0.1742394792562694,0.351809335060056,13.089046482369847,2026-04
UPZ15,2026,5,1,0,502366.0,209781.0,292585.0,621.8896281927866,0.0,31.0,81.0,126.0,180.0,418.0,596.0,3039.0,13288.0,584326.0,101.99785736044603,520.0863901315362,9153.0,4640.0,46798.0,41.7932881111111,1.0,USAQUÉN,0.1327279314284804,0.2116763475235187,0.2799950633601796,0.1753701484574991,0.3453097145952966,13.127084216686823,2026-05
UPZ15,2026,6,1,0,466003.0,207440.0,258563.0,621.8896281927866,0.0,16.0,39.0,86.0,184.0,325.0,502.0,2710.0,11805.0,584326.0,85.91094697138242,463.7822037698134,9153.0,4640.0,46798.0,41.7932881111111,1.0,USAQUÉN,0.2788243852507387,0.1936725729233502,0.3491801554925612,0.07848018145805921,0.4063967687394326,13.0519473508553,2026-06
UPZ16,2023,1,3,0,2176791.0,888489.0,1288302.0,307.3059115050126,1.0,149.0,342.0,554.0,747.0,1792.0,660.0,2531.0,10327.0,585076.0,112.80585770053804,432.59337248494217,9046.0,4968.0,39367.0,41.7932881111111,1.0,USAQUÉN,0.10708607303135668,0.14545310045842708,0.2877818770842033,0.1729702116555976,0.36468343015764565,14.593362331933255,2023-01
UPZ16,2023,2,3,0,2342146.0,983807.0,1358339.0,307.3059115050126,1.0,142.0,297.0,532.0,803.0,1774.0,645.0,2553.0,10574.0,585076.0,110.242088207344,436.3535677416267,9046.0,4968.0,39367.0,41.7932881111111,1.0,USAQUÉN,0.10892702675238859,0.14073887793502193,0.2889380081344203,0.16508321855255814,0.3626245762401183,14.666578161077194,2023-02
UPZ16,2023,3,3,0,2592894.0,1066947.0,1525947.0,307.3059115050126,1.0,156.0,327.0,579.0,837.0,1899.0,703.0,2727.0,10950.0,585076.0,120.15533024769432,466.0932938626777,9046.0,4968.0,39367.0,41.7932881111111,1.0,USAQUÉN,0.10980549147014873,0.13350217941805564,0.29136439823610216,0.16870570104292731,0.3639763272187797,14.768285184394824,2023-03
UPZ16,2023,4,3,0,2194461.0,908420.0,1286041.0,307.3059115050126,1.0,166.0,323.0,586.0,868.0,1943.0,740.0,2791.0,11743.0,585076.0,126.47929499757296,477.0320437003056,9046.0,4968.0,39367.0,41.7932881111111,1.0,USAQUÉN,0.10970119769729324,0.1869087671186683,0.2900074323489914,0.16706289152552717,0.3614020321081172,14.601447016250525,2023-04
UPZ16,2023,5,3,0,2522217.0,1065942.0,1456275.0,307.3059115050126,1.0,177.0,414.0,701.0,889.0,2181.0,771.0,3254.0,12955.0,585076.0,131.777751950174,556.1670620568951,9046.0,4968.0,39367.0,41.7932881111111,1.0,USAQUÉN,0.10819370418960772,0.1464794662790711,0.2906783992019719,0.17509952553646255,0.3701820135105898,14.740648834628686,2023-05
UPZ16,2023,6,3,0,2389940.0,1048805.0,1341135.0,307.3059115050126,1.0,158.0,308.0,596.0,779.0,1841.0,697.0,2798.0,11562.0,585076.0,119.1298224504167,478.2284694637961,9046.0,4968.0,39367.0,41.7932881111111,1.0,USAQUÉN,0.10884582876557566,0.15197871076261327,0.285107157501862,0.17615253939429437,0.3687347902329468,14.686778818990057,2023-06
UPZ16,2023,7,3,0,2331234.0,1031213.0,1300021.0,307.3059115050126,1.0,161.0,319.0,664.0,815.0,1959.0,712.0,2523.0,11549.0,585076.0,121.69359194361074,431.2260287552386,9046.0,4968.0,39367.0,41.7932881111111,1.0,USAQUÉN,0.1077759675776863,0.19359189167625387,0.28090745073210155,0.17716025075131875,0.36680112948641186,14.661908299079933,2023-07
UPZ16,2023,8,3,0,2597339.0,1172683.0,1424656.0,307.3059115050126,1.0,134.0,235.0,580.0,727.0,1676.0,619.0,2240.0,9999.0,585076.0,105.79822108580764,382.8562443169776,9046.0,4968.0,39367.0,41.7932881111111,1.0,USAQUÉN,0.10665839153071659,0.14644719075946572,0.2882034266609018,0.1748258506109522,0.3715036795605439,14.769998017358864,2023-08
UPZ16,2023,9,3,0,2645375.0,1182478.0,1462897.0,307.3059115050126,1.0,174.0,314.0,717.0,889.0,2094.0,692.0,2796.0,12721.0,585076.0,118.275232619352,477.8866335313703,9046.0,4968.0,39367.0,41.7932881111111,1.0,USAQUÉN,0.10285573878939652,0.15618693001937342,0.2889544960544346,0.17163691348107543,0.3703048074025023,14.788323390162756,2023-09
UPZ16,2023,10,3,0,2588574.0,1173374.0,1415200.0,307.3059115050126,1.0,172.0,293.0,693.0,869.0,2027.0,703.0,2835.0,12220.0,585076.0,120.15533024769432,484.5524342136748,9046.0,4968.0,39367.0,41.7932881111111,1.0,USAQUÉN,0.10100734999269864,0.14580846442867768,0.28809723036698964,0.1741089881919543,0.3731553963650698,14.766617702900785,2023-10
UPZ16,2023,11,3,0,2528176.0,1147721.0,1380455.0,307.3059115050126,1.0,170.0,331.0,592.0,870.0,1963.0,722.0,3148.0,11947.0,585076.0,123.4027716057401,538.049757638324,9046.0,4968.0,39367.0,41.7932881111111,1.0,USAQUÉN,0.10393501085367472,0.15030203593420707,0.28520482751200865,0.1743794735809532,0.36823487010001404,14.743008652078672,2023-11
UPZ16,2023,12,3,0,2328459.0,1028684.0,1299775.0,307.3059115050126,1.0,173.0,305.0,729.0,1025.0,2232.0,718.0,3253.0,13435.0,585076.0,122.71909974088835,555.9961440906823,9046.0,4968.0,39367.0,41.7932881111111,1.0,USAQUÉN,0.11280378997439935,0.17690627148685031,0.2736264628236958,0.17116084071052995,0.3525528630135863,14.660717233347466,2023-12
UPZ16,2024,1,3,0,2310922.0,999448.0,1311474.0,307.3059115050126,1.0,117.0,211.0,385.0,522.0,1235.0,453.0,1894.0,7940.0,586366.0,77.25550253595877,323.00644989648106,9684.0,4757.0,36626.0,41.7932881111111,1.0,USAQUÉN,0.10210080651791793,0.1383123272875501,0.2937100430044804,0.1725207514576433,0.37449427494893384,14.653157137064245,2024-01
UPZ16,2024,2,3,0,2515325.0,1163179.0,1352146.0,307.3059115050126,1.0,161.0,318.0,576.0,754.0,1809.0,669.0,2660.0,11593.0,586366.0,114.09256334780666,453.64158221997866,9684.0,4757.0,36626.0,41.7932881111111,1.0,USAQUÉN,0.10400604295667554,0.12773975530001092,0.2862731456173655,0.17408684762406448,0.37122127760939555,14.737912577819278,2024-02
UPZ16,2024,3,3,0,2276605.0,1038622.0,1237983.0,307.3059115050126,1.0,109.0,253.0,581.0,649.0,1592.0,507.0,2345.0,9925.0,586366.0,86.46476773892074,399.92086853603377,9684.0,4757.0,36626.0,41.7932881111111,1.0,USAQUÉN,0.10731198429240026,0.18747477054649359,0.28610760320740747,0.17212823480577435,0.3653990528900752,14.63819585612842,2024-03
UPZ16,2024,4,3,0,2577927.0,1117266.0,1460661.0,307.3059115050126,1.0,99.0,199.0,381.0,530.0,1209.0,476.0,1788.0,7461.0,586366.0,81.17796734462776,304.9290033869631,9684.0,4757.0,36626.0,41.7932881111111,1.0,USAQUÉN,0.10207736681449858,0.1254756244067423,0.2944722639547202,0.17197810488815232,0.3760971504024662,14.762496145555913,2024-04
UPZ16,2024,5,3,0,2570315.0,1138988.0,1431327.0,307.3059115050126,1.0,158.0,331.0,677.0,870.0,2036.0,630.0,2826.0,11809.0,586366.0,107.44142736788967,481.9515456216766,9684.0,4757.0,36626.0,41.7932881111111,1.0,USAQUÉN,0.1055932833135238,0.1472959539978563,0.29497240610586634,0.16657141245333743,0.37026364321099225,14.759539017453934,2024-05
UPZ16,2024,6,3,0,2234454.0,1043378.0,1191076.0,307.3059115050126,1.0,173.0,366.0,679.0,723.0,1941.0,724.0,3041.0,11919.0,586366.0,123.47237049897164,518.6180644853215,9684.0,4757.0,36626.0,41.7932881111111,1.0,USAQUÉN,0.10668109524742952,0.19493621260495847,0.2862954439876587,0.16719386480992668,0.36419726983577727,14.619507460882835,2024-06
UPZ16,2024,7,3,0,2333351.0,1161543.0,1171808.0,307.3059115050126,1.0,139.0,325.0,691.0,811.0,1966.0,668.0,2871.0,11732.0,586366.0,113.92202139960366,489.62593329081153,9684.0,4757.0,36626.0,41.7932881111111,1.0,USAQUÉN,0.10327036095298132,0.13379555840505775,0.2771790442158081,0.18194905095718555,0.3740827948482647,14.662815989751387,2024-07
UPZ16,2024,8,3,0,2507441.0,1172583.0,1334858.0,307.3059115050126,1.0,139.0,280.0,637.0,716.0,1772.0,608.0,2792.0,11261.0,586366.0,103.6895045074237,476.1531193827746,9684.0,4757.0,36626.0,41.7932881111111,1.0,USAQUÉN,0.10499070566366266,0.16790385097794916,0.2868809276070703,0.17121639153224338,0.36902872939141584,14.734773269129642,2024-08
UPZ16,2024,9,3,0,2375549.0,1114596.0,1260953.0,307.3059115050126,1.0,172.0,339.0,702.0,953.0,2166.0,725.0,3167.0,12981.0,586366.0,123.64291244717464,540.1063499588994,9684.0,4757.0,36626.0,41.7932881111111,1.0,USAQUÉN,0.1018598227188746,0.1434834642434233,0.2897309211470696,0.1679136064968561,0.3721140040993915,14.680739126632746,2024-09
UPZ16,2024,10,3,0,2665227.0,1260807.0,1404420.0,307.3059115050126,1.0,164.0,386.0,722.0,902.0,2174.0,749.0,2996.0,12734.0,586366.0,127.73591920404662,510.9436768161865,9684.0,4757.0,36626.0,41.7932881111111,1.0,USAQUÉN,0.1018554892322492,0.12747394499605472,0.28724645217836975,0.17387674670862927,0.3750498190368399,14.795799790191019,2024-10
UPZ16,2024,11,3,0,2431733.0,1134225.0,1297508.0,307.3059115050126,1.0,152.0,254.0,616.0,864.0,1886.0,661.0,2725.0,12756.0,586366.0,112.72822776218268,464.7268088531736,9684.0,4757.0,36626.0,41.7932881111111,1.0,USAQUÉN,0.10652485285185499,0.1786766886002698,0.28336334622263215,0.1688437834252362,0.36407801097996695,14.70411472985704,2024-11
UPZ16,2024,12,3,0,2333788.0,1078603.0,1255185.0,307.3059115050126,1.0,184.0,305.0,788.0,788.0,2065.0,721.0,3298.0,14172.0,586366.0,122.96074465436264,562.4473451734923,9684.0,4757.0,36626.0,41.7932881111111,1.0,USAQUÉN,0.11263276698654717,0.1494643043841171,0.27475117705635643,0.16830406189422514,0.3521070719545794,14.663003256512148,2024-12
UPZ16,2025,1,3,0,2190321.0,1037978.0,1152343.0,307.3059115050126,1.0,128.0,246.0,553.0,654.0,1581.0,592.0,2309.0,10342.0,586286.0,100.97460966149627,393.83509072364,9559.0,4923.0,45490.0,41.7932881111111,1.0,USAQUÉN,0.10549138687890951,0.13000377570228283,0.2829758743124866,0.1755560029785588,0.36929266466073074,14.599558666394033,2025-01
UPZ16,2025,2,3,0,2428711.0,1151145.0,1277566.0,307.3059115050126,1.0,139.0,263.0,608.0,774.0,1784.0,665.0,2741.0,11610.0,586286.0,113.4258706501605,467.5192653414886,9559.0,4923.0,45490.0,41.7932881111111,1.0,USAQUÉN,0.10516442672676984,0.1337849583585696,0.28658617678266374,0.17373948567779365,0.3709812122883912,14.702871221902042,2025-02
UPZ16,2025,3,3,0,2509603.0,1185407.0,1324196.0,307.3059115050126,1.0,155.0,309.0,672.0,890.0,2026.0,750.0,3041.0,13306.0,586286.0,127.9239142670983,518.688831048328,9559.0,4923.0,45490.0,41.7932881111111,1.0,USAQUÉN,0.10513535407791587,0.168929109504571,0.28450476031467925,0.17105175599487246,0.3678296113703709,14.735635131267518,2025-03
UPZ16,2025,4,3,0,4020077.0,1873562.0,2146515.0,307.3059115050126,1.0,140.0,302.0,625.0,904.0,1971.0,720.0,2807.0,12796.0,586286.0,122.8069576964144,478.7765697969933,9559.0,4923.0,45490.0,41.7932881111111,1.0,USAQUÉN,0.10507410678949673,0.1377632816485853,0.2917177954551617,0.1681027502707037,0.3696891466873828,15.20681161464062,2025-04
UPZ16,2025,5,3,0,2554488.0,1192637.0,1361851.0,307.3059115050126,1.0,122.0,319.0,638.0,888.0,1967.0,667.0,2787.0,13069.0,586286.0,113.7670010882061,475.3652654165373,9559.0,4923.0,45490.0,41.7932881111111,1.0,USAQUÉN,0.10386190892264903,0.16229905953756676,0.2896188981901657,0.167246822063756,0.36897617298942403,14.753362370149473,2025-05
UPZ16,2025,6,3,0,2190348.0,961744.0,1228604.0,307.3059115050126,1.0,152.0,308.0,665.0,806.0,1931.0,640.0,2970.0,12597.0,586286.0,109.16174017459056,506.5787004977093,9559.0,4923.0,45490.0,41.7932881111111,1.0,USAQUÉN,0.10349953523367054,0.1749863492011315,0.2920061104445504,0.1689599095668816,0.371886089575838,14.599570993278352,2025-06
UPZ16,2025,7,3,0,2612731.0,1207190.0,1405541.0,307.3059115050126,1.0,167.0,343.0,740.0,851.0,2101.0,769.0,3119.0,12966.0,586286.0,131.16465342853147,531.9929181321062,9559.0,4923.0,45490.0,41.7932881111111,1.0,USAQUÉN,0.09979557788383112,0.1190218204629561,0.29104335654914343,0.17279046331214348,0.37856658776676,14.775906592398924,2025-07
UPZ16,2025,8,3,0,2403692.0,1108491.0,1295201.0,307.3059115050126,1.0,180.0,320.0,766.0,895.0,2161.0,751.0,2995.0,13574.0,586286.0,128.09447948612112,510.8428309732792,9559.0,4923.0,45490.0,41.7932881111111,1.0,USAQUÉN,0.10345834657684921,0.18120832452743527,0.28450816493960124,0.16649803718612863,0.3661127907748922,14.69251644662886,2025-08
UPZ16,2025,9,3,0,2562524.0,1181422.0,1381102.0,307.3059115050126,1.0,177.0,300.0,717.0,929.0,2123.0,741.0,2987.0,13089.0,586286.0,126.38882729589314,509.4783092210968,9559.0,4923.0,45490.0,41.7932881111111,1.0,USAQUÉN,0.10019067138493137,0.12556292155702733,0.29065561922541994,0.1695734361902561,0.37670025076746444,14.7565032682386,2025-09
UPZ16,2025,10,3,0,2551618.0,1180677.0,1370941.0,307.3059115050126,1.0,147.0,299.0,773.0,935.0,2154.0,660.0,2985.0,13611.0,586286.0,112.57304455504652,509.1371787830512,9559.0,4923.0,45490.0,41.7932881111111,1.0,USAQUÉN,0.10035867437837477,0.1273301881394472,0.2910702150557019,0.16744355934156288,0.3747893389619598,14.752238225722296,2025-10
UPZ16,2025,11,3,0,2329152.0,1075744.0,1253408.0,307.3059115050126,1.0,145.0,304.0,792.0,892.0,2133.0,674.0,3065.0,13484.0,586286.0,114.9609576213657,522.7823963048752,9559.0,4923.0,45490.0,41.7932881111111,1.0,USAQUÉN,0.10678736295441427,0.1917350177231885,0.2820215254307147,0.16513993075591457,0.3617560304745644,14.6610148107987,2025-11
UPZ16,2025,12,3,0,1060632.0,1060632.0,0.0,307.3059115050126,1.0,102.0,337.0,768.0,855.0,2062.0,589.0,3375.0,14838.0,586286.0,100.46291400442786,575.6576142019425,9559.0,4923.0,45490.0,41.7932881111111,1.0,USAQUÉN,0.129467147889183,0.1427365947849961,0.10360992314016541,0.27029167515217334,0.4413259109443432,13.874375514830994,2025-12
UPZ16,2026,1,3,0,2080547.0,874846.0,1205701.0,307.3059115050126,1.0,102.0,254.0,590.0,809.0,1755.0,579.0,2694.0,11546.0,584326.0,99.08852250284944,461.0440062567813,9153.0,4640.0,46798.0,41.7932881111111,1.0,USAQUÉN,0.10162135246163627,0.15949507509323263,0.2918386366662229,0.16358342301327483,0.36963957674592113,14.54814139787335,2026-01
UPZ16,2026,2,3,0,2342865.0,943426.0,1399439.0,307.3059115050126,1.0,115.0,317.0,604.0,832.0,1868.0,672.0,2873.0,12755.0,584326.0,115.00429554734858,491.677590933828,9153.0,4640.0,46798.0,41.7932881111111,1.0,USAQUÉN,0.09951491016341099,0.13109248718982952,0.2954203507244335,0.16138531242730583,0.37326987156577746,14.666885097392028,2026-02
UPZ16,2026,3,3,0,2493296.0,1002887.0,1490409.0,307.3059115050126,1.0,137.0,392.0,704.0,973.0,2206.0,682.0,3236.0,13906.0,584326.0,116.71566899299364,553.800447010744,9153.0,4640.0,46798.0,41.7932881111111,1.0,USAQUÉN,0.09823382382196093,0.13772331885183303,0.2954659214148661,0.16249213891972708,0.3751748088325254,14.729116087908418,2026-03
UPZ16,2026,4,3,0,3277319.0,1275056.0,2002263.0,307.3059115050126,1.0,113.0,254.0,666.0,845.0,1878.0,586.0,2892.0,12729.0,584326.0,100.28648391480098,494.9292004805536,9153.0,4640.0,46798.0,41.7932881111111,1.0,USAQUÉN,0.10468983946939553,0.13971603008434635,0.29361407906889747,0.15752418363912693,0.36402110572566754,15.002536268075964,2026-04
UPZ16,2026,5,3,0,3031165.0,1180525.0,1850640.0,307.3059115050126,1.0,155.0,307.0,661.0,892.0,2015.0,596.0,3039.0,13288.0,584326.0,101.99785736044603,520.0863901315362,9153.0,4640.0,46798.0,41.7932881111111,1.0,USAQUÉN,0.1003508551992385,0.17605640075680468,0.2986600861384978,0.16092921368516722,0.37487120553821784,14.924457592037655,2026-05
UPZ16,2026,6,3,0,2168268.0,882124.0,1286144.0,307.3059115050126,1.0,125.0,265.0,690.0,818.0,1898.0,502.0,2710.0,11805.0,584326.0,85.91094697138242,463.7822037698134,9153.0,4640.0,46798.0,41.7932881111111,1.0,USAQUÉN,0.25955186351502674,0.154086118505646,0.36949998800886236,0.05296531609561177,0.46833530516516825,14.589439250137978,2026-06
UPZ18,2023,1,1,0,217874.0,86436.0,131438.0,836.1299646619782,0.0,81.0,286.0,322.0,404.0,1093.0,1321.0,6301.0,20595.0,1241362.0,106.41537279214282,507.5876335831128,20751.0,10547.0,91018.0,40.380222,11.0,SUBA,0.1144606515692556,0.1543369103243159,0.2887081524183702,0.17022223854154228,0.3525811727842024,12.291672193024066,2023-01
UPZ18,2023,2,1,0,244380.0,103626.0,140754.0,836.1299646619782,0.0,79.0,290.0,328.0,449.0,1146.0,1165.0,6395.0,21096.0,1241362.0,93.84853088784736,515.1599613972395,20751.0,10547.0,91018.0,40.380222,11.0,SUBA,0.1163638595629757,0.1459202880759472,0.2955274572387266,0.1625869547426139,0.3490395878214002,12.406479669870514,2023-02
UPZ18,2023,3,1,0,281534.0,123898.0,157636.0,836.1299646619782,0.0,85.0,333.0,410.0,446.0,1274.0,1242.0,6603.0,21351.0,1241362.0,100.0513951611214,531.9157506029668,20751.0,10547.0,91018.0,40.380222,11.0,SUBA,0.1174707140167795,0.1357420418137774,0.3011181597959749,0.1670029197183999,0.3540600364827241,12.548008500795913,2023-03
UPZ18,2023,4,1,0,238443.0,109063.0,129380.0,836.1299646619782,0.0,92.0,314.0,443.0,417.0,1266.0,1368.0,7672.0,24093.0,1241362.0,110.2015366992062,618.03084031894,20751.0,10547.0,91018.0,40.380222,11.0,SUBA,0.1212826545547573,0.1953968034289117,0.2954878105039779,0.1635569087790373,0.3457608362416163,12.381885567036294,2023-04
UPZ18,2023,5,1,0,280750.0,129154.0,151596.0,836.1299646619782,0.0,81.0,338.0,476.0,519.0,1414.0,1362.0,7720.0,25130.0,1241362.0,109.71819662596408,621.8975609048771,20751.0,10547.0,91018.0,40.380222,11.0,SUBA,0.1229171861086375,0.1567016918967052,0.299793410507569,0.1660587711487088,0.3496079256806895,12.54521987260069,2023-05
UPZ18,2023,6,1,0,257186.0,114932.0,142254.0,836.1299646619782,0.0,64.0,315.0,380.0,469.0,1228.0,1230.0,7467.0,22921.0,1241362.0,99.08471501463714,601.5167211498338,20751.0,10547.0,91018.0,40.380222,11.0,SUBA,0.1171914489902249,0.1648767817843895,0.2978117004813637,0.1671397354443865,0.3535314313741519,12.45755483751574,2023-06
UPZ18,2023,7,1,0,247948.0,114053.0,133895.0,836.1299646619782,0.0,90.0,228.0,398.0,439.0,1155.0,1343.0,6261.0,22785.0,1241362.0,108.18761972736398,504.3653664281652,20751.0,10547.0,91018.0,40.380222,11.0,SUBA,0.1161614532079307,0.2003000629164179,0.2941342539564747,0.1644175391614371,0.3505569264445153,12.420974325742382,2023-07
UPZ18,2023,8,1,0,277381.0,128963.0,148418.0,836.1299646619782,0.0,61.0,238.0,302.0,448.0,1049.0,1107.0,5917.0,19679.0,1241362.0,89.17624351317343,476.65386889561626,20751.0,10547.0,91018.0,40.380222,11.0,SUBA,0.1142435855375818,0.1490260688367263,0.3010768581842303,0.1662370530065145,0.3578468813167774,12.53314729136642,2023-08
UPZ18,2023,9,1,0,276609.0,124419.0,152190.0,836.1299646619782,0.0,79.0,306.0,394.0,394.0,1173.0,1257.0,7153.0,23599.0,1241362.0,101.25974534422676,576.2219239834956,20751.0,10547.0,91018.0,40.380222,11.0,SUBA,0.1124656103019063,0.1643330477316356,0.3064614672696839,0.1605840735478599,0.3583760479562139,12.530360235644402,2023-09
UPZ18,2023,10,1,0,264943.0,115418.0,149525.0,836.1299646619782,0.0,79.0,319.0,418.0,524.0,1340.0,1294.0,7400.0,24227.0,1241362.0,104.24034246255324,596.1194236652967,20751.0,10547.0,91018.0,40.380222,11.0,SUBA,0.1151002291058831,0.1496888009873822,0.3024575097285076,0.1607591066757755,0.3553790340866148,12.487269987492631,2023-10
UPZ18,2023,11,1,0,264216.0,111812.0,152404.0,836.1299646619782,0.0,82.0,345.0,400.0,541.0,1368.0,1364.0,7663.0,24835.0,1241362.0,109.87930998371144,617.3058302090768,20751.0,10547.0,91018.0,40.380222,11.0,SUBA,0.1215369243346353,0.1590138371635328,0.298910739697823,0.1661935688981742,0.3489366418953998,12.48452222941835,2023-11
UPZ18,2023,12,1,0,242465.0,101835.0,140630.0,836.1299646619782,0.0,78.0,360.0,447.0,539.0,1424.0,1253.0,8573.0,26414.0,1241362.0,100.93751862873198,690.6124079841335,20751.0,10547.0,91018.0,40.380222,11.0,SUBA,0.1279236178417503,0.1900233023322954,0.2784938032293321,0.1657517579856886,0.3335559182456111,12.398612649046205,2023-12
UPZ18,2024,1,1,0,225062.0,95220.0,129842.0,836.1299646619782,0.0,51.0,223.0,253.0,354.0,881.0,814.0,5199.0,16617.0,1247542.0,65.2483042655077,416.73947650660256,16654.0,7455.0,87728.0,40.380222,11.0,SUBA,0.10903662101998561,0.1473816104006896,0.2979356799459704,0.1671894855639779,0.3598836976583869,12.324131198783654,2024-01
UPZ18,2024,2,1,0,276065.0,128548.0,147517.0,836.1299646619782,0.0,75.0,306.0,330.0,515.0,1226.0,1273.0,7372.0,23842.0,1247542.0,102.04065273954704,590.921988999168,16654.0,7455.0,87728.0,40.380222,11.0,SUBA,0.1171282125586365,0.133186025030337,0.302037563617264,0.1659790266784996,0.3570832985757238,12.528391624218186,2024-02
UPZ18,2024,3,1,0,246897.0,112915.0,133982.0,836.1299646619782,0.0,33.0,280.0,373.0,358.0,1044.0,974.0,6729.0,20508.0,1247542.0,78.0735237771554,539.3806380867338,16654.0,7455.0,87728.0,40.380222,11.0,SUBA,0.1155866616443294,0.1946439203392508,0.3036974932866742,0.1620918844700421,0.3551385402685244,12.416726524591164,2024-03
UPZ18,2024,4,1,0,280943.0,127795.0,153148.0,836.1299646619782,0.0,38.0,216.0,232.0,279.0,765.0,753.0,4352.0,14499.0,1247542.0,60.35868932669201,348.84597071681753,16654.0,7455.0,87728.0,40.380222,11.0,SUBA,0.1144217866257568,0.1310159000224244,0.31156497937304,0.1692727706331889,0.3664353056032609,12.545907080764563,2024-04
UPZ18,2024,5,1,0,285022.0,133942.0,151080.0,836.1299646619782,0.0,69.0,314.0,473.0,474.0,1330.0,1224.0,7334.0,22802.0,1247542.0,98.11292926410492,587.8759993651516,16654.0,7455.0,87728.0,40.380222,11.0,SUBA,0.1163980324325841,0.1522970156689659,0.3015100588726484,0.166173137512192,0.35618461451988,12.56032164925402,2024-05
UPZ18,2024,6,1,0,248747.0,117361.0,131386.0,836.1299646619782,0.0,73.0,359.0,438.0,376.0,1246.0,1177.0,7748.0,23904.0,1247542.0,94.34552103255842,621.0612548515401,16654.0,7455.0,87728.0,40.380222,11.0,SUBA,0.1137661961752302,0.2038738155636048,0.2953121042665841,0.1619677825260204,0.3517538068920546,12.424191594646606,2024-06
UPZ18,2024,7,1,0,257534.0,128828.0,128706.0,836.1299646619782,0.0,81.0,378.0,518.0,470.0,1447.0,1240.0,7870.0,24449.0,1247542.0,99.3954512152697,630.8404847291714,16654.0,7455.0,87728.0,40.380222,11.0,SUBA,0.1108086699231946,0.1439343931286742,0.2989314032321946,0.1704085674124581,0.3610199638434772,12.45890702920452,2024-07
UPZ18,2024,8,1,0,277776.0,131710.0,146066.0,836.1299646619782,0.0,64.0,357.0,466.0,483.0,1370.0,1192.0,7116.0,23369.0,1247542.0,95.5478853617754,570.4016377805317,16654.0,7455.0,87728.0,40.380222,11.0,SUBA,0.1167991475145441,0.1818335637348079,0.3003967225390243,0.1630918437878002,0.3543643427895896,12.53457031248173,2024-08
UPZ18,2024,9,1,0,265296.0,124799.0,140497.0,836.1299646619782,0.0,95.0,309.0,499.0,530.0,1433.0,1189.0,7769.0,25635.0,1247542.0,95.307412495932,622.7445649124438,16654.0,7455.0,87728.0,40.380222,11.0,SUBA,0.1134657137687714,0.1532627706410952,0.3047087027320427,0.1592862312285145,0.3572914582539005,12.488601462741153,2024-09
UPZ18,2024,10,1,0,291633.0,139904.0,151729.0,836.1299646619782,0.0,83.0,312.0,409.0,521.0,1325.0,1294.0,8011.0,25384.0,1247542.0,103.7239628004508,642.142709423811,16654.0,7455.0,87728.0,40.380222,11.0,SUBA,0.11323821378239081,0.1361985783501867,0.3056204201856443,0.1659825877044093,0.362189009464892,12.583251441437824,2024-10
UPZ18,2024,11,1,0,276349.0,129769.0,146580.0,836.1299646619782,0.0,78.0,306.0,440.0,502.0,1326.0,1202.0,7472.0,24175.0,1247542.0,96.34946158125338,598.9377511939477,16654.0,7455.0,87728.0,40.380222,11.0,SUBA,0.1250882036844714,0.1899844037792791,0.2956261828340251,0.1651426276194232,0.3489688293713337,12.52941983865526,2024-11
UPZ18,2024,12,1,0,260440.0,122984.0,137456.0,836.1299646619782,0.0,104.0,401.0,586.0,489.0,1580.0,1285.0,9247.0,29623.0,1247542.0,103.00254420292062,741.2175301512895,16654.0,7455.0,87728.0,40.380222,11.0,SUBA,0.124162954999232,0.1643987098755951,0.2805099063123944,0.1650898479496237,0.3358614829794923,12.470127787350798,2024-12
UPZ18,2025,1,1,0,242163.0,113352.0,128811.0,836.1299646619782,0.0,59.0,244.0,445.0,388.0,1136.0,1037.0,5964.0,20498.0,1251652.0,82.85050477289215,476.490270458562,16824.0,8053.0,104368.0,40.380222,11.0,SUBA,0.1100044185114984,0.1403476171008783,0.2991249695453062,0.1668752038915937,0.3610744040850923,12.397366332122331,2025-01
UPZ18,2025,2,1,0,264029.0,126883.0,137146.0,836.1299646619782,0.0,100.0,327.0,507.0,474.0,1408.0,1178.0,6511.0,22299.0,1251652.0,94.115616800836,520.1925135740605,16824.0,8053.0,104368.0,40.380222,11.0,SUBA,0.1140556529775138,0.1362274598623636,0.3097765775729181,0.1653644107276094,0.3632275774212138,12.4838142245804,2025-02
UPZ18,2025,3,1,0,270729.0,130154.0,140575.0,836.1299646619782,0.0,81.0,360.0,561.0,537.0,1539.0,1243.0,7999.0,26969.0,1251652.0,99.3087535513066,639.075397954064,16824.0,8053.0,104368.0,40.380222,11.0,SUBA,0.1155731377133591,0.1725563201577961,0.3038388942447983,0.1611722423530541,0.3563726941639771,12.508873599528254,2025-03
UPZ18,2025,4,1,0,255594.0,122336.0,133258.0,836.1299646619782,0.0,85.0,265.0,444.0,450.0,1244.0,1195.0,6987.0,24149.0,1251652.0,95.47382179711292,558.2222534698143,16824.0,8053.0,104368.0,40.380222,11.0,SUBA,0.1140637104157374,0.1434345094172789,0.3066660406738812,0.1650156106950867,0.362422715554058,12.45134552703159,2025-04
UPZ18,2025,5,1,0,271233.0,131302.0,139931.0,836.1299646619782,0.0,73.0,339.0,505.0,470.0,1387.0,1308.0,7593.0,26013.0,1251652.0,104.50189030177717,606.6382668665093,16824.0,8053.0,104368.0,40.380222,11.0,SUBA,0.1134448979290868,0.162959521887086,0.3083879911367717,0.1622368959529261,0.3612372446625948,12.510733509061724,2025-05
UPZ18,2025,6,1,0,235661.0,107389.0,128272.0,836.1299646619782,0.0,75.0,363.0,392.0,451.0,1281.0,1218.0,7907.0,24959.0,1251652.0,97.31139326266404,631.7251120918594,16824.0,8053.0,104368.0,40.380222,11.0,SUBA,0.1218784610096706,0.1807596505149346,0.297028358531959,0.1587110298267426,0.3473352480573058,12.370149610659839,2025-06
UPZ18,2025,7,1,0,280767.0,131183.0,149584.0,836.1299646619782,0.0,66.0,347.0,436.0,568.0,1417.0,1255.0,8072.0,26419.0,1251652.0,100.267486489855,644.9076899969001,16824.0,8053.0,104368.0,40.380222,11.0,SUBA,0.1132825438887048,0.123924820224599,0.3013067775059034,0.165781591141409,0.3610034624285495,12.545280422860095,2025-07
UPZ18,2025,8,1,0,250302.0,118343.0,131959.0,836.1299646619782,0.0,82.0,317.0,517.0,653.0,1569.0,1239.0,7906.0,27322.0,1251652.0,98.98917590512376,631.6452176803136,16824.0,8053.0,104368.0,40.380222,11.0,SUBA,0.11460555648776269,0.1856796989237001,0.3012760585213063,0.1614529648184992,0.3555636673480572,12.430423467799448,2025-08
UPZ18,2025,9,1,0,272995.0,129645.0,143350.0,836.1299646619782,0.0,84.0,356.0,492.0,555.0,1487.0,1349.0,7817.0,26484.0,1251652.0,107.77756117515092,624.5346150527463,16824.0,8053.0,104368.0,40.380222,11.0,SUBA,0.1092657374677191,0.1313174233960329,0.3087126137841352,0.1667796113481932,0.3680463199876832,12.51720875898106,2025-09
UPZ18,2025,10,1,0,273254.0,127682.0,145572.0,836.1299646619782,0.0,77.0,299.0,494.0,490.0,1360.0,1238.0,7772.0,26623.0,1251652.0,98.90928149357808,620.9393665331897,16824.0,8053.0,104368.0,40.380222,11.0,SUBA,0.1128071318260666,0.1309001881033763,0.3100778030696714,0.1648905414010407,0.3658934138273359,12.518157044540974,2025-10
UPZ18,2025,11,1,0,251740.0,116554.0,135186.0,836.1299646619782,0.0,81.0,427.0,497.0,504.0,1509.0,1230.0,8564.0,28331.0,1251652.0,98.27012620121248,684.215740477385,16824.0,8053.0,104368.0,40.380222,11.0,SUBA,0.1219512195121951,0.2060220862794947,0.2926432033049972,0.1611146420910463,0.343852167308847,12.436152087845496,2025-11
UPZ18,2025,12,1,0,112383.0,112383.0,0.0,836.1299646619782,0.0,72.0,362.0,685.0,603.0,1722.0,1286.0,8846.0,30404.0,1251652.0,102.74421324777175,706.7459645332729,16824.0,8053.0,104368.0,40.380222,11.0,SUBA,0.0950054723579189,0.1537688084496765,0.2461137360632836,0.1888274917024817,0.3588073818993976,11.629667959451364,2025-12
UPZ18,2026,1,1,0,211481.0,95145.0,116336.0,836.1299646619782,0.0,62.0,314.0,481.0,416.0,1273.0,1172.0,6896.0,24097.0,1252218.0,93.59392693604468,550.702832893314,14837.0,6742.0,111346.0,40.380222,11.0,SUBA,0.10328587438115,0.1609317149058307,0.3030485008109475,0.1634851357805193,0.3662751836703779,12.261890438917742,2026-01
UPZ18,2026,2,1,0,245344.0,110657.0,134687.0,836.1299646619782,0.0,80.0,319.0,537.0,566.0,1502.0,1165.0,7377.0,24001.0,1252218.0,93.03491884001028,589.1146749208204,14837.0,6742.0,111346.0,40.380222,11.0,SUBA,0.1057698578322681,0.1311709273509847,0.3150189122212077,0.1630853006391026,0.3738632145319262,12.410416586358622,2026-02
UPZ18,2026,3,1,0,254020.0,113588.0,140432.0,836.1299646619782,0.0,81.0,295.0,598.0,579.0,1553.0,1294.0,8120.0,27867.0,1252218.0,103.33663946692988,648.4493913998999,14837.0,6742.0,111346.0,40.380222,11.0,SUBA,0.1083418628454452,0.1402999763798126,0.3129950397606487,0.1634831902999763,0.3706288292192825,12.44516828305831,2026-03
UPZ18,2026,4,1,0,218604.0,93188.0,125416.0,836.1299646619782,0.0,45.0,265.0,380.0,423.0,1113.0,1077.0,7678.0,25475.0,1252218.0,86.00738848986359,613.1520230502996,14837.0,6742.0,111346.0,40.380222,11.0,SUBA,0.1073905326526504,0.131909754624801,0.3162842399956085,0.1646584691954401,0.37238277564554684,12.29501715281883,2026-04
UPZ18,2026,5,1,0,216708.0,94258.0,122450.0,836.1299646619782,0.0,63.0,363.0,549.0,567.0,1542.0,1097.0,7577.0,26371.0,1252218.0,87.60455447853329,605.0863348075176,14837.0,6742.0,111346.0,40.380222,11.0,SUBA,0.1086900345164922,0.1724486405670303,0.309577865145726,0.16141536076194693,0.3660281466285957,12.286306104240344,2026-05
UPZ18,2026,6,1,0,198440.0,84297.0,114143.0,836.1299646619782,0.0,47.0,290.0,518.0,492.0,1347.0,946.0,7319.0,24225.0,1252218.0,75.54595126407702,584.4828935536783,14837.0,6742.0,111346.0,40.380222,11.0,SUBA,0.2322666801048175,0.1531193307800846,0.3605321507760532,0.086177182019754,0.4109059573919766,12.198242066414986,2026-06
UPZ20,2023,1,1,0,328235.0,155292.0,172943.0,184.73148663218277,1.0,63.0,126.0,226.0,367.0,782.0,1321.0,6301.0,20595.0,1241362.0,106.41537279214282,507.5876335831128,20751.0,10547.0,91018.0,40.380222,11.0,SUBA,0.1086355812146785,0.1415357899066217,0.2995445336420552,0.1970935457827471,0.3898942979408215,12.701485094243528,2023-01
UPZ20,2023,2,1,0,363877.0,176126.0,187751.0,184.73148663218277,1.0,64.0,160.0,241.0,350.0,815.0,1165.0,6395.0,21096.0,1241362.0,93.84853088784736,515.1599613972395,20751.0,10547.0,91018.0,40.380222,11.0,SUBA,0.1128870469966499,0.1356942043602646,0.2991285516809251,0.18973719141358197,0.38326725377574555,12.804571177425812,2023-02
UPZ20,2023,3,1,0,404215.0,198293.0,205922.0,184.73148663218277,1.0,62.0,170.0,282.0,352.0,866.0,1242.0,6603.0,21351.0,1241362.0,100.0513951611214,531.9157506029668,20751.0,10547.0,91018.0,40.380222,11.0,SUBA,0.11681159778830572,0.1286048266392885,0.3006939376322007,0.1928206523755922,0.3843660758917303,12.9097021936045,2023-03
UPZ20,2023,4,1,0,335192.0,161982.0,173210.0,184.73148663218277,1.0,65.0,140.0,322.0,381.0,908.0,1368.0,7672.0,24093.0,1241362.0,110.2015366992062,618.03084031894,20751.0,10547.0,91018.0,40.380222,11.0,SUBA,0.1159842717009952,0.1856756724504164,0.297059595694408,0.1875462421537506,0.3763325662813499,12.72245878095681,2023-04
UPZ20,2023,5,1,0,385108.0,186840.0,198268.0,184.73148663218277,1.0,67.0,175.0,345.0,373.0,960.0,1362.0,7720.0,25130.0,1241362.0,109.71819662596408,621.8975609048771,20751.0,10547.0,91018.0,40.380222,11.0,SUBA,0.11462758498914591,0.1441907205251514,0.3025878454874996,0.1931899622962909,0.3866010949123213,12.861279093412207,2023-05
UPZ20,2023,6,1,0,349705.0,170143.0,179562.0,184.73148663218277,1.0,74.0,146.0,279.0,370.0,869.0,1230.0,7467.0,22921.0,1241362.0,99.08471501463714,601.5167211498338,20751.0,10547.0,91018.0,40.380222,11.0,SUBA,0.113329806551236,0.1568807995310333,0.2926409402210435,0.19714330650119377,0.38331063703178153,12.764845220918941,2023-06
UPZ20,2023,7,1,0,349741.0,175584.0,174157.0,184.73148663218277,1.0,77.0,108.0,346.0,347.0,878.0,1343.0,6261.0,22785.0,1241362.0,108.18761972736398,504.3653664281652,20751.0,10547.0,91018.0,40.380222,11.0,SUBA,0.11583714806099371,0.1941979922285348,0.2888823443634003,0.1936547330739032,0.3796874016513982,12.764948159530446,2023-07
UPZ20,2023,8,1,0,390212.0,188411.0,201801.0,184.73148663218277,1.0,57.0,145.0,226.0,348.0,776.0,1107.0,5917.0,19679.0,1241362.0,89.17624351317343,476.65386889561626,20751.0,10547.0,91018.0,40.380222,11.0,SUBA,0.1150092770083954,0.1424277059649626,0.2970897870900946,0.191354955767634,0.3815816730718448,12.874445460158034,2023-08
UPZ20,2023,9,1,0,388899.0,188067.0,200832.0,184.73148663218277,1.0,68.0,169.0,204.0,403.0,844.0,1257.0,7153.0,23599.0,1241362.0,101.25974534422676,576.2219239834956,20751.0,10547.0,91018.0,40.380222,11.0,SUBA,0.1137107578060113,0.1535900066598268,0.2985299525069491,0.18945793123664487,0.3824441345812473,12.871074948785429,2023-09
UPZ20,2023,10,1,0,379867.0,183523.0,196344.0,184.73148663218277,1.0,62.0,146.0,244.0,391.0,843.0,1294.0,7400.0,24227.0,1241362.0,104.24034246255324,596.1194236652967,20751.0,10547.0,91018.0,40.380222,11.0,SUBA,0.1108572210800095,0.1475674380770111,0.2964669213171979,0.1930649411504553,0.3855877031500604,12.847576470438273,2023-10
UPZ20,2023,11,1,0,371978.0,179219.0,192759.0,184.73148663218277,1.0,67.0,125.0,218.0,381.0,791.0,1364.0,7663.0,24835.0,1241362.0,109.87930998371144,617.3058302090768,20751.0,10547.0,91018.0,40.380222,11.0,SUBA,0.1124233153573598,0.1543505261063826,0.2955900617778471,0.19029888864395197,0.3834739073018673,12.82658999172151,2023-11
UPZ20,2023,12,1,0,335236.0,155133.0,180103.0,184.73148663218277,1.0,61.0,136.0,257.0,345.0,799.0,1253.0,8573.0,26414.0,1241362.0,100.93751862873198,690.6124079841335,20751.0,10547.0,91018.0,40.380222,11.0,SUBA,0.1199304370652316,0.1836407784366834,0.2847158419740123,0.1875544392606999,0.3693732856985098,12.722590040391271,2023-12
UPZ20,2024,1,1,0,319302.0,147686.0,171616.0,184.73148663218277,1.0,44.0,81.0,156.0,248.0,529.0,814.0,5199.0,16617.0,1247542.0,65.2483042655077,416.73947650660256,16654.0,7455.0,87728.0,40.380222,11.0,SUBA,0.1080732347432837,0.14423335901435,0.3022029301413708,0.1952164408616294,0.3918364405451982,12.673892642385104,2024-01
UPZ20,2024,2,1,0,338238.0,164750.0,173488.0,184.73148663218277,1.0,53.0,122.0,290.0,423.0,888.0,1273.0,7372.0,23842.0,1247542.0,102.04065273954704,590.921988999168,16654.0,7455.0,87728.0,40.380222,11.0,SUBA,0.1155015107705225,0.1313808619965822,0.3015421094022552,0.1832851424145128,0.3827980525204243,12.731505068685317,2024-02
UPZ20,2024,3,1,0,298608.0,143885.0,154723.0,184.73148663218277,1.0,45.0,126.0,262.0,352.0,785.0,974.0,6729.0,20508.0,1247542.0,78.0735237771554,539.3806380867338,16654.0,7455.0,87728.0,40.380222,11.0,SUBA,0.1151241761774634,0.196629025344264,0.3025103145260676,0.1790708889246101,0.3775575274023784,12.60688695542291,2024-03
UPZ20,2024,4,1,0,340630.0,160574.0,180056.0,184.73148663218277,1.0,35.0,97.0,130.0,312.0,574.0,753.0,4352.0,14499.0,1247542.0,60.35868932669201,348.84597071681753,16654.0,7455.0,87728.0,40.380222,11.0,SUBA,0.1114787305874409,0.1292634236561665,0.3107359891964888,0.1803246924815782,0.38794970895570596,12.738552123190994,2024-04
UPZ20,2024,5,1,0,340455.0,159146.0,181309.0,184.73148663218277,1.0,59.0,116.0,229.0,354.0,758.0,1224.0,7334.0,22802.0,1247542.0,98.11292926410492,587.8759993651516,16654.0,7455.0,87728.0,40.380222,11.0,SUBA,0.1145232115844972,0.1483103493853813,0.3101584644079247,0.1786609096650071,0.3826275694644462,12.73803823724768,2024-05
UPZ20,2024,6,1,0,298594.0,143658.0,154936.0,184.73148663218277,1.0,65.0,114.0,231.0,391.0,801.0,1177.0,7748.0,23904.0,1247542.0,94.34552103255842,621.0612548515401,16654.0,7455.0,87728.0,40.380222,11.0,SUBA,0.11188101569355038,0.2031822474664594,0.3027488830987896,0.1759144524002491,0.3759349380953338,12.606840070114414,2024-06
UPZ20,2024,7,1,0,308101.0,160006.0,148095.0,184.73148663218277,1.0,54.0,146.0,203.0,322.0,725.0,1240.0,7870.0,24449.0,1247542.0,99.3954512152697,630.8404847291714,16654.0,7455.0,87728.0,40.380222,11.0,SUBA,0.1079256477583649,0.1394380414214819,0.294137312115183,0.1947445805109363,0.3893242883400121,12.63818293027894,2024-07
UPZ20,2024,8,1,0,321268.0,157746.0,163522.0,184.73148663218277,1.0,56.0,122.0,210.0,293.0,681.0,1192.0,7116.0,23369.0,1247542.0,95.5478853617754,570.4016377805317,16654.0,7455.0,87728.0,40.380222,11.0,SUBA,0.1120435275221933,0.1720277151786047,0.3063641570277774,0.1823555411681213,0.3846549667904952,12.680030944750285,2024-08
UPZ20,2024,9,1,0,304205.0,148435.0,155770.0,184.73148663218277,1.0,60.0,133.0,276.0,412.0,881.0,1189.0,7769.0,25635.0,1247542.0,95.307412495932,622.7445649124438,16654.0,7455.0,87728.0,40.380222,11.0,SUBA,0.1086931510001479,0.1501093012935356,0.3092454101674857,0.1812955079633799,0.3905935871796221,12.62545709522715,2024-09
UPZ20,2024,10,1,0,337231.0,168471.0,168760.0,184.73148663218277,1.0,41.0,151.0,263.0,387.0,842.0,1294.0,8011.0,25384.0,1247542.0,103.7239628004508,642.142709423811,16654.0,7455.0,87728.0,40.380222,11.0,SUBA,0.11145475949719921,0.1338785580210597,0.3023120650236781,0.1897542040915574,0.389889938739487,12.728523434454788,2024-10
UPZ20,2024,11,1,0,328721.0,159723.0,168998.0,184.73148663218277,1.0,61.0,118.0,248.0,429.0,856.0,1202.0,7472.0,24175.0,1247542.0,96.34946158125338,598.9377511939477,16654.0,7455.0,87728.0,40.380222,11.0,SUBA,0.11204334374743322,0.181798546487751,0.3023658360737525,0.1830975203896313,0.3805097229958211,12.702964645655365,2024-11
UPZ20,2024,12,1,0,321261.0,155522.0,165739.0,184.73148663218277,1.0,77.0,98.0,242.0,352.0,769.0,1285.0,9247.0,29623.0,1247542.0,103.00254420292062,741.2175301512895,16654.0,7455.0,87728.0,40.380222,11.0,SUBA,0.1202449099019177,0.1536725590719072,0.294377468787061,0.182982061314632,0.3723637337452045,12.680009155850485,2024-12
UPZ20,2025,1,1,0,305381.0,148854.0,156527.0,184.73148663218277,1.0,57.0,169.0,253.0,298.0,777.0,1037.0,5964.0,20498.0,1251652.0,82.85050477289215,476.490270458562,16824.0,8053.0,104368.0,40.380222,11.0,SUBA,0.10744283370609171,0.136295316342536,0.3023239821730887,0.1942851716380521,0.3936334930705912,12.629315456340825,2025-01
UPZ20,2025,2,1,0,359939.0,167618.0,192321.0,184.73148663218277,1.0,56.0,125.0,306.0,350.0,837.0,1178.0,6511.0,22299.0,1251652.0,94.115616800836,520.1925135740605,16824.0,8053.0,104368.0,40.380222,11.0,SUBA,0.1106687522052347,0.1324585554774559,0.3238826578948099,0.1806306068528278,0.39806247012129364,12.793689851630516,2025-02
UPZ20,2025,3,1,0,370076.0,174612.0,195464.0,184.73148663218277,1.0,51.0,109.0,277.0,460.0,897.0,1243.0,7999.0,26969.0,1251652.0,99.3087535513066,639.075397954064,16824.0,8053.0,104368.0,40.380222,11.0,SUBA,0.1099449842735005,0.1697732357677882,0.3173267112701174,0.1814870459040845,0.39396448024652975,12.82146366893301,2025-03
UPZ20,2025,4,1,0,337615.0,164497.0,173118.0,184.73148663218277,1.0,47.0,107.0,231.0,343.0,728.0,1195.0,6987.0,24149.0,1251652.0,95.47382179711292,558.2222534698143,16824.0,8053.0,104368.0,40.380222,11.0,SUBA,0.11083038372110239,0.1393569598507175,0.3103742428505842,0.1901396561171749,0.3961463697944138,12.72966147199652,2025-04
UPZ20,2025,5,1,0,368340.0,177785.0,190555.0,184.73148663218277,1.0,70.0,149.0,249.0,441.0,909.0,1308.0,7593.0,26013.0,1251652.0,104.50189030177717,606.6382668665093,16824.0,8053.0,104368.0,40.380222,11.0,SUBA,0.1090188412879405,0.1581310745506868,0.3131508931965032,0.18579573220394202,0.3923494677831586,12.816761703649597,2025-05
UPZ20,2025,6,1,0,310076.0,144861.0,165215.0,184.73148663218277,1.0,73.0,116.0,282.0,343.0,814.0,1218.0,7907.0,24959.0,1251652.0,97.31139326266404,631.7251120918594,16824.0,8053.0,104368.0,40.380222,11.0,SUBA,0.106457771643081,0.174137953275971,0.3138133876855996,0.1899373056927979,0.3977242665324584,12.644572707704533,2025-06
UPZ20,2025,7,1,0,373201.0,179735.0,193466.0,184.73148663218277,1.0,67.0,168.0,257.0,440.0,932.0,1255.0,8072.0,26419.0,1251652.0,100.267486489855,644.9076899969001,16824.0,8053.0,104368.0,40.380222,11.0,SUBA,0.1034188011286143,0.1184857489663746,0.3137960509216213,0.19498072084479942,0.4070520345860873,12.829872427480138,2025-07
UPZ20,2025,8,1,0,340762.0,163368.0,177394.0,184.73148663218277,1.0,78.0,138.0,303.0,376.0,895.0,1239.0,7906.0,27322.0,1251652.0,98.98917590512376,631.6452176803136,16824.0,8053.0,104368.0,40.380222,11.0,SUBA,0.1068781143437355,0.1777751040315528,0.3092070125190015,0.1844865331228247,0.3920097744250553,12.73893956537303,2025-08
UPZ20,2025,9,1,0,373318.0,179589.0,193729.0,184.73148663218277,1.0,55.0,125.0,331.0,360.0,871.0,1349.0,7817.0,26484.0,1251652.0,107.77756117515092,624.5346150527463,16824.0,8053.0,104368.0,40.380222,11.0,SUBA,0.10308101939901099,0.1207335301271302,0.3160415517065879,0.18829255487278937,0.4040227852442501,12.830185882331142,2025-09
UPZ20,2025,10,1,0,373070.0,180031.0,193039.0,184.73148663218277,1.0,56.0,162.0,334.0,466.0,1018.0,1238.0,7772.0,26623.0,1251652.0,98.90928149357808,620.9393665331897,16824.0,8053.0,104368.0,40.380222,11.0,SUBA,0.1024177768247245,0.1260674940359718,0.3154903905433296,0.1870372852279733,0.4027448861091517,12.82952134857892,2025-10
UPZ20,2025,11,1,0,343047.0,165969.0,177078.0,184.73148663218277,1.0,46.0,132.0,377.0,359.0,914.0,1230.0,8564.0,28331.0,1251652.0,98.27012620121248,684.215740477385,16824.0,8053.0,104368.0,40.380222,11.0,SUBA,0.1078103000463493,0.1865138013158546,0.305835643512405,0.1840126863082901,0.38709133220379516,12.745622742999906,2025-11
UPZ20,2025,12,1,0,156929.0,156929.0,0.0,184.73148663218277,1.0,76.0,223.0,412.0,432.0,1143.0,1286.0,8846.0,30404.0,1251652.0,102.74421324777175,706.7459645332729,16824.0,8053.0,104368.0,40.380222,11.0,SUBA,0.137399715795041,0.1425294241344812,0.11564465458901789,0.2879327594007481,0.4308950601549754,11.963548752744574,2025-12
UPZ20,2026,1,1,0,294575.0,138853.0,155722.0,184.73148663218277,1.0,78.0,136.0,280.0,400.0,894.0,1172.0,6896.0,24097.0,1252218.0,93.59392693604468,550.702832893314,14837.0,6742.0,111346.0,40.380222,11.0,SUBA,0.1045811762708987,0.156323516931172,0.3115912755664941,0.1843367563438852,0.3950980791628042,12.59328891858154,2026-01
UPZ20,2026,2,1,0,338259.0,159060.0,179199.0,184.73148663218277,1.0,50.0,130.0,227.0,376.0,783.0,1165.0,7377.0,24001.0,1252218.0,93.03491884001028,589.1146749208204,14837.0,6742.0,111346.0,40.380222,11.0,SUBA,0.10605187149491951,0.1264593107648281,0.3182413476064199,0.1830372584321481,0.3994747240526696,12.731567153217863,2026-02
UPZ20,2026,3,1,0,348630.0,159240.0,189390.0,184.73148663218277,1.0,66.0,178.0,240.0,386.0,870.0,1294.0,8120.0,27867.0,1252218.0,103.33663946692988,648.4493913998999,14837.0,6742.0,111346.0,40.380222,11.0,SUBA,0.10551013968964232,0.1349052003556779,0.3181682586122824,0.1811576743252158,0.3966422781722976,12.76176646688503,2026-03
UPZ20,2026,4,1,0,324196.0,146732.0,177464.0,184.73148663218277,1.0,68.0,139.0,264.0,439.0,910.0,1077.0,7678.0,25475.0,1252218.0,86.00738848986359,613.1520230502996,14837.0,6742.0,111346.0,40.380222,11.0,SUBA,0.10616725684462482,0.130695628570371,0.321830004071611,0.1813008180236646,0.3994122584766554,12.689103550144674,2026-04
UPZ20,2026,5,1,0,342242.0,157454.0,184788.0,184.73148663218277,1.0,52.0,135.0,262.0,403.0,852.0,1097.0,7577.0,26371.0,1252218.0,87.60455447853329,605.0863348075176,14837.0,6742.0,111346.0,40.380222,11.0,SUBA,0.10492867619988189,0.1756943916877531,0.3181257706535141,0.1780260751164381,0.3940545273294413,12.743273368151424,2026-05
UPZ20,2026,6,1,0,317738.0,148158.0,169580.0,184.73148663218277,1.0,42.0,127.0,299.0,442.0,910.0,946.0,7319.0,24225.0,1252218.0,75.54595126407702,584.4828935536783,14837.0,6742.0,111346.0,40.380222,11.0,SUBA,0.2783079140675651,0.158287645796222,0.4052112117530795,0.0439638947812348,0.5180831092307429,12.668982422799619,2026-06
UPZ21,2023,1,6,0,1332225.0,586886.0,745339.0,620.5841214417092,0.16666666666666666,89.0,217.0,256.0,419.0,981.0,436.0,1121.0,5080.0,136020.0,320.54109689751505,824.1435083076018,7060.0,4200.0,18888.0,39.80123933333333,12.0,BARRIOS UNIDOS,0.11473512357146876,0.16705586518793744,0.2767745688603651,0.18297885117003504,0.3593340156580487,14.102361034736196,2023-01
UPZ21,2023,2,6,0,1495632.0,689487.0,806145.0,620.5841214417092,0.16666666666666666,101.0,282.0,333.0,487.0,1203.0,437.0,1250.0,5902.0,136020.0,321.2762828995736,918.9825025731508,7060.0,4200.0,18888.0,39.80123933333333,12.0,BARRIOS UNIDOS,0.12322951100270647,0.16057827059062654,0.27196663350342865,0.18018469784011037,0.35166753534188744,14.218059417951416,2023-02
UPZ21,2023,3,6,0,1679967.0,787109.0,892858.0,620.5841214417092,0.16666666666666666,89.0,210.0,258.0,540.0,1097.0,523.0,1316.0,6107.0,136020.0,384.5022790766064,967.5047787090132,7060.0,4200.0,18888.0,39.80123933333333,12.0,BARRIOS UNIDOS,0.12354945067373344,0.15063748276007796,0.2756030326786181,0.18057080883136392,0.3543976671047665,14.334284708329376,2023-03
UPZ21,2023,4,6,0,1432275.0,655007.0,777268.0,620.5841214417092,0.16666666666666666,73.0,216.0,292.0,483.0,1064.0,484.0,1291.0,6120.0,136020.0,355.8300249963241,949.1251286575504,7060.0,4200.0,18888.0,39.80123933333333,12.0,BARRIOS UNIDOS,0.1222390951458344,0.21133581190762943,0.2732876018920947,0.175050880592065,0.3482190032743111,14.174774647171725,2023-04
UPZ21,2023,5,6,0,1626081.0,743294.0,882787.0,620.5841214417092,0.16666666666666666,83.0,222.0,301.0,517.0,1123.0,459.0,1428.0,6586.0,136020.0,337.45037494486104,1049.8456109395677,7060.0,4200.0,18888.0,39.80123933333333,12.0,BARRIOS UNIDOS,0.12097798326159641,0.1618830796251847,0.28036672219895564,0.1807173197399145,0.3576716054198661,14.301683383347298,2023-05
UPZ21,2023,6,6,0,1503283.0,689958.0,813325.0,620.5841214417092,0.16666666666666666,67.0,254.0,305.0,422.0,1048.0,412.0,1423.0,5968.0,136020.0,302.8966328481106,1046.169680929275,7060.0,4200.0,18888.0,39.80123933333333,12.0,BARRIOS UNIDOS,0.11873346535549191,0.1683581867153423,0.2819954725756893,0.18145485580559345,0.3620451650702369,14.223161941097251,2023-06
UPZ21,2023,7,6,0,1496105.0,716350.0,779755.0,620.5841214417092,0.16666666666666666,100.0,206.0,304.0,442.0,1052.0,454.0,1285.0,5916.0,136020.0,333.77444493456846,944.7140126451992,7060.0,4200.0,18888.0,39.80123933333333,12.0,BARRIOS UNIDOS,0.12106369539571081,0.21535253207495458,0.26873381213216985,0.18307471734938385,0.35269271830186316,14.21837562221933,2023-07
UPZ21,2023,8,6,0,1637869.0,764566.0,873303.0,620.5841214417092,0.16666666666666666,61.0,193.0,231.0,379.0,864.0,380.0,1075.0,4912.0,136020.0,279.3706807822379,790.3249522129098,7060.0,4200.0,18888.0,39.80123933333333,12.0,BARRIOS UNIDOS,0.12226740966463125,0.1629617509092607,0.27731399763961584,0.18251032286464905,0.35776897611788394,14.30890656461696,2023-08
UPZ21,2023,9,6,0,1650648.0,790106.0,860542.0,620.5841214417092,0.16666666666666666,63.0,208.0,289.0,435.0,995.0,413.0,1413.0,6161.0,136020.0,303.6318188501691,1038.8178209086898,7060.0,4200.0,18888.0,39.80123933333333,12.0,BARRIOS UNIDOS,0.11964089254644232,0.17975970649102652,0.27606673258017456,0.181582626944085,0.35655284866230746,14.31667849605232,2023-09
UPZ21,2023,10,6,0,1590479.0,762809.0,827670.0,620.5841214417092,0.16666666666666666,79.0,201.0,349.0,538.0,1167.0,439.0,1304.0,6348.0,136020.0,322.7466549036906,958.6825466843112,7060.0,4200.0,18888.0,39.80123933333333,12.0,BARRIOS UNIDOS,0.1171823079713721,0.17114466773846115,0.2749668496094573,0.18599616844988204,0.36091832416394304,14.279545786689011,2023-10
UPZ21,2023,11,6,0,1568893.0,734701.0,834192.0,620.5841214417092,0.16666666666666666,74.0,208.0,308.0,499.0,1089.0,450.0,1402.0,6106.0,136020.0,330.8337009263344,1030.7307748860462,7060.0,4200.0,18888.0,39.80123933333333,12.0,BARRIOS UNIDOS,0.12156597040078573,0.17196010180426577,0.2742283890615867,0.18543393335300745,0.3573622617283841,14.265880833086317,2023-11
UPZ21,2023,12,6,0,1388497.0,639927.0,748570.0,620.5841214417092,0.16666666666666666,91.0,276.0,324.0,495.0,1186.0,474.0,1424.0,6388.0,136020.0,348.4781649757389,1046.9048669313336,7060.0,4200.0,18888.0,39.80123933333333,12.0,BARRIOS UNIDOS,0.12046262973560616,0.19751285022581969,0.26844998584800683,0.18242027170386393,0.3512809501703164,14.143732425121687,2023-12
UPZ21,2024,1,6,0,1432556.0,636985.0,795571.0,620.5841214417092,0.16666666666666666,39.0,154.0,181.0,297.0,671.0,273.0,904.0,3929.0,135762.0,201.0871967118929,665.8711568774767,5910.0,3111.0,18015.0,39.80123933333333,12.0,BARRIOS UNIDOS,0.10916571498775611,0.1613919455853732,0.29230131317728586,0.18745933841329762,0.3770415156388248,14.174970819302578,2024-01
UPZ21,2024,2,6,0,1674706.0,767874.0,906832.0,620.5841214417092,0.16666666666666666,103.0,292.0,368.0,516.0,1279.0,447.0,1376.0,6070.0,135762.0,329.2526627480444,1013.5383980789912,5910.0,3111.0,18015.0,39.80123933333333,12.0,BARRIOS UNIDOS,0.116384010088935,0.14870669836974368,0.2832825582520156,0.19348769276517785,0.3728046713479414,14.331148185447388,2024-02
UPZ21,2024,3,6,0,1505476.0,690316.0,815160.0,620.5841214417092,0.16666666666666666,68.0,203.0,269.0,347.0,887.0,376.0,1162.0,5008.0,135762.0,276.9552599401895,855.9096065172877,5910.0,3111.0,18015.0,39.80123933333333,12.0,BARRIOS UNIDOS,0.11736753026949612,0.21248628340803838,0.27854645308194875,0.18859682917562282,0.3634812138364964,14.224619685229198,2024-03
UPZ21,2024,4,6,0,1681490.0,742401.0,939089.0,620.5841214417092,0.16666666666666666,54.0,191.0,299.0,315.0,859.0,300.0,790.0,3883.0,135762.0,220.9749414416405,581.9006791296533,5910.0,3111.0,18015.0,39.80123933333333,12.0,BARRIOS UNIDOS,0.11434442072209759,0.14596994332407565,0.2913320923704571,0.19303296481097118,0.3785339686350516,14.33519086307371,2024-04
UPZ21,2024,5,6,0,1661599.0,780329.0,881270.0,620.5841214417092,0.16666666666666666,81.0,250.0,299.0,437.0,1067.0,505.0,1398.0,6326.0,135762.0,371.97448476009487,1029.7432271180448,5910.0,3111.0,18015.0,39.80123933333333,12.0,BARRIOS UNIDOS,0.11776367222175745,0.16295989585934992,0.28275233675513767,0.19405464254612573,0.3712661536391421,14.323290949714297,2024-05
UPZ21,2024,6,6,0,1453086.0,702430.0,750656.0,620.5841214417092,0.16666666666666666,78.0,244.0,302.0,476.0,1100.0,475.0,1434.0,6229.0,135762.0,349.8769906159308,1056.2602200910417,5910.0,3111.0,18015.0,39.80123933333333,12.0,BARRIOS UNIDOS,0.11270633672060698,0.2154022542368449,0.280313071628245,0.1899515926793046,0.3694718069990366,14.189200128688016,2024-06
UPZ21,2024,7,6,0,1548910.0,812036.0,736874.0,620.5841214417092,0.16666666666666666,66.0,231.0,308.0,431.0,1036.0,474.0,1365.0,6029.0,135762.0,349.140407477792,1005.4359835594644,5910.0,3111.0,18015.0,39.80123933333333,12.0,BARRIOS UNIDOS,0.11274961101677951,0.1526886649321135,0.2680788425408836,0.2121775958577322,0.3821053925658769,14.253062015709729,2024-07
UPZ21,2024,8,6,0,1699625.0,834381.0,865244.0,620.5841214417092,0.16666666666666666,85.0,203.0,286.0,406.0,980.0,466.0,1248.0,5845.0,135762.0,343.2477423726816,919.2557563972246,5910.0,3111.0,18015.0,39.80123933333333,12.0,BARRIOS UNIDOS,0.11727175112157094,0.19005192321835696,0.2734379642568214,0.19849496212399792,0.3689623554394391,14.345918196457987,2024-08
UPZ21,2024,9,6,0,1601288.0,782863.0,818425.0,620.5841214417092,0.16666666666666666,57.0,243.0,372.0,443.0,1115.0,412.0,1392.0,6396.0,135762.0,303.4722529131863,1025.323728289212,5910.0,3111.0,18015.0,39.80123933333333,12.0,BARRIOS UNIDOS,0.11028434610138836,0.1659770135041291,0.2812055045688221,0.192785432726655,0.37398572615173,14.286318863371292,2024-09
UPZ21,2024,10,6,0,1782056.0,886555.0,895501.0,620.5841214417092,0.16666666666666666,71.0,250.0,267.0,429.0,1017.0,517.0,1514.0,6650.0,135762.0,380.8134824177605,1115.186871142146,5910.0,3111.0,18015.0,39.80123933333333,12.0,BARRIOS UNIDOS,0.11423883424538844,0.14524010468806814,0.2776051931027981,0.2015565167424592,0.3758510931700208,14.393278311883885,2024-10
UPZ21,2024,11,6,0,1633803.0,790525.0,843278.0,620.5841214417092,0.16666666666666666,74.0,212.0,329.0,510.0,1125.0,454.0,1383.0,6180.0,135762.0,334.408744715016,1018.6944800459628,5910.0,3111.0,18015.0,39.80123933333333,12.0,BARRIOS UNIDOS,0.1190559694161413,0.1992167966394969,0.2730231245749946,0.19108423720607678,0.36242854851045236,14.306420984098283,2024-11
UPZ21,2024,12,6,0,1501728.0,725214.0,776514.0,620.5841214417092,0.16666666666666666,74.0,204.0,369.0,422.0,1069.0,474.0,1395.0,7111.0,135762.0,349.140407477792,1027.5334777036285,5910.0,3111.0,18015.0,39.80123933333333,12.0,BARRIOS UNIDOS,0.11545566174433715,0.16912183830893474,0.2745557118199833,0.18606165697116916,0.3615660600321936,14.222127003029607,2024-12
UPZ21,2025,1,6,0,1461978.0,704889.0,757089.0,620.5841214417092,0.16666666666666666,73.0,165.0,252.0,337.0,827.0,485.0,1108.0,5222.0,135332.0,358.3779150533503,818.7272781012622,5711.0,2911.0,21080.0,39.80123933333333,12.0,BARRIOS UNIDOS,0.10751598177263949,0.15494350804184465,0.2805972456493873,0.19366844097517194,0.37531413268413,14.195300871299024,2025-01
UPZ21,2025,2,6,0,1630631.0,795060.0,835571.0,620.5841214417092,0.16666666666666666,60.0,218.0,311.0,396.0,985.0,453.0,1261.0,6196.0,135332.0,334.73236189519105,931.7825791387108,5711.0,2911.0,21080.0,39.80123933333333,12.0,BARRIOS UNIDOS,0.11422817302013755,0.1559341138491786,0.27803347293164427,0.1952017347885573,0.3715521146649994,14.304477614437078,2025-02
UPZ21,2025,3,6,0,1705918.0,830292.0,875626.0,620.5841214417092,0.16666666666666666,67.0,222.0,324.0,451.0,1064.0,503.0,1353.0,6650.0,135332.0,371.6785387048148,999.7635444684184,5711.0,2911.0,21080.0,39.80123933333333,12.0,BARRIOS UNIDOS,0.11451664147983664,0.19294362331600928,0.2768415597936126,0.19058184508282341,0.3678301483999407,14.349613940227925,2025-03
UPZ21,2025,4,6,0,1600012.0,784563.0,815449.0,620.5841214417092,0.16666666666666666,95.0,204.0,334.0,439.0,1072.0,470.0,1341.0,6183.0,135332.0,347.2940620104632,990.8964620341088,5711.0,2911.0,21080.0,39.80123933333333,12.0,BARRIOS UNIDOS,0.11436726724549562,0.15594758039314705,0.2833453749096882,0.19704352217358367,0.37793668972724337,14.285521687181884,2025-04
UPZ21,2025,5,6,0,1712597.0,836415.0,876182.0,620.5841214417092,0.16666666666666666,64.0,233.0,357.0,444.0,1098.0,420.0,1325.0,6578.0,135332.0,310.3478852008394,979.0736854550292,5711.0,2911.0,21080.0,39.80123933333333,12.0,BARRIOS UNIDOS,0.11237378087197392,0.17722850150969546,0.2824359729697062,0.1927908317017956,0.3748497862426422,14.353521489850168,2025-05
UPZ21,2025,6,6,0,1413730.0,661313.0,752417.0,620.5841214417092,0.16666666666666666,81.0,233.0,373.0,357.0,1044.0,510.0,1289.0,6355.0,135332.0,376.85100345816215,952.4724381521,5711.0,2911.0,21080.0,39.80123933333333,12.0,BARRIOS UNIDOS,0.10538221584036551,0.19053921187213962,0.29122392536057096,0.1922120914177389,0.3836003764517115,14.161742159539633,2025-06
UPZ21,2025,7,6,0,1746124.0,838729.0,907395.0,620.5841214417092,0.16666666666666666,98.0,227.0,506.0,451.0,1282.0,498.0,1312.0,6843.0,135332.0,367.9839210238524,969.4676794845268,5711.0,2911.0,21080.0,39.80123933333333,12.0,BARRIOS UNIDOS,0.1061843259699769,0.1346576760871507,0.289301332551411,0.19547580813275572,0.3865840181182567,14.372909032333002,2025-07
UPZ21,2025,8,6,0,1609521.0,759540.0,849981.0,620.5841214417092,0.16666666666666666,73.0,200.0,385.0,489.0,1147.0,582.0,1517.0,7069.0,135332.0,430.0534980640204,1120.9470044039842,5711.0,2911.0,21080.0,39.80123933333333,12.0,BARRIOS UNIDOS,0.11409916366422054,0.20249813453816382,0.2782181779548077,0.18400319101148718,0.3666011443511841,14.291447177166171,2025-08
UPZ21,2025,9,6,0,1724832.0,814451.0,910381.0,620.5841214417092,0.16666666666666666,85.0,301.0,416.0,506.0,1308.0,646.0,1604.0,7485.0,135332.0,477.3446043803387,1185.2333520527295,5711.0,2911.0,21080.0,39.80123933333333,12.0,BARRIOS UNIDOS,0.10766034025342754,0.14233618114691746,0.2883393860967329,0.1865781710914454,0.3798185219080693,14.360640212400408,2025-09
UPZ21,2025,10,6,0,1727152.0,804454.0,922698.0,620.5841214417092,0.16666666666666666,97.0,274.0,487.0,520.0,1378.0,540.0,1540.0,7347.0,135332.0,399.0187095439364,1137.9422457364112,5711.0,2911.0,21080.0,39.80123933333333,12.0,BARRIOS UNIDOS,0.10752498911502864,0.14440072442958116,0.29259903007957605,0.18257860338870002,0.3793869832373096,14.36198436715275,2025-10
UPZ21,2025,11,6,0,1588755.0,730317.0,858438.0,620.5841214417092,0.16666666666666666,103.0,217.0,503.0,482.0,1305.0,580.0,1530.0,7522.0,135332.0,428.57565099163537,1130.5530103744863,5711.0,2911.0,21080.0,39.80123933333333,12.0,BARRIOS UNIDOS,0.11385896503866229,0.21244937073368766,0.28401484181009656,0.17812123329273544,0.3648082089852613,14.278461248609094,2025-11
UPZ21,2025,12,6,0,675585.0,675585.0,0.0,620.5841214417092,0.16666666666666666,73.0,213.0,459.0,443.0,1188.0,484.0,1449.0,7446.0,135332.0,357.6389915171578,1070.700203942896,5711.0,2911.0,21080.0,39.80123933333333,12.0,BARRIOS UNIDOS,0.12629054819156732,0.15341370811962962,0.1009243840523398,0.2975510113457226,0.45313343250664234,13.423334261182625,2025-12
UPZ21,2026,1,6,0,1392520.0,621946.0,770574.0,620.5841214417092,0.16666666666666666,77.0,176.0,315.0,392.0,960.0,546.0,1270.0,6277.0,134573.0,405.72774627897127,943.7257102093288,5247.0,2683.0,22455.0,39.80123933333333,12.0,BARRIOS UNIDOS,0.10260750294430238,0.17827463878436214,0.29595122511705396,0.17684916554160798,0.3792208901365654,14.146625613337525,2026-01
UPZ21,2026,2,6,0,1620055.0,720037.0,900018.0,620.5841214417092,0.16666666666666666,88.0,182.0,348.0,498.0,1116.0,489.0,1332.0,6472.0,134573.0,363.3715529861116,989.7973590541936,5247.0,2683.0,22455.0,39.80123933333333,12.0,BARRIOS UNIDOS,0.11018761708707418,0.15325096987447953,0.2930419028983584,0.17833962427201538,0.3732547412699584,14.297970657249541,2026-02
UPZ21,2026,3,6,0,1681537.0,744847.0,936690.0,620.5841214417092,0.16666666666666666,108.0,230.0,398.0,561.0,1297.0,609.0,1522.0,7468.0,134573.0,452.5424862342372,1130.9846700303924,5247.0,2683.0,22455.0,39.80123933333333,12.0,BARRIOS UNIDOS,0.11037342621661013,0.16168422104301003,0.29064837705028196,0.17870614800625853,0.3708784075911202,14.335218814083323,2026-03
UPZ21,2026,4,6,0,1580550.0,704133.0,876417.0,620.5841214417092,0.16666666666666666,77.0,247.0,362.0,467.0,1153.0,442.0,1394.0,6536.0,134573.0,328.44627079726246,1035.8690078990585,5247.0,2683.0,22455.0,39.80123933333333,12.0,BARRIOS UNIDOS,0.11219322387776401,0.15422795862199865,0.2909512511467527,0.1806592641801904,0.3709022591209901,14.273283445695784,2026-04
UPZ21,2026,5,6,0,1628072.0,745482.0,882590.0,620.5841214417092,0.16666666666666666,68.0,186.0,323.0,462.0,1039.0,393.0,1294.0,6418.0,134573.0,292.0348063876112,961.5598968589538,5247.0,2683.0,22455.0,39.80123933333333,12.0,BARRIOS UNIDOS,0.11165476711103682,0.20009434472185503,0.28407773120599084,0.17934587659513826,0.3643893210142288,14.302907050610907,2026-05
UPZ21,2026,6,6,0,1442597.0,661342.0,781255.0,620.5841214417092,0.16666666666666666,83.0,223.0,343.0,350.0,999.0,444.0,1279.0,5802.0,134573.0,329.93245301806456,950.413530202938,5247.0,2683.0,22455.0,39.80123933333333,12.0,BARRIOS UNIDOS,0.27359130789818636,0.17042597482179703,0.39087423583994696,0.040516512927726824,0.5060585518278228,14.181955519471009,2026-06
UPZ22,2023,1,3,0,931633.0,367800.0,563833.0,774.8722509461871,0.0,116.0,413.0,536.0,522.0,1587.0,436.0,1121.0,5080.0,136020.0,320.54109689751505,824.1435083076018,7060.0,4200.0,18888.0,39.80123933333333,12.0,BARRIOS UNIDOS,0.11511292536868052,0.17367890574936698,0.2900015349391874,0.17310357190009368,0.3580720719885041,13.744694239293242,2023-01
UPZ22,2023,2,3,0,1080837.0,461386.0,619451.0,774.8722509461871,0.0,129.0,392.0,632.0,584.0,1737.0,437.0,1250.0,5902.0,136020.0,321.2762828995736,918.9825025731508,7060.0,4200.0,18888.0,39.80123933333333,12.0,BARRIOS UNIDOS,0.12315640563748274,0.16147300656805788,0.29403323535371195,0.16667360573333442,0.3512955431941767,13.893246298942973,2023-02
UPZ22,2023,3,3,0,1193163.0,497512.0,695651.0,774.8722509461871,0.0,152.0,456.0,600.0,720.0,1928.0,523.0,1316.0,6107.0,136020.0,384.5022790766064,967.5047787090132,7060.0,4200.0,18888.0,39.80123933333333,12.0,BARRIOS UNIDOS,0.12113768194286945,0.1497046086745901,0.29438308093697174,0.17206953282996534,0.3570403291003263,13.992118322090649,2023-03
UPZ22,2023,4,3,0,1006916.0,388464.0,618452.0,774.8722509461871,0.0,157.0,441.0,644.0,695.0,1937.0,484.0,1291.0,6120.0,136020.0,355.8300249963241,949.1251286575504,7060.0,4200.0,18888.0,39.80123933333333,12.0,BARRIOS UNIDOS,0.12418116307616515,0.20936006578503072,0.2898474152759515,0.16905680314941857,0.35037228803667725,13.822402752133996,2023-04
UPZ22,2023,5,3,0,1167099.0,443680.0,723419.0,774.8722509461871,0.0,119.0,491.0,682.0,637.0,1929.0,459.0,1428.0,6586.0,136020.0,337.45037494486104,1049.8456109395677,7060.0,4200.0,18888.0,39.80123933333333,12.0,BARRIOS UNIDOS,0.1229998483419144,0.16665767000057397,0.2929263070227975,0.1791638926946214,0.35953332345739936,13.97003174057547,2023-05
UPZ22,2023,6,3,0,1068315.0,423169.0,645146.0,774.8722509461871,0.0,109.0,446.0,624.0,722.0,1901.0,412.0,1423.0,5968.0,136020.0,302.8966328481106,1046.169680929275,7060.0,4200.0,18888.0,39.80123933333333,12.0,BARRIOS UNIDOS,0.12314813514740494,0.1771743352850049,0.2876239685860444,0.18354792359931288,0.3598481940528488,13.881593198835125,2023-06
UPZ22,2023,7,3,0,1065041.0,437624.0,627417.0,774.8722509461871,0.0,125.0,464.0,620.0,612.0,1821.0,454.0,1285.0,5916.0,136020.0,333.77444493456846,944.7140126451992,7060.0,4200.0,18888.0,39.80123933333333,12.0,BARRIOS UNIDOS,0.12425343249696486,0.21824887492594178,0.2801488393404573,0.1828051690028834,0.3534952544890085,13.87852385403723,2023-07
UPZ22,2023,8,3,0,1162802.0,461505.0,701297.0,774.8722509461871,0.0,127.0,368.0,559.0,549.0,1603.0,380.0,1075.0,4912.0,136020.0,279.3706807822379,790.3249522129098,7060.0,4200.0,18888.0,39.80123933333333,12.0,BARRIOS UNIDOS,0.12053556839427516,0.16550109132939222,0.2888376524980177,0.18011578927452823,0.35885242196603795,13.966343167651619,2023-08
UPZ22,2023,9,3,0,1174543.0,490468.0,684075.0,774.8722509461871,0.0,126.0,571.0,648.0,618.0,1963.0,413.0,1413.0,6161.0,136020.0,303.6318188501691,1038.8178209086898,7060.0,4200.0,18888.0,39.80123933333333,12.0,BARRIOS UNIDOS,0.11706169974194214,0.17503403451384916,0.29507817082899473,0.1750987405314237,0.3609946658726555,13.976389693734895,2023-09
UPZ22,2023,10,3,0,1136611.0,481660.0,654951.0,774.8722509461871,0.0,136.0,490.0,711.0,680.0,2017.0,439.0,1304.0,6348.0,136020.0,322.7466549036906,958.6825466843112,7060.0,4200.0,18888.0,39.80123933333333,12.0,BARRIOS UNIDOS,0.11470063196643349,0.16904640197921714,0.2937794900805993,0.17903486769000113,0.3646768410852499,13.943561585785305,2023-10
UPZ22,2023,11,3,0,1105915.0,457517.0,648398.0,774.8722509461871,0.0,144.0,478.0,695.0,528.0,1845.0,450.0,1402.0,6106.0,136020.0,330.8337009263344,1030.7307748860462,7060.0,4200.0,18888.0,39.80123933333333,12.0,BARRIOS UNIDOS,0.11583711225546266,0.1760759190353688,0.29660055248369,0.17787171708494776,0.3642013330833289,13.916183604584813,2023-11
UPZ22,2023,12,3,0,997982.0,398943.0,599039.0,774.8722509461871,0.0,154.0,484.0,705.0,677.0,2020.0,474.0,1424.0,6388.0,136020.0,348.4781649757389,1046.9048669313336,7060.0,4200.0,18888.0,39.80123933333333,12.0,BARRIOS UNIDOS,0.12723876783348792,0.2116962029375279,0.2800200805224944,0.17466246886216383,0.3433311362217779,13.813490519058805,2023-12
UPZ22,2024,1,3,0,930063.0,364503.0,565560.0,774.8722509461871,0.0,94.0,295.0,509.0,384.0,1282.0,273.0,904.0,3929.0,135762.0,201.0871967118929,665.8711568774767,5910.0,3111.0,18015.0,39.80123933333333,12.0,BARRIOS UNIDOS,0.113339633981784,0.16546836074545485,0.2945649918338865,0.17915022960810176,0.3643113795669926,13.743007604770542,2024-01
UPZ22,2024,2,3,0,1090862.0,437618.0,653244.0,774.8722509461871,0.0,134.0,431.0,604.0,619.0,1788.0,447.0,1376.0,6070.0,135762.0,329.2526627480444,1013.5383980789912,5910.0,3111.0,18015.0,39.80123933333333,12.0,BARRIOS UNIDOS,0.11418859580771899,0.14825706643003417,0.3029035753376687,0.17483788050184165,0.3682798307413474,13.90247876735553,2024-02
UPZ22,2024,3,3,0,979828.0,364976.0,614852.0,774.8722509461871,0.0,112.0,417.0,599.0,451.0,1579.0,376.0,1162.0,5008.0,135762.0,276.9552599401895,855.9096065172877,5910.0,3111.0,18015.0,39.80123933333333,12.0,BARRIOS UNIDOS,0.11841261935768313,0.2148560767808227,0.29820233755312153,0.16816522899937533,0.3571065164325267,13.795132325038955,2024-03
UPZ22,2024,4,3,0,1131478.0,460995.0,670483.0,774.8722509461871,0.0,91.0,215.0,440.0,384.0,1130.0,300.0,790.0,3883.0,135762.0,220.9749414416405,581.9006791296533,5910.0,3111.0,18015.0,39.80123933333333,12.0,BARRIOS UNIDOS,0.11412683233788017,0.1438251561232299,0.3006969645012983,0.177941594975775,0.368312256718826,13.939035300649739,2024-04
UPZ22,2024,5,3,0,1118816.0,493056.0,625760.0,774.8722509461871,0.0,166.0,533.0,759.0,671.0,2129.0,505.0,1398.0,6326.0,135762.0,371.97448476009487,1029.7432271180448,5910.0,3111.0,18015.0,39.80123933333333,12.0,BARRIOS UNIDOS,0.11813828189800644,0.16946218144896033,0.29450865915396274,0.17519234619454843,0.3597657604233708,13.927781541244508,2024-05
UPZ22,2024,6,3,0,961192.0,436586.0,524606.0,774.8722509461871,0.0,162.0,560.0,893.0,547.0,2162.0,475.0,1434.0,6229.0,135762.0,349.8769906159308,1056.2602200910417,5910.0,3111.0,18015.0,39.80123933333333,12.0,BARRIOS UNIDOS,0.11906570175365584,0.23342994947939635,0.2877500020807497,0.17382271179951558,0.3544951088720219,13.775929459880144,2024-06
UPZ22,2024,7,3,0,1025566.0,503346.0,522220.0,774.8722509461871,0.0,145.0,493.0,717.0,605.0,1960.0,474.0,1365.0,6029.0,135762.0,349.140407477792,1005.4359835594644,5910.0,3111.0,18015.0,39.80123933333333,12.0,BARRIOS UNIDOS,0.11425203253617994,0.16326496783239688,0.27904396206582505,0.19154691165658763,0.3653176754052776,13.840755213272972,2024-07
UPZ22,2024,8,3,0,1099704.0,503433.0,596271.0,774.8722509461871,0.0,147.0,456.0,675.0,626.0,1904.0,466.0,1248.0,5845.0,135762.0,343.2477423726816,919.2557563972246,5910.0,3111.0,18015.0,39.80123933333333,12.0,BARRIOS UNIDOS,0.1183109273040745,0.19921906258411354,0.2904572503146301,0.17443148338098247,0.3587673591816747,13.910551610648053,2024-08
UPZ22,2024,9,3,0,1037756.0,474411.0,563345.0,774.8722509461871,0.0,132.0,493.0,664.0,649.0,1938.0,412.0,1392.0,6396.0,135762.0,303.4722529131863,1025.323728289212,5910.0,3111.0,18015.0,39.80123933333333,12.0,BARRIOS UNIDOS,0.11344574254449023,0.17217342034158314,0.29943358554419336,0.1733037438473013,0.3669489777322495,13.852571247637911,2024-09
UPZ22,2024,10,3,0,1146505.0,533808.0,612697.0,774.8722509461871,0.0,149.0,536.0,723.0,677.0,2085.0,517.0,1514.0,6650.0,135762.0,380.8134824177605,1115.186871142146,5910.0,3111.0,18015.0,39.80123933333333,12.0,BARRIOS UNIDOS,0.1158756394433517,0.15652439370085602,0.2957004112498419,0.1809115529369693,0.3676680809200194,13.952228742369584,2024-10
UPZ22,2024,11,3,0,1073935.0,474299.0,599636.0,774.8722509461871,0.0,124.0,467.0,729.0,639.0,1959.0,454.0,1383.0,6180.0,135762.0,334.408744715016,1018.6944800459628,5910.0,3111.0,18015.0,39.80123933333333,12.0,BARRIOS UNIDOS,0.11968787682680979,0.2114690367666572,0.2986763630946007,0.16965551918877766,0.36051432245056014,13.886840030804182,2024-11
UPZ22,2024,12,3,0,991583.0,439754.0,551829.0,774.8722509461871,0.0,139.0,495.0,943.0,704.0,2281.0,474.0,1395.0,7111.0,135762.0,349.140407477792,1027.5334777036285,5910.0,3111.0,18015.0,39.80123933333333,12.0,BARRIOS UNIDOS,0.12874060971194543,0.19134353856409395,0.28458838039780837,0.1705525407353696,0.34417645442180583,13.807057934986531,2024-12
UPZ22,2025,1,3,0,928402.0,414816.0,513586.0,774.8722509461871,0.0,131.0,386.0,693.0,515.0,1725.0,485.0,1108.0,5222.0,135332.0,358.3779150533503,818.7272781012622,5711.0,2911.0,21080.0,39.80123933333333,12.0,BARRIOS UNIDOS,0.11595408023679392,0.1650804285212655,0.29333090622381247,0.17687165689001094,0.3636082613316023,13.74122010762396,2025-01
UPZ22,2025,2,3,0,1041700.0,471268.0,570432.0,774.8722509461871,0.0,150.0,460.0,696.0,734.0,2040.0,453.0,1261.0,6196.0,135332.0,334.73236189519105,931.7825791387108,5711.0,2911.0,21080.0,39.80123933333333,12.0,BARRIOS UNIDOS,0.11670058558126131,0.1583766919458577,0.30140347508879717,0.17545550542382637,0.36864538395503016,13.85636455197254,2025-02
UPZ22,2025,3,3,0,1080075.0,485045.0,595030.0,774.8722509461871,0.0,156.0,475.0,729.0,678.0,2038.0,503.0,1353.0,6650.0,135332.0,371.6785387048148,999.7635444684184,5711.0,2911.0,21080.0,39.80123933333333,12.0,BARRIOS UNIDOS,0.11770015971113114,0.20042589634979047,0.29689790060875404,0.17224637177973745,0.36243942809899604,13.892541041133693,2025-03
UPZ22,2025,4,3,0,998483.0,446464.0,552019.0,774.8722509461871,0.0,125.0,455.0,600.0,570.0,1750.0,470.0,1341.0,6183.0,135332.0,347.2940620104632,990.8964620341088,5711.0,2911.0,21080.0,39.80123933333333,12.0,BARRIOS UNIDOS,0.12011521478082243,0.16301228964338899,0.29756540672199727,0.17846473099692228,0.36468462615153363,13.813992406154764,2025-04
UPZ22,2025,5,3,0,1082951.0,479219.0,603732.0,774.8722509461871,0.0,131.0,473.0,798.0,679.0,2081.0,420.0,1325.0,6578.0,135332.0,310.3478852008394,979.0736854550292,5711.0,2911.0,21080.0,39.80123933333333,12.0,BARRIOS UNIDOS,0.11743375277367117,0.18809622965397324,0.30013269298426243,0.17120811560264496,0.36413388795997975,13.895200280268881,2025-05
UPZ22,2025,6,3,0,895618.0,358210.0,537408.0,774.8722509461871,0.0,131.0,470.0,745.0,635.0,1981.0,510.0,1289.0,6355.0,135332.0,376.85100345816215,952.4724381521,5711.0,2911.0,21080.0,39.80123933333333,12.0,BARRIOS UNIDOS,0.11799338557286697,0.21354975000502446,0.2992179701613858,0.17238487837448555,0.3632366446537991,13.70526926176292,2025-06
UPZ22,2025,7,3,0,1095325.0,486697.0,608628.0,774.8722509461871,0.0,117.0,443.0,761.0,786.0,2107.0,498.0,1312.0,6843.0,135332.0,367.9839210238524,969.4676794845268,5711.0,2911.0,21080.0,39.80123933333333,12.0,BARRIOS UNIDOS,0.11398169493072825,0.14484376783146546,0.3021057676945199,0.17579348595165817,0.3727098775594495,13.906561680848215,2025-07
UPZ22,2025,8,3,0,1025914.0,450051.0,575863.0,774.8722509461871,0.0,135.0,572.0,813.0,692.0,2212.0,582.0,1517.0,7069.0,135332.0,430.0534980640204,1120.9470044039842,5711.0,2911.0,21080.0,39.80123933333333,12.0,BARRIOS UNIDOS,0.11683435453654006,0.2128794421364754,0.28952621759718644,0.16444555781478756,0.35378161481321646,13.841094480536936,2025-08
UPZ22,2025,9,3,0,1084769.0,475961.0,608808.0,774.8722509461871,0.0,149.0,533.0,836.0,745.0,2263.0,646.0,1604.0,7485.0,135332.0,477.3446043803387,1185.2333520527295,5711.0,2911.0,21080.0,39.80123933333333,12.0,BARRIOS UNIDOS,0.11247095003636712,0.1481817787934574,0.30249942614510555,0.16983984608704705,0.370727730233602,13.896877619063781,2025-09
UPZ22,2025,10,3,0,1082062.0,465696.0,616366.0,774.8722509461871,0.0,126.0,544.0,757.0,689.0,2116.0,540.0,1540.0,7347.0,135332.0,399.0187095439364,1137.9422457364112,5711.0,2911.0,21080.0,39.80123933333333,12.0,BARRIOS UNIDOS,0.11190301479952162,0.15237943851646205,0.30269892113390917,0.17011964194288307,0.37167614096602974,13.894379038040807,2025-10
UPZ22,2025,11,3,0,987490.0,422359.0,565131.0,774.8722509461871,0.0,152.0,529.0,844.0,813.0,2338.0,580.0,1530.0,7522.0,135332.0,428.57565099163537,1130.5530103744863,5711.0,2911.0,21080.0,39.80123933333333,12.0,BARRIOS UNIDOS,0.11665637120375898,0.2302504329157763,0.29565869021458446,0.16511964678123317,0.35795853625537827,13.802921649123862,2025-11
UPZ22,2025,12,3,0,405852.0,405852.0,0.0,774.8722509461871,0.0,114.0,484.0,996.0,779.0,2373.0,484.0,1449.0,7446.0,135332.0,357.6389915171578,1070.700203942896,5711.0,2911.0,21080.0,39.80123933333333,12.0,BARRIOS UNIDOS,0.12826596887535355,0.18138878211761922,0.11873786503454455,0.2716261100105457,0.42069498240738,12.913743840106218,2025-12
UPZ22,2026,1,3,0,843361.0,320479.0,522882.0,774.8722509461871,0.0,147.0,513.0,805.0,707.0,2172.0,546.0,1270.0,6277.0,134573.0,405.72774627897127,943.7257102093288,5247.0,2683.0,22455.0,39.80123933333333,12.0,BARRIOS UNIDOS,0.10904227252623722,0.18931513313990087,0.30052136629509785,0.16627280606999842,0.36625607168971347,13.645150377821588,2026-01
UPZ22,2026,2,3,0,980599.0,369471.0,611128.0,774.8722509461871,0.0,113.0,490.0,680.0,700.0,1983.0,489.0,1332.0,6472.0,134573.0,363.3715529861116,989.7973590541936,5247.0,2683.0,22455.0,39.80123933333333,12.0,BARRIOS UNIDOS,0.108885487339881,0.1561433368787853,0.3056427754872277,0.16401301653377168,0.371430810345759,13.795918888414944,2026-02
UPZ22,2026,3,3,0,1032906.0,380076.0,652830.0,774.8722509461871,0.0,152.0,617.0,742.0,812.0,2323.0,609.0,1522.0,7468.0,134573.0,452.5424862342372,1130.9846700303924,5247.0,2683.0,22455.0,39.80123933333333,12.0,BARRIOS UNIDOS,0.11164423480936307,0.16776163561834279,0.302706151382604,0.16289865679936025,0.3673123148662097,13.847886746865452,2026-03
UPZ22,2026,4,3,0,964440.0,350446.0,613994.0,774.8722509461871,0.0,101.0,476.0,761.0,709.0,2047.0,442.0,1394.0,6536.0,134573.0,328.44627079726246,1035.8690078990585,5247.0,2683.0,22455.0,39.80123933333333,12.0,BARRIOS UNIDOS,0.11358197503214294,0.15685786570445018,0.3023754717763676,0.1623035129194144,0.36244992539786747,13.779302900994765,2026-04
UPZ22,2026,5,3,0,1000025.0,387523.0,612502.0,774.8722509461871,0.0,104.0,441.0,833.0,711.0,2089.0,393.0,1294.0,6418.0,134573.0,292.0348063876112,961.5598968589538,5247.0,2683.0,22455.0,39.80123933333333,12.0,BARRIOS UNIDOS,0.11391615209619756,0.20508587285317864,0.2968025799355016,0.1645898852528687,0.36070598971704876,13.81553555765178,2026-05
UPZ22,2026,6,3,0,907206.0,375715.0,531491.0,774.8722509461871,0.0,130.0,444.0,708.0,672.0,1954.0,444.0,1279.0,5802.0,134573.0,329.93245301806456,950.413530202938,5247.0,2683.0,22455.0,39.80123933333333,12.0,BARRIOS UNIDOS,0.2689289973831742,0.18859332940919699,0.3739084618047058,0.04908587465250449,0.459664659981554,13.718124825690367,2026-06
UPZ24,2023,1,4,0,1044750.0,387662.0,657088.0,969.6270772649355,0.0,139.0,284.0,462.0,642.0,1527.0,1321.0,6301.0,20595.0,1241362.0,106.41537279214282,507.5876335831128,20751.0,10547.0,91018.0,40.380222,11.0,SUBA,0.1352936109117013,0.1788849006939459,0.2765733429050012,0.17507059105049053,0.3426638514185985,13.859288180310163,2023-01
UPZ24,2023,2,4,0,1151945.0,467216.0,684729.0,969.6270772649355,0.0,105.0,300.0,486.0,742.0,1633.0,1165.0,6395.0,21096.0,1241362.0,93.84853088784736,515.1599613972395,20751.0,10547.0,91018.0,40.380222,11.0,SUBA,0.1370586269309732,0.1697624452556328,0.2791843360577111,0.17101944971331093,0.34171355840092027,13.956962376042682,2023-02
UPZ24,2023,3,4,0,1295582.0,538079.0,757503.0,969.6270772649355,0.0,93.0,279.0,430.0,700.0,1502.0,1242.0,6603.0,21351.0,1241362.0,100.0513951611214,531.9157506029668,20751.0,10547.0,91018.0,40.380222,11.0,SUBA,0.13905488035492922,0.15942256067157456,0.2816116617859772,0.1760783956553888,0.34793199847029876,14.074470573005893,2023-03
UPZ24,2023,4,4,0,1102008.0,448102.0,653906.0,969.6270772649355,0.0,98.0,315.0,518.0,675.0,1606.0,1368.0,7672.0,24093.0,1241362.0,110.2015366992062,618.03084031894,20751.0,10547.0,91018.0,40.380222,11.0,SUBA,0.13971404926280023,0.22485226967499328,0.2766304781816466,0.16962218060122972,0.33611792132192825,13.912644528196777,2023-04
UPZ24,2023,5,4,0,1283811.0,545196.0,738615.0,969.6270772649355,0.0,96.0,355.0,457.0,764.0,1672.0,1362.0,7720.0,25130.0,1241362.0,109.71819662596408,621.8975609048771,20751.0,10547.0,91018.0,40.380222,11.0,SUBA,0.13746571730574048,0.177633623640863,0.2819846535042931,0.17732205129882822,0.3487260730085292,14.065343556135929,2023-05
UPZ24,2023,6,4,0,1172206.0,486173.0,686033.0,969.6270772649355,0.0,85.0,350.0,533.0,759.0,1727.0,1230.0,7467.0,22921.0,1241362.0,99.08471501463714,601.5167211498338,20751.0,10547.0,91018.0,40.380222,11.0,SUBA,0.1363727877181997,0.1863759441599855,0.2761895093524517,0.17828948154164023,0.3475516543629971,13.974398001591814,2023-06
UPZ24,2023,7,4,0,1190733.0,531201.0,659532.0,969.6270772649355,0.0,102.0,311.0,535.0,649.0,1597.0,1343.0,6261.0,22785.0,1241362.0,108.18761972736398,504.3653664281652,20751.0,10547.0,91018.0,40.380222,11.0,SUBA,0.13376466428662007,0.2585928163576553,0.25659740680740345,0.1770699224763234,0.33366080312791396,13.990079641844838,2023-07
UPZ24,2023,8,4,0,1263548.0,541612.0,721936.0,969.6270772649355,0.0,104.0,286.0,437.0,624.0,1451.0,1107.0,5917.0,19679.0,1241362.0,89.17624351317343,476.65386889561626,20751.0,10547.0,91018.0,40.380222,11.0,SUBA,0.1397817890574794,0.17858443050837794,0.27623802182425994,0.17687258418358456,0.3452368920810381,14.049434194799915,2023-08
UPZ24,2023,9,4,0,1275379.0,546546.0,728833.0,969.6270772649355,0.0,109.0,320.0,495.0,713.0,1637.0,1257.0,7153.0,23599.0,1241362.0,101.25974534422676,576.2219239834956,20751.0,10547.0,91018.0,40.380222,11.0,SUBA,0.1360356411701933,0.18988943678702558,0.28035274220447415,0.17656790648113224,0.34649587726165304,14.058753947305139,2023-09
UPZ24,2023,10,4,0,1259706.0,534990.0,724716.0,969.6270772649355,0.0,88.0,360.0,590.0,763.0,1801.0,1294.0,7400.0,24227.0,1241362.0,104.24034246255324,596.1194236652967,20751.0,10547.0,91018.0,40.380222,11.0,SUBA,0.13461077426002568,0.18501142330035739,0.2784363970640768,0.17409776566913227,0.34529799385125165,14.04638891836787,2023-10
UPZ24,2023,11,4,0,1229301.0,519338.0,709963.0,969.6270772649355,0.0,133.0,317.0,511.0,785.0,1746.0,1364.0,7663.0,24835.0,1241362.0,109.87930998371144,617.3058302090768,20751.0,10547.0,91018.0,40.380222,11.0,SUBA,0.13787916873084782,0.1887837071636645,0.2779856194699264,0.17589426836877214,0.34624817329418434,14.021956273126182,2023-11
UPZ24,2023,12,4,0,1152488.0,469244.0,683244.0,969.6270772649355,0.0,113.0,389.0,557.0,743.0,1802.0,1253.0,8573.0,26414.0,1241362.0,100.93751862873198,690.6124079841335,20751.0,10547.0,91018.0,40.380222,11.0,SUBA,0.1491720521168116,0.22158842434801918,0.25876278104414097,0.17400788554848287,0.32558413466365876,13.957433641651228,2023-12
UPZ24,2024,1,4,0,1051850.0,430065.0,621785.0,969.6270772649355,0.0,70.0,229.0,336.0,490.0,1125.0,814.0,5199.0,16617.0,1247542.0,65.2483042655077,416.73947650660256,16654.0,7455.0,87728.0,40.380222,11.0,SUBA,0.13593478157531963,0.17425773636925412,0.27354090412131005,0.1801635214146504,0.3472695574488309,13.866061076562175,2024-01
UPZ24,2024,2,4,0,1220649.0,515790.0,704859.0,969.6270772649355,0.0,100.0,350.0,618.0,729.0,1797.0,1273.0,7372.0,23842.0,1247542.0,102.04065273954704,590.921988999168,16654.0,7455.0,87728.0,40.380222,11.0,SUBA,0.13763088324325826,0.15814538003963463,0.28390470970770465,0.1753771968846081,0.3522788434938917,14.014893242478156,2024-02
UPZ24,2024,3,4,0,1107739.0,468429.0,639310.0,969.6270772649355,0.0,88.0,282.0,415.0,559.0,1344.0,974.0,6729.0,20508.0,1247542.0,78.0735237771554,539.3806380867338,16654.0,7455.0,87728.0,40.380222,11.0,SUBA,0.13761093542793018,0.22834981886527417,0.27754552290747186,0.172455786065129,0.34222722032755293,13.917831558974067,2024-03
UPZ24,2024,4,4,0,1239035.0,515560.0,723475.0,969.6270772649355,0.0,52.0,206.0,291.0,502.0,1051.0,753.0,4352.0,14499.0,1247542.0,60.35868932669201,348.84597071681753,16654.0,7455.0,87728.0,40.380222,11.0,SUBA,0.13349582538023538,0.15572925704277918,0.28797410888312275,0.17556081950873054,0.3550572898212302,14.029843408799866,2024-04
UPZ24,2024,5,4,0,1250308.0,553372.0,696936.0,969.6270772649355,0.0,87.0,342.0,442.0,664.0,1535.0,1224.0,7334.0,22802.0,1247542.0,98.11292926410492,587.8759993651516,16654.0,7455.0,87728.0,40.380222,11.0,SUBA,0.13763008794632997,0.18017720433685136,0.28188494354990923,0.17493289653429395,0.3477159018808221,14.038900478926989,2024-05
UPZ24,2024,6,4,0,1121133.0,516543.0,604590.0,969.6270772649355,0.0,70.0,343.0,503.0,676.0,1592.0,1177.0,7748.0,23904.0,1247542.0,94.34552103255842,621.0612548515401,16654.0,7455.0,87728.0,40.380222,11.0,SUBA,0.13758581720455998,0.24029530840676347,0.27384529756951226,0.17393297672979025,0.34059879237137575,13.929850339084442,2024-06
UPZ24,2024,7,4,0,1146603.0,571747.0,574856.0,969.6270772649355,0.0,102.0,332.0,534.0,780.0,1748.0,1240.0,7870.0,24449.0,1247542.0,99.3954512152697,630.8404847291714,16654.0,7455.0,87728.0,40.380222,11.0,SUBA,0.13553252520706813,0.17324043282635745,0.26704709476601746,0.1879848561359075,0.3510644594347132,13.952314215884185,2024-07
UPZ24,2024,8,4,0,1240432.0,581132.0,659300.0,969.6270772649355,0.0,100.0,362.0,521.0,685.0,1668.0,1192.0,7116.0,23369.0,1247542.0,95.5478853617754,570.4016377805317,16654.0,7455.0,87728.0,40.380222,11.0,SUBA,0.13744808260348002,0.21191649360867823,0.27629245295187477,0.1800235724328298,0.34776364524189324,14.030970264005301,2024-08
UPZ24,2024,9,4,0,1192942.0,559678.0,633264.0,969.6270772649355,0.0,100.0,369.0,544.0,811.0,1824.0,1189.0,7769.0,25635.0,1247542.0,95.307412495932,622.7445649124438,16654.0,7455.0,87728.0,40.380222,11.0,SUBA,0.1346561693695083,0.18491846208784662,0.2811150919323823,0.17584677209788904,0.34900370223509086,13.991933082966108,2024-09
UPZ24,2024,10,4,0,1312622.0,625238.0,687384.0,969.6270772649355,0.0,113.0,399.0,520.0,722.0,1754.0,1294.0,8011.0,25384.0,1247542.0,103.7239628004508,642.142709423811,16654.0,7455.0,87728.0,40.380222,11.0,SUBA,0.1380458349776249,0.1625951721059071,0.27992064737601535,0.18056988226618173,0.3510756972506393,14.087537221509063,2024-10
UPZ24,2024,11,4,0,1235187.0,576931.0,658256.0,969.6270772649355,0.0,126.0,319.0,389.0,778.0,1612.0,1202.0,7472.0,24175.0,1247542.0,96.34946158125338,598.9377511939477,16654.0,7455.0,87728.0,40.380222,11.0,SUBA,0.13977964470157148,0.21977481952125463,0.2751696706652515,0.17501479533058556,0.3407435149121943,14.026732933585865,2024-11
UPZ24,2024,12,4,0,1201345.0,554032.0,647313.0,969.6270772649355,0.0,97.0,386.0,666.0,882.0,2031.0,1285.0,9247.0,29623.0,1247542.0,103.00254420292062,741.2175301512895,16654.0,7455.0,87728.0,40.380222,11.0,SUBA,0.1495756839209386,0.19253503364978417,0.26030157864726616,0.1722710794983955,0.32358418747074424,13.998952320426843,2024-12
UPZ24,2025,1,4,0,1108006.0,518291.0,589715.0,969.6270772649355,0.0,114.0,257.0,395.0,628.0,1394.0,1037.0,5964.0,20498.0,1251652.0,82.85050477289215,476.490270458562,16824.0,8053.0,104368.0,40.380222,11.0,SUBA,0.1395172950326983,0.17295935220567396,0.2681447573388591,0.1817869217314707,0.3422246580320819,13.918072561437159,2025-01
UPZ24,2025,2,4,0,1239044.0,588692.0,650352.0,969.6270772649355,0.0,128.0,329.0,493.0,801.0,1751.0,1178.0,6511.0,22299.0,1251652.0,94.115616800836,520.1925135740605,16824.0,8053.0,104368.0,40.380222,11.0,SUBA,0.13991028567185662,0.16457123395133663,0.27944851030310464,0.1776611645752693,0.34862016741329277,14.029850672490815,2025-02
UPZ24,2025,3,4,0,1307290.0,617903.0,689387.0,969.6270772649355,0.0,124.0,286.0,552.0,840.0,1802.0,1243.0,7999.0,26969.0,1251652.0,99.3087535513066,639.075397954064,16824.0,8053.0,104368.0,40.380222,11.0,SUBA,0.14030245775612143,0.20898270467914531,0.2759204155160676,0.17592653504578165,0.3429836462184655,14.083466850167065,2025-03
UPZ24,2025,4,4,0,1251706.0,570545.0,681161.0,969.6270772649355,0.0,132.0,349.0,555.0,780.0,1816.0,1195.0,6987.0,24149.0,1251652.0,95.47382179711292,558.2222534698143,16824.0,8053.0,104368.0,40.380222,11.0,SUBA,0.14172417484616992,0.1678597050745143,0.27482012549272755,0.18122865912602476,0.34705627293489005,14.040017978785492,2025-04
UPZ24,2025,5,4,0,1283688.0,604029.0,679659.0,969.6270772649355,0.0,113.0,347.0,542.0,851.0,1853.0,1308.0,7593.0,26013.0,1251652.0,104.50189030177717,606.6382668665093,16824.0,8053.0,104368.0,40.380222,11.0,SUBA,0.1387478888951209,0.19791257688784186,0.2787172583992371,0.17312773820429883,0.34359033923227655,14.065247743050826,2025-05
UPZ24,2025,6,4,0,1085456.0,456922.0,628534.0,969.6270772649355,0.0,102.0,501.0,571.0,813.0,1987.0,1218.0,7907.0,24959.0,1251652.0,97.31139326266404,631.7251120918594,16824.0,8053.0,104368.0,40.380222,11.0,SUBA,0.13717552807299419,0.22194266741351099,0.27825264220751456,0.17401902979024483,0.34327068596795823,13.897510733162962,2025-06
UPZ24,2025,7,4,0,1290910.0,593610.0,697300.0,969.6270772649355,0.0,114.0,660.0,642.0,889.0,2305.0,1255.0,8072.0,26419.0,1251652.0,100.267486489855,644.9076899969001,16824.0,8053.0,104368.0,40.380222,11.0,SUBA,0.13275906143728067,0.16436467298262467,0.2756667776994523,0.17695888946557076,0.3473482279911476,14.070857953998223,2025-07
UPZ24,2025,8,4,0,1192126.0,546669.0,645457.0,969.6270772649355,0.0,107.0,367.0,654.0,793.0,1921.0,1239.0,7906.0,27322.0,1251652.0,98.98917590512376,631.6452176803136,16824.0,8053.0,104368.0,40.380222,11.0,SUBA,0.1381666031946287,0.2260214104884886,0.27137987091968463,0.1708292579811194,0.3361942232121439,13.99124882571907,2025-08
UPZ24,2025,9,4,0,1223404.0,573044.0,650360.0,969.6270772649355,0.0,128.0,401.0,622.0,872.0,2023.0,1349.0,7817.0,26484.0,1251652.0,107.77756117515092,624.5346150527463,16824.0,8053.0,104368.0,40.380222,11.0,SUBA,0.13529218475662982,0.1561904325962641,0.27967212793157453,0.17686389778029166,0.34986519851969794,14.017147695361846,2025-09
UPZ24,2025,10,4,0,1230461.0,568106.0,662355.0,969.6270772649355,0.0,113.0,331.0,620.0,878.0,1942.0,1238.0,7772.0,26623.0,1251652.0,98.90928149357808,620.9393665331897,16824.0,8053.0,104368.0,40.380222,11.0,SUBA,0.1340026217815924,0.1585495192452259,0.2787768161688993,0.17519612567972484,0.3472319260468088,14.02289945387781,2025-10
UPZ24,2025,11,4,0,1163746.0,527816.0,635930.0,969.6270772649355,0.0,117.0,334.0,688.0,771.0,1910.0,1230.0,8564.0,28331.0,1251652.0,98.27012620121248,684.215740477385,16824.0,8053.0,104368.0,40.380222,11.0,SUBA,0.13908791093589148,0.23869727586603945,0.2695846000759616,0.16935052837990416,0.3328221586816664,13.967154670403167,2025-11
UPZ24,2025,12,4,0,509062.0,509062.0,0.0,969.6270772649355,0.0,114.0,333.0,713.0,905.0,2065.0,1286.0,8846.0,30404.0,1251652.0,102.74421324777175,706.7459645332729,16824.0,8053.0,104368.0,40.380222,11.0,SUBA,0.1635576805968624,0.17968145333967175,0.1533703163858233,0.24316291532269152,0.3942416930771065,13.140325095580351,2025-12
UPZ24,2026,1,4,0,975402.0,411604.0,563798.0,969.6270772649355,0.0,133.0,312.0,615.0,692.0,1752.0,1172.0,6896.0,24097.0,1252218.0,93.59392693604468,550.702832893314,14837.0,6742.0,111346.0,40.380222,11.0,SUBA,0.13343318959772477,0.197365804047972,0.2691679943243913,0.1710125671261695,0.3375850819032165,13.790604972696832,2026-01
UPZ24,2026,2,4,0,1133792.0,469140.0,664652.0,969.6270772649355,0.0,93.0,346.0,465.0,754.0,1658.0,1165.0,7377.0,24001.0,1252218.0,93.03491884001028,589.1146749208204,14837.0,6742.0,111346.0,40.380222,11.0,SUBA,0.1356412816460162,0.164994108266772,0.28144933109423953,0.1682019276904405,0.3444575360081166,13.941078324929295,2026-02
UPZ24,2026,3,4,0,1181057.0,494581.0,686476.0,969.6270772649355,0.0,102.0,420.0,528.0,818.0,1868.0,1294.0,8120.0,27867.0,1252218.0,103.33663946692988,648.4493913998999,14837.0,6742.0,111346.0,40.380222,11.0,SUBA,0.13732360080842837,0.18014287202057136,0.2768757138732508,0.16927294787635144,0.3395466512212535,13.981920358197717,2026-03
UPZ24,2026,4,4,0,1099197.0,472160.0,627037.0,969.6270772649355,0.0,104.0,314.0,534.0,774.0,1726.0,1077.0,7678.0,25475.0,1252218.0,86.00738848986359,613.1520230502996,14837.0,6742.0,111346.0,40.380222,11.0,SUBA,0.13743669242183157,0.16952739135932862,0.2789245239934242,0.17146880859390987,0.3424505474801383,13.910090471188855,2026-04
UPZ24,2026,5,4,0,1160164.0,536475.0,623689.0,969.6270772649355,0.0,105.0,331.0,443.0,770.0,1649.0,1097.0,7577.0,26371.0,1252218.0,87.60455447853329,605.0863348075176,14837.0,6742.0,111346.0,40.380222,11.0,SUBA,0.13646174161584043,0.22649125468468245,0.27096513941132455,0.16963980954416785,0.33459860100529587,13.96407193239978,2026-05
UPZ24,2026,6,4,0,1068167.0,484056.0,584111.0,969.6270772649355,0.0,91.0,300.0,437.0,765.0,1593.0,946.0,7319.0,24225.0,1252218.0,75.54595126407702,584.4828935536783,14837.0,6742.0,111346.0,40.380222,11.0,SUBA,0.26885121895733527,0.2036151650444172,0.36544098441535827,0.06166732355521183,0.44408217209723816,13.881454653319425,2026-06
UPZ25,2023,1,1,0,331293.0,165235.0,166058.0,538.3986022356369,0.0,54.0,139.0,192.0,395.0,780.0,1321.0,6301.0,20595.0,1241362.0,106.41537279214282,507.5876335831128,20751.0,10547.0,91018.0,40.380222,11.0,SUBA,0.1071709936521447,0.1423845357432846,0.2665736976030281,0.187109296000821,0.3586320595197835,12.710758459178564,2023-01
UPZ25,2023,2,1,0,368674.0,189112.0,179562.0,538.3986022356369,0.0,55.0,133.0,216.0,309.0,713.0,1165.0,6395.0,21096.0,1241362.0,93.84853088784736,515.1599613972395,20751.0,10547.0,91018.0,40.380222,11.0,SUBA,0.1076994851820307,0.1346636866174452,0.2687116531135908,0.1757379147973548,0.352896179311842,12.817668063699378,2023-02
UPZ25,2023,3,1,0,400385.0,202745.0,197640.0,538.3986022356369,0.0,35.0,116.0,199.0,255.0,605.0,1242.0,6603.0,21351.0,1241362.0,100.0513951611214,531.9157506029668,20751.0,10547.0,91018.0,40.380222,11.0,SUBA,0.1100191066098879,0.13279718271164,0.2753025213232264,0.1649412440525993,0.3520775872406763,12.900181863184002,2023-03
UPZ25,2023,4,1,0,338303.0,171016.0,167287.0,538.3986022356369,0.0,57.0,168.0,215.0,284.0,724.0,1368.0,7672.0,24093.0,1241362.0,110.2015366992062,618.03084031894,20751.0,10547.0,91018.0,40.380222,11.0,SUBA,0.1066292642985725,0.1836312418157687,0.2725337936701714,0.1655734652072254,0.349993790050478,12.731697222598235,2023-04
UPZ25,2023,5,1,0,388340.0,197114.0,191226.0,538.3986022356369,0.0,39.0,132.0,240.0,329.0,740.0,1362.0,7720.0,25130.0,1241362.0,109.71819662596408,621.8975609048771,20751.0,10547.0,91018.0,40.380222,11.0,SUBA,0.1079801205129525,0.1427743729721378,0.2773497450687542,0.167644332286141,0.3542249239338502,12.869636523548445,2023-05
UPZ25,2023,6,1,0,362211.0,184083.0,178128.0,538.3986022356369,0.0,62.0,121.0,254.0,289.0,726.0,1230.0,7467.0,22921.0,1241362.0,99.08471501463714,601.5167211498338,20751.0,10547.0,91018.0,40.380222,11.0,SUBA,0.1089392646827401,0.1521074732683436,0.270684766613935,0.1712979451203856,0.3511867739743809,12.799982193931639,2023-06
UPZ25,2023,7,1,0,352570.0,186025.0,166545.0,538.3986022356369,0.0,49.0,128.0,226.0,371.0,774.0,1343.0,6261.0,22785.0,1241362.0,108.18761972736398,504.3653664281652,20751.0,10547.0,91018.0,40.380222,11.0,SUBA,0.1109056357602745,0.1929914626882604,0.2623791020222934,0.1696088719970502,0.3454167281477361,12.773004463080037,2023-07
UPZ25,2023,8,1,0,380131.0,199115.0,181016.0,538.3986022356369,0.0,48.0,123.0,160.0,259.0,590.0,1107.0,5917.0,19679.0,1241362.0,89.17624351317343,476.65386889561626,20751.0,10547.0,91018.0,40.380222,11.0,SUBA,0.1138318106126572,0.1468178075452935,0.2719562466623348,0.1778123857301825,0.3563505430277448,12.848271209136582,2023-08
UPZ25,2023,9,1,0,376204.0,198238.0,177966.0,538.3986022356369,0.0,60.0,144.0,172.0,286.0,662.0,1257.0,7153.0,23599.0,1241362.0,101.25974534422676,576.2219239834956,20751.0,10547.0,91018.0,40.380222,11.0,SUBA,0.1122741916619706,0.1549079754601227,0.2754011121625501,0.17439740140987334,0.35512804148384525,12.837886828434753,2023-09
UPZ25,2023,10,1,0,364644.0,190529.0,174115.0,538.3986022356369,0.0,36.0,161.0,167.0,383.0,747.0,1294.0,7400.0,24227.0,1241362.0,104.24034246255324,596.1194236652967,20751.0,10547.0,91018.0,40.380222,11.0,SUBA,0.11044470771492192,0.1512379197244435,0.2753891466745647,0.1797808273274755,0.3594864154443035,12.806676814142907,2023-10
UPZ25,2023,11,1,0,352567.0,180219.0,172348.0,538.3986022356369,0.0,54.0,151.0,228.0,295.0,728.0,1364.0,7663.0,24835.0,1241362.0,109.87930998371144,617.3058302090768,20751.0,10547.0,91018.0,40.380222,11.0,SUBA,0.111641191603298,0.1506380347565143,0.2755306083666367,0.1765026221966321,0.3589953261082401,12.772995954095258,2023-11
UPZ25,2023,12,1,0,332340.0,170140.0,162200.0,538.3986022356369,0.0,51.0,136.0,200.0,334.0,721.0,1253.0,8573.0,26414.0,1241362.0,100.93751862873198,690.6124079841335,20751.0,10547.0,91018.0,40.380222,11.0,SUBA,0.1178612264548354,0.1779743636035385,0.2581873984473731,0.1875940302100258,0.3492288358792986,12.713913820255204,2023-12
UPZ25,2024,1,1,0,319722.0,163526.0,156196.0,538.3986022356369,0.0,21.0,100.0,146.0,220.0,487.0,814.0,5199.0,16617.0,1247542.0,65.2483042655077,416.73947650660256,16654.0,7455.0,87728.0,40.380222,11.0,SUBA,0.1035993769587329,0.1395212090503625,0.2729371141178899,0.1968209882335278,0.3726511542059144,12.675207147193928,2024-01
UPZ25,2024,2,1,0,393030.0,199465.0,193565.0,538.3986022356369,0.0,44.0,154.0,207.0,302.0,707.0,1273.0,7372.0,23842.0,1247542.0,102.04065273954704,590.921988999168,16654.0,7455.0,87728.0,40.380222,11.0,SUBA,0.1004961453324173,0.1231229168256876,0.2857008370862275,0.1912169554486935,0.38217735223828164,12.881641223815826,2024-02
UPZ25,2024,3,1,0,357453.0,182263.0,175190.0,538.3986022356369,0.0,62.0,111.0,169.0,239.0,581.0,974.0,6729.0,20508.0,1247542.0,78.0735237771554,539.3806380867338,16654.0,7455.0,87728.0,40.380222,11.0,SUBA,0.1047969942901584,0.1819511935834921,0.2845744755254537,0.1867909907036729,0.37488665241192465,12.786759163941985,2024-03
UPZ25,2024,4,1,0,409176.0,205880.0,203296.0,538.3986022356369,0.0,25.0,70.0,132.0,189.0,416.0,753.0,4352.0,14499.0,1247542.0,60.35868932669201,348.84597071681753,16654.0,7455.0,87728.0,40.380222,11.0,SUBA,0.09828533442821671,0.1199092810917551,0.292905742272274,0.191954073552701,0.3884737632210774,12.921900660313177,2024-04
UPZ25,2024,5,1,0,424534.0,204582.0,219952.0,538.3986022356369,0.0,45.0,153.0,196.0,277.0,671.0,1224.0,7334.0,22802.0,1247542.0,98.11292926410492,587.8759993651516,16654.0,7455.0,87728.0,40.380222,11.0,SUBA,0.1024370250674857,0.142900215294888,0.2979714227835697,0.1800491833398503,0.378699868697417,12.958747375754673,2024-05
UPZ25,2024,6,1,0,352871.0,183194.0,169677.0,538.3986022356369,0.0,44.0,140.0,176.0,262.0,622.0,1177.0,7748.0,23904.0,1247542.0,94.34552103255842,621.0612548515401,16654.0,7455.0,87728.0,40.380222,11.0,SUBA,0.1086374340764755,0.1962785267137282,0.2806861430947853,0.1855295561267432,0.3679699305675655,12.773857830032812,2024-06
UPZ25,2024,7,1,0,383128.0,214266.0,168862.0,538.3986022356369,0.0,45.0,114.0,193.0,315.0,667.0,1240.0,7870.0,24449.0,1247542.0,99.3954512152697,630.8404847291714,16654.0,7455.0,87728.0,40.380222,11.0,SUBA,0.10201551439727709,0.1311493808857614,0.2708990206928233,0.20658631058027602,0.3863776657274985,12.856124415984533,2024-07
UPZ25,2024,8,1,0,422276.0,214648.0,207628.0,538.3986022356369,0.0,62.0,138.0,239.0,268.0,707.0,1192.0,7116.0,23369.0,1247542.0,95.5478853617754,570.4016377805317,16654.0,7455.0,87728.0,40.380222,11.0,SUBA,0.1053055347687294,0.1641911924902196,0.2958917864145725,0.1866007066468376,0.3808193637647237,12.95341440767078,2024-08
UPZ25,2024,9,1,0,426161.0,205568.0,220593.0,538.3986022356369,0.0,39.0,127.0,197.0,292.0,655.0,1189.0,7769.0,25635.0,1247542.0,95.307412495932,622.7445649124438,16654.0,7455.0,87728.0,40.380222,11.0,SUBA,0.1032332850730123,0.1457242685276221,0.3110068729893162,0.1757833307130403,0.3854321613702952,12.96257248812464,2024-09
UPZ25,2024,10,1,0,521719.0,234414.0,287305.0,538.3986022356369,0.0,64.0,121.0,242.0,317.0,744.0,1294.0,8011.0,25384.0,1247542.0,103.7239628004508,642.142709423811,16654.0,7455.0,87728.0,40.380222,11.0,SUBA,0.1046099528673481,0.1284887075226319,0.3267026886120689,0.1712013555189671,0.3921813662976337,13.164884407745435,2024-10
UPZ25,2024,11,1,0,431437.0,209044.0,222393.0,538.3986022356369,0.0,46.0,114.0,199.0,321.0,680.0,1202.0,7472.0,24175.0,1247542.0,96.34946158125338,598.9377511939477,16654.0,7455.0,87728.0,40.380222,11.0,SUBA,0.1076657773904417,0.17441248664347278,0.3020301921253856,0.1785034663230089,0.3772371618863864,12.974876776528747,2024-11
UPZ25,2024,12,1,0,410171.0,196973.0,213198.0,538.3986022356369,0.0,52.0,151.0,226.0,380.0,809.0,1285.0,9247.0,29623.0,1247542.0,103.00254420292062,741.2175301512895,16654.0,7455.0,87728.0,40.380222,11.0,SUBA,0.1127871058656024,0.149935027098454,0.2940968522884358,0.1750196869110688,0.3648836415085134,12.924329424900384,2024-12
UPZ25,2025,1,1,0,392485.0,190908.0,201577.0,538.3986022356369,0.0,36.0,99.0,162.0,257.0,554.0,1037.0,5964.0,20498.0,1251652.0,82.85050477289215,476.490270458562,16824.0,8053.0,104368.0,40.380222,11.0,SUBA,0.1050919143406754,0.135760602316012,0.3002993744983884,0.1830948953463189,0.3797007267082486,12.88025359891382,2025-01
UPZ25,2025,2,1,0,436938.0,213905.0,223033.0,538.3986022356369,0.0,44.0,95.0,146.0,280.0,565.0,1178.0,6511.0,22299.0,1251652.0,94.115616800836,520.1925135740605,16824.0,8053.0,104368.0,40.380222,11.0,SUBA,0.1064453080299722,0.1285468418860341,0.307503581743863,0.1797783667247985,0.3844422897725842,12.98754658758211,2025-02
UPZ25,2025,3,1,0,460674.0,223378.0,237296.0,538.3986022356369,0.0,47.0,149.0,200.0,320.0,716.0,1243.0,7999.0,26969.0,1251652.0,99.3087535513066,639.075397954064,16824.0,8053.0,104368.0,40.380222,11.0,SUBA,0.10622913383433831,0.1665038617330259,0.3039329330502698,0.1759877918007094,0.3772465090016722,13.040445913472968,2025-03
UPZ25,2025,4,1,0,441627.0,213038.0,228589.0,538.3986022356369,0.0,55.0,116.0,232.0,245.0,648.0,1195.0,6987.0,24149.0,1251652.0,95.47382179711292,558.2222534698143,16824.0,8053.0,104368.0,40.380222,11.0,SUBA,0.107980263887851,0.1377316151412843,0.3073906260260355,0.1797987894761869,0.3822246184096665,12.998220913380317,2025-04
UPZ25,2025,5,1,0,464063.0,223571.0,240492.0,538.3986022356369,0.0,41.0,182.0,204.0,307.0,734.0,1308.0,7593.0,26013.0,1251652.0,104.50189030177717,606.6382668665093,16824.0,8053.0,104368.0,40.380222,11.0,SUBA,0.10355490526070808,0.1584655531684275,0.3105311132324705,0.1765212912901912,0.3837715591583304,13.047775597853754,2025-05
UPZ25,2025,6,1,0,399507.0,186173.0,213334.0,538.3986022356369,0.0,51.0,123.0,208.0,277.0,659.0,1218.0,7907.0,24959.0,1251652.0,97.31139326266404,631.7251120918594,16824.0,8053.0,104368.0,40.380222,11.0,SUBA,0.1026064624649881,0.17351886199741176,0.3107955555221811,0.1779843657307631,0.3845370996419001,12.897986565937337,2025-06
UPZ25,2025,7,1,0,476200.0,225991.0,250209.0,538.3986022356369,0.0,53.0,112.0,193.0,314.0,672.0,1255.0,8072.0,26419.0,1251652.0,100.267486489855,644.9076899969001,16824.0,8053.0,104368.0,40.380222,11.0,SUBA,0.10115287694246111,0.1190109197816043,0.3127404451910962,0.1769613607727845,0.388442982916938,13.073593213034899,2025-07
UPZ25,2025,8,1,0,427084.0,199494.0,227590.0,538.3986022356369,0.0,49.0,155.0,232.0,307.0,743.0,1239.0,7906.0,27322.0,1251652.0,98.98917590512376,631.6452176803136,16824.0,8053.0,104368.0,40.380222,11.0,SUBA,0.10213915763643679,0.180470352436523,0.3097282970094876,0.1686038343745024,0.3788624191107216,12.964735994175138,2025-08
UPZ25,2025,9,1,0,457873.0,214984.0,242889.0,538.3986022356369,0.0,54.0,177.0,223.0,297.0,751.0,1349.0,7817.0,26484.0,1251652.0,107.77756117515092,624.5346150527463,16824.0,8053.0,104368.0,40.380222,11.0,SUBA,0.0966927510466876,0.1222828164141585,0.3191911294179827,0.1726570468230273,0.39275529667266046,13.034347132067207,2025-09
UPZ25,2025,10,1,0,459465.0,215127.0,244338.0,538.3986022356369,0.0,50.0,159.0,210.0,334.0,753.0,1238.0,7772.0,26623.0,1251652.0,98.90928149357808,620.9393665331897,16824.0,8053.0,104368.0,40.380222,11.0,SUBA,0.0957918448630472,0.1253827821488035,0.3174561718520453,0.1736693763398735,0.39271365427744037,13.037818048127088,2025-10
UPZ25,2025,11,1,0,418214.0,195594.0,222620.0,538.3986022356369,0.0,65.0,165.0,260.0,371.0,861.0,1230.0,8564.0,28331.0,1251652.0,98.27012620121248,684.215740477385,16824.0,8053.0,104368.0,40.380222,11.0,SUBA,0.10198606455068449,0.1895225889138097,0.3087701511666276,0.16913828805348446,0.3791505985474101,12.943748542221691,2025-11
UPZ25,2025,12,1,0,190584.0,190584.0,0.0,538.3986022356369,0.0,78.0,138.0,240.0,400.0,856.0,1286.0,8846.0,30404.0,1251652.0,102.74421324777175,706.7459645332729,16824.0,8053.0,104368.0,40.380222,11.0,SUBA,0.1309501322251605,0.1383746799311589,0.1044159006002602,0.2829880787474289,0.4409556466211571,12.157848321243156,2025-12
UPZ25,2026,1,1,0,371692.0,172816.0,198876.0,538.3986022356369,0.0,54.0,109.0,178.0,271.0,612.0,1172.0,6896.0,24097.0,1252218.0,93.59392693604468,550.702832893314,14837.0,6742.0,111346.0,40.380222,11.0,SUBA,0.09789287905039648,0.1587335751105754,0.309955554598969,0.1698287829708468,0.3834310297960754,12.82582083332034,2026-01
UPZ25,2026,2,1,0,442772.0,200097.0,242675.0,538.3986022356369,0.0,50.0,98.0,188.0,336.0,672.0,1165.0,7377.0,24001.0,1252218.0,93.03491884001028,589.1146749208204,14837.0,6742.0,111346.0,40.380222,11.0,SUBA,0.0964491882955561,0.1287389446487131,0.3228862710379157,0.1649788152819058,0.3931506632689944,13.000810243851594,2026-02
UPZ25,2026,3,1,0,452936.0,195050.0,257886.0,538.3986022356369,0.0,51.0,126.0,224.0,335.0,736.0,1294.0,8120.0,27867.0,1252218.0,103.33663946692988,648.4493913998999,14837.0,6742.0,111346.0,40.380222,11.0,SUBA,0.0967863009343483,0.1396267905399438,0.3245734496705936,0.1619257466838582,0.39000145762614535,13.023506114130962,2026-03
UPZ25,2026,4,1,0,402462.0,179560.0,222902.0,538.3986022356369,0.0,64.0,125.0,236.0,454.0,879.0,1077.0,7678.0,25475.0,1252218.0,86.00738848986359,613.1520230502996,14837.0,6742.0,111346.0,40.380222,11.0,SUBA,0.09898325804672238,0.1349071465132111,0.3229447749104263,0.1645720589769966,0.3885931469160625,12.905355961445968,2026-04
UPZ25,2026,5,1,0,414901.0,191701.0,223200.0,538.3986022356369,0.0,31.0,125.0,190.0,287.0,633.0,1097.0,7577.0,26371.0,1252218.0,87.60455447853329,605.0863348075176,14837.0,6742.0,111346.0,40.380222,11.0,SUBA,0.0997249946372749,0.1760227138522201,0.31681051624363393,0.16486583546436373,0.3838700539774303,12.935795216537384,2026-05
UPZ25,2026,6,1,0,385214.0,177571.0,207643.0,538.3986022356369,0.0,38.0,120.0,238.0,287.0,683.0,946.0,7319.0,24225.0,1252218.0,75.54595126407702,584.4828935536783,14837.0,6742.0,111346.0,40.380222,11.0,SUBA,0.2712102883072785,0.1557809425410291,0.4113687456842171,0.0339188087660365,0.5321584756203391,12.861554303001624,2026-06
UPZ26,2023,1,3,0,1064532.0,482751.0,581781.0,1052.1769201193638,0.0,301.0,672.0,986.0,1001.0,2960.0,1386.0,4694.0,17724.0,830505.0,166.8864124839706,565.1982829724084,17846.0,9318.0,77148.0,43.08297155555556,10.0,ENGATIVÁ,0.14824072925943038,0.20140775476923192,0.1913657832737766,0.18880879109317517,0.30589441114800675,13.878045823925378,2023-01
UPZ26,2023,2,3,0,1178769.0,534060.0,644709.0,1052.1769201193638,0.0,298.0,847.0,1005.0,1101.0,3251.0,1197.0,5154.0,18878.0,830505.0,144.1291744179746,620.5862697997002,17846.0,9318.0,77148.0,43.08297155555556,10.0,ENGATIVÁ,0.1515988289478261,0.18789092689067996,0.21728769589291874,0.1751920859812228,0.2950322731594446,13.979981231569782,2023-02
UPZ26,2023,3,3,0,1305192.0,594643.0,710549.0,1052.1769201193638,0.0,346.0,808.0,961.0,991.0,3106.0,1415.0,5281.0,19034.0,830505.0,170.3782638274303,635.8781705107133,17846.0,9318.0,77148.0,43.08297155555556,10.0,ENGATIVÁ,0.1551710399695983,0.1827332683620494,0.21978069126994335,0.1755680390318052,0.29513201335058636,14.08186071435368,2023-03
UPZ26,2023,4,3,0,1118918.0,501038.0,617880.0,1052.1769201193638,0.0,255.0,847.0,1123.0,1079.0,3304.0,1293.0,5681.0,20777.0,830505.0,155.68840645149638,684.0416373170541,17846.0,9318.0,77148.0,43.08297155555556,10.0,ENGATIVÁ,0.15366005373047886,0.2545941704396568,0.2094720077789436,0.1765491304992859,0.29622913154650804,13.927872704894943,2023-04
UPZ26,2023,5,3,0,1245017.0,558693.0,686324.0,1052.1769201193638,0.0,313.0,892.0,1156.0,1179.0,3540.0,1469.0,5924.0,21559.0,830505.0,176.88033184628628,713.300943401906,17846.0,9318.0,77148.0,43.08297155555556,10.0,ENGATIVÁ,0.15125335637987267,0.1995057095605923,0.21914479882604013,0.17977103927094967,0.30043830613714634,14.034659742406195,2023-05
UPZ26,2023,6,3,0,1162905.0,544587.0,618318.0,1052.1769201193638,0.0,270.0,998.0,1167.0,1118.0,3553.0,1244.0,5989.0,19937.0,830505.0,149.78838176771964,721.1275067579364,17846.0,9318.0,77148.0,43.08297155555556,10.0,ENGATIVÁ,0.15433590878016687,0.2116535744536312,0.20839449482115907,0.1830011909829263,0.304377987425423,13.96643174286773,2023-06
UPZ26,2023,7,3,0,1177181.0,574853.0,602328.0,1052.1769201193638,0.0,308.0,720.0,1174.0,1204.0,3406.0,1389.0,4920.0,19627.0,830505.0,167.24763848501814,592.4106417179909,17846.0,9318.0,77148.0,43.08297155555556,10.0,ENGATIVÁ,0.15527178913013373,0.26833851378844886,0.1996846704117718,0.18303812242977074,0.30443679348337477,13.978633155217999,2023-07
UPZ26,2023,8,3,0,1262281.0,611678.0,650603.0,1052.1769201193638,0.0,250.0,753.0,941.0,1061.0,3005.0,1135.0,4660.0,16810.0,830505.0,136.6638370629918,561.1043882938694,17846.0,9318.0,77148.0,43.08297155555556,10.0,ENGATIVÁ,0.151785537451645,0.19843679814557927,0.2154203382606567,0.17738997893495975,0.2981021998582806,14.048430959738264,2023-08
UPZ26,2023,9,3,0,1307292.0,634020.0,673272.0,1052.1769201193638,0.0,230.0,764.0,1005.0,968.0,2967.0,1211.0,5480.0,19459.0,830505.0,145.8148957561965,659.839495246868,17846.0,9318.0,77148.0,43.08297155555556,10.0,ENGATIVÁ,0.14973395385269697,0.2155050287158492,0.21283156326207148,0.1818530213601858,0.3032034146716319,14.083468380048323,2023-09
UPZ26,2023,10,3,0,1284997.0,627344.0,657653.0,1052.1769201193638,0.0,288.0,914.0,1078.0,1254.0,3534.0,1363.0,5936.0,20626.0,830505.0,164.117013142606,714.7458474060963,17846.0,9318.0,77148.0,43.08297155555556,10.0,ENGATIVÁ,0.14672719080278007,0.21001294166445525,0.21104329426450014,0.1854650244319636,0.3079809300200345,14.066266941678382,2023-10
UPZ26,2023,11,3,0,1283954.0,624306.0,659648.0,1052.1769201193638,0.0,281.0,906.0,1007.0,1095.0,3289.0,1280.0,5617.0,19333.0,830505.0,154.1230937802903,676.3354826280396,17846.0,9318.0,77148.0,43.08297155555556,10.0,ENGATIVÁ,0.14974601893837314,0.210633714291945,0.20974972623629815,0.18490148400955175,0.30408464265415613,14.065454937045121,2023-11
UPZ26,2023,12,3,0,1275928.0,600097.0,675831.0,1052.1769201193638,0.0,258.0,975.0,1211.0,1280.0,3724.0,1157.0,6080.0,21179.0,830505.0,139.3128277373405,732.084695456379,17846.0,9318.0,77148.0,43.08297155555556,10.0,ENGATIVÁ,0.16855261425409584,0.25360757033312226,0.17684069947520545,0.1875662263074405,0.30340831442817184,14.05918431496256,2023-12
UPZ26,2024,1,3,0,1127296.0,519479.0,607817.0,1052.1769201193638,0.0,207.0,534.0,768.0,738.0,2247.0,864.0,3646.0,13025.0,831376.0,103.92409691884296,438.5500663959508,14546.0,6993.0,67606.0,43.08297155555556,10.0,ENGATIVÁ,0.14222440246394907,0.19719665464971045,0.2072738659588963,0.190209137617804,0.317275989879003,13.935332402725077,2024-01
UPZ26,2024,2,3,0,1271007.0,577216.0,693791.0,1052.1769201193638,0.0,263.0,799.0,946.0,1055.0,3063.0,1159.0,5113.0,18380.0,831376.0,139.40744019553128,615.0045226227363,14546.0,6993.0,67606.0,43.08297155555556,10.0,ENGATIVÁ,0.14308811831878182,0.1765167304350015,0.22651724184052482,0.18185737765409626,0.31024629392020114,14.055320057630855,2024-02
UPZ26,2024,3,3,0,1160146.0,527793.0,632353.0,1052.1769201193638,0.0,226.0,756.0,998.0,914.0,2894.0,1045.0,4746.0,16552.0,831376.0,125.69523296318393,570.8608379361443,14546.0,6993.0,67606.0,43.08297155555556,10.0,ENGATIVÁ,0.14380172840314925,0.25522132559177896,0.21266978466503353,0.18309074892298033,0.3063839121633183,13.964056417231546,2024-03
UPZ26,2024,4,3,0,1232707.0,524052.0,708655.0,1052.1769201193638,0.0,133.0,477.0,542.0,637.0,1789.0,747.0,3375.0,11941.0,831376.0,89.85104212774965,405.9535035892304,14546.0,6993.0,67606.0,43.08297155555556,10.0,ENGATIVÁ,0.1425878168940389,0.1762535622820346,0.2277637751712288,0.18550799176122143,0.3120516545084994,14.024723122115198,2024-04
UPZ26,2024,5,3,0,1271958.0,550285.0,721673.0,1052.1769201193638,0.0,281.0,802.0,1020.0,1081.0,3184.0,1227.0,5387.0,19224.0,831376.0,147.58665152710685,647.9619329882026,14546.0,6993.0,67606.0,43.08297155555556,10.0,ENGATIVÁ,0.1468633398272584,0.2009366661477816,0.2234649257286797,0.18210900045441747,0.30744857503174894,14.056068003469145,2024-05
UPZ26,2024,6,3,0,1176961.0,548354.0,628607.0,1052.1769201193638,0.0,257.0,913.0,1042.0,1124.0,3336.0,1206.0,5662.0,19983.0,831376.0,145.06071861588498,681.0396258732511,14546.0,6993.0,67606.0,43.08297155555556,10.0,ENGATIVÁ,0.14971269226422962,0.2730217908664773,0.2064460929461554,0.1814996418742847,0.3063499943366876,13.978446250604225,2024-06
UPZ26,2024,7,3,0,1212882.0,612481.0,600401.0,1052.1769201193638,0.0,333.0,909.0,1190.0,1191.0,3623.0,1370.0,6009.0,20811.0,831376.0,164.78705182733205,722.777660168203,14546.0,6993.0,67606.0,43.08297155555556,10.0,ENGATIVÁ,0.14426795022104372,0.19864257198969063,0.20977638385267483,0.1947757490011394,0.318724704962236,14.00850990372185,2024-07
UPZ26,2024,8,3,0,1309351.0,620870.0,688481.0,1052.1769201193638,0.0,256.0,792.0,1010.0,1017.0,3075.0,1210.0,5236.0,19174.0,831376.0,145.54184869421297,629.7992725313215,14546.0,6993.0,67606.0,43.08297155555556,10.0,ENGATIVÁ,0.14876377686349956,0.23742373129894123,0.21404573716291503,0.1845242413989831,0.30597691495089224,14.085042152569047,2024-08
UPZ26,2024,9,3,0,1264788.0,607961.0,656827.0,1052.1769201193638,0.0,273.0,990.0,1113.0,981.0,3357.0,1271.0,5757.0,20252.0,831376.0,152.8790823887146,692.4664652335406,14546.0,6993.0,67606.0,43.08297155555556,10.0,ENGATIVÁ,0.14267292226048947,0.222789906292596,0.21311713899878867,0.18776269224565695,0.3175178294013082,14.050415077166358,2024-09
UPZ26,2024,10,3,0,1419187.0,685389.0,733798.0,1052.1769201193638,0.0,290.0,967.0,1188.0,1161.0,3606.0,1458.0,5827.0,21018.0,831376.0,175.37191355054753,700.8862416042801,14546.0,6993.0,67606.0,43.08297155555556,10.0,ENGATIVÁ,0.14699542766386667,0.19880889551553108,0.21024783907969838,0.19090366526750874,0.31843287568113654,14.165594730405306,2024-10
UPZ26,2024,11,3,0,1332897.0,633173.0,699724.0,1052.1769201193638,0.0,250.0,921.0,1233.0,1268.0,3672.0,1215.0,5468.0,20026.0,831376.0,146.14326129212293,657.7048170743442,14546.0,6993.0,67606.0,43.08297155555556,10.0,ENGATIVÁ,0.15220605943294938,0.2593186120157821,0.20303594351251442,0.18240569226279296,0.3057422504931446,14.102865326858089,2024-11
UPZ26,2024,12,3,0,1381806.0,653081.0,728725.0,1052.1769201193638,0.0,260.0,1047.0,1498.0,1428.0,4233.0,1204.0,6611.0,24235.0,831376.0,144.820153576721,795.1877369565636,14546.0,6993.0,67606.0,43.08297155555556,10.0,ENGATIVÁ,0.16732956724750073,0.22716937109840307,0.17986171720198052,0.18715362359115534,0.3063911934786639,14.1389018971898,2024-12
UPZ26,2025,1,3,0,1159821.0,548937.0,610884.0,1052.1769201193638,0.0,205.0,617.0,1008.0,948.0,2778.0,1158.0,4235.0,16652.0,831165.0,139.32251718972768,509.5257860954202,15693.0,7442.0,79411.0,43.08297155555556,10.0,ENGATIVÁ,0.14689421902172833,0.2001783033761244,0.2023631232750571,0.18719440327429837,0.3121867791791624,13.963776240830654,2025-01
UPZ26,2025,2,3,0,1236835.0,592779.0,644056.0,1052.1769201193638,0.0,199.0,707.0,1016.0,1083.0,3005.0,1113.0,4642.0,18207.0,831165.0,133.90842973416832,558.4931993045906,15693.0,7442.0,79411.0,43.08297155555556,10.0,ENGATIVÁ,0.1468465882676347,0.18761112031920182,0.22055569255397844,0.1820194286222495,0.30779626023231493,14.028066255250595,2025-02
UPZ26,2025,3,3,0,1299815.0,619676.0,680139.0,1052.1769201193638,0.0,249.0,892.0,1254.0,1253.0,3648.0,1198.0,5706.0,21075.0,831165.0,144.1350393724471,686.5062893649275,15693.0,7442.0,79411.0,43.08297155555556,10.0,ENGATIVÁ,0.14588691467631928,0.23710451102656915,0.21590534037536108,0.17807380281039992,0.30370818240904673,14.077732504612758,2025-03
UPZ26,2025,4,3,0,1206486.0,574087.0,632399.0,1052.1769201193638,0.0,220.0,916.0,1244.0,1215.0,3595.0,1220.0,5432.0,19687.0,831165.0,146.7819265729428,653.5405124132994,15693.0,7442.0,79411.0,43.08297155555556,10.0,ENGATIVÁ,0.14623045770941395,0.1959483989039243,0.21869130681997134,0.18385459922452474,0.30948326353076194,14.003222560167217,2025-04
UPZ26,2025,5,3,0,1301731.0,616721.0,685010.0,1052.1769201193638,0.0,232.0,915.0,1364.0,1235.0,3746.0,1275.0,5783.0,20871.0,831165.0,153.399144574182,695.7703945666625,15693.0,7442.0,79411.0,43.08297155555556,10.0,ENGATIVÁ,0.146004819736182,0.22242383411011954,0.2193855719806933,0.17996114404588961,0.3077053660964422,14.079205475182118,2025-05
UPZ26,2025,6,3,0,1127003.0,511831.0,615172.0,1052.1769201193638,0.0,240.0,1005.0,1512.0,1102.0,3859.0,1328.0,5862.0,21247.0,831165.0,159.77573646628525,705.2751258775334,15693.0,7442.0,79411.0,43.08297155555556,10.0,ENGATIVÁ,0.14621434015703594,0.2586452742361821,0.20841559427969578,0.1858344653918401,0.31127409696326624,13.93507245495271,2025-06
UPZ26,2025,7,3,0,1307871.0,612939.0,694932.0,1052.1769201193638,0.0,242.0,918.0,1325.0,1230.0,3715.0,1437.0,5445.0,21833.0,831165.0,172.88985941419574,655.1045821226833,15693.0,7442.0,79411.0,43.08297155555556,10.0,ENGATIVÁ,0.1430997399590632,0.18431022631436889,0.2139530580615366,0.1877241715734961,0.31705586934200775,14.083911182282417,2025-07
UPZ26,2025,8,3,0,1228580.0,573009.0,655571.0,1052.1769201193638,0.0,288.0,1021.0,1279.0,1250.0,3838.0,1477.0,6523.0,23260.0,831165.0,177.7023815969152,784.802054946972,15693.0,7442.0,79411.0,43.08297155555556,10.0,ENGATIVÁ,0.14600270230672804,0.25427159810512945,0.2100026046329909,0.179155610542252,0.30472389703841574,14.021369588888271,2025-08
UPZ26,2025,9,3,0,1299602.0,604084.0,695518.0,1052.1769201193638,0.0,339.0,983.0,1239.0,1329.0,3890.0,1497.0,6051.0,22409.0,831165.0,180.1086426882749,728.0142931908827,15693.0,7442.0,79411.0,43.08297155555556,10.0,ENGATIVÁ,0.14212120326069053,0.18952109953662732,0.21742117971502045,0.18561605783924612,0.31688678321253666,14.077568621710956,2025-09
UPZ26,2025,10,3,0,1329055.0,614048.0,715007.0,1052.1769201193638,0.0,324.0,1146.0,1350.0,1302.0,4122.0,1480.0,5837.0,21901.0,831165.0,178.06332076061915,702.2672995133337,15693.0,7442.0,79411.0,43.08297155555556,10.0,ENGATIVÁ,0.14362460545274647,0.1956465308057228,0.21217105386910243,0.18632411751206682,0.31606776767653744,14.099978721338692,2025-10
UPZ26,2025,11,3,0,1247951.0,576490.0,671461.0,1052.1769201193638,0.0,304.0,963.0,1381.0,1276.0,3924.0,1351.0,6183.0,23048.0,831165.0,162.54293672134895,743.8956163938568,15693.0,7442.0,79411.0,43.08297155555556,10.0,ENGATIVÁ,0.1483183233957102,0.2815262778746922,0.20285331715748453,0.1790887622991608,0.3045930542087135,14.037013564320192,2025-11
UPZ26,2025,12,3,0,597803.0,597803.0,0.0,1052.1769201193638,0.0,265.0,902.0,1626.0,1610.0,4403.0,1262.0,6355.0,26125.0,831165.0,151.8350748647982,764.5894617795504,15693.0,7442.0,79411.0,43.08297155555556,10.0,ENGATIVÁ,0.19930646048949233,0.21446195485803848,0.13126397826708794,0.2252966278188633,0.3568244528475396,13.301016547220186,2025-12
UPZ26,2026,1,3,0,1056773.0,483935.0,572838.0,1052.1769201193638,0.0,257.0,806.0,1239.0,1061.0,3363.0,1232.0,4961.0,19451.0,828873.0,148.63555695504618,598.5235373814807,13872.0,6502.0,86095.0,43.08297155555556,10.0,ENGATIVÁ,0.13935064578674888,0.2268765382915725,0.20532413299734184,0.18515613097609418,0.31495685943049156,13.87073048303723,2026-01
UPZ26,2026,2,3,0,1200488.0,547082.0,653406.0,1052.1769201193638,0.0,189.0,899.0,1178.0,1351.0,3617.0,1104.0,5439.0,20243.0,828873.0,133.19290168698944,656.19220314813,13872.0,6502.0,86095.0,43.08297155555556,10.0,ENGATIVÁ,0.13952326054071343,0.18632339515263788,0.22393976449577166,0.18007260380778478,0.3137751935518017,13.998238698758417,2026-02
UPZ26,2026,3,3,0,1246536.0,548885.0,697651.0,1052.1769201193638,0.0,227.0,1068.0,1369.0,1414.0,4078.0,1320.0,6302.0,23263.0,828873.0,159.2523824518352,760.3094804632315,13872.0,6502.0,86095.0,43.08297155555556,10.0,ENGATIVÁ,0.13824550594607773,0.19876521817259987,0.22179945063760695,0.1798295436313111,0.3135106121758337,14.035879062395132,2026-03
UPZ26,2026,4,3,0,1170098.0,520413.0,649685.0,1052.1769201193638,0.0,224.0,937.0,1196.0,1202.0,3559.0,1173.0,5645.0,20760.0,828873.0,141.51745804242628,681.0452264701588,13872.0,6502.0,86095.0,43.08297155555556,10.0,ENGATIVÁ,0.13927978682127476,0.19123099090845377,0.2215728938943575,0.18092843505415784,0.31362061290515214,13.972598063949969,2026-04
UPZ26,2026,5,3,0,1223306.0,561520.0,661786.0,1052.1769201193638,0.0,218.0,888.0,1339.0,1348.0,3793.0,1162.0,5392.0,21106.0,828873.0,140.19035485532766,650.5218531668904,13872.0,6502.0,86095.0,43.08297155555556,10.0,ENGATIVÁ,0.14214513784776658,0.24972247336316505,0.21497564795725677,0.17773721374701013,0.3095275200497869,14.017067587788777,2026-05
UPZ26,2026,6,3,0,1112944.0,514103.0,598841.0,1052.1769201193638,0.0,217.0,790.0,1221.0,1072.0,3300.0,1019.0,5156.0,18865.0,828873.0,122.9380134230455,622.0494575164108,13872.0,6502.0,86095.0,43.08297155555556,10.0,ENGATIVÁ,0.2593077459422936,0.22571216521226578,0.3104801319742952,0.07685472045314044,0.38499283007925494,13.922519314526458,2026-06
UPZ27,2023,1,2,1,3169684.0,1337822.0,1831862.0,1439.888392339698,0.0,148.0,866.0,751.0,943.0,2708.0,1321.0,6301.0,20595.0,1241362.0,106.41537279214282,507.5876335831128,20751.0,10547.0,91018.0,40.380222,11.0,SUBA,0.23556165220255396,0.20777181573936074,0.24083536402997893,0.16639450494118652,0.2706307647473731,14.969142456342043,2023-01
UPZ27,2023,2,2,1,3431013.0,1534583.0,1896430.0,1439.888392339698,0.0,109.0,855.0,881.0,998.0,2843.0,1165.0,6395.0,21096.0,1241362.0,93.84853088784736,515.1599613972395,20751.0,10547.0,91018.0,40.380222,11.0,SUBA,0.2401695942277106,0.18855801479038406,0.25313078090931157,0.1592474292577731,0.26559689416246374,15.048366110816213,2023-02
UPZ27,2023,3,2,1,4020205.0,1900248.0,2119957.0,1439.888392339698,0.0,158.0,910.0,871.0,942.0,2881.0,1242.0,6603.0,21351.0,1241362.0,100.0513951611214,531.9157506029668,20751.0,10547.0,91018.0,40.380222,11.0,SUBA,0.24429948224033346,0.17887968399621407,0.25523648669657395,0.158126513448941,0.2671245118132415,15.206843454319877,2023-03
UPZ27,2023,4,2,1,3579915.0,1617789.0,1962126.0,1439.888392339698,0.0,172.0,1039.0,1071.0,1006.0,3288.0,1368.0,7672.0,24093.0,1241362.0,110.2015366992062,618.03084031894,20751.0,10547.0,91018.0,40.380222,11.0,SUBA,0.2418225013722393,0.2605483649751461,0.23855315000495816,0.15823392454848786,0.24691499482018692,15.090849615078254,2023-04
UPZ27,2023,5,2,1,3964613.0,1811690.0,2152923.0,1439.888392339698,0.0,141.0,1066.0,1075.0,1074.0,3356.0,1362.0,7720.0,25130.0,1241362.0,109.71819662596408,621.8975609048771,20751.0,10547.0,91018.0,40.380222,11.0,SUBA,0.2441842368977753,0.2016668461713665,0.24652923248750888,0.16263050138815566,0.26216603893324997,15.192918804252193,2023-05
UPZ27,2023,6,2,1,3612168.0,1628026.0,1984142.0,1439.888392339698,0.0,132.0,977.0,904.0,924.0,2937.0,1230.0,7467.0,22921.0,1241362.0,99.08471501463714,601.5167211498338,20751.0,10547.0,91018.0,40.380222,11.0,SUBA,0.24259945827547336,0.21932036383689796,0.24041074501518198,0.1658964920789952,0.26194685548035446,15.099818704065289,2023-06
UPZ27,2023,7,2,1,3559666.0,1639048.0,1920618.0,1439.888392339698,0.0,182.0,783.0,965.0,974.0,2904.0,1343.0,6261.0,22785.0,1241362.0,108.18761972736398,504.3653664281652,20751.0,10547.0,91018.0,40.380222,11.0,SUBA,0.24015062087285713,0.2762211398485138,0.23895022735279092,0.159822017009461,0.2544508436818103,15.085177278202101,2023-07
UPZ27,2023,8,2,1,3829485.0,1716141.0,2113344.0,1439.888392339698,0.0,127.0,751.0,792.0,836.0,2506.0,1107.0,5917.0,19679.0,1241362.0,89.17624351317343,476.65386889561626,20751.0,10547.0,91018.0,40.380222,11.0,SUBA,0.2511499588064714,0.2048646227887039,0.24704549045106586,0.1614958669377213,0.2632400671432805,15.158240887363675,2023-08
UPZ27,2023,9,2,1,3828058.0,1744637.0,2083421.0,1439.888392339698,0.0,139.0,964.0,1078.0,1090.0,3271.0,1257.0,7153.0,23599.0,1241362.0,101.25974534422676,576.2219239834956,20751.0,10547.0,91018.0,40.380222,11.0,SUBA,0.24557229801638322,0.21122276621723077,0.24893562218754262,0.16130842322660727,0.2625522509215521,15.157868182955351,2023-09
UPZ27,2023,10,2,1,3823791.0,1716410.0,2107381.0,1439.888392339698,0.0,145.0,918.0,1044.0,992.0,3099.0,1294.0,7400.0,24227.0,1241362.0,104.24034246255324,596.1194236652967,20751.0,10547.0,91018.0,40.380222,11.0,SUBA,0.2413447806117018,0.2110036871785095,0.24492447416712884,0.16594500065510898,0.2642617161991419,15.156752896848085,2023-10
UPZ27,2023,11,2,1,3705432.0,1659463.0,2045969.0,1439.888392339698,0.0,162.0,1108.0,1141.0,990.0,3401.0,1364.0,7663.0,24835.0,1241362.0,109.87930998371144,617.3058302090768,20751.0,10547.0,91018.0,40.380222,11.0,SUBA,0.24659041105058732,0.21755304104892492,0.24565529741201556,0.1618453664781866,0.26350943485298406,15.12531040910545,2023-11
UPZ27,2023,12,2,1,3482022.0,1519136.0,1962886.0,1439.888392339698,0.0,141.0,1050.0,1062.0,1037.0,3290.0,1253.0,8573.0,26414.0,1241362.0,100.93751862873198,690.6124079841335,20751.0,10547.0,91018.0,40.380222,11.0,SUBA,0.25708568182510044,0.27341441266023014,0.22697128277765047,0.1563996436553244,0.23838197216176357,15.063123717498238,2023-12
UPZ27,2024,1,2,1,3101638.0,1347745.0,1753893.0,1439.888392339698,0.0,103.0,670.0,757.0,675.0,2205.0,814.0,5199.0,16617.0,1247542.0,65.2483042655077,416.73947650660256,16654.0,7455.0,87728.0,40.380222,11.0,SUBA,0.2400847552164372,0.20804491046343895,0.24019727640685337,0.16336851689333184,0.26324238261595795,14.947440917004842,2024-01
UPZ27,2024,2,2,1,3675560.0,1653968.0,2021592.0,1439.888392339698,0.0,165.0,1044.0,991.0,976.0,3176.0,1273.0,7372.0,23842.0,1247542.0,102.04065273954704,590.921988999168,16654.0,7455.0,87728.0,40.380222,11.0,SUBA,0.25237378793979687,0.18074007770244535,0.24897294561917085,0.16095642568751425,0.26877189636528903,15.117216059972657,2024-02
UPZ27,2024,3,2,1,3474459.0,1580460.0,1893999.0,1439.888392339698,0.0,102.0,880.0,993.0,862.0,2837.0,974.0,6729.0,20508.0,1247542.0,78.0735237771554,539.3806380867338,16654.0,7455.0,87728.0,40.380222,11.0,SUBA,0.2505834721319204,0.27150068543045114,0.23723204101703316,0.15688082662653374,0.2510271811676115,15.060949341407865,2024-03
UPZ27,2024,4,2,1,3725487.0,1687727.0,2037760.0,1439.888392339698,0.0,98.0,627.0,643.0,652.0,2020.0,753.0,4352.0,14499.0,1247542.0,60.35868932669201,348.84597071681753,16654.0,7455.0,87728.0,40.380222,11.0,SUBA,0.24931183493594264,0.17844593203519427,0.24836967623293274,0.16452560430354474,0.27207033940583,15.13070813950533,2024-04
UPZ27,2024,5,2,1,3676638.0,1654119.0,2022519.0,1439.888392339698,0.0,139.0,1003.0,990.0,963.0,3095.0,1224.0,7334.0,22802.0,1247542.0,98.11292926410492,587.8759993651516,16654.0,7455.0,87728.0,40.380222,11.0,SUBA,0.24942678610186805,0.20835121651900457,0.24262491983165052,0.16310852469021966,0.26191739384091145,15.117509305613682,2024-05
UPZ27,2024,6,2,1,3236669.0,1469358.0,1767311.0,1439.888392339698,0.0,157.0,1216.0,1132.0,1043.0,3548.0,1177.0,7748.0,23904.0,1247542.0,94.34552103255842,621.0612548515401,16654.0,7455.0,87728.0,40.380222,11.0,SUBA,0.24320435608336835,0.28335551148418325,0.2365889128607219,0.1623131682603318,0.25409571970049055,14.99005527250542,2024-06
UPZ27,2024,7,2,1,3271970.0,1584022.0,1687948.0,1439.888392339698,0.0,190.0,1061.0,1040.0,1077.0,3368.0,1240.0,7870.0,24449.0,1247542.0,99.3954512152697,630.8404847291714,16654.0,7455.0,87728.0,40.380222,11.0,SUBA,0.23501010094835825,0.20208070367393344,0.25448827464799495,0.16432638441061498,0.2785460958058633,15.000902807958585,2024-07
UPZ27,2024,8,2,1,3614854.0,1646082.0,1968772.0,1439.888392339698,0.0,140.0,896.0,1075.0,998.0,3109.0,1192.0,7116.0,23369.0,1247542.0,95.5478853617754,570.4016377805317,16654.0,7455.0,87728.0,40.380222,11.0,SUBA,0.24851349459756877,0.23763698340237252,0.24305158659243217,0.16106874579166955,0.26112834178305283,15.100562025484171,2024-08
UPZ27,2024,9,2,1,3317536.0,1506997.0,1810539.0,1439.888392339698,0.0,124.0,1095.0,1189.0,1122.0,3530.0,1189.0,7769.0,25635.0,1247542.0,95.307412495932,622.7445649124438,16654.0,7455.0,87728.0,40.380222,11.0,SUBA,0.2430014323883749,0.21226355946099756,0.24395243940080832,0.16470748169725963,0.2671189338241099,15.01473289667446,2024-09
UPZ27,2024,10,2,1,3740493.0,1728783.0,2011710.0,1439.888392339698,0.0,192.0,1191.0,1126.0,1092.0,3601.0,1294.0,8011.0,25384.0,1247542.0,103.7239628004508,642.142709423811,16654.0,7455.0,87728.0,40.380222,11.0,SUBA,0.24731472562573964,0.18706598301346908,0.24911742917310634,0.16287371744847534,0.27050547970894406,15.13472797888528,2024-10
UPZ27,2024,11,2,1,3470949.0,1559191.0,1911758.0,1439.888392339698,0.0,146.0,1119.0,1106.0,1128.0,3499.0,1202.0,7472.0,24175.0,1247542.0,96.34946158125338,598.9377511939477,16654.0,7455.0,87728.0,40.380222,11.0,SUBA,0.24573999790835302,0.2471010089747789,0.2411314600128091,0.1589573917680726,0.25744751849410447,15.059938601563982,2024-11
UPZ27,2024,12,2,1,3388839.0,1503545.0,1885294.0,1439.888392339698,0.0,168.0,1246.0,1502.0,1158.0,4074.0,1285.0,9247.0,29623.0,1247542.0,103.00254420292062,741.2175301512895,16654.0,7455.0,87728.0,40.380222,11.0,SUBA,0.25022817549018994,0.23349678164114612,0.2244022215277857,0.16119178279050728,0.24317384764628963,15.035997942821586,2024-12
UPZ27,2025,1,2,1,3025060.0,1330007.0,1695053.0,1439.888392339698,0.0,122.0,929.0,850.0,878.0,2779.0,1037.0,5964.0,20498.0,1251652.0,82.85050477289215,476.490270458562,16824.0,8053.0,104368.0,40.380222,11.0,SUBA,0.2381658545615624,0.20349414557066633,0.2338508988251472,0.1721261727040125,0.2684106298509984,14.922441483961117,2025-01
UPZ27,2025,2,2,1,3414773.0,1515728.0,1899045.0,1439.888392339698,0.0,154.0,854.0,834.0,1097.0,2939.0,1178.0,6511.0,22299.0,1251652.0,94.115616800836,520.1925135740605,16824.0,8053.0,104368.0,40.380222,11.0,SUBA,0.24807329799081818,0.18742387854185322,0.24384109866160936,0.1636275676304105,0.2697650831233169,15.043621577328215,2025-02
UPZ27,2025,3,2,1,3613508.0,1614137.0,1999371.0,1439.888392339698,0.0,163.0,1239.0,1178.0,1275.0,3855.0,1243.0,7999.0,26969.0,1251652.0,99.3087535513066,639.075397954064,16824.0,8053.0,104368.0,40.380222,11.0,SUBA,0.24823661660635596,0.23592641831704814,0.24147255243381224,0.161451420613985,0.2628716361450273,15.100189603622745,2025-03
UPZ27,2025,4,2,1,3327616.0,1494251.0,1833365.0,1439.888392339698,0.0,162.0,931.0,1032.0,973.0,3098.0,1195.0,6987.0,24149.0,1251652.0,95.47382179711292,558.2222534698143,16824.0,8053.0,104368.0,40.380222,11.0,SUBA,0.2473587697618956,0.20263786446513055,0.24459943695426384,0.16316065315228673,0.2673908333928495,15.017766689650534,2025-04
UPZ27,2025,5,2,1,3511807.0,1572339.0,1939468.0,1439.888392339698,0.0,174.0,1229.0,1249.0,1119.0,3771.0,1308.0,7593.0,26013.0,1251652.0,104.50189030177717,606.6382668665093,16824.0,8053.0,104368.0,40.380222,11.0,SUBA,0.2499317303029466,0.2211035515334413,0.24417685823850788,0.15903379656114353,0.2636118128186196,15.07164127778518,2025-05
UPZ27,2025,6,2,1,3014010.0,1263375.0,1750635.0,1439.888392339698,0.0,136.0,1045.0,1062.0,937.0,3180.0,1218.0,7907.0,24959.0,1251652.0,97.31139326266404,631.7251120918594,16824.0,8053.0,104368.0,40.380222,11.0,SUBA,0.24499719642602372,0.26460662041599065,0.23216346329308796,0.1691311574945006,0.26148699961921634,14.918781976013108,2025-06
UPZ27,2025,7,2,1,3516458.0,1532800.0,1983658.0,1439.888392339698,0.0,147.0,888.0,1208.0,1060.0,3303.0,1255.0,8072.0,26419.0,1251652.0,100.267486489855,644.9076899969001,16824.0,8053.0,104368.0,40.380222,11.0,SUBA,0.240460713593053,0.17630809183559135,0.24273317070756983,0.17277669746091096,0.27648854112358334,15.07296479096487,2025-07
UPZ27,2025,8,2,1,3345839.0,1494967.0,1850872.0,1439.888392339698,0.0,146.0,1188.0,1206.0,1193.0,3733.0,1239.0,7906.0,27322.0,1251652.0,98.98917590512376,631.6452176803136,16824.0,8053.0,104368.0,40.380222,11.0,SUBA,0.2493999262965133,0.2625661306476493,0.24256367386476155,0.15800192418104997,0.25081409017139267,15.023228042216427,2025-08
UPZ27,2025,9,2,1,3551221.0,1591876.0,1959345.0,1439.888392339698,0.0,151.0,1122.0,1253.0,1123.0,3649.0,1349.0,7817.0,26484.0,1251652.0,107.77756117515092,624.5346150527463,16824.0,8053.0,104368.0,40.380222,11.0,SUBA,0.24717301457723978,0.1772457979945489,0.24765679184708583,0.16654637940021189,0.2705551711958129,15.082802045978507,2025-09
UPZ27,2025,10,2,1,3602187.0,1619666.0,1982521.0,1439.888392339698,0.0,145.0,1035.0,1168.0,1149.0,3497.0,1238.0,7772.0,26623.0,1251652.0,98.90928149357808,620.9393665331897,16824.0,8053.0,104368.0,40.380222,11.0,SUBA,0.24390488333892715,0.18583099655847954,0.24752684966105312,0.16720259109257787,0.26924282045493514,15.097051718972914,2025-10
UPZ27,2025,11,2,1,3397919.0,1507632.0,1890287.0,1439.888392339698,0.0,171.0,1177.0,1238.0,1192.0,3778.0,1230.0,8564.0,28331.0,1251652.0,98.27012620121248,684.215740477385,16824.0,8053.0,104368.0,40.380222,11.0,SUBA,0.24815276644322598,0.27762492278362133,0.23620604258076777,0.1597816192793295,0.2509268563979775,15.038673743378395,2025-11
UPZ27,2025,12,2,1,1462337.0,1462337.0,0.0,1439.888392339698,0.0,138.0,1093.0,1249.0,1152.0,3632.0,1286.0,8846.0,30404.0,1251652.0,102.74421324777175,706.7459645332729,16824.0,8053.0,104368.0,40.380222,11.0,SUBA,0.14842132832582358,0.21814260324398543,0.4185977650842453,0.06591298722524287,0.4653471522978779,14.19554639888535,2025-12
UPZ27,2026,1,2,1,2834500.0,1250760.0,1583740.0,1439.888392339698,0.0,145.0,887.0,1091.0,1025.0,3148.0,1172.0,6896.0,24097.0,1252218.0,93.59392693604468,550.702832893314,14837.0,6742.0,111346.0,40.380222,11.0,SUBA,0.2340176397953783,0.2334002469571352,0.23544117128241307,0.16777279943552648,0.26008016909794146,14.857376112746495,2026-01
UPZ27,2026,2,2,1,3258959.0,1446724.0,1812235.0,1439.888392339698,0.0,153.0,978.0,1125.0,1033.0,3289.0,1165.0,7377.0,24001.0,1252218.0,93.03491884001028,589.1146749208204,14837.0,6742.0,111346.0,40.380222,11.0,SUBA,0.24426204809572621,0.1853579624659285,0.2441089317171526,0.16505301232694244,0.26674339145192666,14.996918377194383,2026-02
UPZ27,2026,3,2,1,3439260.0,1501094.0,1938166.0,1439.888392339698,0.0,153.0,1177.0,1250.0,1387.0,3967.0,1294.0,8120.0,27867.0,1252218.0,103.33663946692988,648.4493913998999,14837.0,6742.0,111346.0,40.380222,11.0,SUBA,0.24713601181649542,0.2049001820158987,0.24050813256340026,0.16250210801160714,0.26151241070081077,15.050766889929687,2026-03
UPZ27,2026,4,2,1,3135085.0,1304446.0,1830639.0,1439.888392339698,0.0,125.0,974.0,1132.0,1038.0,3269.0,1077.0,7678.0,25475.0,1252218.0,86.00738848986359,613.1520230502996,14837.0,6742.0,111346.0,40.380222,11.0,SUBA,0.24974793346910848,0.19994258528875614,0.23412953715768473,0.16857565265375576,0.26027130171104756,14.95816684491924,2026-04
UPZ27,2026,5,2,1,3338627.0,1512160.0,1826467.0,1439.888392339698,0.0,128.0,978.0,1221.0,1145.0,3472.0,1097.0,7577.0,26371.0,1252218.0,87.60455447853329,605.0863348075176,14837.0,6742.0,111346.0,40.380222,11.0,SUBA,0.24523164762041402,0.25470919632531575,0.23815598448104558,0.15822222728085525,0.252621496644625,15.021070202592913,2026-05
UPZ27,2026,6,2,1,3031463.0,1387734.0,1643729.0,1439.888392339698,0.0,121.0,1017.0,1174.0,1132.0,3444.0,946.0,7319.0,24225.0,1252218.0,75.54595126407702,584.4828935536783,14837.0,6742.0,111346.0,40.380222,11.0,SUBA,0.3002886724990541,0.2352540670956564,0.2615374160924939,0.13920374419875808,0.2832085277172105,14.924555899240485,2026-06
UPZ28,2023,1,2,0,984543.0,431553.0,552990.0,1104.6211094636383,0.0,304.0,1822.0,1913.0,1524.0,5563.0,1321.0,6301.0,20595.0,1241362.0,106.41537279214282,507.5876335831128,20751.0,10547.0,91018.0,40.380222,11.0,SUBA,0.19266705466394052,0.1978897823660317,0.24331491869831992,0.17416405377926605,0.2977964684441852,13.799932853100902,2023-01
UPZ28,2023,2,2,0,1085539.0,497050.0,588489.0,1104.6211094636383,0.0,220.0,1809.0,1775.0,1590.0,5394.0,1165.0,6395.0,21096.0,1241362.0,93.84853088784736,515.1599613972395,20751.0,10547.0,91018.0,40.380222,11.0,SUBA,0.19705970950836396,0.18191331679469827,0.25559376494073444,0.16844074694690836,0.29490509369482026,13.897587195798796,2023-02
UPZ28,2023,3,2,0,1218061.0,566544.0,651517.0,1104.6211094636383,0.0,287.0,1853.0,1726.0,1502.0,5368.0,1242.0,6603.0,21351.0,1241362.0,100.0513951611214,531.9157506029668,20751.0,10547.0,91018.0,40.380222,11.0,SUBA,0.19657636193918035,0.17123608751942632,0.2597817350690975,0.1742671344045988,0.3051086469207509,14.012770808099718,2023-03
UPZ28,2023,4,2,0,1051358.0,479330.0,572028.0,1104.6211094636383,0.0,312.0,2340.0,2108.0,1731.0,6491.0,1368.0,7672.0,24093.0,1241362.0,110.2015366992062,618.03084031894,20751.0,10547.0,91018.0,40.380222,11.0,SUBA,0.19352875043515141,0.2456784463522416,0.25127311534225255,0.16937903169044224,0.2913453230247635,13.86559321983191,2023-04
UPZ28,2023,5,2,0,1184005.0,541497.0,642508.0,1104.6211094636383,0.0,364.0,2304.0,2370.0,1877.0,6915.0,1362.0,7720.0,25130.0,1241362.0,109.71819662596408,621.8975609048771,20751.0,10547.0,91018.0,40.380222,11.0,SUBA,0.19501353457122225,0.18965460449913632,0.25537476615385907,0.17644013327646418,0.30279405625468225,13.984413317390144,2023-05
UPZ28,2023,6,2,0,1101698.0,498615.0,603083.0,1104.6211094636383,0.0,290.0,2285.0,2243.0,1524.0,6342.0,1230.0,7467.0,22921.0,1241362.0,99.08471501463714,601.5167211498338,20751.0,10547.0,91018.0,40.380222,11.0,SUBA,0.19330252029140466,0.2040622747794767,0.2551515932678465,0.1772591036745097,0.30749504689445484,13.912363183950271,2023-06
UPZ28,2023,7,2,0,1094511.0,515886.0,578625.0,1104.6211094636383,0.0,323.0,1928.0,2360.0,1593.0,6204.0,1343.0,6261.0,22785.0,1241362.0,108.18761972736398,504.3653664281652,20751.0,10547.0,91018.0,40.380222,11.0,SUBA,0.1902840629285589,0.26022854041667925,0.2503519836712468,0.17328560425614722,0.299594654084976,13.905818246145808,2023-07
UPZ28,2023,8,2,0,1195479.0,548149.0,647330.0,1104.6211094636383,0.0,247.0,1853.0,2023.0,1423.0,5546.0,1107.0,5917.0,19679.0,1241362.0,89.17624351317343,476.65386889561626,20751.0,10547.0,91018.0,40.380222,11.0,SUBA,0.19322380401495964,0.19159935055320917,0.2581274953386885,0.17639038410545063,0.30790500375575725,13.994057499854215,2023-08
UPZ28,2023,9,2,0,1207745.0,568826.0,638919.0,1104.6211094636383,0.0,288.0,2079.0,2150.0,1818.0,6335.0,1257.0,7153.0,23599.0,1241362.0,101.25974534422676,576.2219239834956,20751.0,10547.0,91018.0,40.380222,11.0,SUBA,0.19078365052225424,0.19914137504191695,0.2627557969604511,0.1747604005812485,0.3099957037416897,14.004265542478462,2023-09
UPZ28,2023,10,2,0,1197754.0,553611.0,644143.0,1104.6211094636383,0.0,271.0,2242.0,2084.0,1875.0,6472.0,1294.0,7400.0,24227.0,1241362.0,104.24034246255324,596.1194236652967,20751.0,10547.0,91018.0,40.380222,11.0,SUBA,0.19041055174935756,0.1988079355193136,0.2593779690988299,0.17524299647506913,0.30940314192109397,13.995958694334867,2023-10
UPZ28,2023,11,2,0,1171602.0,532395.0,639207.0,1104.6211094636383,0.0,309.0,2208.0,2319.0,1731.0,6567.0,1364.0,7663.0,24835.0,1241362.0,109.87930998371144,617.3058302090768,20751.0,10547.0,91018.0,40.380222,11.0,SUBA,0.19476238517858446,0.20210788305243588,0.2555987442834683,0.17369721116898054,0.3058077963197339,13.973882601001517,2023-11
UPZ28,2023,12,2,0,1093096.0,483180.0,609916.0,1104.6211094636383,0.0,282.0,2691.0,2600.0,1991.0,7564.0,1253.0,8573.0,26414.0,1241362.0,100.93751862873198,690.6124079841335,20751.0,10547.0,91018.0,40.380222,11.0,SUBA,0.20535250334828775,0.253064689652144,0.22863133704633445,0.16817827528414703,0.2794355272100138,13.904524594957694,2023-12
UPZ28,2024,1,2,0,982347.0,437969.0,544378.0,1104.6211094636383,0.0,197.0,1615.0,1652.0,1170.0,4634.0,814.0,5199.0,16617.0,1247542.0,65.2483042655077,416.73947650660256,16654.0,7455.0,87728.0,40.380222,11.0,SUBA,0.18956743391082778,0.19110864083669005,0.24684861866529845,0.1757077692505805,0.30294588594882166,13.797699885408287,2024-01
UPZ28,2024,2,2,0,1152712.0,530921.0,621791.0,1104.6211094636383,0.0,284.0,2158.0,2089.0,1872.0,6403.0,1273.0,7372.0,23842.0,1247542.0,102.04065273954704,590.921988999168,16654.0,7455.0,87728.0,40.380222,11.0,SUBA,0.20141631214041317,0.1670235063051308,0.2607372873709998,0.16948899638417916,0.30386284177891704,13.957627984875856,2024-02
UPZ28,2024,3,2,0,1057802.0,504484.0,553318.0,1104.6211094636383,0.0,289.0,2047.0,1965.0,1444.0,5745.0,974.0,6729.0,20508.0,1247542.0,78.0735237771554,539.3806380867338,16654.0,7455.0,87728.0,40.380222,11.0,SUBA,0.20056399968992303,0.25291689749121293,0.24987001348078364,0.1652568250012762,0.2890923416199583,13.87170372832881,2024-03
UPZ28,2024,4,2,0,1163688.0,543258.0,620430.0,1104.6211094636383,0.0,189.0,1215.0,1311.0,1055.0,3770.0,753.0,4352.0,14499.0,1247542.0,60.35868932669201,348.84597071681753,16654.0,7455.0,87728.0,40.380222,11.0,SUBA,0.19806425777356124,0.16594568303531526,0.2617883831404981,0.1740956338812465,0.3074842865827388,13.967104830106933,2024-04
UPZ28,2024,5,2,0,1149533.0,547599.0,601934.0,1104.6211094636383,0.0,317.0,2137.0,2162.0,1603.0,6219.0,1224.0,7334.0,22802.0,1247542.0,98.11292926410492,587.8759993651516,16654.0,7455.0,87728.0,40.380222,11.0,SUBA,0.19897558399802348,0.1929905448560415,0.2590451948747882,0.17056317652472786,0.30037234596162105,13.954866330907274,2024-05
UPZ28,2024,6,2,0,998272.0,474438.0,523834.0,1104.6211094636383,0.0,327.0,2329.0,2206.0,1678.0,6540.0,1177.0,7748.0,23904.0,1247542.0,94.34552103255842,621.0612548515401,16654.0,7455.0,87728.0,40.380222,11.0,SUBA,0.1917954224900628,0.2583694624310809,0.250105181754071,0.17109765675086544,0.2950443395640322,13.813781063250115,2024-06
UPZ28,2024,7,2,0,1016773.0,517209.0,499564.0,1104.6211094636383,0.0,313.0,2516.0,2466.0,1699.0,6994.0,1240.0,7870.0,24449.0,1247542.0,99.3954512152697,630.8404847291714,16654.0,7455.0,87728.0,40.380222,11.0,SUBA,0.1848583705507522,0.18106007929006765,0.2694151005189949,0.17111784046193196,0.315026826403014,13.832144444610249,2024-07
UPZ28,2024,8,2,0,1134246.0,548711.0,585535.0,1104.6211094636383,0.0,307.0,2243.0,2396.0,1556.0,6502.0,1192.0,7116.0,23369.0,1247542.0,95.5478853617754,570.4016377805317,16654.0,7455.0,87728.0,40.380222,11.0,SUBA,0.1973786991534464,0.22004133142193136,0.25648227985816124,0.17138169321293614,0.2967286031387665,13.941478670960592,2024-08
UPZ28,2024,9,2,0,1081388.0,521302.0,560086.0,1104.6211094636383,0.0,311.0,2280.0,2699.0,1684.0,6974.0,1189.0,7769.0,25635.0,1247542.0,95.307412495932,622.7445649124438,16654.0,7455.0,87728.0,40.380222,11.0,SUBA,0.190120474797205,0.190454305022804,0.2596172696571443,0.1745201537283565,0.3039215734479733,13.893755959142007,2024-09
UPZ28,2024,10,2,0,1199070.0,585376.0,613694.0,1104.6211094636383,0.0,309.0,2425.0,2487.0,1708.0,6929.0,1294.0,8011.0,25384.0,1247542.0,103.7239628004508,642.142709423811,16654.0,7455.0,87728.0,40.380222,11.0,SUBA,0.19407123854320427,0.1688099944123362,0.2648585987473625,0.17394981110360525,0.30868865064123985,13.997056814290477,2024-10
UPZ28,2024,11,2,0,1122299.0,535517.0,586782.0,1104.6211094636383,0.0,288.0,2156.0,2257.0,1655.0,6356.0,1202.0,7472.0,24175.0,1247542.0,96.34946158125338,598.9377511939477,16654.0,7455.0,87728.0,40.380222,11.0,SUBA,0.1976327164151442,0.22919115137766316,0.2549391917840076,0.16859945522539002,0.29486518429453357,13.930889817976595,2024-11
UPZ28,2024,12,2,0,1101964.0,515108.0,586856.0,1104.6211094636383,0.0,326.0,2776.0,3223.0,2078.0,8403.0,1285.0,9247.0,29623.0,1247542.0,103.00254420292062,741.2175301512895,16654.0,7455.0,87728.0,40.380222,11.0,SUBA,0.20159007009303384,0.21298971654246415,0.23464741134919107,0.16826321005041908,0.27614553584895524,13.912604600284801,2024-12
UPZ28,2025,1,2,0,987893.0,463006.0,524887.0,1104.6211094636383,0.0,259.0,1707.0,2232.0,1404.0,5602.0,1037.0,5964.0,20498.0,1251652.0,82.85050477289215,476.490270458562,16824.0,8053.0,104368.0,40.380222,11.0,SUBA,0.18634305537138127,0.18247725209106655,0.24813011125698836,0.17627516340332403,0.299534816285196,13.803329671270038,2025-01
UPZ28,2025,2,2,0,1109855.0,533486.0,576369.0,1104.6211094636383,0.0,240.0,1805.0,2154.0,1538.0,5737.0,1178.0,6511.0,22299.0,1251652.0,94.115616800836,520.1925135740605,16824.0,8053.0,104368.0,40.380222,11.0,SUBA,0.19260714237445425,0.17088178185438635,0.2640173716386374,0.17244955422104688,0.30500575714663986,13.919739934124962,2025-02
UPZ28,2025,3,2,0,1172161.0,563374.0,608787.0,1104.6211094636383,0.0,303.0,2278.0,2818.0,1833.0,7232.0,1243.0,7999.0,26969.0,1251652.0,99.3087535513066,639.075397954064,16824.0,8053.0,104368.0,40.380222,11.0,SUBA,0.19067687800566638,0.2187199539994932,0.2594558256075744,0.17011485623561942,0.2993801666570431,13.974359611698075,2025-03
UPZ28,2025,4,2,0,1084383.0,518076.0,566307.0,1104.6211094636383,0.0,241.0,2136.0,2607.0,1657.0,6641.0,1195.0,6987.0,24149.0,1251652.0,95.47382179711292,558.2222534698143,16824.0,8053.0,104368.0,40.380222,11.0,SUBA,0.1933966135581247,0.1819661503361819,0.2614860247716904,0.17192357312868234,0.30056543921030304,13.89652171961176,2025-04
UPZ28,2025,5,2,0,1159105.0,556559.0,602546.0,1104.6211094636383,0.0,302.0,2165.0,2664.0,1684.0,6815.0,1308.0,7593.0,26013.0,1251652.0,104.50189030177717,606.6382668665093,16824.0,8053.0,104368.0,40.380222,11.0,SUBA,0.19351482393743444,0.20800445171058704,0.2622385374922893,0.16732737758874303,0.2982998531200428,13.96315871355919,2025-05
UPZ28,2025,6,2,0,1004105.0,452949.0,551156.0,1104.6211094636383,0.0,305.0,2429.0,2697.0,1691.0,7122.0,1218.0,7907.0,24959.0,1251652.0,97.31139326266404,631.7251120918594,16824.0,8053.0,104368.0,40.380222,11.0,SUBA,0.18990344635272205,0.2375598169514144,0.2518362123483101,0.17504245073971347,0.29871411005205184,13.819607155438836,2025-06
UPZ28,2025,7,2,0,1168145.0,550570.0,617575.0,1104.6211094636383,0.0,307.0,2418.0,2862.0,1711.0,7298.0,1255.0,8072.0,26419.0,1251652.0,100.267486489855,644.9076899969001,16824.0,8053.0,104368.0,40.380222,11.0,SUBA,0.18422456116321173,0.16226067825483992,0.26187331196041586,0.1794828552962175,0.31453863248354547,13.970927578500717,2025-07
UPZ28,2025,8,2,0,1068980.0,511433.0,557547.0,1104.6211094636383,0.0,324.0,2388.0,3158.0,1903.0,7773.0,1239.0,7906.0,27322.0,1251652.0,98.98917590512376,631.6452176803136,16824.0,8053.0,104368.0,40.380222,11.0,SUBA,0.18917659825253974,0.2441065314598963,0.26209470710396826,0.16731370091114886,0.29409273919620454,13.882215480758264,2025-08
UPZ28,2025,9,2,0,1144233.0,541862.0,602371.0,1104.6211094636383,0.0,329.0,2300.0,2656.0,1851.0,7136.0,1349.0,7817.0,26484.0,1251652.0,107.77756117515092,624.5346150527463,16824.0,8053.0,104368.0,40.380222,11.0,SUBA,0.18444757317784047,0.16224754923166873,0.2686035099494596,0.17674022685938962,0.3133585065041462,13.950245101512362,2025-09
UPZ28,2025,10,2,0,1155714.0,543669.0,612045.0,1104.6211094636383,0.0,327.0,2514.0,2433.0,1937.0,7211.0,1238.0,7772.0,26623.0,1251652.0,98.90928149357808,620.9393665331897,16824.0,8053.0,104368.0,40.380222,11.0,SUBA,0.1817577705210804,0.16900375006273174,0.26468572674554425,0.1781859525799635,0.31085105492613874,13.960228892760542,2025-10
UPZ28,2025,11,2,0,1069840.0,500175.0,569665.0,1104.6211094636383,0.0,310.0,2692.0,3109.0,1844.0,7955.0,1230.0,8564.0,28331.0,1251652.0,98.27012620121248,684.215740477385,16824.0,8053.0,104368.0,40.380222,11.0,SUBA,0.1885403424811186,0.25324814925596345,0.25435392208180657,0.1696160173483885,0.29485750540878053,13.883019662546678,2025-11
UPZ28,2025,12,2,0,483631.0,483631.0,0.0,1104.6211094636383,0.0,333.0,2877.0,3324.0,2253.0,8787.0,1286.0,8846.0,30404.0,1251652.0,102.74421324777175,706.7459645332729,16824.0,8053.0,104368.0,40.380222,11.0,SUBA,0.10914726309934639,0.1986886696675771,0.4068349630193267,0.07981705060262881,0.43720367387533055,13.089077498232395,2025-12
UPZ28,2026,1,2,0,909661.0,413020.0,496641.0,1104.6211094636383,0.0,290.0,2086.0,2494.0,1634.0,6504.0,1172.0,6896.0,24097.0,1252218.0,93.59392693604468,550.702832893314,14837.0,6742.0,111346.0,40.380222,11.0,SUBA,0.1774595151380569,0.207966484217747,0.25153436280108743,0.17500035727595226,0.3006570472938074,13.720827281614909,2026-01
UPZ28,2026,2,2,0,1062673.0,481699.0,580974.0,1104.6211094636383,0.0,288.0,2206.0,2102.0,1719.0,6315.0,1165.0,7377.0,24001.0,1252218.0,93.03491884001028,589.1146749208204,14837.0,6742.0,111346.0,40.380222,11.0,SUBA,0.18420247809062618,0.16848550777144047,0.265976457480335,0.17469532019727607,0.31013206575887514,13.876297990055809,2026-02
UPZ28,2026,3,2,0,1116871.0,475684.0,641187.0,1104.6211094636383,0.0,294.0,2464.0,2605.0,1941.0,7304.0,1294.0,8120.0,27867.0,1252218.0,103.33663946692988,648.4493913998999,14837.0,6742.0,111346.0,40.380222,11.0,SUBA,0.1864691625084723,0.1875283716740787,0.2567234711976584,0.1740729233725291,0.3041245137465198,13.92604158346804,2026-03
UPZ28,2026,4,2,0,1097592.0,465213.0,632379.0,1104.6211094636383,0.0,254.0,2433.0,2661.0,1824.0,7172.0,1077.0,7678.0,25475.0,1252218.0,86.00738848986359,613.1520230502996,14837.0,6742.0,111346.0,40.380222,11.0,SUBA,0.18507696849102392,0.17617384237494438,0.2589331919328858,0.17634968184899305,0.30726657707911786,13.908629247297458,2026-04
UPZ28,2026,5,2,0,1155433.0,526821.0,628612.0,1104.6211094636383,0.0,288.0,2155.0,2866.0,2022.0,7331.0,1097.0,7577.0,26371.0,1252218.0,87.60455447853329,605.0863348075176,14837.0,6742.0,111346.0,40.380222,11.0,SUBA,0.18311922889514148,0.23443072856669317,0.2595883967309225,0.16709579871788324,0.29692728879860236,13.959985723458558,2026-05
UPZ28,2026,6,2,0,1019852.0,482152.0,537700.0,1104.6211094636383,0.0,231.0,2131.0,2541.0,1642.0,6545.0,946.0,7319.0,24225.0,1252218.0,75.54595126407702,584.4828935536783,14837.0,6742.0,111346.0,40.380222,11.0,SUBA,0.24875570180771323,0.21267497636912022,0.29241595839396306,0.13924961661103763,0.328568791165911,13.835168076693499,2026-06
UPZ30,2023,1,5,0,1412867.0,650840.0,762027.0,621.3884696397519,0.4,203.0,719.0,829.0,965.0,2716.0,1386.0,4694.0,17724.0,830505.0,166.8864124839706,565.1982829724084,17846.0,9318.0,77148.0,43.08297155555556,10.0,ENGATIVÁ,0.17892696198580613,0.1941676038862823,0.24189396454160225,0.16812268953836415,0.2859087933522042,14.16113153126343,2023-01
UPZ30,2023,2,5,0,1707896.0,806901.0,900995.0,621.3884696397519,0.4,162.0,794.0,1468.0,1052.0,3476.0,1197.0,5154.0,18878.0,830505.0,144.1291744179746,620.5862697997002,17846.0,9318.0,77148.0,43.08297155555556,10.0,ENGATIVÁ,0.18859169410783788,0.1713101968738143,0.2534750359506667,0.1613757512167017,0.27963867127413455,14.350772761547043,2023-02
UPZ30,2023,3,5,0,1920330.0,927783.0,992547.0,621.3884696397519,0.4,208.0,856.0,1506.0,1018.0,3588.0,1415.0,5281.0,19034.0,830505.0,170.3782638274303,635.8781705107133,17846.0,9318.0,77148.0,43.08297155555556,10.0,ENGATIVÁ,0.1875542224513495,0.16501955393083476,0.25573781589622613,0.1627569219873667,0.2832766340397044,14.468007604235149,2023-03
UPZ30,2023,4,5,0,1625691.0,794389.0,831302.0,621.3884696397519,0.4,215.0,856.0,1746.0,1062.0,3879.0,1293.0,5681.0,20777.0,830505.0,155.68840645149638,684.0416373170541,17846.0,9318.0,77148.0,43.08297155555556,10.0,ENGATIVÁ,0.1840761866800025,0.23647052238094446,0.24817877444114525,0.15941405839117023,0.2743859768356167,14.301443514130224,2023-04
UPZ30,2023,5,5,0,1833415.0,877929.0,955486.0,621.3884696397519,0.4,188.0,862.0,1324.0,1065.0,3439.0,1469.0,5924.0,21559.0,830505.0,176.88033184628628,713.300943401906,17846.0,9318.0,77148.0,43.08297155555556,10.0,ENGATIVÁ,0.18470068151509608,0.18570536403378388,0.2556927918665441,0.1634894445611059,0.2851244132962968,14.421690905997016,2023-05
UPZ30,2023,6,5,0,1594596.0,774706.0,819890.0,621.3884696397519,0.4,182.0,911.0,1059.0,1124.0,3276.0,1244.0,5989.0,19937.0,830505.0,149.78838176771964,721.1275067579364,17846.0,9318.0,77148.0,43.08297155555556,10.0,ENGATIVÁ,0.17997034985664076,0.20940476459241086,0.2525787095916457,0.16405158422572233,0.2878891588343348,14.282130970581314,2023-06
UPZ30,2023,7,5,0,1551753.0,774703.0,777050.0,621.3884696397519,0.4,220.0,773.0,1036.0,1018.0,3047.0,1389.0,4920.0,19627.0,830505.0,167.24763848501814,592.4106417179909,17846.0,9318.0,77148.0,43.08297155555556,10.0,ENGATIVÁ,0.17806055474034846,0.2610460556544759,0.25420476068034026,0.15972129585056377,0.28661914868400123,14.254895817575141,2023-07
UPZ30,2023,8,5,0,1834531.0,911620.0,922911.0,621.3884696397519,0.4,163.0,720.0,721.0,1021.0,2625.0,1135.0,4660.0,16810.0,830505.0,136.6638370629918,561.1043882938694,17846.0,9318.0,77148.0,43.08297155555556,10.0,ENGATIVÁ,0.18336076087021694,0.18226674828607417,0.2561270428245693,0.16499039809084715,0.287288605667567,14.42229942097212,2023-08
UPZ30,2023,9,5,0,1863782.0,930304.0,933478.0,621.3884696397519,0.4,192.0,806.0,1092.0,999.0,3089.0,1211.0,5480.0,19459.0,830505.0,145.8148957561965,659.839495246868,17846.0,9318.0,77148.0,43.08297155555556,10.0,ENGATIVÁ,0.18093425089414958,0.19261480151648633,0.25775010167498125,0.16402508447876413,0.2879402875131624,14.438118314598464,2023-09
UPZ30,2023,10,5,0,1784933.0,888031.0,896902.0,621.3884696397519,0.4,216.0,923.0,962.0,1083.0,3184.0,1363.0,5936.0,20626.0,830505.0,164.117013142606,714.7458474060963,17846.0,9318.0,77148.0,43.08297155555556,10.0,ENGATIVÁ,0.17811200756555,0.18868551368594785,0.25758109688150754,0.16598158026099577,0.2908790375591257,14.394891437477416,2023-10
UPZ30,2023,11,5,0,1762252.0,869997.0,892255.0,621.3884696397519,0.4,233.0,888.0,931.0,1181.0,3233.0,1280.0,5617.0,19333.0,830505.0,154.1230937802903,676.3354826280396,17846.0,9318.0,77148.0,43.08297155555556,10.0,ENGATIVÁ,0.1801337152688718,0.19248268692559292,0.254734850634302,0.16366785227084435,0.2882009955146115,14.382103094548231,2023-11
UPZ30,2023,12,5,0,1630770.0,781421.0,849349.0,621.3884696397519,0.4,182.0,882.0,1059.0,1206.0,3329.0,1157.0,6080.0,21179.0,830505.0,139.3128277373405,732.084695456379,17846.0,9318.0,77148.0,43.08297155555556,10.0,ENGATIVÁ,0.1904719856264218,0.2449063939120783,0.23367182373970574,0.16394463964875486,0.2711303039665712,14.304562853878705,2023-12
UPZ30,2024,1,5,0,1471425.0,693412.0,778013.0,621.3884696397519,0.4,136.0,614.0,577.0,705.0,2032.0,864.0,3646.0,13025.0,831376.0,103.92409691884296,438.5500663959508,14546.0,6993.0,67606.0,43.08297155555556,10.0,ENGATIVÁ,0.1727862446268073,0.18912142990638323,0.2531505173556246,0.1716743972679545,0.29983607812292107,14.20174187695714,2024-01
UPZ30,2024,2,5,0,1876685.0,891307.0,985378.0,621.3884696397519,0.4,175.0,756.0,915.0,1013.0,2859.0,1159.0,5113.0,18380.0,831376.0,139.40744019553128,615.0045226227363,14546.0,6993.0,67606.0,43.08297155555556,10.0,ENGATIVÁ,0.18235985261245222,0.1598195754748399,0.26246013582460553,0.16754063681438278,0.2984731276147517,14.445017480494185,2024-02
UPZ30,2024,3,5,0,1724224.0,806295.0,917929.0,621.3884696397519,0.4,182.0,755.0,858.0,842.0,2637.0,1045.0,4746.0,16552.0,831376.0,125.69523296318393,570.8608379361443,14546.0,6993.0,67606.0,43.08297155555556,10.0,ENGATIVÁ,0.18340830425745144,0.23363263705875795,0.2531852009947663,0.164126006829739,0.2865919495231605,14.360287652159984,2024-03
UPZ30,2024,4,5,0,1915150.0,874751.0,1040399.0,621.3884696397519,0.4,133.0,599.0,577.0,604.0,1913.0,747.0,3375.0,11941.0,831376.0,89.85104212774965,405.9535035892304,14546.0,6993.0,67606.0,43.08297155555556,10.0,ENGATIVÁ,0.17909772080515884,0.1580570712476829,0.2631407461556536,0.17115421768529873,0.3009656956656343,14.465306506511052,2024-04
UPZ30,2024,5,5,0,1882919.0,900466.0,982453.0,621.3884696397519,0.4,183.0,869.0,977.0,1098.0,3127.0,1227.0,5387.0,19224.0,831376.0,147.58665152710685,647.9619329882026,14546.0,6993.0,67606.0,43.08297155555556,10.0,ENGATIVÁ,0.1821825580388747,0.18201420241656702,0.25802384489189384,0.16791428627572397,0.29373005295029003,14.448333790250963,2024-05
UPZ30,2024,6,5,0,1561337.0,772691.0,788646.0,621.3884696397519,0.4,207.0,890.0,999.0,1075.0,3171.0,1206.0,5662.0,19983.0,831376.0,145.06071861588498,681.0396258732511,14546.0,6993.0,67606.0,43.08297155555556,10.0,ENGATIVÁ,0.1763571861808181,0.2567210025766378,0.2542173790795965,0.1647350956263766,0.2928651776725902,14.261053063449031,2024-06
UPZ30,2024,7,5,0,1614066.0,849352.0,764714.0,621.3884696397519,0.4,226.0,966.0,1047.0,1058.0,3297.0,1370.0,6009.0,20811.0,831376.0,164.78705182733205,722.777660168203,14546.0,6993.0,67606.0,43.08297155555556,10.0,ENGATIVÁ,0.16596966914611913,0.18301977738208966,0.2695335878458502,0.17309453268949349,0.31583986804816266,14.294267019169277,2024-07
UPZ30,2024,8,5,0,1863828.0,921287.0,942541.0,621.3884696397519,0.4,223.0,859.0,1016.0,1022.0,3120.0,1210.0,5236.0,19174.0,831376.0,145.54184869421297,629.7992725313215,14546.0,6993.0,67606.0,43.08297155555556,10.0,ENGATIVÁ,0.17899881319520894,0.21051620643106553,0.25832265638245583,0.16817431651418474,0.29666792640002754,14.438142995291992,2024-08
UPZ30,2024,9,5,0,1781413.0,878086.0,903327.0,621.3884696397519,0.4,222.0,902.0,986.0,1197.0,3307.0,1271.0,5757.0,20252.0,831376.0,152.8790823887146,692.4664652335406,14546.0,6993.0,67606.0,43.08297155555556,10.0,ENGATIVÁ,0.1762202251807974,0.184472662992804,0.2614879312096633,0.1678549555886254,0.29994575431655646,14.392917427584356,2024-09
UPZ30,2024,10,5,0,1956891.0,981077.0,975814.0,621.3884696397519,0.4,267.0,978.0,1062.0,1220.0,3527.0,1458.0,5827.0,21018.0,831376.0,175.37191355054753,700.8862416042801,14546.0,6993.0,67606.0,43.08297155555556,10.0,ENGATIVÁ,0.17974480949628768,0.16493969260423802,0.26133954318354985,0.16904058529575736,0.2989875278293065,14.486867547330883,2024-10
UPZ30,2024,11,5,0,1817255.0,897622.0,919633.0,621.3884696397519,0.4,197.0,845.0,1122.0,1143.0,3307.0,1215.0,5468.0,20026.0,831376.0,146.14326129212293,657.7048170743442,14546.0,6993.0,67606.0,43.08297155555556,10.0,ENGATIVÁ,0.18277016709267546,0.22414905998332643,0.2522073126776374,0.16442656644224388,0.28746702861621964,14.412837678753194,2024-11
UPZ30,2024,12,5,0,1669541.0,823126.0,846415.0,621.3884696397519,0.4,196.0,1106.0,1629.0,1190.0,4121.0,1204.0,6611.0,24235.0,831376.0,144.820153576721,795.1877369565636,14546.0,6993.0,67606.0,43.08297155555556,10.0,ENGATIVÁ,0.18823257410270242,0.21330233878652874,0.2365057222314396,0.1662900162379959,0.27508803836978857,14.32805929631527,2024-12
UPZ30,2025,1,5,0,1488198.0,730016.0,758182.0,621.3884696397519,0.4,195.0,700.0,985.0,949.0,2829.0,1158.0,4235.0,16652.0,831165.0,139.32251718972768,509.5257860954202,15693.0,7442.0,79411.0,43.08297155555556,10.0,ENGATIVÁ,0.17205304670480673,0.1856533875196714,0.2516768602027418,0.1712950830467451,0.2995908497799209,14.213076550039005,2025-01
UPZ30,2025,2,5,0,1754529.0,869089.0,885440.0,621.3884696397519,0.4,193.0,730.0,1018.0,1044.0,2985.0,1113.0,4642.0,18207.0,831165.0,133.90842973416832,558.4931993045906,15693.0,7442.0,79411.0,43.08297155555556,10.0,ENGATIVÁ,0.17890613378291262,0.16536574773058746,0.2614126070301488,0.16784219582577434,0.2994185590583424,14.377711002794426,2025-02
UPZ30,2025,3,5,0,1860899.0,921062.0,939837.0,621.3884696397519,0.4,198.0,959.0,1158.0,1176.0,3491.0,1198.0,5706.0,21075.0,831165.0,144.1350393724471,686.5062893649275,15693.0,7442.0,79411.0,43.08297155555556,10.0,ENGATIVÁ,0.17913008712455641,0.20902961418110272,0.25699514052079125,0.16426576617000702,0.29232064415465037,14.436570262254785,2025-03
UPZ30,2025,4,5,0,1709836.0,845889.0,863947.0,621.3884696397519,0.4,203.0,964.0,1021.0,1093.0,3281.0,1220.0,5432.0,19687.0,831165.0,146.7819265729428,653.5405124132994,15693.0,7442.0,79411.0,43.08297155555556,10.0,ENGATIVÁ,0.1791762484823105,0.1750477823604135,0.25903770887968197,0.16762835733953424,0.2970629293676822,14.351908017446778,2025-04
UPZ30,2025,5,5,0,1830316.0,916021.0,914295.0,621.3884696397519,0.4,224.0,990.0,1308.0,963.0,3485.0,1275.0,5783.0,20871.0,831165.0,153.399144574182,695.7703945666625,15693.0,7442.0,79411.0,43.08297155555556,10.0,ENGATIVÁ,0.1781692341650294,0.1981564931957104,0.2587580505224234,0.16460818787575474,0.2933630933605987,14.419999187506171,2025-05
UPZ30,2025,6,5,0,1503459.0,722749.0,780710.0,621.3884696397519,0.4,211.0,875.0,1142.0,1323.0,3551.0,1328.0,5862.0,21247.0,831165.0,159.77573646628525,705.2751258775334,15693.0,7442.0,79411.0,43.08297155555556,10.0,ENGATIVÁ,0.17540817541416162,0.23268476227153517,0.2523420991194305,0.16963681749884763,0.2964418775483777,14.223279011334872,2025-06
UPZ30,2025,7,5,0,1734172.0,848489.0,885683.0,621.3884696397519,0.4,233.0,956.0,1498.0,1230.0,3917.0,1437.0,5445.0,21833.0,831165.0,172.88985941419574,655.1045821226833,15693.0,7442.0,79411.0,43.08297155555556,10.0,ENGATIVÁ,0.17155795388231382,0.16443639961895357,0.2621210583494601,0.1742105166038893,0.3107659366775944,14.366040624021586,2025-07
UPZ30,2025,8,5,0,1759243.0,851307.0,907936.0,621.3884696397519,0.4,311.0,1096.0,1504.0,1268.0,4179.0,1477.0,6523.0,23260.0,831165.0,177.7023815969152,784.802054946972,15693.0,7442.0,79411.0,43.08297155555556,10.0,ENGATIVÁ,0.17720746934903248,0.22708062501882909,0.25111539451911985,0.16682743657357166,0.28898515041730916,14.38039416085257,2025-08
UPZ30,2025,9,5,0,1877176.0,902096.0,975080.0,621.3884696397519,0.4,230.0,941.0,1410.0,1145.0,3726.0,1497.0,6051.0,22409.0,831165.0,180.1086426882749,728.0142931908827,15693.0,7442.0,79411.0,43.08297155555556,10.0,ENGATIVÁ,0.17849844660276926,0.15993225994792173,0.2576796208773178,0.17273606736928235,0.30027185499584075,14.445279077821736,2025-09
UPZ30,2025,10,5,0,1848489.0,887374.0,961115.0,621.3884696397519,0.4,248.0,918.0,1336.0,1114.0,3616.0,1480.0,5837.0,21901.0,831165.0,178.06332076061915,702.2672995133337,15693.0,7442.0,79411.0,43.08297155555556,10.0,ENGATIVÁ,0.17610870283783134,0.16558767728669196,0.25701153753146483,0.17240892426192417,0.298991572292142,14.429879106570223,2025-10
UPZ30,2025,11,5,0,1720821.0,824454.0,896367.0,621.3884696397519,0.4,248.0,1006.0,1437.0,1245.0,3936.0,1351.0,6183.0,23048.0,831165.0,162.54293672134895,743.8956163938568,15693.0,7442.0,79411.0,43.08297155555556,10.0,ENGATIVÁ,0.18237631921042335,0.2471698102243057,0.2454229696174093,0.1643052938103382,0.2831684367853004,14.358312060487414,2025-11
UPZ30,2025,12,5,0,755695.0,755695.0,0.0,621.3884696397519,0.4,246.0,970.0,1590.0,1425.0,4231.0,1262.0,6355.0,26125.0,831165.0,151.8350748647982,764.5894617795504,15693.0,7442.0,79411.0,43.08297155555556,10.0,ENGATIVÁ,0.12582324879746457,0.2062459060864502,0.3439469627296727,0.10774717313201752,0.3779455335816698,13.53539313460476,2025-12
UPZ30,2026,1,5,0,1354261.0,638196.0,716065.0,621.3884696397519,0.4,192.0,795.0,1119.0,970.0,3076.0,1232.0,4961.0,19451.0,828873.0,148.63555695504618,598.5235373814807,13872.0,6502.0,86095.0,43.08297155555556,10.0,ENGATIVÁ,0.16973316074227932,0.213313386415174,0.2478111678620295,0.17087474275638148,0.2968834514683512,14.118766476064229,2026-01
UPZ30,2026,2,5,0,1662670.0,765828.0,896842.0,621.3884696397519,0.4,166.0,925.0,1030.0,1194.0,3315.0,1104.0,5439.0,20243.0,828873.0,133.19290168698944,656.19220314813,13872.0,6502.0,86095.0,43.08297155555556,10.0,ENGATIVÁ,0.17773099893544717,0.16669152628001946,0.257671095286497,0.16812175597081797,0.29685653792908956,14.323935301923493,2026-02
UPZ30,2026,3,5,0,1758494.0,793777.0,964717.0,621.3884696397519,0.4,200.0,999.0,1274.0,1234.0,3707.0,1320.0,6302.0,23263.0,828873.0,159.2523824518352,760.3094804632315,13872.0,6502.0,86095.0,43.08297155555556,10.0,ENGATIVÁ,0.17750984649364734,0.18159459173588305,0.25524511314795495,0.16608529798793734,0.2934209265195535,14.37996831889149,2026-03
UPZ30,2026,4,5,0,1642125.0,746262.0,895863.0,621.3884696397519,0.4,185.0,892.0,1192.0,1166.0,3435.0,1173.0,5645.0,20760.0,828873.0,141.51745804242628,681.0452264701588,13872.0,6502.0,86095.0,43.08297155555556,10.0,ENGATIVÁ,0.17818131993605843,0.1728096216792266,0.25516754205678616,0.16775641318413637,0.2941725784317918,14.31150169277181,2026-04
UPZ30,2026,5,5,0,1698217.0,809093.0,889124.0,621.3884696397519,0.4,182.0,907.0,1140.0,1113.0,3342.0,1162.0,5392.0,21106.0,828873.0,140.19035485532766,650.5218531668904,13872.0,6502.0,86095.0,43.08297155555556,10.0,ENGATIVÁ,0.17618125363248627,0.2263097118919431,0.25159328872576353,0.1622060078305658,0.287298435455099,14.345089435096753,2026-05
UPZ30,2026,6,5,0,1461726.0,697000.0,764726.0,621.3884696397519,0.4,167.0,849.0,1114.0,947.0,3077.0,1019.0,5156.0,18865.0,828873.0,122.9380134230455,622.0494575164108,13872.0,6502.0,86095.0,43.08297155555556,10.0,ENGATIVÁ,0.2581947642718265,0.21124068395855305,0.2935830654992796,0.1209966847411895,0.33093088433537377,14.195128487226885,2026-06
UPZ33,2023,1,2,0,1126709.0,420822.0,705887.0,389.74508206843996,0.5,72.0,357.0,303.0,392.0,1124.0,455.0,3082.0,8378.0,394434.0,115.35516715090483,781.3728025474477,6040.0,2314.0,37735.0,39.46668344444444,4.0,SAN CRISTÓBAL,0.23233683231428873,0.20143621822493643,0.20674193602784746,0.16799013764867415,0.251436379511888,13.934811552049705,2023-01
UPZ33,2023,2,2,0,1206690.0,472563.0,734127.0,389.74508206843996,0.5,80.0,357.0,282.0,456.0,1175.0,501.0,3029.0,8432.0,394434.0,127.01744778594136,767.9358270331664,6040.0,2314.0,37735.0,39.46668344444444,4.0,SAN CRISTÓBAL,0.23650647639410283,0.18621435497103642,0.21350719737463641,0.16109025516081177,0.24054805189849543,14.003391631963462,2023-02
UPZ33,2023,3,2,0,1367843.0,519162.0,848681.0,389.74508206843996,0.5,79.0,338.0,344.0,487.0,1248.0,527.0,3068.0,8528.0,394434.0,133.60917162313592,777.8234127889584,6040.0,2314.0,37735.0,39.46668344444444,4.0,SAN CRISTÓBAL,0.24235968601659694,0.17645519259154738,0.21768799489415078,0.15933553777736184,0.2430289249695753,14.12874560449663,2023-03
UPZ33,2023,4,2,0,1198472.0,443451.0,755021.0,389.74508206843996,0.5,85.0,383.0,367.0,398.0,1233.0,576.0,3401.0,9631.0,394434.0,146.03203577784876,862.2481834730272,6040.0,2314.0,37735.0,39.46668344444444,4.0,SAN CRISTÓBAL,0.24042197064261828,0.25147103979066676,0.21030195115113237,0.15938294761996935,0.23754636808985274,13.996557970047164,2023-04
UPZ33,2023,5,2,0,1368029.0,483974.0,884055.0,389.74508206843996,0.5,92.0,414.0,377.0,474.0,1357.0,586.0,3459.0,9694.0,394434.0,148.56731417676974,876.9527981867689,6040.0,2314.0,37735.0,39.46668344444444,4.0,SAN CRISTÓBAL,0.2442133902132191,0.19633282627780552,0.20982376835578773,0.16602060336440233,0.24875938568499573,14.12888157577035,2023-05
UPZ33,2023,6,2,0,1281049.0,462324.0,818725.0,389.74508206843996,0.5,100.0,345.0,350.0,388.0,1183.0,498.0,2981.0,8292.0,394434.0,126.25686426626508,755.7664907183458,6040.0,2314.0,37735.0,39.46668344444444,4.0,SAN CRISTÓBAL,0.23962237197796493,0.20996308494054483,0.20823949747433543,0.17017147665702087,0.25379650597198,14.063189831513426,2023-06
UPZ33,2023,7,2,0,1257017.0,462189.0,794828.0,389.74508206843996,0.5,91.0,299.0,375.0,428.0,1193.0,550.0,2705.0,8293.0,394434.0,139.4403119406542,685.7928069081266,6040.0,2314.0,37735.0,39.46668344444444,4.0,SAN CRISTÓBAL,0.2359037308166874,0.2619813415411247,0.20819686607261473,0.16544167660421452,0.2498773840986792,14.044252011745053,2023-07
UPZ33,2023,8,2,0,1414438.0,538019.0,876419.0,389.74508206843996,0.5,78.0,348.0,314.0,387.0,1127.0,439.0,2675.0,7345.0,394434.0,111.29872171263123,678.1869717113636,6040.0,2314.0,37735.0,39.46668344444444,4.0,SAN CRISTÓBAL,0.2406736809955615,0.19708817212207247,0.21313553510298786,0.16789141694439763,0.2534326030452912,14.162242837020456,2023-08
UPZ33,2023,9,2,0,1412275.0,537488.0,874787.0,389.74508206843996,0.5,65.0,370.0,373.0,428.0,1236.0,495.0,3274.0,8723.0,394434.0,125.49628074658878,830.0501478067306,6040.0,2314.0,37735.0,39.46668344444444,4.0,SAN CRISTÓBAL,0.24148979483457542,0.203124037457294,0.21005611513338404,0.16834752438441525,0.25079353721896386,14.160712437279011,2023-09
UPZ33,2023,10,2,0,1403668.0,520726.0,882942.0,389.74508206843996,0.5,110.0,336.0,302.0,399.0,1147.0,589.0,3360.0,9101.0,394434.0,149.32789769644606,851.8535420374512,6040.0,2314.0,37735.0,39.46668344444444,4.0,SAN CRISTÓBAL,0.24148587842709246,0.2029212035894528,0.2073040063604784,0.1673123559132216,0.24990990857421638,14.154599368368642,2023-10
UPZ33,2023,11,2,0,1374102.0,533647.0,840455.0,389.74508206843996,0.5,111.0,400.0,330.0,420.0,1261.0,553.0,3259.0,9030.0,394434.0,140.20089546033049,826.2472302083492,6040.0,2314.0,37735.0,39.46668344444444,4.0,SAN CRISTÓBAL,0.24460775109853564,0.2096409145754827,0.20574164072245002,0.16518642720846047,0.24635918667880521,14.133310984816951,2023-11
UPZ33,2023,12,2,0,1350504.0,522337.0,828167.0,389.74508206843996,0.5,80.0,391.0,329.0,492.0,1292.0,528.0,3618.0,9337.0,394434.0,133.86269946302804,917.2637247296126,6040.0,2314.0,37735.0,39.46668344444444,4.0,SAN CRISTÓBAL,0.25521657099867895,0.26284705561775457,0.1909672240881922,0.16276886258759687,0.23163731152898767,14.115988414076396,2023-12
UPZ33,2024,1,2,0,1184754.0,451212.0,733542.0,389.74508206843996,0.5,70.0,262.0,275.0,340.0,947.0,402.0,2165.0,6513.0,394656.0,101.86086110435416,548.5790156490716,5030.0,1833.0,37234.0,39.46668344444444,4.0,SAN CRISTÓBAL,0.23490024089389017,0.1966374454106084,0.2047977892456999,0.17445646944428966,0.25943131180468576,13.985045716063848,2024-01
UPZ33,2024,2,2,0,1259351.0,509181.0,750170.0,389.74508206843996,0.5,100.0,421.0,354.0,467.0,1342.0,560.0,3171.0,8868.0,394656.0,141.89572691153813,803.4845536365848,5030.0,1833.0,37234.0,39.46668344444444,4.0,SAN CRISTÓBAL,0.21420557096472703,0.17463836531673851,0.22461966520850815,0.16614510172303026,0.25888101371977357,14.046107066863636,2024-02
UPZ33,2024,3,2,0,1252901.0,465217.0,787684.0,389.74508206843996,0.5,85.0,390.0,302.0,426.0,1203.0,483.0,3032.0,8157.0,394656.0,122.38506446120168,768.264007135328,5030.0,1833.0,37234.0,39.46668344444444,4.0,SAN CRISTÓBAL,0.2458326715358995,0.2594123558046485,0.20395945090633652,0.16106380312570578,0.23806217267084784,14.040972220381622,2024-03
UPZ33,2024,4,2,0,1372840.0,504831.0,868009.0,389.74508206843996,0.5,43.0,219.0,238.0,262.0,762.0,292.0,2060.0,5999.0,394656.0,73.98848617530204,521.9735668531582,5030.0,1833.0,37234.0,39.46668344444444,4.0,SAN CRISTÓBAL,0.2441988869788176,0.1694960811165176,0.20876212814311937,0.1684813962297136,0.24994691308498845,14.132392144820482,2024-04
UPZ33,2024,5,2,0,1372263.0,547287.0,824976.0,389.74508206843996,0.5,82.0,361.0,401.0,470.0,1314.0,478.0,3414.0,9368.0,394656.0,121.11813832806293,865.0571637071272,5030.0,1833.0,37234.0,39.46668344444444,4.0,SAN CRISTÓBAL,0.24384247043023094,0.1970125260245303,0.2095101303467338,0.1673498447455043,0.24759442563338394,14.131971759859702,2024-05
UPZ33,2024,6,2,0,1217826.0,493475.0,724351.0,389.74508206843996,0.5,82.0,397.0,410.0,471.0,1360.0,522.0,3410.0,9863.0,394656.0,132.26708829968376,864.0436228006162,5030.0,1833.0,37234.0,39.46668344444444,4.0,SAN CRISTÓBAL,0.2411699208261278,0.2659714934645836,0.20580279941469468,0.16658619540065656,0.2453607682376529,14.012577859904068,2024-06
UPZ33,2024,7,2,0,1253439.0,543720.0,709719.0,389.74508206843996,0.5,71.0,425.0,363.0,559.0,1418.0,446.0,3555.0,9616.0,394656.0,113.00981107597502,900.7844806616396,5030.0,1833.0,37234.0,39.46668344444444,4.0,SAN CRISTÓBAL,0.23346967822127762,0.19554920502712933,0.21669183741689854,0.16806721348226755,0.25733530245484726,14.041401531654843,2024-07
UPZ33,2024,8,2,0,1348123.0,561122.0,787001.0,389.74508206843996,0.5,75.0,376.0,357.0,531.0,1339.0,442.0,3037.0,8438.0,394656.0,111.99627016946404,769.5309332684667,5030.0,1833.0,37234.0,39.46668344444444,4.0,SAN CRISTÓBAL,0.24179173562056278,0.23446673634379053,0.21023378430603137,0.16607386714713718,0.24533691783067094,14.114223812582502,2024-08
UPZ33,2024,9,2,0,1249866.0,521698.0,728168.0,389.74508206843996,0.5,73.0,428.0,383.0,558.0,1442.0,416.0,3150.0,9019.0,394656.0,105.40825427714265,798.1634638774021,5030.0,1833.0,37234.0,39.46668344444444,4.0,SAN CRISTÓBAL,0.24016014516756196,0.20547002638682865,0.21339007541608457,0.1626302339610806,0.24690455615406703,14.038546903532152,2024-09
UPZ33,2024,10,2,0,1421157.0,601626.0,819531.0,389.74508206843996,0.5,84.0,414.0,388.0,373.0,1259.0,437.0,3117.0,8696.0,394656.0,110.72934403632532,789.8017513986864,5030.0,1833.0,37234.0,39.46668344444444,4.0,SAN CRISTÓBAL,0.2448512022246662,0.1860955545376056,0.2102857038314556,0.16342599726842275,0.24948931703138436,14.166981886549696,2024-10
UPZ33,2024,11,2,0,1355590.0,550462.0,805128.0,389.74508206843996,0.5,79.0,335.0,301.0,370.0,1085.0,451.0,2989.0,8063.0,394656.0,114.27673720911376,757.3684423903348,5030.0,1833.0,37234.0,39.46668344444444,4.0,SAN CRISTÓBAL,0.2468637272331604,0.2512536976519449,0.20329155570637136,0.16248570733038747,0.24188546085961016,14.119747341880506,2024-11
UPZ33,2024,12,2,0,1379415.0,557774.0,821641.0,389.74508206843996,0.5,60.0,346.0,414.0,504.0,1324.0,385.0,3970.0,10576.0,394656.0,97.55331225168248,1005.9393497121544,5030.0,1833.0,37234.0,39.46668344444444,4.0,SAN CRISTÓBAL,0.2539830290376717,0.23198529811550547,0.19278462246677025,0.16020414451053522,0.22907351119101554,14.137170054213374,2024-12
UPZ33,2025,1,2,0,1213980.0,481696.0,732284.0,389.74508206843996,0.5,62.0,226.0,382.0,368.0,1038.0,385.0,2516.0,7715.0,394686.0,97.54589724489848,637.4687726445833,5580.0,1964.0,39259.0,39.46668344444444,4.0,SAN CRISTÓBAL,0.24005832056541293,0.2000403631031812,0.20082703174681615,0.17364701230662774,0.25464346621528566,14.009414776001295,2025-01
UPZ33,2025,2,2,0,1296537.0,525155.0,771382.0,389.74508206843996,0.5,118.0,331.0,365.0,408.0,1222.0,435.0,2723.0,7751.0,394686.0,110.2141955883918,689.9155277866456,5580.0,1964.0,39259.0,39.46668344444444,4.0,SAN CRISTÓBAL,0.24542299988353583,0.186693476545598,0.210410501204362,0.1647411527785169,0.24936651677685148,14.075207421926185,2025-02
UPZ33,2025,3,2,0,1400683.0,561402.0,839281.0,389.74508206843996,0.5,81.0,436.0,409.0,445.0,1371.0,466.0,3512.0,9515.0,394686.0,118.06854056135762,889.82127564697,5580.0,1964.0,39259.0,39.46668344444444,4.0,SAN CRISTÓBAL,0.24440862065149646,0.2354287158479113,0.20849328506164488,0.16365587359880854,0.24689796094096547,14.152470532764738,2025-03
UPZ33,2025,4,2,0,1329153.0,534073.0,795080.0,389.74508206843996,0.5,61.0,308.0,313.0,508.0,1190.0,377.0,2967.0,8607.0,394686.0,95.51896950993954,751.7368237028929,5580.0,1964.0,39259.0,39.46668344444444,4.0,SAN CRISTÓBAL,0.2487982948539408,0.20201587025722395,0.20622005141620262,0.16499003500725642,0.24845776991800045,14.100052455222604,2025-04
UPZ33,2025,5,2,0,1414604.0,583915.0,830689.0,389.74508206843996,0.5,78.0,470.0,429.0,532.0,1509.0,417.0,3318.0,9515.0,394686.0,105.6536081847342,840.6682780742159,5580.0,1964.0,39259.0,39.46668344444444,4.0,SAN CRISTÓBAL,0.2404863834684477,0.22433486686026619,0.21275777532086715,0.15780175936163052,0.23661191931695563,14.16236019123449,2025-05
UPZ33,2025,6,2,0,1274415.0,480109.0,794306.0,389.74508206843996,0.5,106.0,405.0,521.0,540.0,1572.0,428.0,3154.0,9007.0,394686.0,108.44063382030272,799.1162595075579,5580.0,1964.0,39259.0,39.46668344444444,4.0,SAN CRISTÓBAL,0.24624082422130933,0.25891487466798485,0.20097378012656789,0.16560068737420697,0.24952070370819418,14.057997807753528,2025-06
UPZ33,2025,7,2,0,1539983.0,602736.0,937247.0,389.74508206843996,0.5,116.0,328.0,421.0,535.0,1400.0,550.0,3042.0,8999.0,394686.0,139.3512817784264,770.7392712181329,5580.0,1964.0,39259.0,39.46668344444444,4.0,SAN CRISTÓBAL,0.2429520325873727,0.16922199790517167,0.20391848481444275,0.17559414616914598,0.26185080775603337,14.247281935367843,2025-07
UPZ33,2025,8,2,0,1459311.0,583084.0,876227.0,389.74508206843996,0.5,103.0,458.0,511.0,555.0,1627.0,494.0,3445.0,9969.0,394686.0,125.16278763371388,872.8457558666889,5580.0,1964.0,39259.0,39.46668344444444,4.0,SAN CRISTÓBAL,0.2392101478026274,0.25169891818810386,0.20526399102041992,0.1642494300392445,0.24248595178496635,14.193474964488045,2025-08
UPZ33,2025,9,2,0,1538257.0,615426.0,922831.0,389.74508206843996,0.5,126.0,432.0,468.0,570.0,1596.0,513.0,3334.0,9725.0,394686.0,129.97674100424135,844.7221335441337,5580.0,1964.0,39259.0,39.46668344444444,4.0,SAN CRISTÓBAL,0.23867013119394226,0.174769885656298,0.2107495691552192,0.16845299582579495,0.25265605303407396,14.246160515218094,2025-09
UPZ33,2025,10,2,0,1635917.0,631126.0,1004791.0,389.74508206843996,0.5,131.0,396.0,556.0,527.0,1610.0,522.0,3116.0,9391.0,394686.0,132.25703470607016,789.488352766503,5580.0,1964.0,39259.0,39.46668344444444,4.0,SAN CRISTÓBAL,0.2377816233953189,0.18939958445324542,0.20758877131297004,0.16647666110199968,0.24996753334726685,14.30771406136151,2025-10
UPZ33,2025,11,2,0,1443304.0,597067.0,846237.0,389.74508206843996,0.5,102.0,467.0,448.0,571.0,1588.0,447.0,3372.0,9907.0,394686.0,113.25458719083018,854.3500402851888,5580.0,1964.0,39259.0,39.46668344444444,4.0,SAN CRISTÓBAL,0.23619556240403955,0.2736256533620083,0.20877029371497616,0.15626714815451212,0.23865229677392943,14.182445487778406,2025-11
UPZ33,2025,12,2,0,615020.0,615020.0,0.0,389.74508206843996,0.5,74.0,468.0,560.0,443.0,1545.0,370.0,3685.0,10540.0,394686.0,93.74540774185049,933.6535879154568,5580.0,1964.0,39259.0,39.46668344444444,4.0,SAN CRISTÓBAL,0.15231049396767582,0.2190546648889467,0.33976456050209747,0.07870475756885947,0.3952116538754654,13.329410066585083,2025-12
UPZ33,2026,1,2,0,1281093.0,501236.0,779857.0,389.74508206843996,0.5,82.0,380.0,501.0,416.0,1379.0,361.0,2902.0,8776.0,393880.0,91.65227988219762,736.7726211028739,5666.0,1873.0,43270.0,39.46668344444444,4.0,SAN CRISTÓBAL,0.23142582154457167,0.22796237275513956,0.20353401353375591,0.16835077547063326,0.2472993186764632,14.063224177775268,2026-01
UPZ33,2026,2,2,0,1425150.0,561413.0,863737.0,389.74508206843996,0.5,67.0,362.0,355.0,510.0,1294.0,361.0,2872.0,8421.0,393880.0,91.65227988219762,729.1560881486747,5666.0,1873.0,43270.0,39.46668344444444,4.0,SAN CRISTÓBAL,0.23506858927130478,0.1845819738273164,0.21231028312809178,0.1637946882784268,0.2473463021713342,14.169787629303006,2026-02
UPZ33,2026,3,2,0,1521830.0,571166.0,950664.0,389.74508206843996,0.5,85.0,458.0,535.0,553.0,1631.0,457.0,3553.0,10272.0,393880.0,116.0251853356352,902.0513862089977,5666.0,1873.0,43270.0,39.46668344444444,4.0,SAN CRISTÓBAL,0.23263110859951502,0.2020442493576812,0.209837498275103,0.1661460215661407,0.24840730868690464,14.235424116027426,2026-03
UPZ33,2026,4,2,0,1436726.0,521409.0,915317.0,389.74508206843996,0.5,108.0,454.0,483.0,563.0,1608.0,439.0,3075.0,9238.0,393880.0,111.45526556311567,780.6946278054229,5666.0,1873.0,43270.0,39.46668344444444,4.0,SAN CRISTÓBAL,0.2326657970970108,0.19520910737329178,0.2109595009765258,0.16693579708309025,0.24640680504446735,14.177877471862972,2026-04
UPZ33,2026,5,2,0,1514083.0,600481.0,913602.0,389.74508206843996,0.5,82.0,368.0,448.0,545.0,1443.0,424.0,3043.0,9310.0,393880.0,107.64699908601604,772.5703259876104,5666.0,1873.0,43270.0,39.46668344444444,4.0,SAN CRISTÓBAL,0.23219598925554275,0.24726583681343758,0.20779177891832876,0.1600123639192831,0.23846126857998337,14.230320533141343,2026-05
UPZ33,2026,6,2,0,1582609.0,556703.0,1025906.0,389.74508206843996,0.5,78.0,340.0,455.0,476.0,1349.0,352.0,2840.0,8331.0,393880.0,89.36731999593785,721.0317863308621,5666.0,1873.0,43270.0,39.46668344444444,4.0,SAN CRISTÓBAL,0.29598277275056567,0.23038413151953516,0.22054847407034836,0.1490033229938664,0.25297732168297427,14.274585308985493,2026-06
UPZ34,2023,1,1,1,2045919.0,790591.0,1255328.0,909.926855255046,0.0,124.0,659.0,565.0,655.0,2003.0,455.0,3082.0,8378.0,394434.0,115.35516715090483,781.3728025474477,6040.0,2314.0,37735.0,39.46668344444444,4.0,SAN CRISTÓBAL,0.2766878845154671,0.2230107839068897,0.2241990029908319,0.1582144747665963,0.2450716974034548,14.531357635267211,2023-01
UPZ34,2023,2,1,1,2111229.0,850073.0,1261156.0,909.926855255046,0.0,131.0,627.0,603.0,647.0,2008.0,501.0,3029.0,8432.0,394434.0,127.01744778594136,767.9358270331664,6040.0,2314.0,37735.0,39.46668344444444,4.0,SAN CRISTÓBAL,0.2799217896305895,0.2042052283290917,0.225720658441126,0.1490913586351835,0.2293030150844412,14.562780800340645,2023-02
UPZ34,2023,3,1,1,2435673.0,1076028.0,1359645.0,909.926855255046,0.0,128.0,715.0,692.0,653.0,2188.0,527.0,3068.0,8528.0,394434.0,133.60917162313592,777.8234127889584,6040.0,2314.0,37735.0,39.46668344444444,4.0,SAN CRISTÓBAL,0.2828914226170754,0.1938158365264959,0.23231525742577097,0.143713872921365,0.2336460341716185,14.705733662348203,2023-03
UPZ34,2023,4,1,1,2153739.0,933866.0,1219873.0,909.926855255046,0.0,138.0,723.0,896.0,673.0,2430.0,576.0,3401.0,9631.0,394434.0,146.03203577784876,862.2481834730272,6040.0,2314.0,37735.0,39.46668344444444,4.0,SAN CRISTÓBAL,0.2745351224080541,0.2783930643406652,0.2273771334409601,0.1453936619061084,0.2278984385871748,14.58271595944037,2023-04
UPZ34,2023,5,1,1,2376881.0,1031219.0,1345662.0,909.926855255046,0.0,144.0,766.0,748.0,714.0,2372.0,586.0,3459.0,9694.0,394434.0,148.56731417676974,876.9527981867689,6040.0,2314.0,37735.0,39.46668344444444,4.0,SAN CRISTÓBAL,0.2827781449723398,0.21341707893664,0.2313372019886565,0.1471037043924369,0.23615052595448113,14.681299681984378,2023-05
UPZ34,2023,6,1,1,2214652.0,971120.0,1243532.0,909.926855255046,0.0,114.0,641.0,604.0,714.0,2073.0,498.0,2981.0,8292.0,394434.0,126.25686426626508,755.7664907183458,6040.0,2314.0,37735.0,39.46668344444444,4.0,SAN CRISTÓBAL,0.2813719717589942,0.2310322344097402,0.2299986634468982,0.1493841921891114,0.23836927514085826,14.610605838508727,2023-06
UPZ34,2023,7,1,1,2209058.0,987784.0,1221274.0,909.926855255046,0.0,141.0,613.0,610.0,748.0,2112.0,550.0,2705.0,8293.0,394434.0,139.4403119406542,685.7928069081266,6040.0,2314.0,37735.0,39.46668344444444,4.0,SAN CRISTÓBAL,0.2772521137969216,0.2879064288941259,0.2325683617179811,0.1439409920427621,0.2314097388903485,14.6080767382821,2023-07
UPZ34,2023,8,1,1,2349211.0,1025257.0,1323954.0,909.926855255046,0.0,107.0,522.0,433.0,670.0,1732.0,439.0,2675.0,7345.0,394434.0,111.29872171263123,678.1869717113636,6040.0,2314.0,37735.0,39.46668344444444,4.0,SAN CRISTÓBAL,0.2845751190506089,0.2212947240584179,0.23060210428096917,0.1465845341265642,0.2315773908842855,14.669590085064627,2023-08
UPZ34,2023,9,1,1,2377887.0,1060943.0,1316944.0,909.926855255046,0.0,129.0,712.0,588.0,660.0,2089.0,495.0,3274.0,8723.0,394434.0,125.49628074658878,830.0501478067306,6040.0,2314.0,37735.0,39.46668344444444,4.0,SAN CRISTÓBAL,0.2851485373358784,0.22322086793863624,0.2356773051032282,0.1443844892545356,0.2336243572413398,14.68172283618034,2023-09
UPZ34,2023,10,1,1,2367623.0,1034514.0,1333109.0,909.926855255046,0.0,163.0,706.0,644.0,799.0,2312.0,589.0,3360.0,9101.0,394434.0,149.32789769644606,851.8535420374512,6040.0,2314.0,37735.0,39.46668344444444,4.0,SAN CRISTÓBAL,0.2844223932610893,0.2253192336786726,0.2333766820139861,0.1456422749736761,0.23481606436455169,14.677397056230319,2023-10
UPZ34,2023,11,1,1,2288970.0,987152.0,1301818.0,909.926855255046,0.0,136.0,683.0,577.0,712.0,2108.0,553.0,3259.0,9030.0,394434.0,140.20089546033049,826.2472302083492,6040.0,2314.0,37735.0,39.46668344444444,4.0,SAN CRISTÓBAL,0.2893624643398559,0.2340524340642297,0.2330816917652918,0.1424470394981148,0.2306847799172128,14.643612492688922,2023-11
UPZ34,2023,12,1,1,2252922.0,927695.0,1325227.0,909.926855255046,0.0,120.0,729.0,532.0,742.0,2123.0,528.0,3618.0,9337.0,394434.0,133.86269946302804,917.2637247296126,6040.0,2314.0,37735.0,39.46668344444444,4.0,SAN CRISTÓBAL,0.29495650537391,0.2883992432938202,0.2200741969761935,0.1388947331509923,0.2029730676230029,14.627738598309087,2023-12
UPZ34,2024,1,1,1,2011779.0,816517.0,1195262.0,909.926855255046,0.0,117.0,411.0,375.0,502.0,1405.0,402.0,2165.0,6513.0,394656.0,101.86086110435416,548.5790156490716,5030.0,1833.0,37234.0,39.46668344444444,4.0,SAN CRISTÓBAL,0.27344802784003613,0.2221203223614522,0.2270920414220448,0.1508818811609028,0.2352894430560372,14.514529963214533,2024-01
UPZ34,2024,2,1,1,2270705.0,997759.0,1272946.0,909.926855255046,0.0,141.0,745.0,597.0,707.0,2190.0,560.0,3171.0,8868.0,394656.0,141.89572691153813,803.4845536365848,5030.0,1833.0,37234.0,39.46668344444444,4.0,SAN CRISTÓBAL,0.2825153421514463,0.1991033621716603,0.23346449670917183,0.1417942885579588,0.2295774999260405,14.635600913927096,2024-02
UPZ34,2024,3,1,1,2263554.0,1035997.0,1227557.0,909.926855255046,0.0,103.0,611.0,491.0,624.0,1829.0,483.0,3032.0,8157.0,394656.0,122.38506446120168,768.264007135328,5030.0,1833.0,37234.0,39.46668344444444,4.0,SAN CRISTÓBAL,0.2727891625293675,0.3020952890896351,0.2230320107229604,0.1390432920972948,0.2120521790291482,14.632446702432427,2024-03
UPZ34,2024,4,1,1,2382115.0,1079549.0,1302566.0,909.926855255046,0.0,76.0,464.0,431.0,464.0,1435.0,292.0,2060.0,5999.0,394656.0,73.98848617530204,521.9735668531582,5030.0,1833.0,37234.0,39.46668344444444,4.0,SAN CRISTÓBAL,0.2811300042189399,0.1919411951144256,0.2323405880908352,0.1444128432086612,0.23144207595105037,14.683499306489347,2024-04
UPZ34,2024,5,1,1,2286575.0,999457.0,1287118.0,909.926855255046,0.0,148.0,733.0,611.0,723.0,2215.0,478.0,3414.0,9368.0,394656.0,121.11813832806293,865.0571637071272,5030.0,1833.0,37234.0,39.46668344444444,4.0,SAN CRISTÓBAL,0.2799164689546592,0.2234748477526431,0.2241715229109038,0.1488033412418136,0.2255935403861805,14.642565622766877,2024-05
UPZ34,2024,6,1,1,2064529.0,889320.0,1175209.0,909.926855255046,0.0,154.0,703.0,632.0,746.0,2235.0,522.0,3410.0,9863.0,394656.0,132.26708829968376,864.0436228006162,5030.0,1833.0,37234.0,39.46668344444444,4.0,SAN CRISTÓBAL,0.2744311172185036,0.3018785398509781,0.2168780385259785,0.1487540257366208,0.2175828685943983,14.540412671194366,2024-06
UPZ34,2024,7,1,1,2085233.0,950626.0,1134607.0,909.926855255046,0.0,124.0,851.0,677.0,725.0,2377.0,446.0,3555.0,9616.0,394656.0,113.00981107597502,900.7844806616396,5030.0,1833.0,37234.0,39.46668344444444,4.0,SAN CRISTÓBAL,0.2707783734479552,0.221985744518718,0.2307670174028513,0.1489756780177563,0.2372592318397819,14.550391157570926,2024-07
UPZ34,2024,8,1,1,2268416.0,977569.0,1290847.0,909.926855255046,0.0,128.0,609.0,546.0,633.0,1916.0,442.0,3037.0,8438.0,394656.0,111.99627016946404,769.5309332684667,5030.0,1833.0,37234.0,39.46668344444444,4.0,SAN CRISTÓBAL,0.2793442648967385,0.2634062711601399,0.2221550191851935,0.1470127172441033,0.2226905745358429,14.634592348526866,2024-08
UPZ34,2024,9,1,1,2119814.0,909650.0,1210164.0,909.926855255046,0.0,115.0,699.0,645.0,728.0,2187.0,416.0,3150.0,9019.0,394656.0,105.40825427714265,798.1634638774021,5030.0,1833.0,37234.0,39.46668344444444,4.0,SAN CRISTÓBAL,0.2774700987916864,0.2358140855754325,0.2216798266262983,0.1461949020055533,0.2233898478203919,14.566838906950125,2024-09
UPZ34,2024,10,1,1,2362489.0,1008552.0,1353937.0,909.926855255046,0.0,104.0,731.0,585.0,719.0,2139.0,437.0,3117.0,8696.0,394656.0,110.72934403632532,789.8017513986864,5030.0,1833.0,37234.0,39.46668344444444,4.0,SAN CRISTÓBAL,0.2842798421495295,0.2130202510995818,0.2202672689692946,0.1470267163148696,0.2226557219001273,14.67522628225454,2024-10
UPZ34,2024,11,1,1,2156809.0,875715.0,1281094.0,909.926855255046,0.0,130.0,676.0,459.0,683.0,1948.0,451.0,2989.0,8063.0,394656.0,114.27673720911376,757.3684423903348,5030.0,1833.0,37234.0,39.46668344444444,4.0,SAN CRISTÓBAL,0.2817175744351957,0.2784470020293869,0.2123855195337185,0.1480877537139357,0.2129333613655274,14.584140372540084,2024-11
UPZ34,2024,12,1,1,2235687.0,870966.0,1364721.0,909.926855255046,0.0,115.0,878.0,745.0,835.0,2573.0,385.0,3970.0,10576.0,394656.0,97.55331225168248,1005.9393497121544,5030.0,1833.0,37234.0,39.46668344444444,4.0,SAN CRISTÓBAL,0.2887331723984618,0.2617244721644846,0.1947562427119717,0.1463939272357892,0.1889853077020051,14.620059121347804,2024-12
UPZ34,2025,1,1,1,1985243.0,782714.0,1202529.0,909.926855255046,0.0,95.0,540.0,559.0,566.0,1760.0,385.0,2516.0,7715.0,394686.0,97.54589724489848,637.4687726445833,5580.0,1964.0,39259.0,39.46668344444444,4.0,SAN CRISTÓBAL,0.2700893543007078,0.22995018745816,0.20714592621658906,0.1573777114438887,0.2257148928909991,14.50125188274696,2025-01
UPZ34,2025,2,1,1,2060750.0,813759.0,1246991.0,909.926855255046,0.0,107.0,612.0,563.0,574.0,1856.0,435.0,2723.0,7751.0,394686.0,110.2141955883918,689.9155277866456,5580.0,1964.0,39259.0,39.46668344444444,4.0,SAN CRISTÓBAL,0.2787562780541065,0.2135135266286546,0.2149785272352299,0.1511124590561688,0.2245172997681171,14.538580552175475,2025-02
UPZ34,2025,3,1,1,2175073.0,822877.0,1352196.0,909.926855255046,0.0,152.0,865.0,688.0,731.0,2436.0,466.0,3512.0,9515.0,394686.0,118.06854056135762,889.82127564697,5580.0,1964.0,39259.0,39.46668344444444,4.0,SAN CRISTÓBAL,0.2754744323523854,0.2679358347972688,0.2050800134064465,0.1535024341711749,0.2156453319764086,14.59257278516008,2025-03
UPZ34,2025,4,1,1,2074430.0,787962.0,1286468.0,909.926855255046,0.0,101.0,655.0,628.0,638.0,2022.0,377.0,2967.0,8607.0,394686.0,95.51896950993954,751.7368237028929,5580.0,1964.0,39259.0,39.46668344444444,4.0,SAN CRISTÓBAL,0.2756246294162733,0.2390242138804394,0.2040030273376301,0.1532946399733902,0.2150148077314284,14.54519697511513,2025-04
UPZ34,2025,5,1,1,2135920.0,812331.0,1323589.0,909.926855255046,0.0,111.0,713.0,879.0,837.0,2540.0,417.0,3318.0,9515.0,394686.0,105.6536081847342,840.6682780742159,5580.0,1964.0,39259.0,39.46668344444444,4.0,SAN CRISTÓBAL,0.2737831941271209,0.251008464736507,0.2093716056781152,0.1511081875725682,0.2096130095848684,14.574408025177314,2025-05
UPZ34,2025,6,1,1,1903164.0,646062.0,1257102.0,909.926855255046,0.0,132.0,716.0,804.0,645.0,2297.0,428.0,3154.0,9007.0,394686.0,108.44063382030272,799.1162595075579,5580.0,1964.0,39259.0,39.46668344444444,4.0,SAN CRISTÓBAL,0.2758868915132905,0.2970879020410222,0.19568886338749567,0.16048695750865397,0.2268762762955733,14.459028322281265,2025-06
UPZ34,2025,7,1,1,2194893.0,806999.0,1387894.0,909.926855255046,0.0,158.0,740.0,727.0,773.0,2398.0,550.0,3042.0,8999.0,394686.0,139.3512817784264,770.7392712181329,5580.0,1964.0,39259.0,39.46668344444444,4.0,SAN CRISTÓBAL,0.2749528109115114,0.197113481158307,0.2056610504475617,0.1642471865371113,0.2342642452286036,14.601643856150607,2025-07
UPZ34,2025,8,1,1,2151541.0,810445.0,1341096.0,909.926855255046,0.0,141.0,651.0,782.0,792.0,2366.0,494.0,3445.0,9969.0,394686.0,125.16278763371388,872.8457558666889,5580.0,1964.0,39259.0,39.46668344444444,4.0,SAN CRISTÓBAL,0.270890027194462,0.2854135710172383,0.2077645743213817,0.1549401103674064,0.2171663742556564,14.581694887551448,2025-08
UPZ34,2025,9,1,1,2303728.0,931521.0,1372207.0,909.926855255046,0.0,142.0,754.0,770.0,772.0,2438.0,513.0,3334.0,9725.0,394686.0,129.97674100424135,844.7221335441337,5580.0,1964.0,39259.0,39.46668344444444,4.0,SAN CRISTÓBAL,0.2743066889841162,0.1948281220699665,0.2233992033781766,0.1539409166359917,0.23080143077524098,14.650039238273258,2025-09
UPZ34,2025,10,1,1,2458161.0,1069041.0,1389120.0,909.926855255046,0.0,137.0,658.0,686.0,830.0,2311.0,522.0,3116.0,9391.0,394686.0,132.25703470607016,789.488352766503,5580.0,1964.0,39259.0,39.46668344444444,4.0,SAN CRISTÓBAL,0.2782421493140604,0.2036559037426759,0.23346558667231312,0.1455767136489432,0.2325395596032443,14.714924067369894,2025-10
UPZ34,2025,11,1,1,2359327.0,1022944.0,1336383.0,909.926855255046,0.0,100.0,739.0,860.0,843.0,2542.0,447.0,3372.0,9907.0,394686.0,113.25458719083018,854.3500402851888,5580.0,1964.0,39259.0,39.46668344444444,4.0,SAN CRISTÓBAL,0.277031119467543,0.2995099873819949,0.2246848359722921,0.139940754291372,0.2154535434235205,14.673886966841716,2025-11
UPZ34,2025,12,1,1,1109514.0,1109514.0,0.0,909.926855255046,0.0,107.0,847.0,914.0,922.0,2790.0,370.0,3685.0,10540.0,394686.0,93.74540774185049,933.6535879154568,5580.0,1964.0,39259.0,39.46668344444444,4.0,SAN CRISTÓBAL,0.2010294597454381,0.2333391016246753,0.38786982408514,0.0512801100301573,0.4669280299751889,13.919432639571706,2025-12
UPZ34,2026,1,1,1,2139880.0,967391.0,1172489.0,909.926855255046,0.0,101.0,603.0,692.0,744.0,2140.0,361.0,2902.0,8776.0,393880.0,91.65227988219762,736.7726211028739,5666.0,1873.0,43270.0,39.46668344444444,4.0,SAN CRISTÓBAL,0.2673243359440716,0.2581331663457764,0.2180411985718825,0.1464661569807653,0.2137724503224417,14.57626031065943,2026-01
UPZ34,2026,2,1,1,2314960.0,1056782.0,1258178.0,909.926855255046,0.0,102.0,661.0,607.0,759.0,2129.0,361.0,2872.0,8421.0,393880.0,91.65227988219762,729.1560881486747,5666.0,1873.0,43270.0,39.46668344444444,4.0,SAN CRISTÓBAL,0.2738194180461001,0.2064696582230362,0.2281953035905588,0.1449584442063793,0.2271250115269172,14.654902966735484,2026-02
UPZ34,2026,3,1,1,2466684.0,1120202.0,1346482.0,909.926855255046,0.0,127.0,769.0,720.0,888.0,2504.0,457.0,3553.0,10272.0,393880.0,116.0251853356352,902.0513862089977,5666.0,1873.0,43270.0,39.46668344444444,4.0,SAN CRISTÓBAL,0.270827961749458,0.2271361066111427,0.2251913905469853,0.1448608739506154,0.2246156387974057,14.718385296508625,2026-03
UPZ34,2026,4,1,1,2287419.0,993942.0,1293477.0,909.926855255046,0.0,113.0,567.0,776.0,693.0,2149.0,439.0,3075.0,9238.0,393880.0,111.45526556311567,780.6946278054229,5666.0,1873.0,43270.0,39.46668344444444,4.0,SAN CRISTÓBAL,0.2742571430944658,0.2240039975186006,0.2235318496523811,0.1462045213404278,0.2214708745118507,14.642934665668804,2026-04
UPZ34,2026,5,1,1,2314869.0,1071403.0,1243466.0,909.926855255046,0.0,129.0,693.0,894.0,764.0,2480.0,424.0,3043.0,9310.0,393880.0,107.64699908601604,772.5703259876104,5666.0,1873.0,43270.0,39.46668344444444,4.0,SAN CRISTÓBAL,0.2738984365853964,0.2803074385634781,0.2278016596187516,0.1385888359125289,0.2200546567830318,14.654863656428338,2026-05
UPZ34,2026,6,1,1,2052685.0,1023122.0,1029563.0,909.926855255046,0.0,105.0,617.0,679.0,637.0,2038.0,352.0,2840.0,8331.0,393880.0,89.36731999593785,721.0317863308621,5666.0,1873.0,43270.0,39.46668344444444,4.0,SAN CRISTÓBAL,0.3307122135154687,0.2509060084718308,0.2577258566219366,0.1169536485140194,0.274866812525218,14.534659250229845,2026-06
UPZ35,2023,1,3,0,975277.0,322302.0,652975.0,460.6303556210709,0.6666666666666666,49.0,192.0,232.0,244.0,717.0,240.0,749.0,3211.0,78536.0,305.59233981868186,953.7027605174696,3662.0,2030.0,11936.0,41.39465022222223,15.0,ANTONIO NARIÑO,0.15209730158713877,0.20377185148424498,0.19623655638346846,0.14786465793820627,0.2664727310854353,13.790476812194596,2023-01
UPZ35,2023,2,3,0,1067809.0,358054.0,709755.0,460.6303556210709,0.6666666666666666,61.0,188.0,292.0,280.0,821.0,208.0,784.0,3328.0,78536.0,264.8466945095243,998.2683100743608,3662.0,2030.0,11936.0,41.39465022222223,15.0,ANTONIO NARIÑO,0.15301706578610966,0.1898167181583972,0.21416095949743819,0.14299748363237247,0.2641155164700616,13.881119443557374,2023-02
UPZ35,2023,3,3,0,1179124.0,435098.0,744026.0,460.6303556210709,0.6666666666666666,63.0,191.0,315.0,340.0,909.0,217.0,731.0,3367.0,78536.0,276.30640725272485,930.7833350310684,3662.0,2030.0,11936.0,41.39465022222223,15.0,ANTONIO NARIÑO,0.1556553848450205,0.18401542161808254,0.21034089714058907,0.14909034164345733,0.26296203715611144,13.98028234786529,2023-03
UPZ35,2023,4,3,0,1062020.0,367206.0,694814.0,460.6303556210709,0.6666666666666666,66.0,221.0,403.0,328.0,1018.0,292.0,867.0,3786.0,78536.0,371.8040134460629,1103.9523275949884,3662.0,2030.0,11936.0,41.39465022222223,15.0,ANTONIO NARIÑO,0.15351688292122556,0.2546251483022919,0.20773525922299013,0.1437317564640967,0.26030911337487134,13.875683312998408,2023-04
UPZ35,2023,5,3,0,1157519.0,413405.0,744114.0,460.6303556210709,0.6666666666666666,84.0,184.0,431.0,365.0,1064.0,293.0,836.0,3878.0,78536.0,373.0773148619741,1064.479983701742,3662.0,2030.0,11936.0,41.39465022222223,15.0,ANTONIO NARIÑO,0.15461862829033474,0.20394999995680413,0.21304704285631593,0.1445298090139341,0.26256223923642474,13.961789479494632,2023-05
UPZ35,2023,6,3,0,1072519.0,378286.0,694233.0,460.6303556210709,0.6666666666666666,90.0,227.0,334.0,327.0,978.0,285.0,837.0,3539.0,78536.0,362.8909035346848,1065.7532851176531,3662.0,2030.0,11936.0,41.39465022222223,15.0,ANTONIO NARIÑO,0.1558200833738143,0.2172604867606075,0.204867233121278,0.14826217530878236,0.26264044331730485,13.885520645245105,2023-06
UPZ35,2023,7,3,0,1038945.0,375972.0,662973.0,460.6303556210709,0.6666666666666666,58.0,174.0,360.0,333.0,925.0,252.0,718.0,3530.0,78536.0,320.87195680961594,914.2304166242232,3662.0,2030.0,11936.0,41.39465022222223,15.0,ANTONIO NARIÑO,0.15484072785373618,0.2702905351101358,0.2043794426076452,0.14471603405377564,0.26162651089795225,13.853716333165313,2023-07
UPZ35,2023,8,3,0,1104081.0,411190.0,692891.0,460.6303556210709,0.6666666666666666,91.0,184.0,263.0,299.0,837.0,259.0,691.0,2977.0,78536.0,329.7850667209942,879.8512783946215,3662.0,2030.0,11936.0,41.39465022222223,15.0,ANTONIO NARIÑO,0.15399685349172748,0.2046081763928552,0.21926833266762127,0.14303298399302222,0.2663214568270655,13.91452387269298,2023-08
UPZ35,2023,9,3,0,1099316.0,405704.0,693612.0,460.6303556210709,0.6666666666666666,77.0,238.0,316.0,296.0,927.0,272.0,902.0,3569.0,78536.0,346.33798512783943,1148.5178771518797,3662.0,2030.0,11936.0,41.39465022222223,15.0,ANTONIO NARIÑO,0.15339356472570215,0.21055274370608631,0.2210756506773302,0.14262323117283834,0.26681824405124255,13.910198726177674,2023-09
UPZ35,2023,10,3,0,1091694.0,400280.0,691414.0,460.6303556210709,0.6666666666666666,96.0,217.0,293.0,317.0,923.0,270.0,888.0,3597.0,78536.0,343.7913822960171,1130.6916573291228,3662.0,2030.0,11936.0,41.39465022222223,15.0,ANTONIO NARIÑO,0.15004387676400163,0.2086335548239708,0.21912275784239904,0.14279550863153959,0.26871105837087467,13.903241176237868,2023-10
UPZ35,2023,11,3,0,1078355.0,384826.0,693529.0,460.6303556210709,0.6666666666666666,85.0,213.0,305.0,327.0,930.0,292.0,804.0,3438.0,78536.0,371.8040134460629,1023.7343383925844,3662.0,2030.0,11936.0,41.39465022222223,15.0,ANTONIO NARIÑO,0.15332984035869443,0.2177900598596937,0.21381177812501442,0.1423176968623505,0.26617991372118455,13.890947289782876,2023-11
UPZ35,2023,12,3,0,1030806.0,383624.0,647182.0,460.6303556210709,0.6666666666666666,84.0,210.0,320.0,391.0,1005.0,275.0,925.0,4078.0,78536.0,350.157889375573,1177.8038097178364,3662.0,2030.0,11936.0,41.39465022222223,15.0,ANTONIO NARIÑO,0.1682178799890571,0.26729374877523027,0.18892788749774445,0.14091885379014085,0.25111533462956626,13.845851578465176,2023-12
UPZ35,2024,1,3,0,863191.0,304728.0,558463.0,460.6303556210709,0.6666666666666666,48.0,122.0,203.0,214.0,587.0,145.0,520.0,2249.0,77987.0,185.92842396809723,666.7777962993832,2822.0,1362.0,11195.0,41.39465022222223,15.0,ANTONIO NARIÑO,0.15566774908450154,0.20381120748478607,0.2021522467217568,0.14383954420284728,0.2668469141719461,13.66839126655104,2024-01
UPZ35,2024,2,3,0,881751.0,336505.0,545246.0,460.6303556210709,0.6666666666666666,79.0,189.0,314.0,325.0,907.0,246.0,803.0,3449.0,77987.0,315.4371882493236,1029.6587892853938,2822.0,1362.0,11195.0,41.39465022222223,15.0,ANTONIO NARIÑO,0.1517389830008698,0.17908797381573707,0.2104925313382122,0.14357341244863908,0.26369435051693785,13.689664982205963,2024-02
UPZ35,2024,3,3,0,914078.0,307535.0,606543.0,460.6303556210709,0.6666666666666666,70.0,174.0,369.0,293.0,906.0,233.0,690.0,2991.0,77987.0,298.76774334183904,884.7628450895662,2822.0,1362.0,11195.0,41.39465022222223,15.0,ANTONIO NARIÑO,0.15711897671752298,0.25752069298243696,0.2102676139235382,0.14010292338290603,0.25893657446403945,13.725671185963597,2024-03
UPZ35,2024,4,3,0,1074165.0,382328.0,691837.0,460.6303556210709,0.6666666666666666,45.0,157.0,246.0,203.0,651.0,171.0,501.0,2185.0,77987.0,219.2673137830664,642.4147614345981,2822.0,1362.0,11195.0,41.39465022222223,15.0,ANTONIO NARIÑO,0.15411505681156987,0.17642540950412644,0.22099584328292204,0.14265964726089567,0.264904479268871,13.887054173535786,2024-04
UPZ35,2024,5,3,0,1064892.0,434146.0,630746.0,460.6303556210709,0.6666666666666666,82.0,244.0,359.0,320.0,1005.0,252.0,905.0,3548.0,77987.0,323.1307782066242,1160.4498185595037,2822.0,1362.0,11195.0,41.39465022222223,15.0,ANTONIO NARIÑO,0.15492463085458433,0.20583589697358975,0.21536456279134406,0.1410997547169102,0.26119855605616216,13.878383943532773,2024-05
UPZ35,2024,6,3,0,900096.0,401481.0,498615.0,460.6303556210709,0.6666666666666666,63.0,213.0,340.0,336.0,952.0,261.0,879.0,3570.0,77987.0,334.67116314257504,1127.1109287445342,2822.0,1362.0,11195.0,41.39465022222223,15.0,ANTONIO NARIÑO,0.15725544830773602,0.2838708315557451,0.20177847696245735,0.14268700227531284,0.256459889091103,13.71025670328463,2024-06
UPZ35,2024,7,3,0,949872.0,434300.0,515572.0,460.6303556210709,0.6666666666666666,54.0,188.0,328.0,346.0,916.0,236.0,845.0,3641.0,77987.0,302.6145383204893,1083.5139189864976,2822.0,1362.0,11195.0,41.39465022222223,15.0,ANTONIO NARIÑO,0.15006969360082192,0.19585902100493538,0.21161272255630226,0.14716509171762088,0.268794969459311,13.764082517656794,2024-07
UPZ35,2024,8,3,0,1039309.0,445076.0,594233.0,460.6303556210709,0.6666666666666666,71.0,202.0,313.0,287.0,873.0,284.0,814.0,3535.0,77987.0,364.1632579788939,1043.7637042071117,2822.0,1362.0,11195.0,41.39465022222223,15.0,ANTONIO NARIÑO,0.15380700061290717,0.23479061568792337,0.2183133216396663,0.14060977053022727,0.2621023558888379,13.854066627213799,2024-08
UPZ35,2024,9,3,0,953254.0,405203.0,548051.0,460.6303556210709,0.6666666666666666,75.0,186.0,273.0,340.0,874.0,300.0,819.0,3651.0,77987.0,384.6794978650288,1050.1750291715286,2822.0,1362.0,11195.0,41.39465022222223,15.0,ANTONIO NARIÑO,0.15051602196266678,0.20859603001928131,0.2199707528108982,0.141541498907951,0.2644552988612348,13.767636673882,2024-09
UPZ35,2024,10,3,0,1088276.0,473893.0,614383.0,460.6303556210709,0.6666666666666666,100.0,215.0,331.0,311.0,957.0,338.0,839.0,4052.0,77987.0,433.4055675945991,1075.8203290291972,2822.0,1362.0,11195.0,41.39465022222223,15.0,ANTONIO NARIÑO,0.15018065270207187,0.1859831513329339,0.21995063752209915,0.14164513413876625,0.26616076372623837,13.900105350698178,2024-10
UPZ35,2024,11,3,0,1031573.0,437957.0,593616.0,460.6303556210709,0.6666666666666666,65.0,181.0,324.0,289.0,859.0,284.0,873.0,3794.0,77987.0,364.1632579788939,1119.4173387872338,2822.0,1362.0,11195.0,41.39465022222223,15.0,ANTONIO NARIÑO,0.15349471147461202,0.25186390105208256,0.21510644423613257,0.13704992278782013,0.2631631413267706,13.846595379711564,2024-11
UPZ35,2024,12,3,0,1030956.0,437124.0,593832.0,460.6303556210709,0.6666666666666666,93.0,195.0,348.0,331.0,967.0,315.0,1018.0,4452.0,77987.0,403.9134727582802,1305.345762755331,2822.0,1362.0,11195.0,41.39465022222223,15.0,ANTONIO NARIÑO,0.162482200986269,0.22631906696309056,0.1951955272581953,0.13826875249768175,0.25291632128811486,13.845997085075798,2024-12
UPZ35,2025,1,3,0,901646.0,375563.0,526083.0,460.6303556210709,0.6666666666666666,79.0,144.0,305.0,263.0,791.0,283.0,603.0,3133.0,77392.0,365.6708703741989,779.1502997725863,2697.0,1361.0,13465.0,41.39465022222223,15.0,ANTONIO NARIÑO,0.148757938259583,0.19607362534742012,0.20610306040286316,0.14083243312785723,0.26371945808604136,13.71197726081437,2025-01
UPZ35,2025,2,3,0,978413.0,415279.0,563134.0,460.6303556210709,0.6666666666666666,78.0,170.0,312.0,320.0,880.0,278.0,745.0,3541.0,77392.0,359.21025428984905,962.6317965681208,2697.0,1361.0,13465.0,41.39465022222223,15.0,ANTONIO NARIÑO,0.15047837671821607,0.18510383651893417,0.22356407774630954,0.1376668135030912,0.2676856208199534,13.793687150266011,2025-02
UPZ35,2025,3,3,0,1049718.0,442648.0,607070.0,460.6303556210709,0.6666666666666666,81.0,227.0,331.0,392.0,1031.0,316.0,927.0,4180.0,77392.0,408.3109365309076,1197.7982220384536,2697.0,1361.0,13465.0,41.39465022222223,15.0,ANTONIO NARIÑO,0.14869041018635476,0.23159743855016293,0.22665706408768832,0.13332628382098805,0.2697993154397127,13.86403211463337,2025-03
UPZ35,2025,4,3,0,998466.0,419216.0,579250.0,460.6303556210709,0.6666666666666666,96.0,204.0,262.0,331.0,893.0,295.0,851.0,3537.0,77392.0,381.1763489766385,1099.5968575563363,2697.0,1361.0,13465.0,41.39465022222223,15.0,ANTONIO NARIÑO,0.1518749762135115,0.1930551465948765,0.2254167893548703,0.1371123303147027,0.26803331566625255,13.813975380181642,2025-04
UPZ35,2025,5,3,0,1079170.0,451040.0,628130.0,460.6303556210709,0.6666666666666666,70.0,203.0,372.0,300.0,945.0,285.0,886.0,3811.0,77392.0,368.2551168079388,1144.821170146785,2697.0,1361.0,13465.0,41.39465022222223,15.0,ANTONIO NARIÑO,0.15150625017374464,0.21962712084286992,0.2283801439995552,0.13246198467340636,0.26767940165995496,13.891702785120138,2025-05
UPZ35,2025,6,3,0,954704.0,363436.0,591268.0,460.6303556210709,0.6666666666666666,85.0,198.0,341.0,360.0,984.0,307.0,835.0,3747.0,77392.0,396.681827579078,1078.922886086417,2697.0,1361.0,13465.0,41.39465022222223,15.0,ANTONIO NARIÑO,0.15475791449496382,0.24962606210930294,0.22034264023194622,0.13513088873619464,0.26452702442072906,13.76915662377519,2025-06
UPZ35,2025,7,3,0,1146801.0,472484.0,674317.0,460.6303556210709,0.6666666666666666,120.0,183.0,308.0,355.0,966.0,357.0,856.0,4080.0,77392.0,461.287988422576,1106.0574736406863,2697.0,1361.0,13465.0,41.39465022222223,15.0,ANTONIO NARIÑO,0.1489377843235225,0.17219988472280714,0.22664001862572494,0.1360846389216612,0.27232953167027774,13.952486884982601,2025-07
UPZ35,2025,8,3,0,1080526.0,443342.0,637184.0,460.6303556210709,0.6666666666666666,119.0,241.0,438.0,373.0,1171.0,349.0,893.0,4084.0,77392.0,450.9510026876163,1153.8660326648749,2697.0,1361.0,13465.0,41.39465022222223,15.0,ANTONIO NARIÑO,0.1502129518401223,0.25038916231539077,0.22514034831184065,0.13371450571295826,0.2695893500811505,13.892958517573398,2025-08
UPZ35,2025,9,3,0,1130428.0,466433.0,663995.0,460.6303556210709,0.6666666666666666,82.0,208.0,508.0,372.0,1170.0,271.0,840.0,4005.0,77392.0,350.16539177175935,1085.3835021707669,2697.0,1361.0,13465.0,41.39465022222223,15.0,ANTONIO NARIÑO,0.14567579713170584,0.17254438142013462,0.2366493045112117,0.1339766884755154,0.27842853031718917,13.938106880038607,2025-09
UPZ35,2025,10,3,0,1148440.0,471947.0,676493.0,460.6303556210709,0.6666666666666666,109.0,242.0,358.0,375.0,1084.0,302.0,924.0,4111.0,77392.0,390.22121149472815,1193.9218523878435,2697.0,1361.0,13465.0,41.39465022222223,15.0,ANTONIO NARIÑO,0.145647138727317,0.17938769112883562,0.23432482323848003,0.1333217233812824,0.279417516724699,13.953915057691772,2025-10
UPZ35,2025,11,3,0,1071642.0,440557.0,631085.0,460.6303556210709,0.6666666666666666,70.0,204.0,425.0,374.0,1073.0,270.0,920.0,4275.0,77392.0,348.8732685548894,1188.7533595203638,2697.0,1361.0,13465.0,41.39465022222223,15.0,ANTONIO NARIÑO,0.14811476220603523,0.2682929560431562,0.22787460737821022,0.1318462695564377,0.2733460725311752,13.884702609613539,2025-11
UPZ35,2025,12,3,0,442612.0,442612.0,0.0,460.6303556210709,0.6666666666666666,67.0,215.0,420.0,426.0,1128.0,272.0,942.0,4552.0,77392.0,351.4575149886293,1217.180070291503,2697.0,1361.0,13465.0,41.39465022222223,15.0,ANTONIO NARIÑO,0.11659195864549537,0.20939558800936256,0.18121063143339985,0.15680776842923366,0.3408965506838588,13.000448818748493,2025-12
UPZ35,2026,1,3,0,900450.0,313148.0,587302.0,460.6303556210709,0.6666666666666666,69.0,173.0,324.0,305.0,871.0,260.0,698.0,3460.0,76643.0,339.2351552000835,910.7159166525316,2575.0,1278.0,13404.0,41.39465022222223,15.0,ANTONIO NARIÑO,0.1459414737075906,0.22002887445166303,0.2194458326392359,0.1333877505691598,0.2764080596695826,13.710649917348098,2026-01
UPZ35,2026,2,3,0,1007729.0,333511.0,674218.0,460.6303556210709,0.6666666666666666,73.0,199.0,290.0,408.0,970.0,236.0,794.0,3620.0,76643.0,307.921140873922,1035.971973957178,2575.0,1278.0,13404.0,41.39465022222223,15.0,ANTONIO NARIÑO,0.14319226696859963,0.180334196991453,0.23756982283927522,0.13375322135216902,0.28319588968966175,13.823209842260676,2026-02
UPZ35,2026,3,3,0,1076264.0,341854.0,734410.0,460.6303556210709,0.6666666666666666,62.0,225.0,339.0,372.0,998.0,243.0,921.0,4044.0,76643.0,317.0543950523857,1201.6752997664496,2575.0,1278.0,13404.0,41.39465022222223,15.0,ANTONIO NARIÑO,0.14369522719332803,0.19652706027517408,0.23230081095344637,0.13532181695197457,0.2801044586985953,13.889006342769553,2026-03
UPZ35,2026,4,3,0,1011904.0,309678.0,702226.0,460.6303556210709,0.6666666666666666,60.0,196.0,355.0,319.0,930.0,246.0,754.0,3642.0,76643.0,320.968646843156,983.7819500802422,2575.0,1278.0,13404.0,41.39465022222223,15.0,ANTONIO NARIÑO,0.1452766270318133,0.18627755202074503,0.23115829169565486,0.13720273859970905,0.27769345056001704,13.827344262669817,2026-04
UPZ35,2026,5,3,0,1041358.0,340692.0,700666.0,460.6303556210709,0.6666666666666666,52.0,201.0,281.0,413.0,947.0,206.0,764.0,3456.0,76643.0,268.77862296622,996.829456049476,2575.0,1278.0,13404.0,41.39465022222223,15.0,ANTONIO NARIÑO,0.14412718776827943,0.2470783342520055,0.2334903078480215,0.13422281290391966,0.27731600008204965,13.856036188573084,2026-05
UPZ35,2026,6,3,0,970848.0,338999.0,631849.0,460.6303556210709,0.6666666666666666,54.0,215.0,290.0,319.0,878.0,233.0,805.0,3533.0,76643.0,304.00688908315175,1050.3242305233357,2575.0,1278.0,13404.0,41.39465022222223,15.0,ANTONIO NARIÑO,0.24848997989386595,0.218382280233363,0.26971678367777446,0.0805089983189953,0.31293408472173334,13.785925195370007,2026-06
UPZ36,2023,1,2,0,902978.0,371177.0,531801.0,552.6440041397555,0.5,94.0,362.0,370.0,369.0,1195.0,420.0,2512.0,7490.0,375730.0,111.78239693396851,668.5651930907833,6888.0,3281.0,36108.0,40.15385066666667,18.0,RAFAEL URIBE URIBE,0.19067574182316735,0.19854636547069804,0.23297909805111525,0.14601573903240167,0.25428941624357626,13.713453468868668,2023-01
UPZ36,2023,2,2,0,978434.0,434962.0,543472.0,552.6440041397555,0.5,75.0,391.0,446.0,449.0,1361.0,399.0,2695.0,7705.0,375730.0,106.19327708727012,717.2703803262981,6888.0,3281.0,36108.0,40.15385066666667,18.0,RAFAEL URIBE URIBE,0.19806548014480282,0.18736572931848233,0.24602885835937832,0.1402782405353861,0.2566743339792243,13.793708613364558,2023-02
UPZ36,2023,3,2,0,1108961.0,521497.0,587464.0,552.6440041397555,0.5,102.0,392.0,363.0,466.0,1323.0,481.0,2597.0,7958.0,375730.0,128.01745934580683,691.1878210417055,6888.0,3281.0,36108.0,40.15385066666667,18.0,RAFAEL URIBE URIBE,0.20196472193341333,0.17601250179221806,0.25810105134445666,0.1369597307750227,0.2649388507687065,13.918934098897186,2023-03
UPZ36,2023,4,2,0,961005.0,435565.0,525440.0,552.6440041397555,0.5,125.0,390.0,413.0,508.0,1436.0,519.0,2950.0,8899.0,375730.0,138.1311047826897,785.1382641790647,6888.0,3281.0,36108.0,40.15385066666667,18.0,RAFAEL URIBE URIBE,0.19867222334951426,0.24729111711177362,0.24711942185524527,0.1360762951285373,0.25425059534863353,13.775734890852526,2023-04
UPZ36,2023,5,2,0,1065935.0,494745.0,571190.0,552.6440041397555,0.5,121.0,420.0,528.0,467.0,1536.0,546.0,3274.0,9744.0,375730.0,145.3171160141591,871.3703989566976,6888.0,3281.0,36108.0,40.15385066666667,18.0,RAFAEL URIBE URIBE,0.19967540234629685,0.19646319897554723,0.2632834084629926,0.1349772734735232,0.2683091943769251,13.879362906239082,2023-05
UPZ36,2023,6,2,0,1001414.0,451641.0,549773.0,552.6440041397555,0.5,84.0,383.0,360.0,407.0,1234.0,458.0,2956.0,8538.0,375730.0,121.8960423708514,786.7351555638359,6888.0,3281.0,36108.0,40.15385066666667,18.0,RAFAEL URIBE URIBE,0.2004046278562113,0.20824953515728759,0.2547358035737467,0.1414939275863928,0.27012286378099587,13.816923559207657,2023-06
UPZ36,2023,7,2,0,1015736.0,476183.0,539553.0,552.6440041397555,0.5,87.0,362.0,381.0,475.0,1305.0,506.0,2575.0,8386.0,375730.0,134.67117344901925,685.3325526308785,6888.0,3281.0,36108.0,40.15385066666667,18.0,RAFAEL URIBE URIBE,0.19296254144777772,0.27353662762765124,0.2476135531279781,0.1401318846629439,0.2661869752441808,13.831124030835962,2023-07
UPZ36,2023,8,2,0,1115463.0,514971.0,600492.0,552.6440041397555,0.5,102.0,291.0,351.0,440.0,1184.0,437.0,2283.0,7077.0,375730.0,116.30692252415297,607.6171719053575,6888.0,3281.0,36108.0,40.15385066666667,18.0,RAFAEL URIBE URIBE,0.20117117286723085,0.1976811422700708,0.2603331531391001,0.13940489285615026,0.27094696848687283,13.924780123322103,2023-08
UPZ36,2023,9,2,0,1131826.0,521295.0,610531.0,552.6440041397555,0.5,95.0,378.0,487.0,455.0,1415.0,466.0,2684.0,8524.0,375730.0,124.02523088387936,714.3427461208847,6888.0,3281.0,36108.0,40.15385066666667,18.0,RAFAEL URIBE URIBE,0.20421336848596858,0.2116456063034424,0.25545357678653785,0.14102609411694023,0.2665932742564282,13.939342815683284,2023-09
UPZ36,2023,10,2,0,1114776.0,514120.0,600656.0,552.6440041397555,0.5,111.0,380.0,539.0,492.0,1522.0,517.0,2976.0,9439.0,375730.0,137.5988076544327,792.0581268464056,6888.0,3281.0,36108.0,40.15385066666667,18.0,RAFAEL URIBE URIBE,0.20345881145629255,0.205334524604046,0.2516092919115589,0.14039143289773012,0.26344720642464836,13.924164045832892,2023-10
UPZ36,2023,11,2,0,1076725.0,520152.0,556573.0,552.6440041397555,0.5,95.0,386.0,408.0,418.0,1307.0,498.0,2999.0,8694.0,375730.0,132.54198493599128,798.1795438213611,6888.0,3281.0,36108.0,40.15385066666667,18.0,RAFAEL URIBE URIBE,0.20698042675706418,0.2197497039634075,0.25045392277508177,0.13655575936288275,0.25672837174070645,13.889434584629633,2023-11
UPZ36,2023,12,2,0,1016997.0,491921.0,525076.0,552.6440041397555,0.5,84.0,460.0,448.0,443.0,1435.0,415.0,3284.0,9231.0,375730.0,110.45165411332606,874.0318845979826,6888.0,3281.0,36108.0,40.15385066666667,18.0,RAFAEL URIBE URIBE,0.21019334373651052,0.274758922592692,0.2254421596130568,0.13667690268506197,0.22666788832641419,13.83236472517384,2023-12
UPZ36,2024,1,2,0,901443.0,440893.0,460550.0,552.6440041397555,0.5,57.0,204.0,259.0,346.0,866.0,348.0,1791.0,5967.0,375542.0,92.66606664500908,476.9107050609519,5346.0,1989.0,35339.0,40.15385066666667,18.0,RAFAEL URIBE URIBE,0.19566406306333284,0.1962031986492767,0.2463017628402461,0.14284652496053546,0.26873922919329163,13.711752091673127,2024-01
UPZ36,2024,2,2,0,1015445.0,509751.0,505694.0,552.6440041397555,0.5,81.0,391.0,423.0,410.0,1305.0,468.0,2724.0,8255.0,375542.0,124.61988272949498,725.3516251178297,5346.0,1989.0,35339.0,40.15385066666667,18.0,RAFAEL URIBE URIBE,0.20596487254356463,0.16589574029120235,0.2579765521520121,0.1375367449738784,0.2687462417459552,13.83083749802378,2024-02
UPZ36,2024,3,2,0,975543.0,472338.0,503205.0,552.6440041397555,0.5,100.0,318.0,370.0,400.0,1188.0,485.0,2706.0,7637.0,375542.0,129.1466733414638,720.5585527051568,5346.0,1989.0,35339.0,40.15385066666667,18.0,RAFAEL URIBE URIBE,0.20447689133128932,0.2551778855468185,0.24528390855144258,0.1369944738468729,0.25494685971641723,13.790749518032806,2024-03
UPZ36,2024,4,2,0,1006058.0,509514.0,496544.0,552.6440041397555,0.5,71.0,231.0,259.0,312.0,873.0,306.0,1829.0,5736.0,375542.0,81.48223101543903,487.0294134877057,5346.0,1989.0,35339.0,40.15385066666667,18.0,RAFAEL URIBE URIBE,0.20145260014830152,0.16952402346584386,0.26548668168236816,0.1364126123941164,0.2760986824841771,13.821550282055435,2024-04
UPZ36,2024,5,2,0,1061896.0,521099.0,540797.0,552.6440041397555,0.5,91.0,420.0,527.0,423.0,1461.0,512.0,2819.0,8903.0,375542.0,136.33628196047312,750.6483961847144,5346.0,1989.0,35339.0,40.15385066666667,18.0,RAFAEL URIBE URIBE,0.2056613830356268,0.19617928686048353,0.2510208155977609,0.14227193623481016,0.26310498007830724,13.875566547551808,2024-05
UPZ36,2024,6,2,0,965286.0,474282.0,491004.0,552.6440041397555,0.5,108.0,441.0,479.0,528.0,1556.0,562.0,3229.0,9355.0,375542.0,149.65037199567558,859.8239344733746,5346.0,1989.0,35339.0,40.15385066666667,18.0,RAFAEL URIBE URIBE,0.2003116174895316,0.2775799089596244,0.23995168271372416,0.141483456716455,0.2568584910040638,13.7801797094683,2024-06
UPZ36,2024,7,2,0,981809.0,513394.0,468415.0,552.6440041397555,0.5,128.0,414.0,417.0,471.0,1430.0,591.0,3207.0,9008.0,375542.0,157.372544216093,853.9657348578854,5346.0,1989.0,35339.0,40.15385066666667,18.0,RAFAEL URIBE URIBE,0.19702813887426168,0.1994838099874823,0.2551769234138208,0.14326309903453724,0.27323251123095027,13.797152067400496,2024-07
UPZ36,2024,8,2,0,1046073.0,528036.0,518037.0,552.6440041397555,0.5,120.0,361.0,484.0,402.0,1367.0,534.0,2816.0,8576.0,375542.0,142.1944815759622,749.8495507826023,5346.0,1989.0,35339.0,40.15385066666667,18.0,RAFAEL URIBE URIBE,0.20599518389251986,0.2381124453073542,0.25066797441478744,0.1405093143595141,0.26064700873457236,13.860553710846771,2024-08
UPZ36,2024,9,2,0,944947.0,495266.0,449681.0,552.6440041397555,0.5,101.0,413.0,458.0,507.0,1479.0,507.0,3330.0,10118.0,375542.0,135.00487295695288,886.7183963444835,5346.0,1989.0,35339.0,40.15385066666667,18.0,RAFAEL URIBE URIBE,0.2044252217320124,0.21142243956539356,0.25915950841687413,0.13608699747181582,0.26904037684524634,13.758884120246991,2024-09
UPZ36,2024,10,2,0,1123761.0,566149.0,557612.0,552.6440041397555,0.5,122.0,400.0,446.0,453.0,1421.0,653.0,3068.0,9214.0,375542.0,173.88201585974406,816.9525645600227,5346.0,1989.0,35339.0,40.15385066666667,18.0,RAFAEL URIBE URIBE,0.20895012373627483,0.19134673653917508,0.2536437908060521,0.13851165861780215,0.2623698718407564,13.932191653374119,2024-10
UPZ36,2024,11,2,0,1041854.0,517543.0,524311.0,552.6440041397555,0.5,99.0,292.0,443.0,424.0,1258.0,573.0,2902.0,8718.0,375542.0,152.57947180342012,772.7497856431504,5346.0,1989.0,35339.0,40.15385066666667,18.0,RAFAEL URIBE URIBE,0.2095495146152916,0.25914283575241825,0.24336327354888496,0.13626573397040273,0.2480131446509593,13.856512376315255,2024-11
UPZ36,2024,12,2,0,1087355.0,530884.0,556471.0,552.6440041397555,0.5,84.0,509.0,605.0,520.0,1718.0,506.0,3639.0,10645.0,375542.0,134.73859115624882,968.9994727620348,5346.0,1989.0,35339.0,40.15385066666667,18.0,RAFAEL URIBE URIBE,0.2103747166288838,0.25094564332715624,0.2201838406040345,0.13749051597684286,0.2208591978443416,13.899258699721964,2024-12
UPZ36,2025,1,2,0,940536.0,454426.0,486110.0,552.6440041397555,0.5,86.0,312.0,487.0,411.0,1296.0,473.0,2306.0,7731.0,375043.0,126.11887170271142,614.8628290622675,5612.0,2429.0,43643.0,40.15385066666667,18.0,RAFAEL URIBE URIBE,0.20039424328255379,0.2031905211496423,0.2363482099568756,0.14604119353219866,0.256608859690582,13.754205204502618,2025-01
UPZ36,2025,2,2,0,1015088.0,495763.0,519325.0,552.6440041397555,0.5,76.0,378.0,548.0,412.0,1414.0,480.0,2718.0,8275.0,375043.0,127.9853243494746,724.7168991288999,5612.0,2429.0,43643.0,40.15385066666667,18.0,RAFAEL URIBE URIBE,0.20856319846161117,0.19276161278628054,0.24909071922828363,0.14040359062465516,0.25902105906048883,13.830485866207228,2025-02
UPZ36,2025,3,2,0,1078887.0,526053.0,552834.0,552.6440041397555,0.5,116.0,389.0,651.0,468.0,1624.0,505.0,3169.0,10147.0,375043.0,134.65122665934308,844.969776798927,5612.0,2429.0,43643.0,40.15385066666667,18.0,RAFAEL URIBE URIBE,0.20786885002785277,0.2404616980276896,0.2472752012027209,0.1394399969598299,0.25617360966358865,13.891440512157356,2025-03
UPZ36,2025,4,2,0,1005237.0,489280.0,515957.0,552.6440041397555,0.5,108.0,292.0,565.0,377.0,1342.0,504.0,3077.0,9086.0,375043.0,134.3845905669483,820.4392562986111,5612.0,2429.0,43643.0,40.15385066666667,18.0,RAFAEL URIBE URIBE,0.2094451358236913,0.20515659491244348,0.24593603299520406,0.1419098182816589,0.25671682983990207,13.820733892569459,2025-04
UPZ36,2025,5,2,0,1088763.0,533491.0,555272.0,552.6440041397555,0.5,107.0,480.0,516.0,484.0,1587.0,550.0,3258.0,9668.0,375043.0,146.6498508171063,868.7003890220589,5612.0,2429.0,43643.0,40.15385066666667,18.0,RAFAEL URIBE URIBE,0.20499594493934856,0.2276491761751639,0.25239928248847543,0.13607277249502414,0.2548913772438895,13.900552747376071,2025-05
UPZ36,2025,6,2,0,1013362.0,469204.0,544158.0,552.6440041397555,0.5,82.0,350.0,506.0,451.0,1389.0,569.0,3353.0,9652.0,375043.0,151.71593657260635,894.0308177995589,5612.0,2429.0,43643.0,40.15385066666667,18.0,RAFAEL URIBE URIBE,0.2028554455367381,0.2846208955930852,0.2322092203970545,0.1413117918374677,0.2519592742016977,13.828784073787839,2025-06
UPZ36,2025,7,2,0,1161769.0,549057.0,612712.0,552.6440041397555,0.5,97.0,430.0,533.0,529.0,1589.0,533.0,3353.0,9937.0,375043.0,142.11703724639574,894.0308177995589,5612.0,2429.0,43643.0,40.15385066666667,18.0,RAFAEL URIBE URIBE,0.20285013630076199,0.18321198103925995,0.24775665386148188,0.1438203291704289,0.2636865434616125,13.96545440145089,2025-07
UPZ36,2025,8,2,0,1123904.0,534735.0,589169.0,552.6440041397555,0.5,98.0,461.0,579.0,478.0,1616.0,567.0,3321.0,10406.0,375043.0,151.18266438781686,885.4984628429273,5612.0,2429.0,43643.0,40.15385066666667,18.0,RAFAEL URIBE URIBE,0.20239717983030575,0.26420583964466704,0.2425954529924264,0.14027443625078292,0.2500580289909096,13.932318896535527,2025-08
UPZ36,2025,9,2,0,1148611.0,562316.0,586295.0,552.6440041397555,0.5,85.0,428.0,525.0,437.0,1475.0,527.0,3454.0,10202.0,375043.0,140.5172206920273,920.9610631314276,5612.0,2429.0,43643.0,40.15385066666667,18.0,RAFAEL URIBE URIBE,0.20326463876804243,0.18752911124828156,0.25168050802229824,0.14147261344354176,0.2618609968293664,13.954063944242673,2025-09
UPZ36,2025,10,2,0,1188277.0,569479.0,618798.0,552.6440041397555,0.5,94.0,401.0,534.0,489.0,1518.0,584.0,3295.0,10279.0,375043.0,155.71547795852743,878.5659244406642,5612.0,2429.0,43643.0,40.15385066666667,18.0,RAFAEL URIBE URIBE,0.2056910972778232,0.19562610401446795,0.24633818545675798,0.14131216879565955,0.2551628302198591,13.988014916709162,2025-10
UPZ36,2025,11,2,0,1130791.0,540788.0,590003.0,552.6440041397555,0.5,77.0,418.0,589.0,464.0,1548.0,473.0,3247.0,10110.0,375043.0,126.11887170271142,865.7673920057167,5612.0,2429.0,43643.0,40.15385066666667,18.0,RAFAEL URIBE URIBE,0.2045311644680582,0.2939809390064123,0.2357093397453641,0.1345704024881698,0.23446591585596632,13.938427945802797,2025-11
UPZ36,2025,12,2,0,552936.0,552936.0,0.0,552.6440041397555,0.5,93.0,454.0,732.0,678.0,1957.0,412.0,3658.0,11455.0,375043.0,109.85407006663236,975.3548259799544,5612.0,2429.0,43643.0,40.15385066666667,18.0,RAFAEL URIBE URIBE,0.14944948420793722,0.23439602413299182,0.3369974101885209,0.08338397210527075,0.3821762775894199,13.222997541438067,2025-12
UPZ36,2026,1,2,0,946496.0,440808.0,505688.0,552.6440041397555,0.5,111.0,350.0,600.0,515.0,1576.0,538.0,2719.0,9569.0,373665.0,143.979232735204,727.6571260353525,5100.0,2079.0,45905.0,40.15385066666667,18.0,RAFAEL URIBE URIBE,0.19941869801879772,0.23648066130231923,0.2352086009872202,0.13920185610927036,0.24603901109325654,13.760522023526441,2026-01
UPZ36,2026,2,2,0,1052231.0,489337.0,562894.0,552.6440041397555,0.5,59.0,375.0,633.0,532.0,1599.0,453.0,2958.0,9229.0,373665.0,121.23158444060856,791.6181606519208,5100.0,2079.0,45905.0,40.15385066666667,18.0,RAFAEL URIBE URIBE,0.204358168501023,0.19511970280290158,0.24827533117727948,0.13852186449553372,0.25440097523422883,13.866423229924298,2026-02
UPZ36,2026,3,2,0,1121258.0,520161.0,601097.0,552.6440041397555,0.5,79.0,430.0,626.0,552.0,1687.0,493.0,3484.0,10773.0,373665.0,131.93636010865347,932.3859606867114,5100.0,2079.0,45905.0,40.15385066666667,18.0,RAFAEL URIBE URIBE,0.20353121226336846,0.21569166061691417,0.2423947030924193,0.13936400007848326,0.2482293810889232,13.929961827223782,2026-03
UPZ36,2026,4,2,0,1054154.0,487993.0,566161.0,552.6440041397555,0.5,91.0,436.0,604.0,519.0,1650.0,471.0,3174.0,9668.0,373665.0,126.0487334912288,849.4239492593633,5100.0,2079.0,45905.0,40.15385066666667,18.0,RAFAEL URIBE URIBE,0.205685317325552,0.20399770811475357,0.24309446247891675,0.14027172500412646,0.24845478270246332,13.868249107467335,2026-04
UPZ36,2026,5,2,0,1100865.0,512235.0,588630.0,552.6440041397555,0.5,93.0,389.0,574.0,517.0,1573.0,429.0,3009.0,9593.0,373665.0,114.80871903978164,805.266749628678,5100.0,2079.0,45905.0,40.15385066666667,18.0,RAFAEL URIBE URIBE,0.20258614816530637,0.26399603947804673,0.2401902140589445,0.13545530105871287,0.2440193530685324,13.91160679238307,2026-05
UPZ36,2026,6,2,0,1018927.0,465510.0,553417.0,552.6440041397555,0.5,62.0,380.0,545.0,440.0,1427.0,360.0,2799.0,8423.0,373665.0,96.34298101240417,749.0666773714423,5100.0,2079.0,45905.0,40.15385066666667,18.0,RAFAEL URIBE URIBE,0.2773564740162936,0.24967244954741605,0.2632269043807849,0.11044363335155512,0.2851975266578035,13.834260670777047,2026-06
UPZ38,2023,1,2,0,787080.0,318953.0,468127.0,560.3864820663789,0.5,191.0,557.0,743.0,1003.0,2494.0,240.0,749.0,3211.0,78536.0,305.59233981868186,953.7027605174696,3662.0,2030.0,11936.0,41.39465022222223,15.0,ANTONIO NARIÑO,0.1637851298470295,0.20729786044620624,0.2085035828632413,0.15108756416120342,0.24360688008573195,13.576085174075782,2023-01
UPZ38,2023,2,2,0,876754.0,360180.0,516574.0,560.3864820663789,0.5,147.0,596.0,808.0,956.0,2507.0,208.0,784.0,3328.0,78536.0,264.8466945095243,998.2683100743608,3662.0,2030.0,11936.0,41.39465022222223,15.0,ANTONIO NARIÑO,0.16588689643845358,0.1933564032784566,0.22549540692143974,0.14743246110083325,0.2514091163939045,13.683981730295981,2023-02
UPZ38,2023,3,2,0,938773.0,382701.0,556072.0,560.3864820663789,0.5,154.0,540.0,834.0,930.0,2458.0,217.0,731.0,3367.0,78536.0,276.30640725272485,930.7833350310684,3662.0,2030.0,11936.0,41.39465022222223,15.0,ANTONIO NARIÑO,0.17091565266576686,0.18843639516688274,0.21610336045028983,0.15386147662960054,0.24802427161300888,13.752328982426125,2023-03
UPZ38,2023,4,2,0,831367.0,334744.0,496623.0,560.3864820663789,0.5,226.0,646.0,928.0,968.0,2768.0,292.0,867.0,3786.0,78536.0,371.8040134460629,1103.9523275949884,3662.0,2030.0,11936.0,41.39465022222223,15.0,ANTONIO NARIÑO,0.16882556079324768,0.25711027741057796,0.2147667636555215,0.14970163598025896,0.24444722823897447,13.630826612927283,2023-04
UPZ38,2023,5,2,0,924260.0,383996.0,540264.0,560.3864820663789,0.5,209.0,652.0,999.0,954.0,2814.0,293.0,836.0,3878.0,78536.0,373.0773148619741,1064.479983701742,3662.0,2030.0,11936.0,41.39465022222223,15.0,ANTONIO NARIÑO,0.1672538030424339,0.20192911085625254,0.22192673057364803,0.15166836171640008,0.2515485661532501,13.736748696323794,2023-05
UPZ38,2023,6,2,0,882773.0,360011.0,522762.0,560.3864820663789,0.5,195.0,610.0,863.0,893.0,2561.0,285.0,837.0,3539.0,78536.0,362.8909035346848,1065.7532851176531,3662.0,2030.0,11936.0,41.39465022222223,15.0,ANTONIO NARIÑO,0.1699780124675312,0.21415358195141895,0.21473470529796448,0.1511883575958938,0.24499919463503397,13.690823368393152,2023-06
UPZ38,2023,7,2,0,894423.0,384321.0,510102.0,560.3864820663789,0.5,194.0,544.0,890.0,977.0,2605.0,252.0,718.0,3530.0,78536.0,320.87195680961594,914.2304166242232,3662.0,2030.0,11936.0,41.39465022222223,15.0,ANTONIO NARIÑO,0.16420530330727184,0.2657277373233917,0.216446804252574,0.1472927239125112,0.2459895219518327,13.70393409661584,2023-07
UPZ38,2023,8,2,0,1000232.0,405106.0,595126.0,560.3864820663789,0.5,168.0,507.0,709.0,756.0,2140.0,259.0,691.0,2977.0,78536.0,329.7850667209942,879.8512783946215,3662.0,2030.0,11936.0,41.39465022222223,15.0,ANTONIO NARIÑO,0.16635240624175188,0.20246602788153142,0.22463988354701703,0.1537633269081573,0.2565940566571162,13.815742531056436,2023-08
UPZ38,2023,9,2,0,1033528.0,417143.0,616385.0,560.3864820663789,0.5,195.0,664.0,928.0,855.0,2642.0,272.0,902.0,3569.0,78536.0,346.33798512783943,1148.5178771518797,3662.0,2030.0,11936.0,41.39465022222223,15.0,ANTONIO NARIÑO,0.16678116122640116,0.21159562198605159,0.22375687934918065,0.15402195199355986,0.2543921593572294,13.848488750141419,2023-09
UPZ38,2023,10,2,0,1010262.0,408871.0,601391.0,560.3864820663789,0.5,174.0,671.0,919.0,910.0,2674.0,270.0,888.0,3597.0,78536.0,343.7913822960171,1130.6916573291228,3662.0,2030.0,11936.0,41.39465022222223,15.0,ANTONIO NARIÑO,0.16736549528736108,0.20469343596017664,0.2215247133911797,0.15628520126462236,0.25359200912471874,13.825720261118132,2023-10
UPZ38,2023,11,2,0,1015042.0,407210.0,607832.0,560.3864820663789,0.5,207.0,591.0,806.0,904.0,2508.0,292.0,804.0,3438.0,78536.0,371.8040134460629,1023.7343383925844,3662.0,2030.0,11936.0,41.39465022222223,15.0,ANTONIO NARIÑO,0.17023334995005132,0.21360199873502772,0.21594574411699213,0.15410593847348186,0.24706302770129865,13.83044054891227,2023-11
UPZ38,2023,12,2,0,982857.0,383914.0,598943.0,560.3864820663789,0.5,191.0,715.0,1075.0,1092.0,3073.0,275.0,925.0,4078.0,78536.0,350.157889375573,1177.8038097178364,3662.0,2030.0,11936.0,41.39465022222223,15.0,ANTONIO NARIÑO,0.18177008455960528,0.25989538661270156,0.19547909818010142,0.1518145569497902,0.22860081236900395,13.798218915505366,2023-12
UPZ38,2024,1,2,0,877972.0,344409.0,533563.0,560.3864820663789,0.5,97.0,398.0,589.0,578.0,1662.0,145.0,520.0,2249.0,77987.0,185.92842396809723,666.7777962993832,2822.0,1362.0,11195.0,41.39465022222223,15.0,ANTONIO NARIÑO,0.16799966285940782,0.20316023745631975,0.20795082303308074,0.15680796198512023,0.2461783497213087,13.685369981448144,2024-01
UPZ38,2024,2,2,0,1054096.0,407515.0,646581.0,560.3864820663789,0.5,167.0,614.0,944.0,817.0,2542.0,246.0,803.0,3449.0,77987.0,315.4371882493236,1029.6587892853938,2822.0,1362.0,11195.0,41.39465022222223,15.0,ANTONIO NARIÑO,0.1736227060912858,0.1791895614820661,0.22570904357857344,0.1557144700292952,0.25227755395143175,13.868194085529696,2024-02
UPZ38,2024,3,2,0,998817.0,386550.0,612267.0,560.3864820663789,0.5,163.0,516.0,714.0,692.0,2085.0,233.0,690.0,2991.0,77987.0,298.76774334183904,884.7628450895662,2822.0,1362.0,11195.0,41.39465022222223,15.0,ANTONIO NARIÑO,0.17396179680562104,0.25610096744448685,0.22195757581218578,0.1547871131548622,0.24877334570203388,13.81432685766742,2024-03
UPZ38,2024,4,2,0,1107674.0,442319.0,665355.0,560.3864820663789,0.5,126.0,344.0,478.0,586.0,1534.0,171.0,501.0,2185.0,77987.0,219.2673137830664,642.4147614345981,2822.0,1362.0,11195.0,41.39465022222223,15.0,ANTONIO NARIÑO,0.17054295758499335,0.17398530614603214,0.2300288713105119,0.1584518549681585,0.2594350641714805,13.917772879170329,2024-04
UPZ38,2024,5,2,0,1096035.0,453345.0,642690.0,560.3864820663789,0.5,170.0,661.0,788.0,924.0,2543.0,252.0,905.0,3548.0,77987.0,323.1307782066242,1160.4498185595037,2822.0,1362.0,11195.0,41.39465022222223,15.0,ANTONIO NARIÑO,0.1738694475997573,0.19960037772516387,0.22624733699197563,0.1576455131451094,0.25529006310081104,13.907209680286778,2024-05
UPZ38,2024,6,2,0,962232.0,413607.0,548625.0,560.3864820663789,0.5,198.0,666.0,843.0,911.0,2618.0,261.0,879.0,3570.0,77987.0,334.67116314257504,1127.1109287445342,2822.0,1362.0,11195.0,41.39465022222223,15.0,ANTONIO NARIÑO,0.1725872762493868,0.2679156378087613,0.21640519126364532,0.15538664272233724,0.24603378058992073,13.777010864813587,2024-06
UPZ38,2024,7,2,0,980298.0,454554.0,525744.0,560.3864820663789,0.5,182.0,657.0,907.0,979.0,2725.0,236.0,845.0,3641.0,77987.0,302.6145383204893,1083.5139189864976,2822.0,1362.0,11195.0,41.39465022222223,15.0,ANTONIO NARIÑO,0.16541296626127974,0.18624030651903808,0.22590171560076627,0.16056138031496542,0.2636896033401364,13.795611886055958,2024-07
UPZ38,2024,8,2,0,1115870.0,478441.0,637429.0,560.3864820663789,0.5,213.0,612.0,944.0,893.0,2662.0,284.0,814.0,3535.0,77987.0,364.1632579788939,1043.7637042071117,2822.0,1362.0,11195.0,41.39465022222223,15.0,ANTONIO NARIÑO,0.1676395995949349,0.22379040569241931,0.22674415478505555,0.15514531262602269,0.2559139948800124,13.925144927683005,2024-08
UPZ38,2024,9,2,0,1050991.0,440468.0,610523.0,560.3864820663789,0.5,225.0,633.0,961.0,958.0,2777.0,300.0,819.0,3651.0,77987.0,384.6794978650288,1050.1750291715286,2822.0,1362.0,11195.0,41.39465022222223,15.0,ANTONIO NARIÑO,0.1630480184892163,0.19850598149746285,0.2272769224474805,0.15344850717085107,0.25703258008362506,13.86524408654935,2024-09
UPZ38,2024,10,2,0,1179079.0,507717.0,671362.0,560.3864820663789,0.5,238.0,624.0,1097.0,1136.0,3095.0,338.0,839.0,4052.0,77987.0,433.4055675945991,1075.8203290291972,2822.0,1362.0,11195.0,41.39465022222223,15.0,ANTONIO NARIÑO,0.16625603543104397,0.17728667884000981,0.22815689194701966,0.1567011201115446,0.25766071068000607,13.980244183211946,2024-10
UPZ38,2024,11,2,0,1112585.0,466274.0,646311.0,560.3864820663789,0.5,219.0,692.0,982.0,1042.0,2935.0,284.0,873.0,3794.0,77987.0,364.1632579788939,1119.4173387872338,2822.0,1362.0,11195.0,41.39465022222223,15.0,ANTONIO NARIÑO,0.16814625399407684,0.23799979327422174,0.22105187468822604,0.15055119384136934,0.24654812248920102,13.92219669459824,2024-11
UPZ38,2024,12,2,0,1070858.0,445670.0,625188.0,560.3864820663789,0.5,222.0,823.0,1064.0,1376.0,3485.0,315.0,1018.0,4452.0,77987.0,403.9134727582802,1305.345762755331,2822.0,1362.0,11195.0,41.39465022222223,15.0,ANTONIO NARIÑO,0.17362245974723067,0.21321781225895492,0.20328372202476894,0.1508566028362304,0.23277096779415588,13.883970754271656,2024-12
UPZ38,2025,1,2,0,963044.0,402991.0,560053.0,560.3864820663789,0.5,204.0,459.0,853.0,826.0,2342.0,283.0,603.0,3133.0,77392.0,365.6708703741989,779.1502997725863,2697.0,1361.0,13465.0,41.39465022222223,15.0,ANTONIO NARIÑO,0.16120135736269578,0.18703402959781687,0.21031749328171914,0.15578208264627574,0.24751497850030213,13.777854380286845,2025-01
UPZ38,2025,2,2,0,1072681.0,453494.0,619187.0,560.3864820663789,0.5,200.0,575.0,896.0,990.0,2661.0,278.0,745.0,3541.0,77392.0,359.21025428984905,962.6317965681208,2697.0,1361.0,13465.0,41.39465022222223,15.0,ANTONIO NARIÑO,0.16458667581508388,0.17853210786804272,0.22790839028564874,0.1534827222631891,0.2553007278388446,13.885671680113935,2025-02
UPZ38,2025,3,2,0,1139142.0,476185.0,662957.0,560.3864820663789,0.5,235.0,700.0,1101.0,1113.0,3149.0,316.0,927.0,4180.0,77392.0,408.3109365309076,1197.7982220384536,2697.0,1361.0,13465.0,41.39465022222223,15.0,ANTONIO NARIÑO,0.16266365387282702,0.22427054748222783,0.22832447578967327,0.1505053803652222,0.25433177503718524,13.945785905422394,2025-03
UPZ38,2025,4,2,0,1055133.0,445635.0,609498.0,560.3864820663789,0.5,199.0,647.0,919.0,879.0,2644.0,295.0,851.0,3537.0,77392.0,381.1763489766385,1099.5968575563363,2697.0,1361.0,13465.0,41.39465022222223,15.0,ANTONIO NARIÑO,0.16599518733657273,0.18381189859477431,0.22901473084435794,0.15337308187688187,0.2545435566758136,13.86917738329732,2025-04
UPZ38,2025,5,2,0,1163981.0,482032.0,681949.0,560.3864820663789,0.5,215.0,683.0,873.0,1095.0,2866.0,285.0,886.0,3811.0,77392.0,368.2551168079388,1144.821170146785,2697.0,1361.0,13465.0,41.39465022222223,15.0,ANTONIO NARIÑO,0.17065570657940288,0.20857900601470294,0.2267502648239103,0.147561687003482,0.24786664493454508,13.967356584116244,2025-05
UPZ38,2025,6,2,0,988159.0,389637.0,598522.0,560.3864820663789,0.5,222.0,637.0,931.0,973.0,2763.0,307.0,835.0,3747.0,77392.0,396.681827579078,1078.922886086417,2697.0,1361.0,13465.0,41.39465022222223,15.0,ANTONIO NARIÑO,0.1677533676260601,0.2387004520527567,0.22173557089496732,0.14545331267538922,0.24342881584831774,13.803598894956062,2025-06
UPZ38,2025,7,2,0,1111269.0,457275.0,653994.0,560.3864820663789,0.5,237.0,673.0,1067.0,1137.0,3114.0,357.0,856.0,4080.0,77392.0,461.287988422576,1106.0574736406863,2697.0,1361.0,13465.0,41.39465022222223,15.0,ANTONIO NARIÑO,0.16279856632372539,0.17193136855252866,0.2240105680982732,0.14836911674851003,0.2500691761861929,13.921013163526851,2025-07
UPZ38,2025,8,2,0,1053082.0,435089.0,617993.0,560.3864820663789,0.5,230.0,652.0,948.0,1083.0,2913.0,349.0,893.0,4084.0,77392.0,450.9510026876163,1153.8660326648749,2697.0,1361.0,13465.0,41.39465022222223,15.0,ANTONIO NARIÑO,0.1657914578351923,0.252215876826306,0.21960018308165932,0.14791345783139392,0.2440753647911243,13.867231660828727,2025-08
UPZ38,2025,9,2,0,1097201.0,452985.0,644216.0,560.3864820663789,0.5,189.0,632.0,1007.0,1007.0,2835.0,271.0,840.0,4005.0,77392.0,350.16539177175935,1085.3835021707669,2697.0,1361.0,13465.0,41.39465022222223,15.0,ANTONIO NARIÑO,0.16075905873217394,0.17477107658487367,0.2283628979557984,0.1490474398036458,0.25451141726804444,13.908272949456034,2025-09
UPZ38,2025,10,2,0,1094955.0,450285.0,644670.0,560.3864820663789,0.5,193.0,682.0,1011.0,1141.0,3027.0,302.0,924.0,4111.0,77392.0,390.22121149472815,1193.9218523878435,2697.0,1361.0,13465.0,41.39465022222223,15.0,ANTONIO NARIÑO,0.16063673849610255,0.18196272906192487,0.22577092209268873,0.14874035919284354,0.2523872876050554,13.906223824497868,2025-10
UPZ38,2025,11,2,0,1010978.0,416031.0,594947.0,560.3864820663789,0.5,200.0,716.0,1237.0,1049.0,3202.0,270.0,920.0,4275.0,77392.0,348.8732685548894,1188.7533595203638,2697.0,1361.0,13465.0,41.39465022222223,15.0,ANTONIO NARIÑO,0.164602988393417,0.27215725762578413,0.21728761654556275,0.14217421150608617,0.23991173626709386,13.826428737132806,2025-11
UPZ38,2025,12,2,0,409882.0,409882.0,0.0,560.3864820663789,0.5,205.0,727.0,1195.0,1297.0,3424.0,272.0,942.0,4552.0,77392.0,351.4575149886293,1217.180070291503,2697.0,1361.0,13465.0,41.39465022222223,15.0,ANTONIO NARIÑO,0.1427557199389092,0.21746990597293847,0.2151009314875988,0.14957231593482997,0.2654353175714383,12.923624592378669,2025-12
UPZ38,2026,1,2,0,865618.0,326950.0,538668.0,560.3864820663789,0.5,191.0,525.0,955.0,918.0,2589.0,260.0,698.0,3460.0,76643.0,339.2351552000835,910.7159166525316,2575.0,1278.0,13404.0,41.39465022222223,15.0,ANTONIO NARIÑO,0.15741701304732567,0.22824386738723082,0.20701394841604495,0.14204302590750187,0.23814617547285158,13.671198981682544,2026-01
UPZ38,2026,2,2,0,981695.0,357270.0,624425.0,560.3864820663789,0.5,163.0,595.0,932.0,960.0,2650.0,236.0,794.0,3620.0,76643.0,307.921140873922,1035.971973957178,2575.0,1278.0,13404.0,41.39465022222223,15.0,ANTONIO NARIÑO,0.15924599799326672,0.186534514283968,0.22235724945120428,0.1445061857297837,0.24859108327332918,13.797035948461978,2026-02
UPZ38,2026,3,2,0,1051351.0,379046.0,672305.0,560.3864820663789,0.5,181.0,696.0,1039.0,1130.0,3046.0,243.0,921.0,4044.0,76643.0,317.0543950523857,1201.6752997664496,2575.0,1278.0,13404.0,41.39465022222223,15.0,ANTONIO NARIÑO,0.15827730225205475,0.2002756453363339,0.2214645727259497,0.14477943141729066,0.24813372056459132,13.865586561754164,2026-03
UPZ38,2026,4,2,0,980709.0,338000.0,642709.0,560.3864820663789,0.5,186.0,558.0,947.0,1021.0,2712.0,246.0,754.0,3642.0,76643.0,320.968646843156,983.7819500802422,2575.0,1278.0,13404.0,41.39465022222223,15.0,ANTONIO NARIÑO,0.16004747585675255,0.19154815546711604,0.22030388219135336,0.1446514715374285,0.24682787291781594,13.796031058456688,2026-04
UPZ38,2026,5,2,0,988257.0,363671.0,624586.0,560.3864820663789,0.5,154.0,563.0,870.0,922.0,2509.0,206.0,764.0,3456.0,76643.0,268.77862296622,996.829456049476,2575.0,1278.0,13404.0,41.39465022222223,15.0,ANTONIO NARIÑO,0.15946965212490274,0.2554173661304701,0.2208534824443439,0.14356589429672645,0.24642329720387401,13.803698064361773,2026-05
UPZ38,2026,6,2,0,913978.0,330797.0,583181.0,560.3864820663789,0.5,179.0,590.0,883.0,1003.0,2655.0,233.0,805.0,3533.0,76643.0,304.00688908315175,1050.3242305233357,2575.0,1278.0,13404.0,41.39465022222223,15.0,ANTONIO NARIÑO,0.24581663891253397,0.22632492248172273,0.25690224491180313,0.09491475724798618,0.27818238458200956,13.725561780124718,2026-06
UPZ39,2023,1,1,0,249093.0,91730.0,157363.0,454.05151950799166,1.0,149.0,712.0,696.0,912.0,2469.0,420.0,2512.0,7490.0,375730.0,111.78239693396851,668.5651930907833,6888.0,3281.0,36108.0,40.15385066666667,18.0,RAFAEL URIBE URIBE,0.2183842982339929,0.2322265178066023,0.1924903550079689,0.1633526433902197,0.2415203949537264,12.425581599691236,2023-01
UPZ39,2023,2,1,0,274605.0,101532.0,173073.0,454.05151950799166,1.0,147.0,741.0,731.0,867.0,2486.0,399.0,2695.0,7705.0,375730.0,106.19327708727012,717.2703803262981,6888.0,3281.0,36108.0,40.15385066666667,18.0,RAFAEL URIBE URIBE,0.2300650024580761,0.2110121811329,0.2047923380856139,0.1569272227381147,0.2366942835888384,12.523088980453224,2023-02
UPZ39,2023,3,1,0,299478.0,99751.0,199727.0,454.05151950799166,1.0,172.0,765.0,796.0,848.0,2581.0,481.0,2597.0,7958.0,375730.0,128.01745934580683,691.1878210417055,6888.0,3281.0,36108.0,40.15385066666667,18.0,RAFAEL URIBE URIBE,0.2383246849518161,0.2085361862974909,0.1881006284267959,0.1632841143589846,0.23779215393824682,12.609796238080035,2023-03
UPZ39,2023,4,1,0,272118.0,92559.0,179559.0,454.05151950799166,1.0,189.0,856.0,898.0,985.0,2928.0,519.0,2950.0,8899.0,375730.0,138.1311047826897,785.1382641790647,6888.0,3281.0,36108.0,40.15385066666667,18.0,RAFAEL URIBE URIBE,0.2286250817659985,0.3036366576264708,0.1854085360027635,0.1584716924275498,0.2284836359754548,12.513991074733326,2023-04
UPZ39,2023,5,1,0,298434.0,117890.0,180544.0,454.05151950799166,1.0,191.0,960.0,1052.0,995.0,3198.0,546.0,3274.0,9744.0,375730.0,145.3171160141591,871.3703989566976,6888.0,3281.0,36108.0,40.15385066666667,18.0,RAFAEL URIBE URIBE,0.218443608972168,0.2137558053036852,0.2152301681443803,0.1483678133188577,0.2335744886422727,12.606304081839724,2023-05
UPZ39,2023,6,1,0,287450.0,110129.0,177321.0,454.05151950799166,1.0,147.0,735.0,929.0,888.0,2699.0,458.0,2956.0,8538.0,375730.0,121.8960423708514,786.7351555638359,6888.0,3281.0,36108.0,40.15385066666667,18.0,RAFAEL URIBE URIBE,0.2246616802922247,0.24922595233953732,0.2041815967994434,0.1547156027135154,0.23018989502135087,12.568804211051438,2023-06
UPZ39,2023,7,1,0,285619.0,111063.0,174556.0,454.05151950799166,1.0,181.0,757.0,933.0,836.0,2707.0,506.0,2575.0,8386.0,375730.0,134.67117344901925,685.3325526308785,6888.0,3281.0,36108.0,40.15385066666667,18.0,RAFAEL URIBE URIBE,0.2211582562784688,0.3105255602743515,0.2031762592824707,0.1533826531148137,0.2287143017449363,12.562414033845414,2023-07
UPZ39,2023,8,1,0,308124.0,115921.0,192203.0,454.05151950799166,1.0,154.0,690.0,787.0,802.0,2433.0,437.0,2283.0,7077.0,375730.0,116.30692252415297,607.6171719053575,6888.0,3281.0,36108.0,40.15385066666667,18.0,RAFAEL URIBE URIBE,0.2260291311290259,0.23377925770144484,0.2027138424790019,0.1533895444691098,0.2269711094641858,12.63825757833772,2023-08
UPZ39,2023,9,1,0,299427.0,110426.0,189001.0,454.05151950799166,1.0,166.0,811.0,1031.0,870.0,2878.0,466.0,2684.0,8524.0,375730.0,124.02523088387936,714.3427461208847,6888.0,3281.0,36108.0,40.15385066666667,18.0,RAFAEL URIBE URIBE,0.2238475488182428,0.23244062826665587,0.211540709421662,0.1527016601709264,0.232938650183628,12.609625927262382,2023-09
UPZ39,2023,10,1,0,289716.0,105497.0,184219.0,454.05151950799166,1.0,171.0,891.0,1069.0,1017.0,3148.0,517.0,2976.0,9439.0,375730.0,137.5988076544327,792.0581268464056,6888.0,3281.0,36108.0,40.15385066666667,18.0,RAFAEL URIBE URIBE,0.222086457082108,0.2353580748042911,0.2105924422537933,0.1532914992613455,0.23465077532509726,12.576656411780155,2023-10
UPZ39,2023,11,1,0,278605.0,101198.0,177407.0,454.05151950799166,1.0,184.0,913.0,897.0,866.0,2860.0,498.0,2999.0,8694.0,375730.0,132.54198493599128,798.1795438213611,6888.0,3281.0,36108.0,40.15385066666667,18.0,RAFAEL URIBE URIBE,0.2275730873458839,0.2533551084869259,0.2079108415139714,0.1542147484790294,0.23611493641211126,12.537550287044043,2023-11
UPZ39,2023,12,1,0,272213.0,97945.0,174268.0,454.05151950799166,1.0,135.0,926.0,1023.0,929.0,3013.0,415.0,3284.0,9231.0,375730.0,110.45165411332606,874.0318845979826,6888.0,3281.0,36108.0,40.15385066666667,18.0,RAFAEL URIBE URIBE,0.24194289031016153,0.3158409039979721,0.1907403393665989,0.1563775425861366,0.2328921747260473,12.514340127059812,2023-12
UPZ39,2024,1,1,0,246690.0,86331.0,160359.0,454.05151950799166,1.0,121.0,481.0,661.0,713.0,1976.0,348.0,1791.0,5967.0,375542.0,92.66606664500908,476.9107050609519,5346.0,1989.0,35339.0,40.15385066666667,18.0,RAFAEL URIBE URIBE,0.2280919372491791,0.2411163808828894,0.1959382220600754,0.1630913291985893,0.2467353268326743,12.41588776663305,2024-01
UPZ39,2024,2,1,0,276051.0,98099.0,177952.0,454.05151950799166,1.0,168.0,758.0,869.0,853.0,2648.0,468.0,2724.0,8255.0,375542.0,124.61988272949498,725.3516251178297,5346.0,1989.0,35339.0,40.15385066666667,18.0,RAFAEL URIBE URIBE,0.2307363494426754,0.2115369985980851,0.2017489521863713,0.1570869150990215,0.23798589264915573,12.528340910237779,2024-02
UPZ39,2024,3,1,0,262254.0,82684.0,179570.0,454.05151950799166,1.0,175.0,760.0,716.0,731.0,2382.0,485.0,2706.0,7637.0,375542.0,129.1466733414638,720.5585527051568,5346.0,1989.0,35339.0,40.15385066666667,18.0,RAFAEL URIBE URIBE,0.2399696477460782,0.3043194765380128,0.1826778619201232,0.1644512571781555,0.2420560819070905,12.477068778763767,2024-03
UPZ39,2024,4,1,0,215998.0,80895.0,135103.0,454.05151950799166,1.0,114.0,507.0,549.0,735.0,1905.0,306.0,1829.0,5736.0,375542.0,81.48223101543903,487.0294134877057,5346.0,1989.0,35339.0,40.15385066666667,18.0,RAFAEL URIBE URIBE,0.2206779692404559,0.197395346253206,0.20953897721275191,0.1559597774053463,0.2396565787644251,12.283024427364175,2024-04
UPZ39,2024,5,1,0,278735.0,106709.0,172026.0,454.05151950799166,1.0,194.0,796.0,979.0,1010.0,2979.0,512.0,2819.0,8903.0,375542.0,136.33628196047312,750.6483961847144,5346.0,1989.0,35339.0,40.15385066666667,18.0,RAFAEL URIBE URIBE,0.2301720271942884,0.2347175632769476,0.2020987676466895,0.1636787629827614,0.24206991660860627,12.538016788649374,2024-05
UPZ39,2024,6,1,0,264987.0,98815.0,166172.0,454.05151950799166,1.0,230.0,921.0,903.0,823.0,2877.0,562.0,3229.0,9355.0,375542.0,149.65037199567558,859.8239344733746,5346.0,1989.0,35339.0,40.15385066666667,18.0,RAFAEL URIBE URIBE,0.2272111462071724,0.3270160422964145,0.1848656726556397,0.1668044092729077,0.2396908696604932,12.487436047161271,2024-06
UPZ39,2024,7,1,0,259856.0,104179.0,155677.0,454.05151950799166,1.0,223.0,776.0,821.0,953.0,2773.0,591.0,3207.0,9008.0,375542.0,157.372544216093,853.9657348578854,5346.0,1989.0,35339.0,40.15385066666667,18.0,RAFAEL URIBE URIBE,0.2173473000431008,0.2446354904254664,0.1998876300720399,0.1685548919401514,0.2515878763598261,12.467882910414383,2024-07
UPZ39,2024,8,1,0,265917.0,102797.0,163120.0,454.05151950799166,1.0,177.0,795.0,789.0,920.0,2681.0,534.0,2816.0,8576.0,375542.0,142.1944815759622,749.8495507826023,5346.0,1989.0,35339.0,40.15385066666667,18.0,RAFAEL URIBE URIBE,0.2301319584682438,0.2704452893195997,0.1948765968328463,0.1647092889886694,0.2393417907357564,12.490939508997135,2024-08
UPZ39,2024,9,1,0,258742.0,93507.0,165235.0,454.05151950799166,1.0,206.0,993.0,953.0,1086.0,3238.0,507.0,3330.0,10118.0,375542.0,135.00487295695288,886.7183963444835,5346.0,1989.0,35339.0,40.15385066666667,18.0,RAFAEL URIBE URIBE,0.2269674038231133,0.2537933539974182,0.1908271560086882,0.1703782145921419,0.2463975847223242,12.463586705209352,2024-09
UPZ39,2024,10,1,0,298508.0,106072.0,192436.0,454.05151950799166,1.0,252.0,932.0,958.0,944.0,3086.0,653.0,3068.0,9214.0,375542.0,173.88201585974406,816.9525645600227,5346.0,1989.0,35339.0,40.15385066666667,18.0,RAFAEL URIBE URIBE,0.23469387755102042,0.22263054926501133,0.186122314979833,0.1701160437911211,0.2485981418086352,12.606552012125679,2024-10
UPZ39,2024,11,1,0,285284.0,98441.0,186843.0,454.05151950799166,1.0,201.0,803.0,776.0,884.0,2664.0,573.0,2902.0,8718.0,375542.0,152.57947180342012,772.7497856431504,5346.0,1989.0,35339.0,40.15385066666667,18.0,RAFAEL URIBE URIBE,0.23821525216976763,0.2858975617279623,0.1817311871678748,0.1678607983623336,0.2410917775383502,12.561240454311065,2024-11
UPZ39,2024,12,1,0,285330.0,100852.0,184478.0,454.05151950799166,1.0,206.0,932.0,1064.0,1044.0,3246.0,506.0,3639.0,10645.0,375542.0,134.73859115624882,968.9994727620348,5346.0,1989.0,35339.0,40.15385066666667,18.0,RAFAEL URIBE URIBE,0.2511162513580766,0.2679423825044685,0.1710896155328917,0.1663547471348964,0.2358794199234523,12.56140168414454,2024-12
UPZ39,2025,1,1,0,252773.0,88611.0,164162.0,454.05151950799166,1.0,161.0,588.0,850.0,766.0,2365.0,473.0,2306.0,7731.0,375043.0,126.11887170271142,614.8628290622675,5612.0,2429.0,43643.0,40.15385066666667,18.0,RAFAEL URIBE URIBE,0.2303291886396094,0.2481238106918064,0.1722929268553207,0.1778987470971978,0.2509104734144931,12.44024713175344,2025-01
UPZ39,2025,2,1,0,270558.0,92777.0,177781.0,454.05151950799166,1.0,161.0,709.0,755.0,918.0,2543.0,480.0,2718.0,8275.0,375043.0,127.9853243494746,724.7168991288999,5612.0,2429.0,43643.0,40.15385066666667,18.0,RAFAEL URIBE URIBE,0.2390023580895778,0.2205183361793035,0.1829884904530636,0.1715676490807886,0.2526918652180828,12.508241772029391,2025-02
UPZ39,2025,3,1,0,282737.0,93532.0,189205.0,454.05151950799166,1.0,168.0,903.0,1072.0,1057.0,3200.0,505.0,3169.0,10147.0,375043.0,134.65122665934308,844.969776798927,5612.0,2429.0,43643.0,40.15385066666667,18.0,RAFAEL URIBE URIBE,0.23886509370899453,0.2762708807124642,0.1785935339202156,0.1728072378217212,0.252500911901465,12.552272415909897,2025-03
UPZ39,2025,4,1,0,267908.0,89711.0,178197.0,454.05151950799166,1.0,192.0,885.0,881.0,899.0,2857.0,504.0,3077.0,9086.0,375043.0,134.3845905669483,820.4392562986111,5612.0,2429.0,43643.0,40.15385066666667,18.0,RAFAEL URIBE URIBE,0.238985024709975,0.2410193051345984,0.1776356062528928,0.1751459456231243,0.2534479795243521,12.498398916975606,2025-04
UPZ39,2025,5,1,0,280590.0,92383.0,188207.0,454.05151950799166,1.0,216.0,900.0,1027.0,963.0,3106.0,550.0,3258.0,9668.0,375043.0,146.6498508171063,868.7003890220589,5612.0,2429.0,43643.0,40.15385066666667,18.0,RAFAEL URIBE URIBE,0.24320538864535438,0.260312199294344,0.1768309633272746,0.1687194839445454,0.24565664206905402,12.544649808096706,2025-05
UPZ39,2025,6,1,0,249137.0,73869.0,175268.0,454.05151950799166,1.0,213.0,958.0,979.0,944.0,3094.0,569.0,3353.0,9652.0,375043.0,151.71593657260635,894.0308177995589,5612.0,2429.0,43643.0,40.15385066666667,18.0,RAFAEL URIBE URIBE,0.2482369138265291,0.3059441190991302,0.1610680067593332,0.1748877123831466,0.2508696840362342,12.425758224945092,2025-06
UPZ39,2025,7,1,0,273406.0,86695.0,186711.0,454.05151950799166,1.0,196.0,918.0,1054.0,1064.0,3232.0,533.0,3353.0,9937.0,375043.0,142.11703724639574,894.0308177995589,5612.0,2429.0,43643.0,40.15385066666667,18.0,RAFAEL URIBE URIBE,0.24482637542702063,0.20836046026788,0.1720335325486638,0.1781709252905934,0.2617492851206233,12.51871314889804,2025-07
UPZ39,2025,8,1,0,275246.0,85233.0,190013.0,454.05151950799166,1.0,199.0,935.0,1076.0,1103.0,3313.0,567.0,3321.0,10406.0,375043.0,151.18266438781686,885.4984628429273,5612.0,2429.0,43643.0,40.15385066666667,18.0,RAFAEL URIBE URIBE,0.2431279655290177,0.3078845832455331,0.1666872543106893,0.1732631900191101,0.2503628958946947,12.525420522235917,2025-08
UPZ39,2025,9,1,0,282563.0,86188.0,196375.0,454.05151950799166,1.0,226.0,980.0,1151.0,1054.0,3411.0,527.0,3454.0,10202.0,375043.0,140.5172206920273,920.9610631314276,5612.0,2429.0,43643.0,40.15385066666667,18.0,RAFAEL URIBE URIBE,0.2424839770245927,0.2094294015847793,0.1695728032332612,0.180667674111614,0.2603179776395403,12.551656813555413,2025-09
UPZ39,2025,10,1,0,289433.0,86651.0,202782.0,454.05151950799166,1.0,248.0,976.0,1077.0,1082.0,3383.0,584.0,3295.0,10279.0,375043.0,155.71547795852743,878.5659244406642,5612.0,2429.0,43643.0,40.15385066666667,18.0,RAFAEL URIBE URIBE,0.2447820393666237,0.2240898584473781,0.1654027011432697,0.1829680789681895,0.2590712877451489,12.575679115704276,2025-10
UPZ39,2025,11,1,0,275191.0,82249.0,192942.0,454.05151950799166,1.0,172.0,962.0,1004.0,1047.0,3185.0,473.0,3247.0,10110.0,375043.0,126.11887170271142,865.7673920057167,5612.0,2429.0,43643.0,40.15385066666667,18.0,RAFAEL URIBE URIBE,0.2535039299977107,0.32279035288218,0.1607610714013176,0.1754127133518174,0.2520340352435092,12.525220681018183,2025-11
UPZ39,2025,12,1,0,87352.0,87352.0,0.0,454.05151950799166,1.0,145.0,1014.0,1109.0,1295.0,3563.0,412.0,3658.0,11455.0,375043.0,109.85407006663236,975.3548259799544,5612.0,2429.0,43643.0,40.15385066666667,18.0,RAFAEL URIBE URIBE,0.1189096986903562,0.2628331349024635,0.3132154959245352,0.0943996702994779,0.3505392039015008,11.377701211693902,2025-12
UPZ39,2026,1,1,0,245130.0,65460.0,179670.0,454.05151950799166,1.0,181.0,730.0,1014.0,963.0,2888.0,538.0,2719.0,9569.0,373665.0,143.979232735204,727.6571260353525,5100.0,2079.0,45905.0,40.15385066666667,18.0,RAFAEL URIBE URIBE,0.24348304981030466,0.274409497001591,0.1539876800065271,0.1773059193081222,0.2601059767627059,12.409543961046863,2026-01
UPZ39,2026,2,1,0,266935.0,66411.0,200524.0,454.05151950799166,1.0,175.0,879.0,834.0,972.0,2860.0,453.0,2958.0,9229.0,373665.0,121.23158444060856,791.6181606519208,5100.0,2079.0,45905.0,40.15385066666667,18.0,RAFAEL URIBE URIBE,0.2420177196695825,0.2215595556970798,0.1629347968606589,0.1791859441437054,0.2622405425071451,12.49476046205179,2026-02
UPZ39,2026,3,1,0,288659.0,66329.0,222330.0,454.05151950799166,1.0,171.0,1043.0,918.0,1122.0,3254.0,493.0,3484.0,10773.0,373665.0,131.93636010865347,932.3859606867114,5100.0,2079.0,45905.0,40.15385066666667,18.0,RAFAEL URIBE URIBE,0.2395837302838297,0.24798811053873251,0.1560872863828947,0.1814597847286937,0.263958070289845,12.573001339632315,2026-03
UPZ39,2026,4,1,0,279460.0,65738.0,213722.0,454.05151950799166,1.0,174.0,843.0,976.0,866.0,2859.0,471.0,3174.0,9668.0,373665.0,126.0487334912288,849.4239492593633,5100.0,2079.0,45905.0,40.15385066666667,18.0,RAFAEL URIBE URIBE,0.24257496600586842,0.244696915479854,0.1615186430974021,0.174046375152079,0.2529659317201759,12.54061444863444,2026-04
UPZ39,2026,5,1,0,286473.0,71716.0,214757.0,454.05151950799166,1.0,153.0,843.0,973.0,994.0,2963.0,429.0,3009.0,9593.0,373665.0,114.80871903978164,805.266749628678,5100.0,2079.0,45905.0,40.15385066666667,18.0,RAFAEL URIBE URIBE,0.2413002272465468,0.3140470480638664,0.1575820408904155,0.1721174421324173,0.2548407216008553,12.565399569858288,2026-05
UPZ39,2026,6,1,0,270344.0,76177.0,194167.0,454.05151950799166,1.0,131.0,737.0,841.0,826.0,2535.0,360.0,2799.0,8423.0,373665.0,96.34298101240417,749.0666773714423,5100.0,2079.0,45905.0,40.15385066666667,18.0,RAFAEL URIBE URIBE,0.2876187376083804,0.2773503388275678,0.1869248069126742,0.1509225283342704,0.2129697228736123,12.507450501110942,2026-06
UPZ40,2023,1,3,0,1094289.0,459579.0,634710.0,442.6006497329752,0.6666666666666666,154.0,502.0,765.0,772.0,2193.0,516.0,1521.0,6974.0,249697.0,206.65046035795385,609.138275590015,7879.0,4201.0,23914.0,41.01226222222223,16.0,PUENTE ARANDA,0.18730700939148612,0.2083325337273791,0.22715845631272907,0.17868680028767533,0.283459872296633,13.905615395267919,2023-01
UPZ40,2023,2,3,0,1268046.0,587273.0,680773.0,442.6006497329752,0.6666666666666666,144.0,486.0,674.0,745.0,2049.0,475.0,1757.0,7481.0,249697.0,190.2305594380389,703.6528272265986,7879.0,4201.0,23914.0,41.01226222222223,16.0,PUENTE ARANDA,0.1901981473858204,0.1923707815016174,0.23396154398184293,0.1771418387030123,0.28352164988082096,14.052987690923816,2023-02
UPZ40,2023,3,3,0,1383464.0,612596.0,770868.0,442.6006497329752,0.6666666666666666,179.0,576.0,698.0,701.0,2154.0,559.0,1813.0,7517.0,249697.0,223.87133205445,726.0800089708727,7879.0,4201.0,23914.0,41.01226222222223,16.0,PUENTE ARANDA,0.19340944180694253,0.1835168822607599,0.23564689793156884,0.17874480290054526,0.2852929630468646,14.140101056909236,2023-03
UPZ40,2023,4,3,0,1211279.0,526395.0,684884.0,442.6006497329752,0.6666666666666666,191.0,584.0,829.0,756.0,2360.0,536.0,1881.0,7842.0,249697.0,214.66016812376603,753.313015374634,7879.0,4201.0,23914.0,41.01226222222223,16.0,PUENTE ARANDA,0.1896276580374959,0.25663699279852126,0.23038044909554276,0.17292135007706724,0.27426322485117427,14.007187384108965,2023-04
UPZ40,2023,5,3,0,1357517.0,589747.0,767770.0,442.6006497329752,0.6666666666666666,179.0,578.0,845.0,746.0,2348.0,580.0,1885.0,8149.0,249697.0,232.28152520855275,754.9149569277965,7879.0,4201.0,23914.0,41.01226222222223,16.0,PUENTE ARANDA,0.19218322864465046,0.20720919148710468,0.23749831493822904,0.17657679425009037,0.2835125965196454,14.121167853732073,2023-05
UPZ40,2023,6,3,0,1266298.0,559882.0,706416.0,442.6006497329752,0.6666666666666666,227.0,608.0,869.0,745.0,2449.0,566.0,1834.0,7876.0,249697.0,226.67472977248423,734.4902021249754,7879.0,4201.0,23914.0,41.01226222222223,16.0,PUENTE ARANDA,0.19220041412053088,0.22024752467428668,0.23654779522671598,0.1762515616387296,0.28355452799064484,14.051608241032888,2023-06
UPZ40,2023,7,3,0,1244739.0,570474.0,674265.0,442.6006497329752,0.6666666666666666,201.0,522.0,809.0,723.0,2255.0,609.0,1533.0,7434.0,249697.0,243.8956014689804,613.9441002495024,7879.0,4201.0,23914.0,41.01226222222223,16.0,PUENTE ARANDA,0.1901314251421382,0.27542962821924916,0.23235312784447176,0.17145120382666568,0.27693696718557775,14.034436427349496,2023-07
UPZ40,2023,8,3,0,1355070.0,592650.0,762420.0,442.6006497329752,0.6666666666666666,188.0,440.0,704.0,615.0,1947.0,520.0,1517.0,6469.0,249697.0,208.2524019111163,607.5363340368527,7879.0,4201.0,23914.0,41.01226222222223,16.0,PUENTE ARANDA,0.19396488742278992,0.20782616396200929,0.24189525264377482,0.17147453637081478,0.28226331851298175,14.119363671478185,2023-08
UPZ40,2023,9,3,0,1424140.0,645741.0,778399.0,442.6006497329752,0.6666666666666666,159.0,603.0,831.0,917.0,2510.0,528.0,1873.0,8054.0,249697.0,211.45628501744116,750.1091322683092,7879.0,4201.0,23914.0,41.01226222222223,16.0,PUENTE ARANDA,0.19138357183984717,0.21486019632901254,0.24131826927127942,0.173118513629278,0.2846398189216767,14.169078680728235,2023-09
UPZ40,2023,10,3,0,1389821.0,617107.0,772714.0,442.6006497329752,0.6666666666666666,192.0,614.0,895.0,855.0,2556.0,592.0,1857.0,8322.0,249697.0,237.0873498680401,743.7013660556595,7879.0,4201.0,23914.0,41.01226222222223,16.0,PUENTE ARANDA,0.1890761472160803,0.21178482696692597,0.23970353016683435,0.1740648615900896,0.28451363369161653,14.14468551983599,2023-10
UPZ40,2023,11,3,0,1255396.0,555025.0,700371.0,442.6006497329752,0.6666666666666666,216.0,633.0,936.0,841.0,2626.0,643.0,1909.0,8427.0,249697.0,257.5121046708611,764.526606246771,7879.0,4201.0,23914.0,41.01226222222223,16.0,PUENTE ARANDA,0.1952746384407788,0.21564430665702292,0.2392655385233025,0.1726068905747668,0.279747214223589,14.04296161862503,2023-11
UPZ40,2023,12,2,0,1157936.0,501916.0,656020.0,509.8533112944933,0.5,200.0,692.0,1123.0,974.0,2989.0,651.0,2292.0,9642.0,249697.0,260.71598777718594,917.912509962074,7879.0,4201.0,23914.0,41.01226222222223,16.0,PUENTE ARANDA,0.2087265617443451,0.26270191098644485,0.22063913722347345,0.16939969048375725,0.25861016022488753,13.962149667884825,2023-12
UPZ40,2024,1,2,0,1007431.0,424666.0,582765.0,509.8533112944933,0.5,117.0,431.0,502.0,630.0,1680.0,398.0,1206.0,5345.0,249697.0,159.3931845396621,482.9853782784735,6160.0,3123.0,26239.0,41.01226222222223,16.0,PUENTE ARANDA,0.19586949379163432,0.20436833887382855,0.23436543048605807,0.17747617454694167,0.2822022204912735,13.82291408410532,2024-01
UPZ40,2024,2,2,0,1185490.0,502321.0,683169.0,509.8533112944933,0.5,174.0,706.0,910.0,835.0,2625.0,588.0,2064.0,8520.0,249697.0,235.48540831487765,826.6018414318154,6160.0,3123.0,26239.0,41.01226222222223,16.0,PUENTE ARANDA,0.1988376114518047,0.18039966596091062,0.2469982876279007,0.1743650304937199,0.2848943841848059,13.985666749192635,2024-02
UPZ40,2024,3,2,0,1107597.0,461253.0,646344.0,509.8533112944933,0.5,161.0,534.0,798.0,792.0,2285.0,519.0,1693.0,7109.0,249697.0,207.85191652282563,678.0217623759997,6160.0,3123.0,26239.0,41.01226222222223,16.0,PUENTE ARANDA,0.2023371316462576,0.2623390998711625,0.23983994178387988,0.16495620699586577,0.2704116911266244,13.91770336171623,2024-03
UPZ40,2024,4,2,0,1206483.0,515415.0,691068.0,509.8533112944933,0.5,135.0,448.0,559.0,589.0,1731.0,428.0,1413.0,5738.0,249697.0,171.40774618838032,565.8858536546295,6160.0,3123.0,26239.0,41.01226222222223,16.0,PUENTE ARANDA,0.19949555857811505,0.17650891061042706,0.24932303231790254,0.17333024999108973,0.2872040383655188,14.003220073603984,2024-04
UPZ40,2024,5,2,0,1189413.0,536545.0,652868.0,509.8533112944933,0.5,205.0,645.0,932.0,925.0,2707.0,670.0,2044.0,9039.0,249697.0,268.3252101547075,818.5921336660032,6160.0,3123.0,26239.0,41.01226222222223,16.0,PUENTE ARANDA,0.2004989015590043,0.20894340317450702,0.24209084649318607,0.17334685260712637,0.2811309092828566,13.988970466075513,2024-05
UPZ40,2024,6,2,0,1036173.0,477692.0,558481.0,509.8533112944933,0.5,217.0,743.0,957.0,856.0,2773.0,699.0,2286.0,9336.0,249697.0,279.93928641513514,915.5095976323304,6160.0,3123.0,26239.0,41.01226222222223,16.0,PUENTE ARANDA,0.1952637252659546,0.27826048352929483,0.23816293225166058,0.1664297371191876,0.27317447403050654,13.85104467627754,2024-06
UPZ40,2024,7,2,0,1075761.0,521241.0,554520.0,509.8533112944933,0.5,209.0,776.0,1127.0,881.0,2993.0,720.0,2305.0,9787.0,249697.0,288.349479569238,923.118820009852,6160.0,3123.0,26239.0,41.01226222222223,16.0,PUENTE ARANDA,0.18909962342936762,0.20205231459404083,0.24589848488651284,0.1780925317054624,0.29385533633833405,13.888538876072689,2024-07
UPZ40,2024,8,2,0,1162152.0,530922.0,631230.0,509.8533112944933,0.5,239.0,688.0,942.0,812.0,2681.0,682.0,2275.0,9051.0,249697.0,273.13103481419483,911.1042583611336,6160.0,3123.0,26239.0,41.01226222222223,16.0,PUENTE ARANDA,0.19887845996048706,0.23661792949631374,0.24415222793576055,0.1701292085716842,0.28103843462787914,13.965784016789335,2024-08
UPZ40,2024,9,2,0,1090372.0,499733.0,590639.0,509.8533112944933,0.5,245.0,722.0,1172.0,916.0,3055.0,727.0,2115.0,9484.0,249697.0,291.15287728727213,847.0265962346364,6160.0,3123.0,26239.0,41.01226222222223,16.0,PUENTE ARANDA,0.19312583228476152,0.20831881229525337,0.24765217742201745,0.17035011904194158,0.2858106468825833,13.902029480384721,2024-09
UPZ40,2024,10,2,0,1215634.0,565317.0,650317.0,509.8533112944933,0.5,252.0,685.0,948.0,986.0,2871.0,789.0,2197.0,9846.0,249697.0,315.98297136128986,879.8663980744662,6160.0,3123.0,26239.0,41.01226222222223,16.0,PUENTE ARANDA,0.1981961675964969,0.18683830824080275,0.2472290179445458,0.17317465618763536,0.28427861670988597,14.010776309360514,2024-10
UPZ40,2024,11,2,0,1149770.0,524203.0,625567.0,509.8533112944933,0.5,249.0,713.0,1002.0,921.0,2885.0,817.0,2107.0,9415.0,249697.0,327.1965622334269,843.8227131283115,6160.0,3123.0,26239.0,41.01226222222223,16.0,PUENTE ARANDA,0.2014202840568113,0.2526392234968733,0.24371569966167136,0.16272732807431048,0.27053148489608164,13.955072480336765,2024-11
UPZ40,2024,12,2,0,1155569.0,524047.0,631522.0,509.8533112944933,0.5,239.0,818.0,1387.0,1115.0,3559.0,765.0,2381.0,11042.0,249697.0,306.3713220423153,953.555709519938,6160.0,3123.0,26239.0,41.01226222222223,16.0,PUENTE ARANDA,0.2099199615081401,0.22952934874507705,0.22191578347982677,0.16888909273267105,0.25739318464041183,13.960103421323085,2024-12
UPZ40,2025,1,2,0,999798.0,451558.0,548240.0,509.8533112944933,0.5,179.0,542.0,823.0,876.0,2420.0,565.0,1568.0,7495.0,249519.0,226.43566221409992,628.4090590295729,8727.0,4312.0,29954.0,41.01226222222223,16.0,PUENTE ARANDA,0.19644668222981038,0.20107361687060785,0.2357656246561805,0.17613857999315857,0.28223031929258985,13.815308537559526,2025-01
UPZ40,2025,2,2,0,1109694.0,506154.0,603540.0,509.8533112944933,0.5,204.0,551.0,970.0,926.0,2651.0,630.0,1916.0,8994.0,249519.0,252.48578264581053,767.8773961101159,8727.0,4312.0,29954.0,41.01226222222223,16.0,PUENTE ARANDA,0.19797619884400558,0.19191326617968552,0.24860547141824682,0.17075878575535236,0.28597106529304944,13.919594859607317,2025-02
UPZ40,2025,3,2,0,1171670.0,529102.0,642568.0,509.8533112944933,0.5,244.0,676.0,1148.0,1016.0,3084.0,675.0,2046.0,9709.0,249519.0,270.52048140622554,819.9776369735372,8727.0,4312.0,29954.0,41.01226222222223,16.0,PUENTE ARANDA,0.20017837787090217,0.23874213729121677,0.2440926199356474,0.1678569904495293,0.2778015406690246,13.97394063950496,2025-03
UPZ40,2025,4,2,0,1094094.0,492327.0,601767.0,509.8533112944933,0.5,254.0,586.0,933.0,865.0,2638.0,652.0,1878.0,8664.0,249519.0,261.3027464842357,752.6480949346543,8727.0,4312.0,29954.0,41.01226222222223,16.0,PUENTE ARANDA,0.1983293940008811,0.1990020967119827,0.24614612638402183,0.17385434889506746,0.2856269092729085,13.905437181490425,2025-04
UPZ40,2025,5,2,0,1190326.0,533141.0,657185.0,509.8533112944933,0.5,210.0,769.0,1052.0,877.0,2908.0,677.0,2150.0,9669.0,249519.0,271.3220235733551,861.6578296642741,8727.0,4312.0,29954.0,41.01226222222223,16.0,PUENTE ARANDA,0.20169684607410066,0.22353204080226752,0.24440531417443626,0.1686537973630753,0.28014672497671306,13.989737777150209,2025-05
UPZ40,2025,6,2,0,1041149.0,418026.0,623123.0,509.8533112944933,0.5,227.0,660.0,1272.0,947.0,3106.0,645.0,2111.0,9696.0,249519.0,258.49734889928226,846.0277574052476,8727.0,4312.0,29954.0,41.01226222222223,16.0,PUENTE ARANDA,0.2023879387100213,0.2534718853881625,0.23433917719750003,0.17257568321152875,0.2761014700222529,13.855835468958983,2025-06
UPZ40,2025,7,2,0,1206511.0,520425.0,686086.0,509.8533112944933,0.5,215.0,660.0,1336.0,970.0,3181.0,619.0,2049.0,9713.0,249519.0,248.077300726598,821.1799502242314,8727.0,4312.0,29954.0,41.01226222222223,16.0,PUENTE ARANDA,0.20023605255153076,0.1762304695108457,0.2440441902311706,0.17460843705527754,0.2888977933093504,14.003243281287054,2025-07
UPZ40,2025,8,2,0,1139415.0,464133.0,675282.0,509.8533112944933,0.5,219.0,683.0,1129.0,937.0,2968.0,643.0,2056.0,9463.0,249519.0,257.6958067321527,823.9853478091849,8727.0,4312.0,29954.0,41.01226222222223,16.0,PUENTE ARANDA,0.19946990341534906,0.2561182712181251,0.2369575615557106,0.16842326983583678,0.2732222844142896,13.946025530765368,2025-08
UPZ40,2025,9,2,0,1204340.0,501441.0,702899.0,509.8533112944933,0.5,205.0,715.0,992.0,967.0,2879.0,640.0,2248.0,9554.0,249519.0,256.4934934814584,900.9333958536224,8727.0,4312.0,29954.0,41.01226222222223,16.0,PUENTE ARANDA,0.19784031087566628,0.17867379643622222,0.24120763239616716,0.17560240463656437,0.28407487287174815,14.001442257012359,2025-09
UPZ40,2025,10,2,0,1230678.0,523998.0,706680.0,509.8533112944933,0.5,210.0,686.0,1168.0,1113.0,3177.0,644.0,2207.0,10109.0,249519.0,258.0965778157174,884.5017814274665,8727.0,4312.0,29954.0,41.01226222222223,16.0,PUENTE ARANDA,0.1983873929655035,0.1858463383598309,0.2404503858848537,0.17525380318816133,0.28326260502569184,14.023075794995124,2025-10
UPZ40,2025,11,2,0,1170707.0,510641.0,660066.0,509.8533112944933,0.5,213.0,679.0,1094.0,1069.0,3055.0,666.0,2254.0,10143.0,249519.0,266.9135416541426,903.3380223550108,8727.0,4312.0,29954.0,41.01226222222223,16.0,PUENTE ARANDA,0.20141077143982222,0.27458962831861433,0.23105695959791814,0.1676884139242355,0.26762090461974325,13.973118397778494,2025-11
UPZ40,2025,12,2,0,498172.0,498172.0,0.0,509.8533112944933,0.5,140.0,781.0,1307.0,1297.0,3525.0,523.0,2324.0,11244.0,249519.0,209.6032767043792,931.3919982045456,8727.0,4312.0,29954.0,41.01226222222223,16.0,PUENTE ARANDA,0.1399516632809551,0.21772801361778657,0.25586745140232686,0.1651778903671824,0.3088980945943607,13.118700677902424,2025-12
UPZ40,2026,1,2,0,953131.0,389657.0,563474.0,509.8533112944933,0.5,192.0,560.0,960.0,926.0,2638.0,554.0,1678.0,8318.0,248758.0,222.7064054221372,674.5511702136213,7655.0,3707.0,27980.0,41.01226222222223,16.0,PUENTE ARANDA,0.193903041659541,0.22841770963277871,0.2290650498200142,0.17785173286777992,0.280344145622241,13.767507633840067,2026-01
UPZ40,2026,2,2,0,1115997.0,449160.0,666837.0,509.8533112944933,0.5,196.0,587.0,769.0,836.0,2388.0,504.0,1772.0,8349.0,248758.0,202.6065493371068,712.3388996534785,7655.0,3707.0,27980.0,41.01226222222223,16.0,PUENTE ARANDA,0.1972559066018994,0.18840642044736677,0.23954634286651308,0.17076300384320026,0.27932428992276115,13.925258733747738,2026-02
UPZ40,2026,3,2,0,1147457.0,445040.0,702417.0,509.8533112944933,0.5,148.0,697.0,922.0,1025.0,2792.0,561.0,2035.0,9288.0,248758.0,225.52038527404144,818.0641426607385,7655.0,3707.0,27980.0,41.01226222222223,16.0,PUENTE ARANDA,0.19759607549563946,0.20710928601246056,0.24060160860058372,0.16910350453219594,0.27853123882807085,13.95305874744783,2026-03
UPZ40,2026,4,2,0,1078512.0,415487.0,663025.0,509.8533112944933,0.5,187.0,552.0,901.0,903.0,2543.0,546.0,1892.0,8434.0,248758.0,219.4904284485323,760.5785542575516,7655.0,3707.0,27980.0,41.01226222222223,16.0,PUENTE ARANDA,0.20160554541813158,0.19713086177993377,0.23788330588811252,0.17082424673995278,0.2758808830390287,13.891092871314122,2026-04
UPZ40,2026,5,2,0,1152866.0,484820.0,668046.0,509.8533112944933,0.5,190.0,607.0,894.0,952.0,2643.0,562.0,1820.0,8818.0,248758.0,225.92238239574203,731.6347614951077,7655.0,3707.0,27980.0,41.01226222222223,16.0,PUENTE ARANDA,0.19525079237309448,0.2563853908433417,0.238603619154351,0.1669916538435516,0.2746332067932392,13.957761573937018,2026-05
UPZ40,2026,6,2,0,1043215.0,432112.0,611103.0,509.8533112944933,0.5,159.0,552.0,791.0,834.0,2336.0,456.0,1706.0,8002.0,248758.0,183.3106874954775,685.8070896212383,7655.0,3707.0,27980.0,41.01226222222223,16.0,PUENTE ARANDA,0.28446293429446473,0.230738630100219,0.28928169169346685,0.10970797007328302,0.3031646931847748,13.857817848885507,2026-06
UPZ41,2023,1,4,0,1495954.0,612458.0,883496.0,413.2692926384185,0.75,116.0,267.0,387.0,528.0,1298.0,516.0,1521.0,6974.0,249697.0,206.65046035795385,609.138275590015,7879.0,4201.0,23914.0,41.01226222222223,16.0,PUENTE ARANDA,0.20414598309841078,0.23385545277461733,0.17573468168138856,0.17971876140576515,0.289776869498246,14.218274688380708,2023-01
UPZ41,2023,2,4,0,1619968.0,709393.0,910575.0,413.2692926384185,0.75,101.0,357.0,415.0,497.0,1370.0,475.0,1757.0,7481.0,249697.0,190.2305594380389,703.6528272265986,7879.0,4201.0,23914.0,41.01226222222223,16.0,PUENTE ARANDA,0.20801028168457644,0.21782590767225027,0.19608658936472811,0.1701342248735777,0.2788608835688032,14.297916953927052,2023-02
UPZ41,2023,3,4,0,1790317.0,752706.0,1037611.0,413.2692926384185,0.75,109.0,332.0,425.0,435.0,1301.0,559.0,1813.0,7517.0,249697.0,223.87133205445,726.0800089708727,7879.0,4201.0,23914.0,41.01226222222223,16.0,PUENTE ARANDA,0.21023260126558585,0.21010245671576594,0.19785713926639809,0.17195558105073006,0.28192608335042246,14.397903257109542,2023-03
UPZ41,2023,4,4,0,1606200.0,679203.0,926997.0,413.2692926384185,0.75,112.0,362.0,524.0,523.0,1521.0,536.0,1881.0,7842.0,249697.0,214.66016812376603,753.313015374634,7879.0,4201.0,23914.0,41.01226222222223,16.0,PUENTE ARANDA,0.2053019549246669,0.2892821566430083,0.18831216535923292,0.1692086913211306,0.2789104012568903,14.289381698736499,2023-04
UPZ41,2023,5,4,0,1712792.0,723629.0,989163.0,413.2692926384185,0.75,110.0,440.0,541.0,493.0,1584.0,580.0,1885.0,8149.0,249697.0,232.28152520855275,754.9149569277965,7879.0,4201.0,23914.0,41.01226222222223,16.0,PUENTE ARANDA,0.2108615640428026,0.2342391837421006,0.19348934371482346,0.17170911587630022,0.2813443692764706,14.353635345532084,2023-05
UPZ41,2023,6,4,0,1607390.0,674801.0,932589.0,413.2692926384185,0.75,100.0,335.0,531.0,468.0,1434.0,566.0,1834.0,7876.0,249697.0,226.67472977248423,734.4902021249754,7879.0,4201.0,23914.0,41.01226222222223,16.0,PUENTE ARANDA,0.20683343805796972,0.2446487784545132,0.1856543838147556,0.17775337659186624,0.2912996527970312,14.290122303514577,2023-06
UPZ41,2023,7,4,0,1598211.0,685435.0,912776.0,413.2692926384185,0.75,110.0,266.0,420.0,442.0,1238.0,609.0,1533.0,7434.0,249697.0,243.8956014689804,613.9441002495024,7879.0,4201.0,23914.0,41.01226222222223,16.0,PUENTE ARANDA,0.2014721460432946,0.3025683091907138,0.18155425034616826,0.1740546148161913,0.2885254081434172,14.2843954366419,2023-07
UPZ41,2023,8,4,0,1676145.0,712160.0,963985.0,413.2692926384185,0.75,106.0,308.0,391.0,361.0,1166.0,520.0,1517.0,6469.0,249697.0,208.2524019111163,607.5363340368527,7879.0,4201.0,23914.0,41.01226222222223,16.0,PUENTE ARANDA,0.20832445880278852,0.2334732376972159,0.19342777623654273,0.1735255601394867,0.28239546125097237,14.33200707179504,2023-08
UPZ41,2023,9,4,0,1679896.0,728187.0,951709.0,413.2692926384185,0.75,116.0,349.0,468.0,424.0,1357.0,528.0,1873.0,8054.0,249697.0,211.45628501744116,750.1091322683092,7879.0,4201.0,23914.0,41.01226222222223,16.0,PUENTE ARANDA,0.20719556448732537,0.24034166400777185,0.19322743788901217,0.1718868310895436,0.2814908555913026,14.334242444701358,2023-09
UPZ41,2023,10,4,0,1650459.0,710027.0,940432.0,413.2692926384185,0.75,127.0,363.0,545.0,509.0,1544.0,592.0,1857.0,8322.0,249697.0,237.0873498680401,743.7013660556595,7879.0,4201.0,23914.0,41.01226222222223,16.0,PUENTE ARANDA,0.20445766904842827,0.23697831936449193,0.19015558702154972,0.17114330013650741,0.281184844744262,14.316563989009557,2023-10
UPZ41,2023,11,4,0,1795316.0,740890.0,1054426.0,413.2692926384185,0.75,124.0,362.0,528.0,564.0,1578.0,643.0,1909.0,8427.0,249697.0,257.5121046708611,764.526606246771,7879.0,4201.0,23914.0,41.01226222222223,16.0,PUENTE ARANDA,0.2016307992576237,0.24289373012884635,0.1911908544233995,0.17084680357107043,0.2781296209660466,14.400691608978734,2023-11
UPZ41,2023,12,4,0,1776612.0,748098.0,1028514.0,413.2692926384185,0.75,110.0,415.0,598.0,554.0,1677.0,651.0,2292.0,9642.0,249697.0,260.71598777718594,917.912509962074,7879.0,4201.0,23914.0,41.01226222222223,16.0,PUENTE ARANDA,0.21345684932894746,0.2921819733290105,0.16739952223670665,0.1683136216574018,0.271744360321566,14.390218737769766,2023-12
UPZ41,2024,1,4,0,1467586.0,613258.0,854328.0,413.2692926384185,0.75,86.0,203.0,364.0,318.0,971.0,398.0,1206.0,5345.0,249697.0,159.3931845396621,482.9853782784735,6160.0,3123.0,26239.0,41.01226222222223,16.0,PUENTE ARANDA,0.20260686596901303,0.22993473636297976,0.18256715449724914,0.1745430932156616,0.28741468789811336,14.199129432033736,2024-01
UPZ41,2024,2,4,0,1672213.0,708743.0,963470.0,413.2692926384185,0.75,120.0,367.0,542.0,528.0,1557.0,588.0,2064.0,8520.0,249697.0,235.48540831487765,826.6018414318154,6160.0,3123.0,26239.0,41.01226222222223,16.0,PUENTE ARANDA,0.20568611773739345,0.20525913863843898,0.19769431286564562,0.17136572912661238,0.2792689834798844,14.329658456857565,2024-02
UPZ41,2024,3,4,0,1528606.0,660798.0,867808.0,413.2692926384185,0.75,93.0,340.0,417.0,415.0,1265.0,519.0,1693.0,7109.0,249697.0,207.85191652282563,678.0217623759997,6160.0,3123.0,26239.0,41.01226222222223,16.0,PUENTE ARANDA,0.2074026923877048,0.29604620157188966,0.18657325694129154,0.16559859113466777,0.2721342967165736,14.239866766943495,2024-03
UPZ41,2024,4,4,0,1664173.0,709278.0,954895.0,413.2692926384185,0.75,57.0,250.0,345.0,394.0,1046.0,428.0,1413.0,5738.0,249697.0,171.40774618838032,565.8858536546295,6160.0,3123.0,26239.0,41.01226222222223,16.0,PUENTE ARANDA,0.20694182636060074,0.20183178071029872,0.20171220179632768,0.17081096736937804,0.27817047283217733,14.324838861305318,2024-04
UPZ41,2024,5,4,0,1674469.0,753384.0,921085.0,413.2692926384185,0.75,109.0,389.0,545.0,634.0,1677.0,670.0,2044.0,9039.0,249697.0,268.3252101547075,818.5921336660032,6160.0,3123.0,26239.0,41.01226222222223,16.0,PUENTE ARANDA,0.20797219894784552,0.24040636165853171,0.19566322219163207,0.1687137832948833,0.2733578288747409,14.331006658056078,2024-05
UPZ41,2024,6,4,0,1437195.0,694499.0,742696.0,413.2692926384185,0.75,124.0,431.0,560.0,643.0,1758.0,699.0,2286.0,9336.0,249697.0,279.93928641513514,915.5095976323304,6160.0,3123.0,26239.0,41.01226222222223,16.0,PUENTE ARANDA,0.20509742936762235,0.3129735352544366,0.17830983269493697,0.17141306503292872,0.27992824191104243,14.17820385522853,2024-06
UPZ41,2024,7,4,0,1560057.0,736718.0,823339.0,413.2692926384185,0.75,116.0,371.0,676.0,667.0,1830.0,720.0,2305.0,9787.0,249697.0,288.349479569238,923.118820009852,6160.0,3123.0,26239.0,41.01226222222223,16.0,PUENTE ARANDA,0.19800879070444213,0.2276064272010573,0.19704985138363534,0.17538910437246838,0.2913048557714759,14.260232917019746,2024-07
UPZ41,2024,8,4,0,1739326.0,759330.0,979996.0,413.2692926384185,0.75,100.0,437.0,539.0,641.0,1717.0,682.0,2275.0,9051.0,249697.0,273.13103481419483,911.1042583611336,6160.0,3123.0,26239.0,41.01226222222223,16.0,PUENTE ARANDA,0.20080364463016132,0.26120002805684495,0.19536705597455561,0.16860784004838655,0.2804781784905885,14.369008239827034,2024-08
UPZ41,2024,9,4,0,1606378.0,709895.0,896483.0,413.2692926384185,0.75,82.0,400.0,501.0,714.0,1697.0,727.0,2115.0,9484.0,249697.0,291.15287728727213,847.0265962346364,6160.0,3123.0,26239.0,41.01226222222223,16.0,PUENTE ARANDA,0.19710429301198096,0.23805916166680566,0.19975559924251948,0.16921733240868583,0.28170339696475366,14.289492513166643,2024-09
UPZ41,2024,10,4,0,1825294.0,819384.0,1005910.0,413.2692926384185,0.75,132.0,417.0,578.0,871.0,1998.0,789.0,2197.0,9846.0,249697.0,315.98297136128986,879.8663980744662,6160.0,3123.0,26239.0,41.01226222222223,16.0,PUENTE ARANDA,0.20437584301487866,0.2156244418707342,0.19657107293400403,0.1707209907006761,0.27999104636662553,14.41725162791459,2024-10
UPZ41,2024,11,4,0,1758176.0,772482.0,985694.0,413.2692926384185,0.75,147.0,405.0,480.0,844.0,1876.0,817.0,2107.0,9415.0,249697.0,327.1965622334269,843.8227131283115,6160.0,3123.0,26239.0,41.01226222222223,16.0,PUENTE ARANDA,0.2045455062519338,0.2892298609467994,0.18869896984147203,0.1635587108457856,0.27298320304381485,14.379787465981854,2024-11
UPZ41,2024,12,4,0,1868875.0,820754.0,1048121.0,413.2692926384185,0.75,116.0,417.0,665.0,901.0,2099.0,765.0,2381.0,11042.0,249697.0,306.3713220423153,953.555709519938,6160.0,3123.0,26239.0,41.01226222222223,16.0,PUENTE ARANDA,0.2167533944217778,0.2629458899070296,0.16311577820881543,0.1716760082937596,0.2782151813823559,14.44084720351623,2024-12
UPZ41,2025,1,4,0,1521873.0,652902.0,868971.0,413.2692926384185,0.75,85.0,311.0,509.0,668.0,1573.0,565.0,1568.0,7495.0,249519.0,226.43566221409992,628.4090590295729,8727.0,4312.0,29954.0,41.01226222222223,16.0,PUENTE ARANDA,0.19881816682469558,0.23174272754691086,0.17975678653869273,0.17458487009099963,0.28786716143572766,14.23545237108385,2025-01
UPZ41,2025,2,4,0,1616258.0,703057.0,913201.0,413.2692926384185,0.75,111.0,389.0,505.0,931.0,1936.0,630.0,1916.0,8994.0,249519.0,252.48578264581053,767.8773961101159,8727.0,4312.0,29954.0,41.01226222222223,16.0,PUENTE ARANDA,0.20163798106490421,0.2168137760184327,0.1979102346283823,0.16998647493160124,0.28199072227469335,14.295624158785266,2025-02
UPZ41,2025,3,4,0,1730240.0,752970.0,977270.0,413.2692926384185,0.75,118.0,364.0,587.0,922.0,1991.0,675.0,2046.0,9709.0,249519.0,270.52048140622554,819.9776369735372,8727.0,4312.0,29954.0,41.01226222222223,16.0,PUENTE ARANDA,0.20019881634917694,0.273111822637322,0.19450018494544105,0.16876502681708888,0.2790041923291706,14.363770685175776,2025-03
UPZ41,2025,4,4,0,1625257.0,703605.0,921652.0,413.2692926384185,0.75,88.0,362.0,568.0,644.0,1662.0,652.0,1878.0,8664.0,249519.0,261.3027464842357,752.6480949346543,8727.0,4312.0,29954.0,41.01226222222223,16.0,PUENTE ARANDA,0.20168071880324154,0.22595749472237306,0.19714728193756434,0.17197464770187107,0.28517392598966645,14.301176515087128,2025-04
UPZ41,2025,5,4,0,1790445.0,771697.0,1018748.0,413.2692926384185,0.75,139.0,363.0,712.0,646.0,1860.0,677.0,2150.0,9669.0,249519.0,271.3220235733551,861.6578296642741,8727.0,4312.0,29954.0,41.01226222222223,16.0,PUENTE ARANDA,0.20229384315072507,0.2572142679613168,0.19859532127487856,0.16880607893568356,0.28351945780732807,14.3979747502722,2025-05
UPZ41,2025,6,4,0,1607799.0,657516.0,950283.0,413.2692926384185,0.75,108.0,366.0,774.0,664.0,1912.0,645.0,2111.0,9696.0,249519.0,258.49734889928226,846.0277574052476,8727.0,4312.0,29954.0,41.01226222222223,16.0,PUENTE ARANDA,0.19952307471269726,0.29395216690643544,0.18706567176618466,0.17370952463585304,0.2872489462411133,14.290376720907897,2025-06
UPZ41,2025,7,4,0,1814913.0,774126.0,1040787.0,413.2692926384185,0.75,111.0,392.0,653.0,696.0,1852.0,619.0,2049.0,9713.0,249519.0,248.077300726598,821.1799502242314,8727.0,4312.0,29954.0,41.01226222222223,16.0,PUENTE ARANDA,0.2013727379769719,0.20166806893773967,0.1959388686950834,0.17530096483963692,0.2921815945084274,14.411548090647925,2025-07
UPZ41,2025,8,4,0,1728211.0,738890.0,989321.0,413.2692926384185,0.75,82.0,468.0,474.0,682.0,1706.0,643.0,2056.0,9463.0,249519.0,257.6958067321527,823.9853478091849,8727.0,4312.0,29954.0,41.01226222222223,16.0,PUENTE ARANDA,0.1988055856605472,0.2892708124181596,0.1921391543046537,0.168709144890294,0.2812711968992646,14.36259732737323,2025-08
UPZ41,2025,9,4,0,1781075.0,763590.0,1017485.0,413.2692926384185,0.75,112.0,361.0,561.0,645.0,1679.0,640.0,2248.0,9554.0,249519.0,256.4934934814584,900.9333958536224,8727.0,4312.0,29954.0,41.01226222222223,16.0,PUENTE ARANDA,0.19933411001782625,0.20513004786435154,0.20053113990146398,0.17373384051766486,0.28884076858973057,14.392727672558646,2025-09
UPZ41,2025,10,4,0,1827831.0,784189.0,1043642.0,413.2692926384185,0.75,118.0,360.0,648.0,692.0,1818.0,644.0,2207.0,10109.0,249519.0,258.0965778157174,884.5017814274665,8727.0,4312.0,29954.0,41.01226222222223,16.0,PUENTE ARANDA,0.19863597892802992,0.21338734270290852,0.19839142677851504,0.17334261209050505,0.28697137617274027,14.418640575956532,2025-10
UPZ41,2025,11,4,0,1782932.0,759650.0,1023282.0,413.2692926384185,0.75,88.0,435.0,722.0,658.0,1903.0,666.0,2254.0,10143.0,249519.0,266.9135416541426,903.3380223550108,8727.0,4312.0,29954.0,41.01226222222223,16.0,PUENTE ARANDA,0.19965595995809143,0.31238039364372844,0.1855634426887845,0.16669844952022844,0.27922546028367046,14.393769758148293,2025-11
UPZ41,2025,12,4,0,788450.0,788450.0,0.0,413.2692926384185,0.75,90.0,384.0,886.0,823.0,2183.0,523.0,2324.0,11244.0,249519.0,209.6032767043792,931.3919982045456,8727.0,4312.0,29954.0,41.01226222222223,16.0,PUENTE ARANDA,0.20158538905447396,0.24708351829538966,0.20597120933477073,0.16075718181241674,0.3181667188747502,13.577824271833732,2025-12
UPZ41,2026,1,4,0,1437821.0,597351.0,840470.0,413.2692926384185,0.75,87.0,309.0,751.0,593.0,1740.0,554.0,1678.0,8318.0,248758.0,222.7064054221372,674.5511702136213,7655.0,3707.0,27980.0,41.01226222222223,16.0,PUENTE ARANDA,0.19349209672135823,0.2607271697937365,0.1806803489446878,0.17229335223230147,0.28894682254697895,14.178639331072764,2026-01
UPZ41,2026,2,4,0,1625761.0,661524.0,964237.0,413.2692926384185,0.75,81.0,334.0,576.0,780.0,1771.0,504.0,1772.0,8349.0,248758.0,202.6065493371068,712.3388996534785,7655.0,3707.0,27980.0,41.01226222222223,16.0,PUENTE ARANDA,0.19657686461909218,0.21462195242720175,0.19854025284159227,0.16798348588753206,0.2846537594736776,14.301486571816458,2026-02
UPZ41,2026,3,4,0,1720529.0,686817.0,1033712.0,413.2692926384185,0.75,112.0,394.0,676.0,903.0,2085.0,561.0,2035.0,9288.0,248758.0,225.52038527404144,818.0641426607385,7655.0,3707.0,27980.0,41.01226222222223,16.0,PUENTE ARANDA,0.19548987549759403,0.2291905570902902,0.19615362484445184,0.16772050921547962,0.28462144901329267,14.358142359642862,2026-03
UPZ41,2026,4,4,0,1603221.0,650619.0,952602.0,413.2692926384185,0.75,94.0,372.0,575.0,702.0,1743.0,546.0,1892.0,8434.0,248758.0,219.4904284485323,760.5785542575516,7655.0,3707.0,27980.0,41.01226222222223,16.0,PUENTE ARANDA,0.19942041677348282,0.21933158310675818,0.1955769042446425,0.16922744899174846,0.28380375646465844,14.28752528858929,2026-04
UPZ41,2026,5,4,0,1710029.0,724577.0,985452.0,413.2692926384185,0.75,81.0,331.0,656.0,844.0,1912.0,562.0,1820.0,8818.0,248758.0,225.92238239574203,731.6347614951077,7655.0,3707.0,27980.0,41.01226222222223,16.0,PUENTE ARANDA,0.19340607673904942,0.2893202395982758,0.19152833080608572,0.16735271741005558,0.2828412280290073,14.352020887399366,2026-05
UPZ41,2026,6,4,0,1592346.0,672358.0,919988.0,413.2692926384185,0.75,74.0,294.0,636.0,716.0,1720.0,456.0,1706.0,8002.0,248758.0,183.3106874954775,685.8070896212383,7655.0,3707.0,27980.0,41.01226222222223,16.0,PUENTE ARANDA,0.27698063109399584,0.26183191341580286,0.25659121824025677,0.10377769655589926,0.2862194569063145,14.280718958455687,2026-06
UPZ42,2023,1,2,1,2530265.0,989748.0,1540517.0,715.4875837686786,0.5,150.0,805.0,729.0,969.0,2653.0,207.0,1099.0,3640.0,175922.0,117.66578369959412,624.7086777094394,2872.0,1373.0,15475.0,42.47902622222223,6.0,TUNJUELITO,0.2896937672536276,0.22487012229944295,0.19910957943140342,0.15867666034980518,0.22962561194662715,14.743834598301532,2023-01
UPZ42,2023,2,2,1,2720619.0,1084177.0,1636442.0,715.4875837686786,0.5,148.0,823.0,838.0,1024.0,2833.0,202.0,1122.0,3938.0,175922.0,114.82361501119814,637.7826536760609,2872.0,1373.0,15475.0,42.47902622222223,6.0,TUNJUELITO,0.29731800005807496,0.20272776158660943,0.21179959413648144,0.1475245155606132,0.22303845307372924,14.816369985910665,2023-02
UPZ42,2023,3,2,1,2972885.0,1152447.0,1820438.0,715.4875837686786,0.5,180.0,859.0,786.0,1033.0,2858.0,243.0,1192.0,3878.0,175922.0,138.1293982560453,677.5730153136049,2872.0,1373.0,15475.0,42.47902622222223,6.0,TUNJUELITO,0.3045307840700195,0.19516933887452756,0.2087373039993138,0.1504208874544424,0.22362037567311557,14.905043419765555,2023-03
UPZ42,2023,4,2,1,2648792.0,1008889.0,1639903.0,715.4875837686786,0.5,121.0,929.0,883.0,1152.0,3085.0,192.0,1314.0,4237.0,175922.0,109.13927763440616,746.9219313104671,2872.0,1373.0,15475.0,42.47902622222223,6.0,TUNJUELITO,0.2969304498050432,0.27789913288774654,0.20056236956318196,0.1521338783868269,0.21623800450206768,14.789614244975034,2023-04
UPZ42,2023,5,2,1,2950065.0,1141129.0,1808936.0,715.4875837686786,0.5,207.0,1114.0,1079.0,1160.0,3560.0,274.0,1487.0,4746.0,175922.0,155.75084412410044,845.2609679289685,2872.0,1373.0,15475.0,42.47902622222223,6.0,TUNJUELITO,0.2993784882705974,0.21834095180953636,0.1959207678474881,0.15123395586198937,0.21448458891430305,14.897337761971565,2023-05
UPZ42,2023,6,2,1,2895289.0,1153191.0,1742098.0,715.4875837686786,0.5,190.0,1057.0,923.0,1112.0,3282.0,241.0,1422.0,4340.0,175922.0,136.99253078068688,808.3127749798207,2872.0,1373.0,15475.0,42.47902622222223,6.0,TUNJUELITO,0.3000443133656088,0.23289592161611491,0.20327159050443666,0.15348830462174928,0.2269838821406028,14.878595491295249,2023-06
UPZ42,2023,7,2,1,2567377.0,1112093.0,1455284.0,715.4875837686786,0.5,175.0,784.0,864.0,1082.0,2905.0,230.0,1074.0,3912.0,175922.0,130.7397596662157,610.4978342674594,2872.0,1373.0,15475.0,42.47902622222223,6.0,TUNJUELITO,0.28874606261565794,0.29405264594954306,0.2088840088541729,0.14718796655107524,0.21364344009839717,14.758395313113441,2023-07
UPZ42,2023,8,2,1,2925780.0,1149457.0,1776323.0,715.4875837686786,0.5,172.0,849.0,795.0,901.0,2717.0,213.0,1198.0,3731.0,175922.0,121.07638612566932,680.9836177396801,2872.0,1373.0,15475.0,42.47902622222223,6.0,TUNJUELITO,0.29939913458975037,0.22571553568621014,0.19917013582702725,0.15135519417044344,0.21344568209485695,14.889071669765524,2023-08
UPZ42,2023,9,2,1,2877387.0,1155821.0,1721566.0,715.4875837686786,0.5,207.0,986.0,884.0,1246.0,3323.0,275.0,1310.0,4536.0,175922.0,156.31927786177965,744.6481963597504,2872.0,1373.0,15475.0,42.47902622222223,6.0,TUNJUELITO,0.29593273341403153,0.22463088906705975,0.20526922516852955,0.15014907622784143,0.2146660600350734,14.872393148607253,2023-09
UPZ42,2023,10,2,1,2825184.0,1098906.0,1726278.0,715.4875837686786,0.5,202.0,983.0,905.0,1158.0,3248.0,263.0,1404.0,4706.0,175922.0,149.49807300962925,798.080967701595,2872.0,1373.0,15475.0,42.47902622222223,6.0,TUNJUELITO,0.29354406651035825,0.22594563752307814,0.19953107479017293,0.15401439339880155,0.2193243402775804,14.854084053184996,2023-10
UPZ42,2023,11,2,1,2708895.0,1027590.0,1681305.0,715.4875837686786,0.5,174.0,876.0,974.0,1153.0,3177.0,234.0,1274.0,4320.0,175922.0,133.01349461693252,724.1845818032992,2872.0,1373.0,15475.0,42.47902622222223,6.0,TUNJUELITO,0.2981304184916727,0.23511247205964056,0.19982981990811752,0.15178624494489443,0.21559754785003143,14.812051360626134,2023-11
UPZ42,2023,12,2,1,2650221.0,990418.0,1659803.0,715.4875837686786,0.5,168.0,1086.0,1098.0,1345.0,3697.0,224.0,1582.0,5206.0,175922.0,127.3291572401405,899.2621730084924,2872.0,1373.0,15475.0,42.47902622222223,6.0,TUNJUELITO,0.3141428582748382,0.291444751211314,0.18498381833062216,0.1504199083774522,0.19739013693703572,14.790153590711547,2023-12
UPZ42,2024,1,2,1,2496132.0,1028878.0,1467254.0,715.4875837686786,0.5,143.0,594.0,737.0,836.0,2310.0,187.0,820.0,3112.0,175728.0,106.41445870891376,466.6302467449695,2908.0,1301.0,16086.0,42.47902622222223,6.0,TUNJUELITO,0.2960796945033355,0.22748756876639536,0.19396169753843148,0.1546200281074879,0.22083315397087283,14.730252891688497,2024-01
UPZ42,2024,2,2,1,2864339.0,1255260.0,1609079.0,715.4875837686786,0.5,181.0,921.0,749.0,1127.0,2978.0,240.0,1268.0,4074.0,175728.0,136.5747063643813,721.5696986251479,2908.0,1301.0,16086.0,42.47902622222223,6.0,TUNJUELITO,0.30360512495203956,0.19398646598744065,0.205208252235507,0.14813958822611425,0.21482253384371108,14.867848165979767,2024-02
UPZ42,2024,3,2,1,2768209.0,1204832.0,1563377.0,715.4875837686786,0.5,145.0,908.0,805.0,875.0,2733.0,203.0,1285.0,3824.0,175728.0,115.51943913320584,731.2437403259582,2908.0,1301.0,16086.0,42.47902622222223,6.0,TUNJUELITO,0.2952634717971077,0.2876982915668579,0.2003013500786971,0.1480000245646192,0.20836086830982828,14.833711098649626,2024-03
UPZ42,2024,4,2,1,2909363.0,1274719.0,1634644.0,715.4875837686786,0.5,136.0,557.0,583.0,701.0,1977.0,191.0,802.0,2805.0,175728.0,108.6907038149868,456.3871437676409,2908.0,1301.0,16086.0,42.47902622222223,6.0,TUNJUELITO,0.3026253513226091,0.18712996625034412,0.2085618054536336,0.14977230410918127,0.22404705688112783,14.883444714841856,2024-04
UPZ42,2024,5,2,1,2911128.0,1222433.0,1688695.0,715.4875837686786,0.5,200.0,977.0,847.0,1092.0,3116.0,297.0,1465.0,4548.0,175728.0,169.01119912592188,833.6747700992444,2908.0,1301.0,16086.0,42.47902622222223,6.0,TUNJUELITO,0.3054523882151523,0.2205801325122083,0.20112650491493328,0.15061790481215526,0.21723514512885195,14.884051192904995,2024-05
UPZ42,2024,6,2,1,2578529.0,1109958.0,1468571.0,715.4875837686786,0.5,206.0,1006.0,907.0,1091.0,3210.0,297.0,1550.0,4727.0,175728.0,169.01119912592188,882.044978603296,2908.0,1301.0,16086.0,42.47902622222223,6.0,TUNJUELITO,0.296727320111583,0.29794972249681895,0.19903712543081728,0.14969271239532303,0.21172298297350833,14.762729639258849,2024-06
UPZ42,2024,7,2,1,2601905.0,1208951.0,1392954.0,715.4875837686786,0.5,187.0,1049.0,1077.0,1164.0,3477.0,252.0,1574.0,4998.0,175728.0,143.4034416826004,895.702449239734,2908.0,1301.0,16086.0,42.47902622222223,6.0,TUNJUELITO,0.2940003574304212,0.21332446803399807,0.20977207084809016,0.15593766874655302,0.23301380026260227,14.771754427011434,2024-07
UPZ42,2024,8,2,1,2873076.0,1258079.0,1614997.0,715.4875837686786,0.5,136.0,913.0,875.0,1143.0,3067.0,209.0,1328.0,4308.0,175728.0,118.9338067923154,755.7133752162433,2908.0,1301.0,16086.0,42.47902622222223,6.0,TUNJUELITO,0.30075222514127714,0.25678401824386127,0.2006776012886537,0.1529044132490752,0.21853108428732887,14.870893790796371,2024-08
UPZ42,2024,9,2,1,2653904.0,1154314.0,1499590.0,715.4875837686786,0.5,155.0,1040.0,1023.0,1281.0,3499.0,236.0,1523.0,4888.0,175728.0,134.2984612583083,866.6803241373032,2908.0,1301.0,16086.0,42.47902622222223,6.0,TUNJUELITO,0.30195591098999813,0.22283586746167153,0.20376697876034697,0.15339364197047065,0.22398103499120522,14.791542321403947,2024-09
UPZ42,2024,10,2,1,2949974.0,1299906.0,1650068.0,715.4875837686786,0.5,211.0,965.0,971.0,1340.0,3487.0,280.0,1460.0,4779.0,175728.0,159.33715742511154,830.8294637166531,2908.0,1301.0,16086.0,42.47902622222223,6.0,TUNJUELITO,0.3059579508158377,0.20564147345027448,0.20613944394086184,0.1521477816414653,0.21878156548933236,14.897306914717841,2024-10
UPZ42,2024,11,2,1,2780099.0,1184014.0,1596085.0,715.4875837686786,0.5,188.0,953.0,966.0,1242.0,3349.0,269.0,1413.0,4675.0,175728.0,153.0774833834107,804.0835837202951,2908.0,1301.0,16086.0,42.47902622222223,6.0,TUNJUELITO,0.30580457746288886,0.2669980457530469,0.19738146015663466,0.15340029257950882,0.20950147014964032,14.837997096543535,2024-11
UPZ42,2024,12,2,1,2767380.0,1181462.0,1585918.0,715.4875837686786,0.5,156.0,1121.0,1246.0,1468.0,3991.0,222.0,1645.0,5554.0,175728.0,126.33160338705272,936.1057998725304,2908.0,1301.0,16086.0,42.47902622222223,6.0,TUNJUELITO,0.31436304374534757,0.24808049490854162,0.18539485000252945,0.15146492350165136,0.19602934454896004,14.833411582191234,2024-12
UPZ42,2025,1,2,1,2478081.0,1052431.0,1425650.0,715.4875837686786,0.5,162.0,744.0,816.0,974.0,2696.0,205.0,1142.0,3807.0,175399.0,116.87637899874,651.0869503246882,3519.0,1620.0,18941.0,42.47902622222223,6.0,TUNJUELITO,0.2948329776145332,0.2208668723903697,0.19306310003587443,0.16193134929810604,0.22783966054222393,14.722995028288327,2025-01
UPZ42,2025,2,2,1,2648650.0,1143217.0,1505433.0,715.4875837686786,0.5,147.0,870.0,767.0,1079.0,2863.0,214.0,1389.0,4230.0,175399.0,122.00753710112372,791.9087338012189,3519.0,1620.0,18941.0,42.47902622222223,6.0,TUNJUELITO,0.3009484076793838,0.20303928416363043,0.2039053857625582,0.15397957450021707,0.2209744027565281,14.789560634194572,2025-02
UPZ42,2025,3,2,1,2851988.0,1215276.0,1636712.0,715.4875837686786,0.5,191.0,1046.0,1007.0,1286.0,3530.0,279.0,1583.0,5065.0,175399.0,159.06590117389496,902.51369734149,3519.0,1620.0,18941.0,42.47902622222223,6.0,TUNJUELITO,0.301722167133943,0.2524183131205321,0.19943807617703854,0.1543074515040035,0.2162194556279652,14.86352685293384,2025-03
UPZ42,2025,4,2,1,2676254.0,1141175.0,1535079.0,715.4875837686786,0.5,163.0,1099.0,927.0,1212.0,3401.0,230.0,1542.0,4870.0,175399.0,131.1295959498059,879.1384215417419,3519.0,1620.0,18941.0,42.47902622222223,6.0,TUNJUELITO,0.3058954792781253,0.2194014469478607,0.19786724279533996,0.15562573657059453,0.21780473378780352,14.799928613513591,2025-04
UPZ42,2025,5,2,1,2871729.0,1242957.0,1628772.0,715.4875837686786,0.5,185.0,979.0,1081.0,1324.0,3569.0,265.0,1539.0,5201.0,175399.0,151.08409968129808,877.4280355076141,3519.0,1620.0,18941.0,42.47902622222223,6.0,TUNJUELITO,0.30531432457589136,0.2344876553463088,0.20220988818931035,0.15290091787908958,0.21421005001597535,14.870424845366653,2025-05
UPZ42,2025,6,2,1,2521564.0,1080000.0,1441564.0,715.4875837686786,0.5,210.0,1081.0,1096.0,1204.0,3591.0,270.0,1521.0,4952.0,175399.0,153.93474307151124,867.1657193028466,3519.0,1620.0,18941.0,42.47902622222223,6.0,TUNJUELITO,0.30031202856639766,0.273412453540739,0.1959997842608793,0.15755975259799068,0.21788263468979252,14.740389901894039,2025-06
UPZ42,2025,7,2,1,2833636.0,1205785.0,1627851.0,715.4875837686786,0.5,208.0,1018.0,982.0,1242.0,3450.0,300.0,1491.0,4904.0,175399.0,171.03860341279028,850.0618589615675,3519.0,1620.0,18941.0,42.47902622222223,6.0,TUNJUELITO,0.304590639023502,0.1886869026226375,0.2001421495209688,0.16172437109071172,0.23008213649868564,14.85707125061662,2025-07
UPZ42,2025,8,2,1,2757712.0,1174669.0,1583043.0,715.4875837686786,0.5,195.0,1052.0,1081.0,1296.0,3624.0,245.0,1556.0,5090.0,175399.0,139.6815261204454,887.1202230343389,3519.0,1620.0,18941.0,42.47902622222223,6.0,TUNJUELITO,0.300013561967312,0.27740351421758325,0.19739552208497474,0.15512787412173568,0.21296735828125582,14.829911908387585,2025-08
UPZ42,2025,9,2,1,2739556.0,1216369.0,1523187.0,715.4875837686786,0.5,178.0,1106.0,1116.0,1212.0,3612.0,257.0,1513.0,4890.0,175399.0,146.523070256957,862.6046898785055,3519.0,1620.0,18941.0,42.47902622222223,6.0,TUNJUELITO,0.2999778066226789,0.188282699824351,0.20875718547093028,0.15866658684837978,0.2284705973316331,14.823306421438119,2025-09
UPZ42,2025,10,2,1,2990274.0,1301134.0,1689140.0,715.4875837686786,0.5,182.0,1014.0,1067.0,1459.0,3722.0,264.0,1371.0,4956.0,175399.0,150.51397100325545,781.6464175964516,3519.0,1620.0,18941.0,42.47902622222223,6.0,TUNJUELITO,0.30192885334253644,0.19831460260832284,0.21046432534276116,0.15783302801014223,0.23104174732659621,14.910875579964278,2025-10
UPZ42,2025,11,2,1,2772409.0,1171784.0,1600625.0,715.4875837686786,0.5,195.0,994.0,1143.0,1349.0,3681.0,251.0,1374.0,5032.0,175399.0,143.10229818870118,783.3568036305794,3519.0,1620.0,18941.0,42.47902622222223,6.0,TUNJUELITO,0.30240992580820497,0.2897530631302957,0.19950844193623668,0.15089837033424724,0.20806142147723494,14.835227175305505,2025-11
UPZ42,2025,12,2,1,1200276.0,1200276.0,0.0,715.4875837686786,0.5,175.0,1077.0,1314.0,1809.0,4375.0,244.0,1559.0,5830.0,175399.0,139.11139744240276,888.8306090684666,3519.0,1620.0,18941.0,42.47902622222223,6.0,TUNJUELITO,0.25647101166731645,0.2410695540025794,0.33071143636963496,0.07457618081174655,0.3641241730983337,13.998062088312283,2025-12
UPZ42,2026,1,2,1,2356404.0,992352.0,1364052.0,715.4875837686786,0.5,179.0,850.0,1127.0,1147.0,3303.0,258.0,1170.0,4444.0,174699.0,147.68258547558946,669.7233527381381,2817.0,1293.0,18539.0,42.47902622222223,6.0,TUNJUELITO,0.29617247297152777,0.25043880421184145,0.1917328267988002,0.15766651219400407,0.2186930968232503,14.672647286132896,2026-01
UPZ42,2026,2,2,1,2577704.0,1104860.0,1472844.0,715.4875837686786,0.5,126.0,878.0,1042.0,1161.0,3207.0,184.0,1270.0,4302.0,174699.0,105.3240144477072,726.964664937979,2817.0,1293.0,18539.0,42.47902622222223,6.0,TUNJUELITO,0.2975954570423912,0.19828033009220608,0.20507397280680792,0.15463063253189657,0.2271460239570964,14.762409638201085,2026-02
UPZ42,2026,3,2,1,2845173.0,1179205.0,1665968.0,715.4875837686786,0.5,171.0,1051.0,1285.0,1373.0,3880.0,233.0,1482.0,5204.0,174699.0,133.37225742562924,848.3162468016416,2817.0,1293.0,18539.0,42.47902622222223,6.0,TUNJUELITO,0.2970930062952235,0.21827460052517017,0.19613886396363236,0.15726495366011137,0.22513695706956785,14.861134432129663,2026-03
UPZ42,2026,4,2,1,2627810.0,1100563.0,1527247.0,715.4875837686786,0.5,165.0,955.0,983.0,1257.0,3360.0,207.0,1318.0,4422.0,174699.0,118.4895162536706,754.4404947939026,2817.0,1293.0,18539.0,42.47902622222223,6.0,TUNJUELITO,0.2980302989942195,0.21335713008170298,0.1984214992712562,0.15570684334103305,0.2206968458428793,14.781661357647264,2026-04
UPZ42,2026,5,2,1,2713211.0,1150076.0,1563135.0,715.4875837686786,0.5,100.0,900.0,1158.0,1261.0,3419.0,157.0,1256.0,4559.0,174699.0,89.86886015375016,718.9508812300013,2817.0,1293.0,18539.0,42.47902622222223,6.0,TUNJUELITO,0.29490150231589063,0.2740387680869641,0.19728358760155398,0.15096946017099297,0.2121345094100134,14.813643362299123,2026-05
UPZ42,2026,6,2,1,2431915.0,1062943.0,1368972.0,715.4875837686786,0.5,128.0,743.0,858.0,1152.0,2881.0,189.0,1094.0,4060.0,174699.0,108.18608005769926,626.2199554662592,2817.0,1293.0,18539.0,42.47902622222223,6.0,TUNJUELITO,0.34760877744493535,0.25146438095081436,0.23058495054309053,0.1254472298579514,0.2487883891360897,14.704189570799512,2026-06
UPZ43,2023,1,1,0,722088.0,326122.0,395966.0,922.4297079567508,0.0,111.0,391.0,420.0,605.0,1527.0,516.0,1521.0,6974.0,249697.0,206.65046035795385,609.138275590015,7879.0,4201.0,23914.0,41.01226222222223,16.0,PUENTE ARANDA,0.1343825129347115,0.1956395896345043,0.2048060624189849,0.1284483331671486,0.2594099279068607,13.489902294104263,2023-01
UPZ43,2023,2,1,0,743591.0,351273.0,392318.0,922.4297079567508,0.0,92.0,491.0,552.0,574.0,1709.0,475.0,1757.0,7481.0,249697.0,190.2305594380389,703.6528272265986,7879.0,4201.0,23914.0,41.01226222222223,16.0,PUENTE ARANDA,0.1343480488601933,0.1901435063092479,0.2131817087619403,0.1305260553180444,0.2583077514979163,13.519246431474846,2023-02
UPZ43,2023,3,1,0,793602.0,368357.0,425245.0,922.4297079567508,0.0,126.0,454.0,577.0,603.0,1760.0,559.0,1813.0,7517.0,249697.0,223.87133205445,726.0800089708727,7879.0,4201.0,23914.0,41.01226222222223,16.0,PUENTE ARANDA,0.1330541001660782,0.1873684794141143,0.2113716951318167,0.1279407057945922,0.2536791241093049,13.584337355110915,2023-03
UPZ43,2023,4,1,0,687156.0,321536.0,365620.0,922.4297079567508,0.0,115.0,508.0,686.0,578.0,1887.0,536.0,1881.0,7842.0,249697.0,214.66016812376603,753.313015374634,7879.0,4201.0,23914.0,41.01226222222223,16.0,PUENTE ARANDA,0.1396204064288167,0.2620773157769124,0.19421208575636392,0.1334616884666655,0.2481286096766632,13.440316619662843,2023-04
UPZ43,2023,5,1,0,773662.0,352883.0,420779.0,922.4297079567508,0.0,144.0,493.0,718.0,640.0,1995.0,580.0,1885.0,8149.0,249697.0,232.28152520855275,754.9149569277965,7879.0,4201.0,23914.0,41.01226222222223,16.0,PUENTE ARANDA,0.1380706303269386,0.2067323973518151,0.20289092652863913,0.1385566306733431,0.2545491340093672,13.558890364687464,2023-05
UPZ43,2023,6,1,0,815557.0,316452.0,499105.0,922.4297079567508,0.0,117.0,491.0,707.0,639.0,1954.0,566.0,1834.0,7876.0,249697.0,226.67472977248423,734.4902021249754,7879.0,4201.0,23914.0,41.01226222222223,16.0,PUENTE ARANDA,0.1267207564891233,0.1990847972612582,0.2141039804697893,0.1444669103447092,0.2686608058320537,13.611626594370076,2023-06
UPZ43,2023,7,1,0,798483.0,320698.0,477785.0,922.4297079567508,0.0,146.0,396.0,664.0,578.0,1784.0,609.0,1533.0,7434.0,249697.0,243.8956014689804,613.9441002495024,7879.0,4201.0,23914.0,41.01226222222223,16.0,PUENTE ARANDA,0.1246025275428531,0.2574882621170394,0.2042673419471673,0.1463512685930696,0.268216414816151,13.590468956491973,2023-07
UPZ43,2023,8,1,0,835892.0,335483.0,500409.0,922.4297079567508,0.0,114.0,416.0,486.0,560.0,1576.0,520.0,1517.0,6469.0,249697.0,208.2524019111163,607.5363340368527,7879.0,4201.0,23914.0,41.01226222222223,16.0,PUENTE ARANDA,0.12271082867164648,0.1934520249027386,0.218162154919535,0.1417910447761194,0.2738306355594007,13.63625469711866,2023-08
UPZ43,2023,9,1,0,863361.0,355265.0,508096.0,922.4297079567508,0.0,134.0,522.0,704.0,738.0,2098.0,528.0,1873.0,8054.0,249697.0,211.45628501744116,750.1091322683092,7879.0,4201.0,23914.0,41.01226222222223,16.0,PUENTE ARANDA,0.1191610461904116,0.20698294224548008,0.2213442580797603,0.1431707014794506,0.2781845440157938,13.668588190826185,2023-09
UPZ43,2023,10,1,0,840923.0,352308.0,488615.0,922.4297079567508,0.0,117.0,489.0,728.0,635.0,1969.0,592.0,1857.0,8322.0,249697.0,237.0873498680401,743.7013660556595,7879.0,4201.0,23914.0,41.01226222222223,16.0,PUENTE ARANDA,0.1202559568474164,0.20080078675455423,0.2180425556204313,0.1434031415480371,0.2750075826328566,13.642255377093985,2023-10
UPZ43,2023,11,1,0,839432.0,348337.0,491095.0,922.4297079567508,0.0,156.0,469.0,613.0,718.0,1956.0,643.0,1909.0,8427.0,249697.0,257.5121046708611,764.526606246771,7879.0,4201.0,23914.0,41.01226222222223,16.0,PUENTE ARANDA,0.1231130097494496,0.2174494181780061,0.2075296152636544,0.1429692935222865,0.2702249935654842,13.640480751623414,2023-11
UPZ43,2023,12,1,0,879894.0,388878.0,491016.0,922.4297079567508,0.0,149.0,692.0,752.0,696.0,2289.0,651.0,2292.0,9642.0,249697.0,260.71598777718594,917.912509962074,7879.0,4201.0,23914.0,41.01226222222223,16.0,PUENTE ARANDA,0.1406908104839901,0.2697108969944107,0.177113379566175,0.1403100828054288,0.2578978571696541,13.687556724653703,2023-12
UPZ43,2024,1,1,0,738439.0,311021.0,427418.0,922.4297079567508,0.0,102.0,317.0,420.0,412.0,1251.0,398.0,1206.0,5345.0,249697.0,159.3931845396621,482.9853782784735,6160.0,3123.0,26239.0,41.01226222222223,16.0,PUENTE ARANDA,0.1155802984403586,0.1885341917206431,0.2046506211074983,0.1383594311784724,0.2775326410018126,13.512293777677424,2024-01
UPZ43,2024,2,1,0,774619.0,314454.0,460165.0,922.4297079567508,0.0,128.0,560.0,678.0,701.0,2067.0,588.0,2064.0,8520.0,249697.0,235.48540831487765,826.6018414318154,6160.0,3123.0,26239.0,41.01226222222223,16.0,PUENTE ARANDA,0.1144937059380159,0.1715204506989888,0.225171342298601,0.1341962952109359,0.282838775663062,13.560126574551015,2024-02
UPZ43,2024,3,1,0,710604.0,280999.0,429605.0,922.4297079567508,0.0,129.0,459.0,635.0,451.0,1674.0,519.0,1693.0,7109.0,249697.0,207.85191652282563,678.0217623759997,6160.0,3123.0,26239.0,41.01226222222223,16.0,PUENTE ARANDA,0.1168949231921013,0.2451337172321011,0.2203407242289657,0.1311335145875903,0.2792499950727959,13.473870591599097,2024-03
UPZ43,2024,4,1,0,838161.0,319161.0,519000.0,922.4297079567508,0.0,111.0,378.0,452.0,420.0,1361.0,428.0,1413.0,5738.0,249697.0,171.40774618838032,565.8858536546295,6160.0,3123.0,26239.0,41.01226222222223,16.0,PUENTE ARANDA,0.1164072296372654,0.1708359133865689,0.226795329298309,0.1363306095129694,0.2816553330739615,13.63896548511576,2024-04
UPZ43,2024,5,1,0,807569.0,335555.0,472014.0,922.4297079567508,0.0,166.0,571.0,766.0,765.0,2268.0,670.0,2044.0,9039.0,249697.0,268.3252101547075,818.5921336660032,6160.0,3123.0,26239.0,41.01226222222223,16.0,PUENTE ARANDA,0.1205655491976536,0.20088066778194802,0.2200604530386877,0.1373009612800887,0.2734058789716755,13.601783779344807,2024-05
UPZ43,2024,6,1,0,737082.0,321260.0,415822.0,922.4297079567508,0.0,170.0,584.0,890.0,688.0,2332.0,699.0,2286.0,9336.0,249697.0,279.93928641513514,915.5095976323304,6160.0,3123.0,26239.0,41.01226222222223,16.0,PUENTE ARANDA,0.1233716194398995,0.2615584154815882,0.2058292021783193,0.136874866025761,0.2703270748949385,13.510454426854787,2024-06
UPZ43,2024,7,1,0,729705.0,359516.0,370189.0,922.4297079567508,0.0,184.0,674.0,898.0,775.0,2531.0,720.0,2305.0,9787.0,249697.0,288.349479569238,923.118820009852,6160.0,3123.0,26239.0,41.01226222222223,16.0,PUENTE ARANDA,0.11820941339308348,0.1911909607307062,0.1996656182978052,0.1550393652229325,0.2832388342061251,13.500395621861248,2024-07
UPZ43,2024,8,1,0,763142.0,334145.0,428997.0,922.4297079567508,0.0,176.0,693.0,843.0,669.0,2381.0,682.0,2275.0,9051.0,249697.0,273.13103481419483,911.1042583611336,6160.0,3123.0,26239.0,41.01226222222223,16.0,PUENTE ARANDA,0.1155106127037956,0.2259841549803313,0.21387238548002857,0.1399896742676985,0.2792749713590616,13.545199400421259,2024-08
UPZ43,2024,9,1,0,718792.0,315495.0,403297.0,922.4297079567508,0.0,210.0,572.0,751.0,819.0,2352.0,727.0,2115.0,9484.0,249697.0,291.15287728727213,847.0265962346364,6160.0,3123.0,26239.0,41.01226222222223,16.0,PUENTE ARANDA,0.1149456310031274,0.2028681454440227,0.2218819908958363,0.1386228561252768,0.284740620328953,13.485327304169061,2024-09
UPZ43,2024,10,1,0,808877.0,352356.0,456521.0,922.4297079567508,0.0,203.0,587.0,734.0,716.0,2240.0,789.0,2197.0,9846.0,249697.0,315.98297136128986,879.8663980744662,6160.0,3123.0,26239.0,41.01226222222223,16.0,PUENTE ARANDA,0.1165554218997449,0.1829548868369356,0.2182210645128987,0.1366895090353663,0.2799297947513631,13.603402144926438,2024-10
UPZ43,2024,11,1,0,793262.0,334460.0,458802.0,922.4297079567508,0.0,191.0,558.0,697.0,738.0,2184.0,817.0,2107.0,9415.0,249697.0,327.1965622334269,843.8227131283115,6160.0,3123.0,26239.0,41.01226222222223,16.0,PUENTE ARANDA,0.1160221969538437,0.2537081065272255,0.2080208052320671,0.1354974775042798,0.2786688692450284,13.583908836970478,2024-11
UPZ43,2024,12,1,0,902983.0,382424.0,520559.0,922.4297079567508,0.0,190.0,651.0,854.0,918.0,2613.0,765.0,2381.0,11042.0,249697.0,306.3713220423153,953.555709519938,6160.0,3123.0,26239.0,41.01226222222223,16.0,PUENTE ARANDA,0.1361277011859581,0.2479980243260393,0.17518159256597302,0.1405707527162748,0.2676684270174517,13.713459006086804,2024-12
UPZ43,2025,1,1,0,720374.0,302911.0,417463.0,922.4297079567508,0.0,162.0,389.0,600.0,583.0,1734.0,565.0,1568.0,7495.0,249519.0,226.43566221409992,628.4090590295729,8727.0,4312.0,29954.0,41.01226222222223,16.0,PUENTE ARANDA,0.1124388165036495,0.1799065485428402,0.2085319570112191,0.134988214455269,0.2847249665016627,13.487525800572119,2025-01
UPZ43,2025,2,1,0,693224.0,301667.0,391557.0,922.4297079567508,0.0,148.0,521.0,610.0,697.0,1976.0,630.0,1916.0,8994.0,249519.0,252.48578264581053,767.8773961101159,8727.0,4312.0,29954.0,41.01226222222223,16.0,PUENTE ARANDA,0.1145401774895271,0.1869496728330236,0.22424641962771047,0.1313384995326186,0.2863899378510937,13.44910845826696,2025-02
UPZ43,2025,3,1,0,626771.0,276084.0,350687.0,922.4297079567508,0.0,115.0,500.0,633.0,649.0,1897.0,675.0,2046.0,9709.0,249519.0,270.52048140622554,819.9776369735372,8727.0,4312.0,29954.0,41.01226222222223,16.0,PUENTE ARANDA,0.11419960400209961,0.22640166823289523,0.2293229903744749,0.129363036898644,0.2910775023422923,13.348336521641908,2025-03
UPZ43,2025,4,1,0,574892.0,250155.0,324737.0,922.4297079567508,0.0,122.0,503.0,664.0,586.0,1875.0,652.0,1878.0,8664.0,249519.0,261.3027464842357,752.6480949346543,8727.0,4312.0,29954.0,41.01226222222223,16.0,PUENTE ARANDA,0.1106155590963172,0.1818532872261224,0.2319914001238493,0.1310089547254093,0.2942722098783261,13.261937476051003,2025-04
UPZ43,2025,5,1,0,626793.0,267836.0,358957.0,922.4297079567508,0.0,146.0,549.0,882.0,669.0,2246.0,677.0,2150.0,9669.0,249519.0,271.3220235733551,861.6578296642741,8727.0,4312.0,29954.0,41.01226222222223,16.0,PUENTE ARANDA,0.11278045542946391,0.2201380679107775,0.23083697488644572,0.1282145780185803,0.2912165127804068,13.348371621565011,2025-05
UPZ43,2025,6,1,0,558975.0,220749.0,338226.0,922.4297079567508,0.0,156.0,530.0,810.0,686.0,2182.0,645.0,2111.0,9696.0,249519.0,258.49734889928226,846.0277574052476,8727.0,4312.0,29954.0,41.01226222222223,16.0,PUENTE ARANDA,0.1135578514244823,0.2443221968782145,0.2222263965293617,0.1299986582584194,0.287453096398197,13.233860028418004,2025-06
UPZ43,2025,7,1,0,639037.0,265637.0,373400.0,922.4297079567508,0.0,127.0,528.0,721.0,779.0,2155.0,619.0,2049.0,9713.0,249519.0,248.077300726598,821.1799502242314,8727.0,4312.0,29954.0,41.01226222222223,16.0,PUENTE ARANDA,0.10817526997654281,0.1664661044665645,0.23542768259114877,0.1277109150174403,0.298906270299545,13.367717634656755,2025-07
UPZ43,2025,8,1,0,564973.0,234269.0,330704.0,922.4297079567508,0.0,138.0,470.0,689.0,749.0,2046.0,643.0,2056.0,9463.0,249519.0,257.6958067321527,823.9853478091849,8727.0,4312.0,29954.0,41.01226222222223,16.0,PUENTE ARANDA,0.108638819908208,0.24425415019832802,0.23338460422002463,0.1237174165845093,0.3003242096614834,13.244533221376095,2025-08
UPZ43,2025,9,1,0,628850.0,272400.0,356450.0,922.4297079567508,0.0,138.0,602.0,693.0,773.0,2206.0,640.0,2248.0,9554.0,249519.0,256.4934934814584,900.9333958536224,8727.0,4312.0,29954.0,41.01226222222223,16.0,PUENTE ARANDA,0.1086427605947364,0.1773411783414168,0.2342879860062018,0.1278556094458137,0.2956764181421666,13.351648033475302,2025-09
UPZ43,2025,10,1,0,711883.0,300794.0,411089.0,922.4297079567508,0.0,127.0,577.0,697.0,815.0,2216.0,644.0,2207.0,10109.0,249519.0,258.0965778157174,884.5017814274665,8727.0,4312.0,29954.0,41.01226222222223,16.0,PUENTE ARANDA,0.11589123493607789,0.1938296040220092,0.2201162269642624,0.1332185204591204,0.2806799595312368,13.475668851048445,2025-10
UPZ43,2025,11,1,0,740631.0,306409.0,434222.0,922.4297079567508,0.0,132.0,585.0,812.0,794.0,2323.0,666.0,2254.0,10143.0,249519.0,266.9135416541426,903.3380223550108,8727.0,4312.0,29954.0,41.01226222222223,16.0,PUENTE ARANDA,0.1243210181588402,0.2884324312646918,0.20824810195630478,0.13257479095528,0.2699024858016896,13.51525780453864,2025-11
UPZ43,2025,12,1,0,357529.0,357529.0,0.0,922.4297079567508,0.0,117.0,598.0,916.0,993.0,2624.0,523.0,2324.0,11244.0,249519.0,209.6032767043792,931.3919982045456,8727.0,4312.0,29954.0,41.01226222222223,16.0,PUENTE ARANDA,0.1675164811805476,0.2339474560105613,0.1148773945610006,0.1978384970170252,0.330247034439935,12.78697175670736,2025-12
UPZ43,2026,1,1,0,701255.0,282980.0,418275.0,922.4297079567508,0.0,106.0,415.0,653.0,681.0,1855.0,554.0,1678.0,8318.0,248758.0,222.7064054221372,674.5511702136213,7655.0,3707.0,27980.0,41.01226222222223,16.0,PUENTE ARANDA,0.1107642726255071,0.2180861455533294,0.2092562619874368,0.137510605984984,0.2858503405242389,13.460626865918401,2026-01
UPZ43,2026,2,1,0,695244.0,303997.0,391247.0,922.4297079567508,0.0,79.0,434.0,572.0,718.0,1803.0,504.0,1772.0,8349.0,248758.0,202.6065493371068,712.3388996534785,7655.0,3707.0,27980.0,41.01226222222223,16.0,PUENTE ARANDA,0.1145137534448337,0.1841339155749636,0.2149274211643682,0.1447074696077923,0.2858469987812967,13.45201814206976,2026-02
UPZ43,2026,3,1,0,812156.0,322144.0,490012.0,922.4297079567508,0.0,100.0,466.0,646.0,731.0,1943.0,561.0,2035.0,9288.0,248758.0,225.52038527404144,818.0641426607385,7655.0,3707.0,27980.0,41.01226222222223,16.0,PUENTE ARANDA,0.1123269421145691,0.1875341683124917,0.224754850053438,0.1380424450475031,0.28618555164552,13.607447718918072,2026-03
UPZ43,2026,4,1,0,778684.0,305639.0,473045.0,922.4297079567508,0.0,83.0,444.0,531.0,630.0,1688.0,546.0,1892.0,8434.0,248758.0,219.4904284485323,760.5785542575516,7655.0,3707.0,27980.0,41.01226222222223,16.0,PUENTE ARANDA,0.1133489323011645,0.1821663216401004,0.225832301678216,0.1390230183232222,0.2868624957449405,13.56536059428836,2026-04
UPZ43,2026,5,1,0,820683.0,345385.0,475298.0,922.4297079567508,0.0,95.0,440.0,589.0,662.0,1786.0,562.0,1820.0,8818.0,248758.0,225.92238239574203,731.6347614951077,7655.0,3707.0,27980.0,41.01226222222223,16.0,PUENTE ARANDA,0.1125818373233026,0.2490937426509383,0.2182218956649522,0.1413639614808641,0.2828488326034947,13.617892199378652,2026-05
UPZ43,2026,6,1,0,806950.0,348336.0,458614.0,922.4297079567508,0.0,87.0,426.0,594.0,715.0,1822.0,456.0,1706.0,8002.0,248758.0,183.3106874954775,685.8070896212383,7655.0,3707.0,27980.0,41.01226222222223,16.0,PUENTE ARANDA,0.24713798872296922,0.2163554123551645,0.2954160728669682,0.0549811016791622,0.3982224812413491,13.601016987463968,2026-06
UPZ44,2023,1,2,0,625905.0,240240.0,385665.0,717.1782524388298,0.0,151.0,445.0,545.0,735.0,1876.0,1155.0,6276.0,19597.0,1093721.0,105.60279998281098,573.8209287377676,20265.0,10284.0,91855.0,42.087377222222216,8.0,KENNEDY,0.1661562058139813,0.1876546760291098,0.21408999768335446,0.1696263810003115,0.27404339559904317,13.34695388137745,2023-01
UPZ44,2023,2,2,0,736762.0,324518.0,412244.0,717.1782524388298,0.0,193.0,464.0,581.0,760.0,1998.0,1248.0,6609.0,21007.0,1093721.0,114.10588257882952,604.2674502912535,20265.0,10284.0,91855.0,42.087377222222216,8.0,KENNEDY,0.17051368013008264,0.17424487147817067,0.2329001767192119,0.1605525257817314,0.27199075719014787,13.510020188217553,2023-02
UPZ44,2023,3,2,0,828636.0,341104.0,487532.0,717.1782524388298,0.0,186.0,521.0,587.0,744.0,2038.0,1248.0,6754.0,21300.0,1093721.0,114.10588257882952,617.5249446613899,20265.0,10284.0,91855.0,42.087377222222216,8.0,KENNEDY,0.17013139665667432,0.16043594533667374,0.23410158380760665,0.17001795722126478,0.27990520297819416,13.627536254459352,2023-03
UPZ44,2023,4,2,0,708102.0,271401.0,436701.0,717.1782524388298,0.0,244.0,649.0,632.0,806.0,2331.0,1561.0,7666.0,24522.0,1093721.0,142.72378421919302,700.9100126997653,20265.0,10284.0,91855.0,42.087377222222216,8.0,KENNEDY,0.17010543678735549,0.23106134426961086,0.22819876232520164,0.16294686358744923,0.27077995713774217,13.4703434300957,2023-04
UPZ44,2023,5,2,0,792436.0,311926.0,480510.0,717.1782524388298,0.0,267.0,688.0,725.0,854.0,2534.0,1555.0,7852.0,25142.0,1093721.0,142.17519824525633,717.9161778918024,20265.0,10284.0,91855.0,42.087377222222216,8.0,KENNEDY,0.1696099117152678,0.18885689191303773,0.2347634383092136,0.1639880066024259,0.27563854510288177,13.582867024374751,2023-05
UPZ44,2023,6,2,0,720697.0,271400.0,449297.0,717.1782524388298,0.0,226.0,649.0,694.0,784.0,2353.0,1400.0,7331.0,22924.0,1093721.0,128.00339391855874,670.2806291549673,20265.0,10284.0,91855.0,42.087377222222216,8.0,KENNEDY,0.16998266955461164,0.2017102887898797,0.23097223937382835,0.16313513168502156,0.27673222725803726,13.487974078284193,2023-06
UPZ44,2023,7,2,0,704362.0,273357.0,431005.0,717.1782524388298,0.0,189.0,501.0,701.0,772.0,2163.0,1377.0,5979.0,21761.0,1093721.0,125.90048101846814,546.6659230279021,20265.0,10284.0,91855.0,42.087377222222216,8.0,KENNEDY,0.1682927244797419,0.2482814234725893,0.2357111826021279,0.15600642851261137,0.271511196748497,13.465047707527779,2023-07
UPZ44,2023,8,2,0,774264.0,288875.0,485389.0,717.1782524388298,0.0,160.0,493.0,498.0,718.0,1869.0,1179.0,6061.0,18722.0,1093721.0,107.79714387855768,554.1632646717032,20265.0,10284.0,91855.0,42.087377222222216,8.0,KENNEDY,0.17579533595776117,0.18079621421117342,0.24222487420311417,0.15661066509614288,0.2741041883045978,13.559668179686824,2023-08
UPZ44,2023,9,2,0,787658.0,305348.0,482310.0,717.1782524388298,0.0,141.0,567.0,617.0,799.0,2124.0,1196.0,7316.0,22377.0,1093721.0,109.35147080471162,668.9091642201256,20265.0,10284.0,91855.0,42.087377222222216,8.0,KENNEDY,0.17512803780320896,0.1915768010989541,0.24228662693707168,0.15677362510124948,0.27503664435334474,13.576819264478067,2023-09
UPZ44,2023,10,2,0,767527.0,285434.0,482093.0,717.1782524388298,0.0,198.0,600.0,683.0,888.0,2369.0,1407.0,7206.0,23052.0,1093721.0,128.64341088815155,658.8517546979532,20265.0,10284.0,91855.0,42.087377222222216,8.0,KENNEDY,0.17794553155784743,0.17935264818045485,0.24066905789633458,0.15936116905333617,0.2754962840618633,13.550928936977812,2023-10
UPZ44,2023,11,2,0,721510.0,277871.0,443639.0,717.1782524388298,0.0,170.0,566.0,591.0,852.0,2179.0,1275.0,7211.0,22645.0,1093721.0,116.57451946154458,659.3089096762337,20265.0,10284.0,91855.0,42.087377222222216,8.0,KENNEDY,0.17827888733350886,0.19155521059999164,0.24003963909024123,0.15285027234549758,0.26984875680087594,13.489101517113873,2023-11
UPZ44,2023,12,2,0,686224.0,266161.0,420063.0,717.1782524388298,0.0,191.0,682.0,629.0,917.0,2419.0,1322.0,8087.0,25048.0,1093721.0,120.87177625738192,739.4024618709891,20265.0,10284.0,91855.0,42.087377222222216,8.0,KENNEDY,0.1841162652428361,0.22599034717526634,0.21502599734197575,0.1566208701531861,0.2572056466251577,13.43895938402075,2023-12
UPZ44,2024,1,2,0,613734.0,223454.0,390280.0,717.1782524388298,0.0,131.0,291.0,361.0,537.0,1320.0,862.0,4531.0,14759.0,1099572.0,78.39413881037349,412.0694233756407,16488.0,6891.0,83977.0,42.087377222222216,8.0,KENNEDY,0.17015351927708092,0.17827267187413431,0.22900637735566223,0.16384459717076122,0.27837406232338235,13.327316888504622,2024-01
UPZ44,2024,2,2,0,738442.0,272084.0,466358.0,717.1782524388298,0.0,200.0,525.0,681.0,783.0,2189.0,1312.0,6801.0,22151.0,1099572.0,119.31915327054526,618.5133852080628,16488.0,6891.0,83977.0,42.087377222222216,8.0,KENNEDY,0.17486410577946543,0.16130447618093224,0.23755961876491316,0.16305139740155616,0.278607917754531,13.512297840293167,2024-02
UPZ44,2024,3,2,0,670247.0,233812.0,436435.0,717.1782524388298,0.0,168.0,479.0,523.0,676.0,1846.0,1078.0,6618.0,19945.0,1099572.0,98.03814575125595,601.8705459942596,16488.0,6891.0,83977.0,42.087377222222216,8.0,KENNEDY,0.17802093854951975,0.23080446462274357,0.2324322227477332,0.1575523650236405,0.2676539519032315,13.415401580146376,2024-03
UPZ44,2024,4,2,0,760323.0,274770.0,485553.0,717.1782524388298,0.0,137.0,333.0,390.0,550.0,1410.0,837.0,4664.0,14669.0,1099572.0,76.1205268959195,424.1650387605359,16488.0,6891.0,83977.0,42.087377222222216,8.0,KENNEDY,0.17183223445824994,0.1550709369570564,0.23962842107893614,0.16438408413266462,0.28283641216318656,13.541498621975594,2024-04
UPZ44,2024,5,2,0,766804.0,320865.0,445939.0,717.1782524388298,0.0,177.0,609.0,671.0,847.0,2304.0,1274.0,7390.0,23471.0,1099572.0,115.8632631605752,672.0796819125987,16488.0,6891.0,83977.0,42.087377222222216,8.0,KENNEDY,0.17055857820251324,0.18812238851127538,0.23404677075236954,0.16547122863208846,0.27775101768989474,13.54998650662411,2024-05
UPZ44,2024,6,2,0,670747.0,288956.0,381791.0,717.1782524388298,0.0,192.0,618.0,671.0,904.0,2385.0,1269.0,7660.0,23836.0,1099572.0,115.4085407776844,696.6346905887018,16488.0,6891.0,83977.0,42.087377222222216,8.0,KENNEDY,0.16553931661267213,0.2489209791471299,0.226159789011356,0.1624442599072377,0.2727424574656635,13.416147295672577,2024-06
UPZ44,2024,7,2,0,707250.0,334209.0,373041.0,717.1782524388298,0.0,161.0,605.0,664.0,893.0,2323.0,1221.0,7654.0,23370.0,1099572.0,111.04320590193277,696.0890237292328,16488.0,6891.0,83977.0,42.087377222222216,8.0,KENNEDY,0.1574181689642983,0.1905931424531636,0.23857758925415337,0.16552279957582175,0.28726947745171094,13.469139489163814,2024-07
UPZ44,2024,8,2,0,759170.0,341356.0,417814.0,717.1782524388298,0.0,201.0,509.0,762.0,841.0,2313.0,1327.0,6853.0,22811.0,1099572.0,120.68332041921768,623.242497990127,16488.0,6891.0,83977.0,42.087377222222216,8.0,KENNEDY,0.16896215603883183,0.20848031402716125,0.23740137255160237,0.16236416085988642,0.2783545485176524,13.539981010217865,2024-08
UPZ44,2024,9,2,0,739580.0,323754.0,415826.0,717.1782524388298,0.0,212.0,603.0,710.0,862.0,2387.0,1399.0,7805.0,24399.0,1099572.0,127.23132273284514,709.821639692535,16488.0,6891.0,83977.0,42.087377222222216,8.0,KENNEDY,0.1620338570540036,0.1844087184618296,0.23782822683144483,0.165683225614538,0.2837557581237367,13.513837736485343,2024-09
UPZ44,2024,10,2,0,812176.0,360954.0,451222.0,717.1782524388298,0.0,230.0,640.0,644.0,861.0,2375.0,1504.0,7848.0,23933.0,1099572.0,136.78049277355188,713.7322521853957,16488.0,6891.0,83977.0,42.087377222222216,8.0,KENNEDY,0.16820368984062561,0.16949651307105842,0.23887433265696106,0.16702168002994422,0.2856348754608335,13.607472344425668,2024-10
UPZ44,2024,11,2,0,766284.0,334317.0,431967.0,717.1782524388298,0.0,175.0,639.0,630.0,904.0,2348.0,1198.0,6773.0,22010.0,1099572.0,108.95148294063507,615.9669398638744,16488.0,6891.0,83977.0,42.087377222222216,8.0,KENNEDY,0.17062994920943142,0.2279455136737815,0.23103575175783383,0.16031654060374478,0.27119877936118614,13.549308137189426,2024-11
UPZ44,2024,12,2,0,742365.0,323324.0,419041.0,717.1782524388298,0.0,197.0,636.0,767.0,970.0,2570.0,1291.0,8416.0,26663.0,1099572.0,117.40931926240393,765.3887148817904,16488.0,6891.0,83977.0,42.087377222222216,8.0,KENNEDY,0.1802415253951897,0.2101957931745166,0.20806746007691632,0.16067567840617483,0.25640059579639535,13.517596314946244,2024-12
UPZ44,2025,1,2,0,647198.0,279858.0,367340.0,717.1782524388298,0.0,183.0,421.0,543.0,676.0,1823.0,1112.0,5757.0,19414.0,1103801.0,100.74279693531714,521.561404637249,14846.0,6785.0,97402.0,42.087377222222216,8.0,KENNEDY,0.1639482816695972,0.1753049298669032,0.22250377782378808,0.16843068118257473,0.2801520574638414,13.380407554486787,2025-01
UPZ44,2025,2,2,0,748017.0,331075.0,416942.0,717.1782524388298,0.0,160.0,508.0,639.0,841.0,2148.0,1169.0,6418.0,21453.0,1103801.0,105.90677123865623,581.4453873479006,14846.0,6785.0,97402.0,42.087377222222216,8.0,KENNEDY,0.1693383973893641,0.17228619135661355,0.23701065617492642,0.16370216184926278,0.28093608019168276,13.525180983971081,2025-02
UPZ44,2025,3,2,0,787334.0,347276.0,440058.0,717.1782524388298,0.0,182.0,595.0,767.0,968.0,2512.0,1275.0,7799.0,26201.0,1103801.0,115.50995152205876,706.5585191533619,14846.0,6785.0,97402.0,42.087377222222216,8.0,KENNEDY,0.16912517432246035,0.21536349249492584,0.235318175005779,0.16130130287781297,0.277034152502936,13.576407833811027,2025-03
UPZ44,2025,4,2,0,759816.0,321075.0,438741.0,717.1782524388298,0.0,179.0,562.0,629.0,955.0,2325.0,1308.0,7068.0,23255.0,1103801.0,118.4996208555709,640.3328136140482,14846.0,6785.0,97402.0,42.087377222222216,8.0,KENNEDY,0.17160996872927123,0.17738110279330777,0.23217726396917143,0.16672720763974436,0.27991258011700937,13.540831577687145,2025-04
UPZ44,2025,5,2,0,781764.0,343606.0,438158.0,717.1782524388298,0.0,190.0,521.0,708.0,936.0,2355.0,1291.0,7358.0,24379.0,1103801.0,116.95948816861012,666.605665332791,14846.0,6785.0,97402.0,42.087377222222216,8.0,KENNEDY,0.17037238859809348,0.20407949202060974,0.23705363767070362,0.1617738857251037,0.2783597830899012,13.569308183698267,2025-05
UPZ44,2025,6,2,0,664686.0,251429.0,413257.0,717.1782524388298,0.0,185.0,673.0,698.0,921.0,2477.0,1197.0,7713.0,24544.0,1103801.0,108.44346037012106,698.7672596781484,14846.0,6785.0,97402.0,42.087377222222216,8.0,KENNEDY,0.16949657432231155,0.22836196339324133,0.22483849516914745,0.1654660997824536,0.27654694788014583,13.40707002767457,2025-06
UPZ44,2025,7,2,0,798797.0,339706.0,459091.0,717.1782524388298,0.0,167.0,551.0,768.0,975.0,2461.0,1295.0,7259.0,25017.0,1103801.0,117.32187233024791,657.6366573322547,14846.0,6785.0,97402.0,42.087377222222216,8.0,KENNEDY,0.16798510760556187,0.1595661976697459,0.2317509955595727,0.16937094155336085,0.28542593213805295,13.590862124883294,2025-07
UPZ44,2025,8,2,0,752055.0,321451.0,430604.0,717.1782524388298,0.0,195.0,638.0,840.0,904.0,2577.0,1351.0,7846.0,26047.0,1103801.0,122.39525059317758,710.8165330526064,14846.0,6785.0,97402.0,42.087377222222216,8.0,KENNEDY,0.1693439974469952,0.2269727613007027,0.2312676599450838,0.1619123601332349,0.2749027078979647,13.530564738555375,2025-08
UPZ44,2025,9,2,0,791783.0,338434.0,453349.0,717.1782524388298,0.0,165.0,616.0,816.0,959.0,2556.0,1272.0,8102.0,26108.0,1103801.0,115.2381634008304,734.0091193974276,14846.0,6785.0,97402.0,42.087377222222216,8.0,KENNEDY,0.17210776184889037,0.16209996930977297,0.23404139770618962,0.16675654819565458,0.2822563854340558,13.582042643355482,2025-09
UPZ44,2025,10,2,0,791310.0,334829.0,456481.0,717.1782524388298,0.0,139.0,638.0,845.0,1068.0,2690.0,1207.0,7904.0,26010.0,1103801.0,109.34942077421564,716.071103396355,14846.0,6785.0,97402.0,42.087377222222216,8.0,KENNEDY,0.17399628464192285,0.16552804842602764,0.2287624319166951,0.1688175304242332,0.28133376226750423,13.581445078949507,2025-10
UPZ44,2025,11,2,0,699466.0,312897.0,386569.0,717.1782524388298,0.0,136.0,605.0,731.0,965.0,2437.0,1316.0,8143.0,27119.0,1103801.0,119.22438917884656,737.7235570542153,14846.0,6785.0,97402.0,42.087377222222216,8.0,KENNEDY,0.1747876237015094,0.24620067308489618,0.2257193344637194,0.1602551088973588,0.27044994722654975,13.458072465759107,2025-11
UPZ44,2025,12,2,0,302218.0,302218.0,0.0,717.1782524388298,0.0,177.0,627.0,948.0,1070.0,2822.0,1267.0,9155.0,31780.0,1103801.0,114.78518319878312,829.4067499485868,14846.0,6785.0,97402.0,42.087377222222216,8.0,KENNEDY,0.12270612604146673,0.19875057078003291,0.28388117186931283,0.12662051896313256,0.32171602360555296,12.618903890250136,2025-12
UPZ44,2026,1,2,0,588337.0,224687.0,363650.0,717.1782524388298,0.0,132.0,457.0,649.0,756.0,1994.0,1124.0,6640.0,22859.0,1104934.0,101.72553292775858,600.9408706764385,13640.0,5906.0,106864.0,42.087377222222216,8.0,KENNEDY,0.16674966898223298,0.2001250983704917,0.21670743128513073,0.1729535963231957,0.2786079536944373,13.285055191956621,2026-01
UPZ44,2026,2,2,0,707607.0,263880.0,443727.0,717.1782524388298,0.0,134.0,515.0,593.0,949.0,2191.0,1108.0,7108.0,23390.0,1104934.0,100.27748263697195,643.2963416819466,13640.0,5906.0,106864.0,42.087377222222216,8.0,KENNEDY,0.17178744698681614,0.16740224446620786,0.233120927294388,0.16996157471590864,0.2863115421364786,13.469644133813523,2026-02
UPZ44,2026,3,2,0,748715.0,261451.0,487264.0,717.1782524388298,0.0,164.0,643.0,869.0,1013.0,2689.0,1317.0,8510.0,28228.0,1104934.0,119.19263956037192,770.1817484121224,13640.0,5906.0,106864.0,42.087377222222216,8.0,KENNEDY,0.171942594979398,0.1810608843151266,0.22773552019126098,0.169235289796518,0.28193483371780204,13.526113682744944,2026-03
UPZ44,2026,4,2,0,702056.0,273027.0,429029.0,717.1782524388298,0.0,142.0,613.0,703.0,856.0,2314.0,1198.0,7416.0,24739.0,1104934.0,108.4227655226466,671.1713097795886,13640.0,5906.0,106864.0,42.087377222222216,8.0,KENNEDY,0.17297480542862675,0.1683355743701357,0.23310391193864874,0.16688412320384693,0.28316202342281765,13.461768451906098,2026-04
UPZ44,2026,5,2,0,732730.0,308645.0,424085.0,717.1782524388298,0.0,164.0,575.0,816.0,870.0,2425.0,1141.0,7361.0,24787.0,1104934.0,103.26408636171934,666.1936369050097,13640.0,5906.0,106864.0,42.087377222222216,8.0,KENNEDY,0.16709565597150378,0.22460251388642474,0.23252630573335328,0.16370149987034785,0.2793624187945253,13.504532563761881,2026-05
UPZ44,2026,6,2,0,655282.0,272359.0,382923.0,717.1782524388298,0.0,126.0,557.0,891.0,827.0,2401.0,1123.0,6827.0,22900.0,1104934.0,101.63502978458442,617.864958450007,13640.0,5906.0,106864.0,42.087377222222216,8.0,KENNEDY,0.24969249880204247,0.19999938957578564,0.2749518527900965,0.11708241642529471,0.30265098818495795,13.392820956315212,2026-06
UPZ45,2023,1,2,0,585280.0,248955.0,336325.0,494.4271638529652,0.5,130.0,528.0,593.0,781.0,2032.0,1155.0,6276.0,19597.0,1093721.0,105.60279998281098,573.8209287377676,20265.0,10284.0,91855.0,42.087377222222216,8.0,KENNEDY,0.21000205030071076,0.21750615090213232,0.21954790869327495,0.1714051394204483,0.2711078097155111,13.279845644184638,2023-01
UPZ45,2023,2,2,0,642856.0,299403.0,343453.0,494.4271638529652,0.5,162.0,665.0,711.0,867.0,2405.0,1248.0,6609.0,21007.0,1093721.0,114.10588257882952,604.2674502912535,20265.0,10284.0,91855.0,42.087377222222216,8.0,KENNEDY,0.2154261607576191,0.20785370285102725,0.23126952225692846,0.16424829199696347,0.26155349813506457,13.373676027905876,2023-02
UPZ45,2023,3,2,0,698018.0,298813.0,399205.0,494.4271638529652,0.5,170.0,682.0,795.0,998.0,2645.0,1248.0,6754.0,21300.0,1093721.0,114.10588257882952,617.5249446613899,20265.0,10284.0,91855.0,42.087377222222216,8.0,KENNEDY,0.21838548576111214,0.19242770243747293,0.235420863072299,0.16620345034082212,0.2684054342866442,13.456000169377623,2023-03
UPZ45,2023,4,2,0,628338.0,286194.0,342144.0,494.4271638529652,0.5,193.0,802.0,964.0,970.0,2929.0,1561.0,7666.0,24522.0,1093721.0,142.72378421919302,700.9100126997653,20265.0,10284.0,91855.0,42.087377222222216,8.0,KENNEDY,0.21112999691248976,0.2707650977658521,0.23011181879816278,0.1607335542335494,0.2584246535865957,13.350833517224261,2023-04
UPZ45,2023,5,2,0,750176.0,330493.0,419683.0,494.4271638529652,0.5,142.0,689.0,927.0,844.0,2602.0,1555.0,7852.0,25142.0,1093721.0,142.17519824525633,717.9161778918024,20265.0,10284.0,91855.0,42.087377222222216,8.0,KENNEDY,0.21315264684554025,0.2210947830909013,0.2323974640617668,0.16808988823955975,0.2690304870757871,13.528063124649245,2023-05
UPZ45,2023,6,2,0,731269.0,328332.0,402937.0,494.4271638529652,0.5,182.0,598.0,869.0,983.0,2632.0,1400.0,7331.0,22924.0,1093721.0,128.00339391855874,670.2806291549673,20265.0,10284.0,91855.0,42.087377222222216,8.0,KENNEDY,0.20878090005182767,0.23585438463821112,0.2358530171523748,0.164690421718957,0.26975355971899023,13.502536660096636,2023-06
UPZ45,2023,7,2,0,741954.0,340545.0,401409.0,494.4271638529652,0.5,170.0,554.0,781.0,912.0,2417.0,1377.0,5979.0,21761.0,1093721.0,125.90048101846814,546.6659230279021,20265.0,10284.0,91855.0,42.087377222222216,8.0,KENNEDY,0.206146203133887,0.29425004784663195,0.2333446547899196,0.16151809950482102,0.2652795695324788,13.517042525618608,2023-07
UPZ45,2023,8,2,0,790263.0,367374.0,422889.0,494.4271638529652,0.5,131.0,564.0,649.0,697.0,2041.0,1179.0,6061.0,18722.0,1093721.0,107.79714387855768,554.1632646717032,20265.0,10284.0,91855.0,42.087377222222216,8.0,KENNEDY,0.2125634124335822,0.22429621531059907,0.23727037707699838,0.1641086574975672,0.26931286381753855,13.580121080432907,2023-08
UPZ45,2023,9,2,0,787962.0,377817.0,410145.0,494.4271638529652,0.5,167.0,765.0,697.0,895.0,2524.0,1196.0,7316.0,22377.0,1093721.0,109.35147080471162,668.9091642201256,20265.0,10284.0,91855.0,42.087377222222216,8.0,KENNEDY,0.21007231313185146,0.2331102261276559,0.2350671732900825,0.16585825204768753,0.26823481108605,13.57720514432698,2023-09
UPZ45,2023,10,2,0,796641.0,379629.0,417012.0,494.4271638529652,0.5,180.0,637.0,688.0,877.0,2382.0,1407.0,7206.0,23052.0,1093721.0,128.64341088815155,658.8517546979532,20265.0,10284.0,91855.0,42.087377222222216,8.0,KENNEDY,0.21389182831413395,0.22742238975900056,0.23156101681937033,0.1646036294893182,0.2662444826130771,13.588159417147365,2023-10
UPZ45,2023,11,2,0,758411.0,362658.0,395753.0,494.4271638529652,0.5,172.0,801.0,720.0,778.0,2471.0,1275.0,7211.0,22645.0,1093721.0,116.57451946154458,659.3089096762337,20265.0,10284.0,91855.0,42.087377222222216,8.0,KENNEDY,0.21202619687741864,0.23438874172447385,0.23311370747523436,0.16476290560131637,0.26433737493502013,13.538980734037173,2023-11
UPZ45,2023,12,2,0,758218.0,343418.0,414800.0,494.4271638529652,0.5,143.0,736.0,811.0,1023.0,2713.0,1322.0,8087.0,25048.0,1093721.0,120.87177625738192,739.4024618709891,20265.0,10284.0,91855.0,42.087377222222216,8.0,KENNEDY,0.214293250753741,0.29769934240548235,0.21416795697279675,0.16165007952857885,0.2478848745951144,13.53872622222045,2023-12
UPZ45,2024,1,2,0,631252.0,284147.0,347105.0,494.4271638529652,0.5,111.0,407.0,507.0,555.0,1580.0,862.0,4531.0,14759.0,1099572.0,78.39413881037349,412.0694233756407,16488.0,6891.0,83977.0,42.087377222222216,8.0,KENNEDY,0.2094630987307763,0.22028920304410912,0.2253584939136826,0.16744659818899582,0.2666368306179522,13.35546042788352,2024-01
UPZ45,2024,2,2,0,719723.0,326774.0,392949.0,494.4271638529652,0.5,149.0,722.0,678.0,832.0,2381.0,1312.0,6801.0,22151.0,1099572.0,119.31915327054526,618.5133852080628,16488.0,6891.0,83977.0,42.087377222222216,8.0,KENNEDY,0.21509942019360223,0.1969841175007607,0.23935458502785098,0.1669934127435138,0.2713641608442461,13.486621694745436,2024-02
UPZ45,2024,3,2,0,676523.0,302069.0,374454.0,494.4271638529652,0.5,125.0,673.0,630.0,776.0,2204.0,1078.0,6618.0,19945.0,1099572.0,98.03814575125595,601.8705459942596,16488.0,6891.0,83977.0,42.087377222222216,8.0,KENNEDY,0.21817440057470325,0.2818854643522837,0.2297157672392512,0.1610676946681783,0.25591310553581215,13.424721724536846,2024-03
UPZ45,2024,4,2,0,727757.0,307371.0,420386.0,494.4271638529652,0.5,108.0,545.0,399.0,538.0,1590.0,837.0,4664.0,14669.0,1099572.0,76.1205268959195,424.1650387605359,16488.0,6891.0,83977.0,42.087377222222216,8.0,KENNEDY,0.221668771306906,0.19379270828037373,0.23760266132788826,0.16569953981892305,0.2698590353043718,13.497722480249347,2024-04
UPZ45,2024,5,2,0,771622.0,362135.0,409487.0,494.4271638529652,0.5,168.0,790.0,880.0,905.0,2743.0,1274.0,7390.0,23471.0,1099572.0,115.8632631605752,672.0796819125987,16488.0,6891.0,83977.0,42.087377222222216,8.0,KENNEDY,0.22242367376772562,0.22541477562848128,0.23560759024496442,0.16495512051237518,0.2671619300527386,13.556250071789725,2024-05
UPZ45,2024,6,2,0,687672.0,333058.0,354614.0,494.4271638529652,0.5,177.0,865.0,898.0,883.0,2823.0,1269.0,7660.0,23836.0,1099572.0,115.4085407776844,696.6346905887018,16488.0,6891.0,83977.0,42.087377222222216,8.0,KENNEDY,0.2106556614199793,0.3013456996940401,0.23076553938505567,0.1609851789806768,0.25870026208553226,13.441067259050794,2024-06
UPZ45,2024,7,2,0,702427.0,353625.0,348802.0,494.4271638529652,0.5,166.0,744.0,760.0,849.0,2519.0,1221.0,7654.0,23370.0,1099572.0,111.04320590193277,696.0890237292328,16488.0,6891.0,83977.0,42.087377222222216,8.0,KENNEDY,0.20455791135591314,0.2209653102742349,0.24302454205205662,0.16733980897659112,0.2779674852361549,13.462296760199795,2024-07
UPZ45,2024,8,2,0,775517.0,366557.0,408960.0,494.4271638529652,0.5,159.0,678.0,803.0,816.0,2456.0,1327.0,6853.0,22811.0,1099572.0,120.68332041921768,623.242497990127,16488.0,6891.0,83977.0,42.087377222222216,8.0,KENNEDY,0.21189219578681057,0.26384334579383817,0.23587748559992883,0.16360569787638435,0.26770264375431024,13.561285182699532,2024-08
UPZ45,2024,9,2,0,711581.0,337779.0,373802.0,494.4271638529652,0.5,163.0,810.0,688.0,983.0,2644.0,1399.0,7805.0,24399.0,1099572.0,127.23132273284514,709.821639692535,16488.0,6891.0,83977.0,42.087377222222216,8.0,KENNEDY,0.2087070902680088,0.22845326111855144,0.24052356653704918,0.1633236413001471,0.2718808166930293,13.475244534023876,2024-09
UPZ45,2024,10,2,0,799806.0,383617.0,416189.0,494.4271638529652,0.5,203.0,775.0,711.0,1065.0,2754.0,1504.0,7848.0,23933.0,1099572.0,136.78049277355188,713.7322521853957,16488.0,6891.0,83977.0,42.087377222222216,8.0,KENNEDY,0.21439949187678004,0.2064900738429069,0.2416961113069919,0.16564516895347117,0.27052471402534284,13.592124477242185,2024-10
UPZ45,2024,11,2,0,763426.0,359439.0,403987.0,494.4271638529652,0.5,143.0,746.0,732.0,1047.0,2668.0,1198.0,6773.0,22010.0,1099572.0,108.95148294063507,615.9669398638744,16488.0,6891.0,83977.0,42.087377222222216,8.0,KENNEDY,0.21601176800370958,0.27851422403743126,0.23457152363162895,0.15655217401555618,0.25501302397788506,13.54557147687416,2024-11
UPZ45,2024,12,2,0,812989.0,378900.0,434089.0,494.4271638529652,0.5,159.0,900.0,910.0,1020.0,2989.0,1291.0,8416.0,26663.0,1099572.0,117.40931926240393,765.3887148817904,16488.0,6891.0,83977.0,42.087377222222216,8.0,KENNEDY,0.21862657428329282,0.2579235389408713,0.21216646227685737,0.1595163034186194,0.24372555914709554,13.608472858303113,2024-12
UPZ45,2025,1,2,0,662451.0,306244.0,356207.0,494.4271638529652,0.5,148.0,531.0,692.0,789.0,2160.0,1112.0,5757.0,19414.0,1103801.0,100.74279693531714,521.561404637249,14846.0,6785.0,97402.0,42.087377222222216,8.0,KENNEDY,0.2060439187200261,0.2164356307107997,0.22463548247342063,0.17051676274924482,0.2686696409140197,13.40370187184302,2025-01
UPZ45,2025,2,2,0,717328.0,334836.0,382492.0,494.4271638529652,0.5,133.0,708.0,767.0,928.0,2536.0,1169.0,6418.0,21453.0,1103801.0,105.90677123865623,581.4453873479006,14846.0,6785.0,97402.0,42.087377222222216,8.0,KENNEDY,0.21116002721209823,0.21497557602658757,0.23623363370731373,0.16681629603194073,0.26976358759689095,13.483288476623825,2025-02
UPZ45,2025,3,2,0,762002.0,356770.0,405232.0,494.4271638529652,0.5,149.0,881.0,807.0,1227.0,3064.0,1275.0,7799.0,26201.0,1103801.0,115.50995152205876,706.5585191533619,14846.0,6785.0,97402.0,42.087377222222216,8.0,KENNEDY,0.21089314726208067,0.2624743767076727,0.23434846627699135,0.16597462998784776,0.26767217388590875,13.543704459337254,2025-03
UPZ45,2025,4,2,0,721290.0,336691.0,384599.0,494.4271638529652,0.5,151.0,721.0,788.0,896.0,2556.0,1308.0,7068.0,23255.0,1103801.0,118.4996208555709,640.3328136140482,14846.0,6785.0,97402.0,42.087377222222216,8.0,KENNEDY,0.21023998669051283,0.21868041980340774,0.23669397884346097,0.1683151021087218,0.2715139900147107,13.488796554538736,2025-04
UPZ45,2025,5,2,0,787995.0,366100.0,421895.0,494.4271638529652,0.5,144.0,731.0,771.0,963.0,2609.0,1291.0,7358.0,24379.0,1103801.0,116.95948816861012,666.605665332791,14846.0,6785.0,97402.0,42.087377222222216,8.0,KENNEDY,0.21156225610568594,0.24892797543131615,0.23995329919606084,0.1637941865113357,0.26918289258348016,13.57724702364222,2025-05
UPZ45,2025,6,2,0,707716.0,306169.0,401547.0,494.4271638529652,0.5,127.0,695.0,780.0,973.0,2575.0,1197.0,7713.0,24544.0,1103801.0,108.44346037012106,698.7672596781484,14846.0,6785.0,97402.0,42.087377222222216,8.0,KENNEDY,0.2094682047601015,0.2899242068852477,0.22800812755399055,0.16736233178280555,0.2659804752832424,13.469798162258217,2025-06
UPZ45,2025,7,2,0,801533.0,368169.0,433364.0,494.4271638529652,0.5,158.0,665.0,843.0,1038.0,2704.0,1295.0,7259.0,25017.0,1103801.0,117.32187233024791,657.6366573322547,14846.0,6785.0,97402.0,42.087377222222216,8.0,KENNEDY,0.20882733462003433,0.19579231298025154,0.238665157891191,0.16862437354419585,0.2757856161007311,13.594281422985166,2025-07
UPZ45,2025,8,2,0,768985.0,348565.0,420420.0,494.4271638529652,0.5,168.0,855.0,963.0,1064.0,3050.0,1351.0,7846.0,26047.0,1103801.0,122.39525059317758,710.8165330526064,14846.0,6785.0,97402.0,42.087377222222216,8.0,KENNEDY,0.20655409403304356,0.2883606312216753,0.22937638575524877,0.16150770171069656,0.26051527189299234,13.552826742445784,2025-08
UPZ45,2025,9,2,0,775029.0,347759.0,427270.0,494.4271638529652,0.5,150.0,833.0,888.0,1106.0,2977.0,1272.0,8102.0,26108.0,1103801.0,115.2381634008304,734.0091193974276,14846.0,6785.0,97402.0,42.087377222222216,8.0,KENNEDY,0.20837284798375286,0.19345469653393615,0.2436295932152216,0.16880529631794422,0.27854307241118836,13.560655726990236,2025-09
UPZ45,2025,10,2,0,790221.0,351507.0,438714.0,494.4271638529652,0.5,160.0,813.0,887.0,1131.0,2991.0,1207.0,7904.0,26010.0,1103801.0,109.34942077421564,716.071103396355,14846.0,6785.0,97402.0,42.087377222222216,8.0,KENNEDY,0.20899343348253208,0.2073989428273862,0.2419905317626334,0.16926024491882644,0.27785274736312826,13.580067932156798,2025-10
UPZ45,2025,11,2,0,764667.0,341087.0,423580.0,494.4271638529652,0.5,207.0,797.0,921.0,1040.0,2965.0,1316.0,8143.0,27119.0,1103801.0,119.22438917884656,737.7235570542153,14846.0,6785.0,97402.0,42.087377222222216,8.0,KENNEDY,0.207426239134159,0.30141224873049316,0.23143669074250622,0.16151736638301376,0.2597364459934612,13.54719572392304,2025-11
UPZ45,2025,12,2,0,351856.0,351856.0,0.0,494.4271638529652,0.5,140.0,877.0,1086.0,1249.0,3352.0,1267.0,9155.0,31780.0,1103801.0,114.78518319878312,829.4067499485868,14846.0,6785.0,97402.0,42.087377222222216,8.0,KENNEDY,0.15482754308580776,0.23707425765085716,0.2913834068482561,0.12972920740302848,0.31024005391980874,12.770977279970628,2025-12
UPZ45,2026,1,2,0,641701.0,273953.0,367748.0,494.4271638529652,0.5,127.0,652.0,778.0,840.0,2397.0,1124.0,6640.0,22859.0,1104934.0,101.72553292775858,600.9408706764385,13640.0,5906.0,106864.0,42.087377222222216,8.0,KENNEDY,0.20016175757868535,0.24656966406472797,0.22819817952597857,0.1668752269359094,0.2689469712199018,13.371877742097997,2026-01
UPZ45,2026,2,2,0,728378.0,312875.0,415503.0,494.4271638529652,0.5,110.0,744.0,731.0,1143.0,2728.0,1108.0,7108.0,23390.0,1104934.0,100.27748263697195,643.2963416819466,13640.0,5906.0,106864.0,42.087377222222216,8.0,KENNEDY,0.20669212963598568,0.20346440996295878,0.23810301793848795,0.16657147799631505,0.274242302424686,13.498575423194401,2026-02
UPZ45,2026,3,2,0,771230.0,328326.0,442904.0,494.4271638529652,0.5,150.0,922.0,878.0,1111.0,3061.0,1317.0,8510.0,28228.0,1104934.0,119.19263956037192,770.1817484121224,13640.0,5906.0,106864.0,42.087377222222216,8.0,KENNEDY,0.2083878998482942,0.22276363730663998,0.2371575275858045,0.1639835068656561,0.26957630728650256,13.555741921936809,2026-03
UPZ45,2026,4,2,0,719292.0,308016.0,411276.0,494.4271638529652,0.5,143.0,717.0,826.0,1012.0,2698.0,1198.0,7416.0,24739.0,1104934.0,108.4227655226466,671.1713097795886,13640.0,5906.0,106864.0,42.087377222222216,8.0,KENNEDY,0.2112660783103385,0.2100106771658798,0.23639356478314788,0.16752306434660746,0.27233651226260785,13.486022673869506,2026-04
UPZ45,2026,5,2,0,764768.0,336991.0,427777.0,494.4271638529652,0.5,119.0,782.0,776.0,1047.0,2724.0,1141.0,7361.0,24787.0,1104934.0,103.26408636171934,666.1936369050097,13640.0,5906.0,106864.0,42.087377222222216,8.0,KENNEDY,0.20532501359889527,0.27856552575421567,0.2338787710782878,0.16257479392443197,0.2653703346060767,13.547327798839785,2026-05
UPZ45,2026,6,2,0,702241.0,315683.0,386558.0,494.4271638529652,0.5,147.0,661.0,661.0,991.0,2460.0,1123.0,6827.0,22900.0,1104934.0,101.63502978458442,617.864958450007,13640.0,5906.0,106864.0,42.087377222222216,8.0,KENNEDY,0.2896356094275327,0.24983730656569464,0.28829418960157543,0.10681233365753348,0.3162160708919646,13.462031928935628,2026-06
UPZ46,2023,1,3,0,2198959.0,939578.0,1259381.0,606.2943712116522,0.3333333333333333,186.0,644.0,746.0,806.0,2382.0,1155.0,6276.0,19597.0,1093721.0,105.60279998281098,573.8209287377676,20265.0,10284.0,91855.0,42.087377222222216,8.0,KENNEDY,0.2196725814351245,0.18739730936320317,0.23590753624783362,0.15971511974529767,0.26327782666111493,14.603494624524519,2023-01
UPZ46,2023,2,3,0,2554217.0,1152444.0,1401773.0,606.2943712116522,0.3333333333333333,170.0,681.0,826.0,974.0,2651.0,1248.0,6609.0,21007.0,1093721.0,114.10588257882952,604.2674502912535,20265.0,10284.0,91855.0,42.087377222222216,8.0,KENNEDY,0.22619691279166962,0.16951731195900738,0.24533036934606575,0.15084896858802516,0.25454034800348485,14.75325627672648,2023-02
UPZ46,2023,3,3,0,2863861.0,1273059.0,1590802.0,606.2943712116522,0.3333333333333333,171.0,742.0,815.0,892.0,2620.0,1248.0,6754.0,21300.0,1093721.0,114.10588257882952,617.5249446613899,20265.0,10284.0,91855.0,42.087377222222216,8.0,KENNEDY,0.22759693993528318,0.15934083393013831,0.24660624241190474,0.15585707546560396,0.2616485297980438,14.867681272365331,2023-03
UPZ46,2023,4,3,0,2432697.0,1053409.0,1379288.0,606.2943712116522,0.3333333333333333,204.0,841.0,1093.0,965.0,3103.0,1561.0,7666.0,24522.0,1093721.0,142.72378421919302,700.9100126997653,20265.0,10284.0,91855.0,42.087377222222216,8.0,KENNEDY,0.22785616128930156,0.22773982949787824,0.2382257223156028,0.15298863771361576,0.25413061302932044,14.704511076402316,2023-04
UPZ46,2023,5,3,0,2777276.0,1240048.0,1537228.0,606.2943712116522,0.3333333333333333,197.0,828.0,1140.0,1171.0,3336.0,1555.0,7852.0,25142.0,1093721.0,142.17519824525633,717.9161778918024,20265.0,10284.0,91855.0,42.087377222222216,8.0,KENNEDY,0.23310286770202165,0.17763016711338736,0.2445025269364658,0.15398433573040635,0.2587409949545352,14.836981149178886,2023-05
UPZ46,2023,6,3,0,2435417.0,1058699.0,1376718.0,606.2943712116522,0.3333333333333333,166.0,745.0,991.0,941.0,2843.0,1400.0,7331.0,22924.0,1093721.0,128.00339391855874,670.2806291549673,20265.0,10284.0,91855.0,42.087377222222216,8.0,KENNEDY,0.226033159824375,0.19514727867958542,0.23904448396311592,0.16051214227378716,0.26618695452265745,14.705628552403516,2023-06
UPZ46,2023,7,3,0,2412147.0,1088846.0,1323301.0,606.2943712116522,0.3333333333333333,201.0,644.0,1172.0,1027.0,3044.0,1377.0,5979.0,21761.0,1093721.0,125.90048101846814,546.6659230279021,20265.0,10284.0,91855.0,42.087377222222216,8.0,KENNEDY,0.22053631059798595,0.24547757661535552,0.2466064464562068,0.15593162439934213,0.26662235568132586,14.696027780245757,2023-07
UPZ46,2023,8,3,0,2771186.0,1240598.0,1530588.0,606.2943712116522,0.3333333333333333,147.0,618.0,718.0,833.0,2316.0,1179.0,6061.0,18722.0,1093721.0,107.79714387855768,554.1632646717032,20265.0,10284.0,91855.0,42.087377222222216,8.0,KENNEDY,0.23220455068696214,0.17737062759410585,0.245411531380427,0.15692956012335507,0.26130201651106233,14.834785945374444,2023-08
UPZ46,2023,9,3,0,2830579.0,1282690.0,1547889.0,606.2943712116522,0.3333333333333333,162.0,792.0,971.0,1036.0,2961.0,1196.0,7316.0,22377.0,1093721.0,109.35147080471162,668.9091642201256,20265.0,10284.0,91855.0,42.087377222222216,8.0,KENNEDY,0.22682002516092997,0.19060164015913347,0.24277011876368754,0.15190037091351272,0.2575975163476634,14.855991842332571,2023-09
UPZ46,2023,10,3,0,2761833.0,1250999.0,1510834.0,606.2943712116522,0.3333333333333333,209.0,902.0,991.0,1146.0,3248.0,1407.0,7206.0,23052.0,1093721.0,128.64341088815155,658.8517546979532,20265.0,10284.0,91855.0,42.087377222222216,8.0,KENNEDY,0.22476015023355866,0.1852650033510353,0.24669920302929246,0.15673467584752587,0.2651866035275263,14.831405147691092,2023-10
UPZ46,2023,11,3,0,2686294.0,1212110.0,1474184.0,606.2943712116522,0.3333333333333333,225.0,739.0,1030.0,1066.0,3060.0,1275.0,7211.0,22645.0,1093721.0,116.57451946154458,659.3089096762337,20265.0,10284.0,91855.0,42.087377222222216,8.0,KENNEDY,0.23191281371286981,0.19308124873896895,0.24012673221918376,0.15332238392372538,0.2579557053258713,14.803673106516205,2023-11
UPZ46,2023,12,3,0,2533444.0,1138115.0,1395329.0,606.2943712116522,0.3333333333333333,173.0,875.0,1025.0,1216.0,3289.0,1322.0,8087.0,25048.0,1093721.0,120.87177625738192,739.4024618709891,20265.0,10284.0,91855.0,42.087377222222216,8.0,KENNEDY,0.23697464794958953,0.24666975074246747,0.21990342000849436,0.15307857604115183,0.2395485878611953,14.74509019984485,2023-12
UPZ46,2024,1,3,0,2210799.0,965985.0,1244814.0,606.2943712116522,0.3333333333333333,104.0,491.0,680.0,666.0,1941.0,862.0,4531.0,14759.0,1099572.0,78.39413881037349,412.0694233756407,16488.0,6891.0,83977.0,42.087377222222216,8.0,KENNEDY,0.22150181902561014,0.18157779155861745,0.23415787685809514,0.16387830824964186,0.2687495359591169,14.608864546616193,2024-01
UPZ46,2024,2,3,0,2643062.0,1182572.0,1460490.0,606.2943712116522,0.3333333333333333,189.0,841.0,999.0,1091.0,3120.0,1312.0,6801.0,22151.0,1099572.0,119.31915327054526,618.5133852080628,16488.0,6891.0,83977.0,42.087377222222216,8.0,KENNEDY,0.23086140241886108,0.15534974207945176,0.2496895646034788,0.1532733624863889,0.26227055078868533,14.787448651502736,2024-02
UPZ46,2024,3,3,0,2427120.0,1046383.0,1380737.0,606.2943712116522,0.3333333333333333,130.0,685.0,865.0,906.0,2586.0,1078.0,6618.0,19945.0,1099572.0,98.03814575125595,601.8705459942596,16488.0,6891.0,83977.0,42.087377222222216,8.0,KENNEDY,0.2298506048320643,0.2381443851148686,0.24210875440851704,0.15053314216025576,0.25378580445289184,14.702215927244161,2024-03
UPZ46,2024,4,3,0,2637606.0,1151963.0,1485643.0,606.2943712116522,0.3333333333333333,121.0,544.0,632.0,739.0,2036.0,837.0,4664.0,14669.0,1099572.0,76.1205268959195,424.1650387605359,16488.0,6891.0,83977.0,42.087377222222216,8.0,KENNEDY,0.23063755541957356,0.15147258536718522,0.2534169242866448,0.15779612269611154,0.2696679776418332,14.78538224553234,2024-04
UPZ46,2024,5,3,0,2686358.0,1229731.0,1456627.0,606.2943712116522,0.3333333333333333,172.0,743.0,973.0,1052.0,2940.0,1274.0,7390.0,23471.0,1099572.0,115.8632631605752,672.0796819125987,16488.0,6891.0,83977.0,42.087377222222216,8.0,KENNEDY,0.22694071303973623,0.18247902922842002,0.24409926003905655,0.15748496663512457,0.26120792853311753,14.803696930877061,2024-05
UPZ46,2024,6,3,0,2274923.0,1050521.0,1224402.0,606.2943712116522,0.3333333333333333,167.0,904.0,972.0,1014.0,3057.0,1269.0,7660.0,23836.0,1099572.0,115.4085407776844,696.6346905887018,16488.0,6891.0,83977.0,42.087377222222216,8.0,KENNEDY,0.21686140585857192,0.25031968114964764,0.23978130248804025,0.15757368491153326,0.2630680346658901,14.637456763640548,2024-06
UPZ46,2024,7,3,0,2357102.0,1165110.0,1191992.0,606.2943712116522,0.3333333333333333,161.0,837.0,1089.0,920.0,3007.0,1221.0,7654.0,23370.0,1099572.0,111.04320590193277,696.0890237292328,16488.0,6891.0,83977.0,42.087377222222216,8.0,KENNEDY,0.2088641051596409,0.18124629311756554,0.25835326600206526,0.15958706920616927,0.284950656471119,14.672943456331938,2024-07
UPZ46,2024,8,3,0,2657706.0,1227245.0,1430461.0,606.2943712116522,0.3333333333333333,166.0,695.0,1186.0,934.0,2981.0,1327.0,6853.0,22811.0,1099572.0,120.68332041921768,623.242497990127,16488.0,6891.0,83977.0,42.087377222222216,8.0,KENNEDY,0.22296070370462345,0.20754440107370792,0.24647459124523174,0.15704935007860157,0.26352674993876013,14.792973902656835,2024-08
UPZ46,2024,9,3,0,2527938.0,1162696.0,1365242.0,606.2943712116522,0.3333333333333333,189.0,848.0,1111.0,1108.0,3256.0,1399.0,7805.0,24399.0,1099572.0,127.23132273284514,709.821639692535,16488.0,6891.0,83977.0,42.087377222222216,8.0,KENNEDY,0.2162284043358658,0.18035054657194907,0.2486492944051633,0.16137618881475727,0.2724195308925482,14.74291450863168,2024-09
UPZ46,2024,10,3,0,2754009.0,1301706.0,1452303.0,606.2943712116522,0.3333333333333333,222.0,814.0,1097.0,1086.0,3219.0,1504.0,7848.0,23933.0,1099572.0,136.78049277355188,713.7322521853957,16488.0,6891.0,83977.0,42.087377222222216,8.0,KENNEDY,0.22533840666461144,0.1660804303834882,0.25239714176678435,0.15703180345452752,0.27073894735776016,14.828568226239254,2024-10
UPZ46,2024,11,3,0,2588300.0,1190480.0,1397820.0,606.2943712116522,0.3333333333333333,156.0,752.0,810.0,1030.0,2748.0,1198.0,6773.0,22010.0,1099572.0,108.95148294063507,615.9669398638744,16488.0,6891.0,83977.0,42.087377222222216,8.0,KENNEDY,0.22688366881737043,0.22551790750685774,0.24105320094270366,0.15397674149055363,0.25666252088161695,14.766511847513824,2024-11
UPZ46,2024,12,3,0,2530105.0,1147907.0,1382198.0,606.2943712116522,0.3333333333333333,193.0,852.0,1318.0,1163.0,3526.0,1291.0,8416.0,26663.0,1099572.0,117.40931926240393,765.3887148817904,16488.0,6891.0,83977.0,42.087377222222216,8.0,KENNEDY,0.2345301874823377,0.21638192881323107,0.22238286553324862,0.1533137952772711,0.24220206200909844,14.743771361818805,2024-12
UPZ46,2025,1,3,0,2192343.0,987521.0,1204822.0,606.2943712116522,0.3333333333333333,170.0,608.0,989.0,938.0,2705.0,1112.0,5757.0,19414.0,1103801.0,100.74279693531714,521.561404637249,14846.0,6785.0,97402.0,42.087377222222216,8.0,KENNEDY,0.21501243190504402,0.17906139687083636,0.23839609039278972,0.16624497170378902,0.2760902184321357,14.600481392910812,2025-01
UPZ46,2025,2,3,0,2561396.0,1179310.0,1382086.0,606.2943712116522,0.3333333333333333,219.0,719.0,1037.0,1019.0,2994.0,1169.0,6418.0,21453.0,1103801.0,105.90677123865623,581.4453873479006,14846.0,6785.0,97402.0,42.087377222222216,8.0,KENNEDY,0.2201088781273961,0.16377475407941602,0.25072655692442714,0.15621051957604368,0.26956610908331924,14.756062980326915,2025-02
UPZ46,2025,3,3,0,2674559.0,1217222.0,1457337.0,606.2943712116522,0.3333333333333333,190.0,842.0,1243.0,1161.0,3436.0,1275.0,7799.0,26201.0,1103801.0,115.50995152205876,706.5585191533619,14846.0,6785.0,97402.0,42.087377222222216,8.0,KENNEDY,0.22305359500388658,0.20961960457780135,0.2487258647126498,0.15576997927508796,0.2677058950782235,14.799295064908288,2025-03
UPZ46,2025,4,3,0,2511439.0,1155138.0,1356301.0,606.2943712116522,0.3333333333333333,185.0,803.0,988.0,1058.0,3034.0,1308.0,7068.0,23255.0,1103801.0,118.4996208555709,640.3328136140482,14846.0,6785.0,97402.0,42.087377222222216,8.0,KENNEDY,0.226125739068319,0.1765450006948208,0.2513439506195452,0.155258399666486,0.2711360646303116,14.736366453603331,2025-04
UPZ46,2025,5,3,0,2676598.0,1226594.0,1450004.0,606.2943712116522,0.3333333333333333,216.0,818.0,1164.0,1127.0,3325.0,1291.0,7358.0,24379.0,1103801.0,116.95948816861012,666.605665332791,14846.0,6785.0,97402.0,42.087377222222216,8.0,KENNEDY,0.23061662603050584,0.1981735770556505,0.25239240259463686,0.1563275471325914,0.27352689029465205,14.800057143127514,2025-05
UPZ46,2025,6,3,0,2239806.0,976695.0,1263111.0,606.2943712116522,0.3333333333333333,185.0,938.0,960.0,1046.0,3129.0,1197.0,7713.0,24544.0,1103801.0,108.44346037012106,698.7672596781484,14846.0,6785.0,97402.0,42.087377222222216,8.0,KENNEDY,0.2265767660234859,0.22881624569270725,0.24233973835233938,0.15925888224247992,0.27080262272421457,14.62189981293775,2025-06
UPZ46,2025,7,3,0,2621844.0,1192440.0,1429404.0,606.2943712116522,0.3333333333333333,217.0,794.0,1118.0,1011.0,3140.0,1295.0,7259.0,25017.0,1103801.0,117.32187233024791,657.6366573322547,14846.0,6785.0,97402.0,42.087377222222216,8.0,KENNEDY,0.22342328529081054,0.1576588843577268,0.25174838777593167,0.1634357345440842,0.28073277016386133,14.779388444968285,2025-07
UPZ46,2025,8,3,0,2581632.0,1167010.0,1414622.0,606.2943712116522,0.3333333333333333,185.0,869.0,1131.0,1157.0,3342.0,1351.0,7846.0,26047.0,1103801.0,122.39525059317758,710.8165330526064,14846.0,6785.0,97402.0,42.087377222222216,8.0,KENNEDY,0.2226866571223164,0.22496506086072685,0.24591033888640976,0.1551042131488918,0.26157122304179237,14.763932315056763,2025-08
UPZ46,2025,9,3,0,2744487.0,1222122.0,1522365.0,606.2943712116522,0.3333333333333333,210.0,938.0,1224.0,1195.0,3567.0,1272.0,8102.0,26108.0,1103801.0,115.2381634008304,734.0091193974276,14846.0,6785.0,97402.0,42.087377222222216,8.0,KENNEDY,0.2337926905829759,0.15508909315292804,0.24319408326583433,0.16043581186575118,0.2693621776527956,14.825104730214642,2025-09
UPZ46,2025,10,3,0,2880704.0,1238058.0,1642646.0,606.2943712116522,0.3333333333333333,171.0,842.0,1175.0,1162.0,3350.0,1207.0,7904.0,26010.0,1103801.0,109.34942077421564,716.071103396355,14846.0,6785.0,97402.0,42.087377222222216,8.0,KENNEDY,0.2350557363755526,0.163105615849459,0.2316596915198507,0.16349336828775188,0.26487150899355244,14.873545266684898,2025-10
UPZ46,2025,11,3,0,2758181.0,1177363.0,1580818.0,606.2943712116522,0.3333333333333333,203.0,891.0,1183.0,1111.0,3388.0,1316.0,8143.0,27119.0,1103801.0,119.22438917884656,737.7235570542153,14846.0,6785.0,97402.0,42.087377222222216,8.0,KENNEDY,0.24422653915750997,0.2661384441412656,0.22180052723153407,0.154177698997999,0.24582391763678735,14.830081962448144,2025-11
UPZ46,2025,12,3,0,1114741.0,1114741.0,0.0,606.2943712116522,0.3333333333333333,189.0,1148.0,1580.0,1538.0,4455.0,1267.0,9155.0,31780.0,1103801.0,114.78518319878312,829.4067499485868,14846.0,6785.0,97402.0,42.087377222222216,8.0,KENNEDY,0.13143232374156863,0.20147549969006248,0.3926705844676028,0.07090256839929632,0.4415249460398599,13.924132648898038,2025-12
UPZ46,2026,1,3,0,2015117.0,887857.0,1127260.0,606.2943712116522,0.3333333333333333,170.0,751.0,1006.0,1078.0,3005.0,1124.0,6640.0,22859.0,1104934.0,101.72553292775858,600.9408706764385,13640.0,5906.0,106864.0,42.087377222222216,8.0,KENNEDY,0.21740921246756392,0.20322939065076615,0.2355476133643853,0.16500232988952993,0.2698689815178663,14.516187816193371,2026-01
UPZ46,2026,2,3,0,2460239.0,1096110.0,1364129.0,606.2943712116522,0.3333333333333333,190.0,759.0,968.0,1214.0,3131.0,1108.0,7108.0,23390.0,1104934.0,100.27748263697195,643.2963416819466,13640.0,5906.0,106864.0,42.087377222222216,8.0,KENNEDY,0.22566262871208853,0.16327153581420337,0.24479532273084034,0.1596397748348839,0.2701745876098319,14.7157690576609,2026-02
UPZ46,2026,3,3,0,2553611.0,1145765.0,1407846.0,606.2943712116522,0.3333333333333333,181.0,966.0,1308.0,1203.0,3658.0,1317.0,8510.0,28228.0,1104934.0,119.19263956037192,770.1817484121224,13640.0,5906.0,106864.0,42.087377222222216,8.0,KENNEDY,0.22448368212699585,0.17838778106767236,0.24354022597803654,0.15821595380032427,0.26864181931441566,14.753018993872459,2026-03
UPZ46,2026,4,3,0,2355193.0,1033833.0,1321360.0,606.2943712116522,0.3333333333333333,178.0,800.0,969.0,1207.0,3154.0,1198.0,7416.0,24739.0,1104934.0,108.4227655226466,671.1713097795886,13640.0,5906.0,106864.0,42.087377222222216,8.0,KENNEDY,0.2288648955733139,0.1718865502742238,0.2428896485341116,0.15918228357506156,0.2690073892646967,14.672133235365537,2026-04
UPZ46,2026,5,3,0,2448169.0,1123589.0,1324580.0,606.2943712116522,0.3333333333333333,174.0,848.0,1085.0,1124.0,3231.0,1141.0,7361.0,24787.0,1104934.0,103.26408636171934,666.1936369050097,13640.0,5906.0,106864.0,42.087377222222216,8.0,KENNEDY,0.22224527800164118,0.2219332080424186,0.24182031550926422,0.15496724286599492,0.26224343013639145,14.710850956179195,2026-05
UPZ46,2026,6,3,0,2162358.0,992644.0,1169714.0,606.2943712116522,0.3333333333333333,163.0,820.0,1032.0,1173.0,3188.0,1123.0,6827.0,22900.0,1104934.0,101.63502978458442,617.864958450007,13640.0,5906.0,106864.0,42.087377222222216,8.0,KENNEDY,0.28350717133795605,0.20517046668497996,0.26443632367998265,0.13225562094713264,0.2923453075152322,14.586709850892264,2026-06
UPZ49,2023,1,2,1,3117296.0,1228944.0,1888352.0,578.1853786683523,0.0,30.0,165.0,229.0,302.0,726.0,580.0,4431.0,11778.0,752229.0,77.10417971123155,589.0493453456328,9902.0,4163.0,61922.0,39.788368000000006,7.0,BOSA,0.2822481406962958,0.20819582099357897,0.2131007129255611,0.16575230584455242,0.2606823789048182,14.952476517346314,2023-01
UPZ49,2023,2,2,1,3370705.0,1414338.0,1956367.0,578.1853786683523,0.0,44.0,233.0,258.0,289.0,824.0,606.0,4998.0,12924.0,752229.0,80.56057397414882,664.4253279254057,9902.0,4163.0,61922.0,39.788368000000006,7.0,BOSA,0.29637598069246635,0.18893732913440953,0.2201572074684673,0.15682327584288747,0.2527379617813801,15.03063247926258,2023-02
UPZ49,2023,3,2,1,3783249.0,1564336.0,2218913.0,578.1853786683523,0.0,40.0,212.0,245.0,291.0,788.0,715.0,4814.0,13082.0,752229.0,95.05084223022511,639.9646916032219,9902.0,4163.0,61922.0,39.788368000000006,7.0,BOSA,0.293117899456261,0.18348699755157533,0.225129776020558,0.15845480960941238,0.2617354615785829,15.146093722226235,2023-03
UPZ49,2023,4,2,1,3349497.0,1378618.0,1970879.0,578.1853786683523,0.0,26.0,205.0,286.0,276.0,793.0,758.0,5271.0,14097.0,752229.0,100.76718658812676,700.7174676860371,9902.0,4163.0,61922.0,39.788368000000006,7.0,BOSA,0.2867633558113353,0.25798978174931936,0.21965536914945732,0.15736989762940518,0.24997153043902892,15.02432074327399,2023-04
UPZ49,2023,5,2,1,3776321.0,1605638.0,2170683.0,578.1853786683523,0.0,28.0,249.0,314.0,313.0,904.0,758.0,5924.0,15436.0,752229.0,100.76718658812676,787.5261389816134,9902.0,4163.0,61922.0,39.788368000000006,7.0,BOSA,0.29822120524182133,0.20307648634742648,0.22069389757915175,0.15910405921530502,0.2576352682632416,15.144260813227554,2023-05
UPZ49,2023,6,2,1,3531751.0,1495949.0,2035802.0,578.1853786683523,0.0,31.0,186.0,255.0,274.0,746.0,701.0,5312.0,14123.0,752229.0,93.18970685788504,706.1679355621759,9902.0,4163.0,61922.0,39.788368000000006,7.0,BOSA,0.2931877134033514,0.21937560150758076,0.21600758377360119,0.16156603339250133,0.25626862521857374,15.07730433991962,2023-06
UPZ49,2023,7,2,1,3461395.0,1504752.0,1956643.0,578.1853786683523,0.0,26.0,212.0,260.0,258.0,756.0,711.0,4532.0,13410.0,752229.0,94.51908926669935,602.4761076746576,9902.0,4163.0,61922.0,39.788368000000006,7.0,BOSA,0.28911407106094505,0.2743688599538625,0.21816521951409754,0.15456225019103567,0.2457677701162348,15.057182244969768,2023-07
UPZ49,2023,8,2,1,3760177.0,1611988.0,2148189.0,578.1853786683523,0.0,26.0,140.0,174.0,210.0,550.0,609.0,4479.0,12081.0,752229.0,80.95938869679313,595.4303809079415,9902.0,4163.0,61922.0,39.788368000000006,7.0,BOSA,0.3036096439077202,0.2049007267477036,0.21942158573918194,0.15484191302696648,0.2500141293830076,15.139976588726194,2023-08
UPZ49,2023,9,2,1,3877277.0,1617876.0,2259401.0,578.1853786683523,0.0,25.0,221.0,184.0,300.0,730.0,617.0,5117.0,13914.0,752229.0,82.02289462384459,680.2449785902962,9902.0,4163.0,61922.0,39.788368000000006,7.0,BOSA,0.30078531918147705,0.2113261446112826,0.21637246964815768,0.1618496692395204,0.25505964282012067,15.17064366109595,2023-09
UPZ49,2023,10,2,1,3781263.0,1591536.0,2189727.0,578.1853786683523,0.0,24.0,180.0,225.0,318.0,747.0,662.0,5262.0,14105.0,752229.0,88.00511546350911,699.5210235181042,9902.0,4163.0,61922.0,39.788368000000006,7.0,BOSA,0.2968008308335072,0.21008800498669356,0.22020499499770316,0.1572553932376563,0.2526560619960214,15.145568638771907,2023-10
UPZ49,2023,11,2,1,3622531.0,1532756.0,2089775.0,578.1853786683523,0.0,26.0,154.0,140.0,235.0,555.0,686.0,5157.0,13691.0,752229.0,91.19563324466353,685.5625082255536,9902.0,4163.0,61922.0,39.788368000000006,7.0,BOSA,0.29892470209364663,0.2169176744105157,0.2196748626857851,0.15702060244619018,0.2503355352791182,15.102683510766306,2023-11
UPZ49,2023,12,2,1,3506346.0,1450790.0,2055556.0,578.1853786683523,0.0,30.0,216.0,270.0,321.0,837.0,669.0,5755.0,14706.0,752229.0,88.93568314967915,765.059576272651,9902.0,4163.0,61922.0,39.788368000000006,7.0,BOSA,0.302415106780677,0.2715313890871009,0.2051095356818751,0.1532797961182382,0.22046833839689295,15.070085027557472,2023-12
UPZ49,2024,1,2,1,3071566.0,1274514.0,1797052.0,578.1853786683523,0.0,22.0,186.0,146.0,231.0,585.0,411.0,3264.0,8913.0,760580.0,54.03770806489784,429.1461779168529,8110.0,2941.0,53267.0,39.788368000000006,7.0,BOSA,0.29435896868242456,0.20408058951036698,0.21574141659335988,0.1601977623140769,0.2555771596352233,14.937698087227632,2024-01
UPZ49,2024,2,2,1,4914326.0,2936238.0,1978088.0,578.1853786683523,0.0,25.0,184.0,169.0,271.0,649.0,570.0,4587.0,12222.0,760580.0,74.94280680533278,603.0923768702831,8110.0,2941.0,53267.0,39.788368000000006,7.0,BOSA,0.28674532377379924,0.1759081509855064,0.2775642071771388,0.12349689458941056,0.2880898600931223,15.407665170929132,2024-02
UPZ49,2024,3,2,1,3361334.0,1501052.0,1860282.0,578.1853786683523,0.0,27.0,180.0,195.0,262.0,664.0,485.0,4663.0,11859.0,760580.0,63.76712508874806,613.0847511109943,8110.0,2941.0,53267.0,39.788368000000006,7.0,BOSA,0.30158532296998747,0.26913511123857364,0.2122740554791639,0.147445924742974,0.23172270030110298,15.027848476955812,2024-03
UPZ49,2024,4,2,1,3673474.0,1637848.0,2035626.0,578.1853786683523,0.0,28.0,105.0,132.0,153.0,418.0,380.0,3259.0,8114.0,760580.0,49.96187120355518,428.48878487470085,8110.0,2941.0,53267.0,39.788368000000006,7.0,BOSA,0.30526852782951497,0.17729783850382497,0.22031597338105557,0.15741693013207658,0.25590105115860323,15.116648366298625,2024-04
UPZ49,2024,5,2,1,3639295.0,1608125.0,2031170.0,578.1853786683523,0.0,37.0,184.0,194.0,288.0,703.0,540.0,4748.0,12625.0,760580.0,70.99844855242053,624.2604328275789,8110.0,2941.0,53267.0,39.788368000000006,7.0,BOSA,0.30126769058292885,0.209746942745779,0.2178603273436201,0.15511355908218488,0.24522399879512458,15.107300539535593,2024-05
UPZ49,2024,6,2,1,3291745.0,1450521.0,1841224.0,578.1853786683523,0.0,32.0,197.0,187.0,303.0,719.0,580.0,4950.0,13223.0,760580.0,76.25759288963685,650.8191117305214,8110.0,2941.0,53267.0,39.788368000000006,7.0,BOSA,0.2917874865762688,0.2796137003321946,0.2123262889440099,0.15619921956287616,0.23873314796595008,15.00692837726855,2024-06
UPZ49,2024,7,2,1,3307414.0,1566491.0,1740923.0,578.1853786683523,0.0,47.0,205.0,197.0,313.0,762.0,615.0,5277.0,13557.0,760580.0,80.85934418470114,693.812616687265,8110.0,2941.0,53267.0,39.788368000000006,7.0,BOSA,0.285672129343348,0.20060597191642768,0.2297894971721109,0.15693469278415095,0.26067260368173184,15.011677173121488,2024-07
UPZ49,2024,8,2,1,3648814.0,1628777.0,2020037.0,578.1853786683523,0.0,36.0,244.0,193.0,272.0,745.0,594.0,4975.0,12888.0,760580.0,78.09829340766258,654.1060769412817,8110.0,2941.0,53267.0,39.788368000000006,7.0,BOSA,0.29375572446279813,0.23788469349218677,0.22014413450507472,0.1565947181741793,0.2469801883988031,15.109912741250145,2024-08
UPZ49,2024,9,2,1,3465580.0,1540275.0,1925305.0,578.1853786683523,0.0,20.0,222.0,252.0,434.0,928.0,591.0,5505.0,14724.0,760580.0,77.70385758237134,723.7897394093981,8110.0,2941.0,53267.0,39.788368000000006,7.0,BOSA,0.2836405450169957,0.20709405063510292,0.22143393025121336,0.15536648988048177,0.24307496946721074,15.058390564765693,2024-09
UPZ49,2024,10,2,1,3843752.0,1749823.0,2093929.0,578.1853786683523,0.0,34.0,280.0,252.0,332.0,898.0,670.0,5268.0,13659.0,760580.0,88.09066764837361,692.6293092113913,8110.0,2941.0,53267.0,39.788368000000006,7.0,BOSA,0.29682326018952315,0.19066370567091737,0.22195916906189578,0.15491113890802524,0.24511753371044817,15.161959530862033,2024-10
UPZ49,2024,11,2,1,3636710.0,1604430.0,2032280.0,578.1853786683523,0.0,41.0,191.0,228.0,345.0,805.0,561.0,4755.0,12722.0,760580.0,73.75949932945909,625.1807830865919,8110.0,2941.0,53267.0,39.788368000000006,7.0,BOSA,0.3025539567356209,0.2544687368528148,0.21400359115794215,0.14745607980839825,0.2286465751158738,15.106589984743847,2024-11
UPZ49,2024,12,2,1,3699114.0,1596258.0,2102856.0,578.1853786683523,0.0,47.0,254.0,311.0,393.0,1005.0,644.0,6526.0,16529.0,760580.0,84.672223829183,858.029398616845,8110.0,2941.0,53267.0,39.788368000000006,7.0,BOSA,0.2971265551696974,0.2368153563258661,0.2024498298781816,0.15323263895084066,0.21446197303354747,15.12360388948,2024-12
UPZ49,2025,1,2,1,3228331.0,1401669.0,1826662.0,578.1853786683523,0.0,33.0,220.0,296.0,300.0,849.0,585.0,4068.0,11902.0,768002.0,76.17167663625877,529.6861206090609,8257.0,3354.0,66490.0,39.788368000000006,7.0,BOSA,0.2866794018333311,0.20463700903036275,0.2106456865792262,0.1634727046266321,0.2473779880436408,14.987475843387697,2025-01
UPZ49,2025,2,2,1,3491400.0,1555602.0,1935798.0,578.1853786683523,0.0,30.0,185.0,177.0,348.0,740.0,597.0,4553.0,13033.0,768002.0,77.73417256725894,592.8369978203182,8257.0,3354.0,66490.0,39.788368000000006,7.0,BOSA,0.2946568711691585,0.19010740677092283,0.2202236925015753,0.15694535143495447,0.24990733302478962,15.065813359872816,2025-02
UPZ49,2025,3,2,1,3647000.0,1645187.0,2001813.0,578.1853786683523,0.0,39.0,222.0,262.0,310.0,833.0,570.0,5863.0,15638.0,768002.0,74.21855672250854,763.4094702878378,8257.0,3354.0,66490.0,39.788368000000006,7.0,BOSA,0.2905867836578009,0.23818618042226483,0.2208500137098985,0.1539731285988483,0.24462409674785376,15.109415469790818,2025-03
UPZ49,2025,4,2,1,3470247.0,1555981.0,1914266.0,578.1853786683523,0.0,44.0,223.0,200.0,332.0,799.0,613.0,4963.0,13866.0,768002.0,79.81750047525918,646.2222754628243,8257.0,3354.0,66490.0,39.788368000000006,7.0,BOSA,0.29070322660029674,0.2021784040156219,0.22176951669434475,0.15856738727819655,0.2513150502241137,15.05973633094595,2025-04
UPZ49,2025,5,2,1,3819331.0,1702752.0,2116579.0,578.1853786683523,0.0,42.0,205.0,266.0,395.0,908.0,595.0,5384.0,14670.0,768002.0,77.47375657875891,701.0398410420806,8257.0,3354.0,66490.0,39.788368000000006,7.0,BOSA,0.2939069695713725,0.225346533201757,0.22141966747579608,0.15347321297892216,0.2445243579936191,15.1555858343555,2025-05
UPZ49,2025,6,2,1,3380870.0,1439712.0,1941158.0,578.1853786683523,0.0,29.0,185.0,261.0,343.0,818.0,591.0,5382.0,14557.0,768002.0,76.95292460175885,700.7794250535806,8257.0,3354.0,66490.0,39.788368000000006,7.0,BOSA,0.2890930440981167,0.2628305731956567,0.21202796913220553,0.16076926944839634,0.24563558937882976,15.033643630788124,2025-06
UPZ49,2025,7,2,1,3843603.0,1691681.0,2151922.0,578.1853786683523,0.0,45.0,178.0,229.0,377.0,829.0,567.0,5176.0,14873.0,768002.0,73.8279327397585,673.9565782380776,8257.0,3354.0,66490.0,39.788368000000006,7.0,BOSA,0.29175671889110294,0.17773922020562477,0.2212312249730266,0.16226207545368235,0.25834505998736607,15.16192076590321,2025-07
UPZ49,2025,8,2,1,3704941.0,1629858.0,2075083.0,578.1853786683523,0.0,46.0,179.0,293.0,312.0,830.0,636.0,5423.0,15340.0,768002.0,82.81228434300952,706.1179528178312,8257.0,3354.0,66490.0,39.788368000000006,7.0,BOSA,0.2879800245132108,0.257753362334245,0.2168115497655698,0.1542351146752404,0.2355607202171817,15.125177892159078,2025-08
UPZ49,2025,9,2,1,3905306.0,1753462.0,2151844.0,578.1853786683523,0.0,36.0,254.0,298.0,347.0,935.0,609.0,5326.0,15478.0,768002.0,79.29666849825911,693.4877773755798,8257.0,3354.0,66490.0,39.788368000000006,7.0,BOSA,0.28999801808104153,0.17703145412933063,0.22724518898134996,0.15698872252263965,0.2551481281039486,15.1778466992614,2025-09
UPZ49,2025,10,2,1,3993225.0,1789938.0,2203287.0,578.1853786683523,0.0,38.0,222.0,247.0,319.0,826.0,561.0,5304.0,14561.0,768002.0,73.0466847742584,690.6232015020795,8257.0,3354.0,66490.0,39.788368000000006,7.0,BOSA,0.28940768426522423,0.18941306838457636,0.22664362764432258,0.15908845607247266,0.2557060929887036,15.200109733067903,2025-10
UPZ49,2025,11,2,1,3800928.0,1690603.0,2110325.0,578.1853786683523,0.0,37.0,242.0,312.0,376.0,967.0,585.0,5745.0,16079.0,768002.0,76.17167663625877,748.044926966336,8257.0,3354.0,66490.0,39.788368000000006,7.0,BOSA,0.28952639986866363,0.27917340186396583,0.21864449944855563,0.15278242576549722,0.23613681178155932,15.150755805408393,2025-11
UPZ49,2025,12,2,1,1671700.0,1671700.0,0.0,578.1853786683523,0.0,37.0,244.0,291.0,436.0,1008.0,637.0,5923.0,17353.0,768002.0,82.94249233725954,771.2219499428387,8257.0,3354.0,66490.0,39.788368000000006,7.0,BOSA,0.20251839444876468,0.2174134114972782,0.39785009271998567,0.05056290004187346,0.48283990312315284,14.329351630690722,2025-12
UPZ49,2026,1,2,1,3258752.0,1403906.0,1854846.0,578.1853786683523,0.0,36.0,217.0,251.0,351.0,855.0,611.0,5035.0,14573.0,773327.0,79.00926774831345,651.0829183514865,9502.0,3605.0,73159.0,39.788368000000006,7.0,BOSA,0.2756180893790015,0.22991593100671665,0.2219635001374759,0.1567870153973054,0.24327926444844805,14.99685485796192,2026-01
UPZ49,2026,2,2,1,3644226.0,1602062.0,2042164.0,578.1853786683523,0.0,29.0,226.0,277.0,342.0,874.0,579.0,5086.0,14234.0,773327.0,74.87130282532486,657.6777999474996,9502.0,3605.0,73159.0,39.788368000000006,7.0,BOSA,0.2929840245912301,0.1842481778023646,0.22317166937506072,0.15413561068934792,0.2474097560436949,15.108654555197347,2026-02
UPZ49,2026,3,2,1,3798845.0,1705982.0,2092863.0,578.1853786683523,0.0,32.0,258.0,287.0,446.0,1023.0,673.0,5928.0,16872.0,773327.0,87.02657478660386,766.5580019836369,9502.0,3605.0,73159.0,39.788368000000006,7.0,BOSA,0.28796779020991903,0.20366558782998512,0.22233547301877277,0.15238210561367987,0.2462253985766173,15.150207631126829,2026-03
UPZ49,2026,4,2,1,3500633.0,1508499.0,1992134.0,578.1853786683523,0.0,44.0,243.0,268.0,357.0,912.0,619.0,5209.0,14551.0,773327.0,80.04375897906061,673.5831026202369,9502.0,3605.0,73159.0,39.788368000000006,7.0,BOSA,0.2939148434011792,0.19905399966234677,0.21726413480076318,0.1544694916605082,0.24487606158283245,15.068454367249817,2026-04
UPZ49,2026,5,2,1,3737469.0,1680428.0,2057041.0,578.1853786683523,0.0,39.0,229.0,224.0,320.0,812.0,555.0,5397.0,15008.0,773327.0,71.76782913308341,697.893646542795,9502.0,3605.0,73159.0,39.788368000000006,7.0,BOSA,0.28342709999735116,0.2603561394087817,0.21891686593253346,0.15111777515746616,0.23697120472880806,15.133919202332299,2026-05
UPZ49,2026,6,2,1,3445024.0,1546088.0,1898936.0,578.1853786683523,0.0,36.0,242.0,250.0,346.0,874.0,544.0,5004.0,13865.0,773327.0,70.34540369080608,647.0742648323413,9502.0,3605.0,73159.0,39.788368000000006,7.0,BOSA,0.33833494338500975,0.23774986763517467,0.2340192695319394,0.13425479764437054,0.25993482801496265,15.052441429023917,2026-06
UPZ53,2023,1,2,0,984179.0,413597.0,570582.0,543.5019476947248,0.5,74.0,436.0,323.0,429.0,1262.0,420.0,2512.0,7490.0,375730.0,111.78239693396851,668.5651930907833,6888.0,3281.0,36108.0,40.15385066666667,18.0,RAFAEL URIBE URIBE,0.22633992393660096,0.21628585856841082,0.2153957765812926,0.16154073598400287,0.24415969207313779,13.799563070059774,2023-01
UPZ53,2023,2,2,0,1101420.0,461781.0,639639.0,543.5019476947248,0.5,61.0,443.0,327.0,374.0,1205.0,399.0,2695.0,7705.0,375730.0,106.19327708727012,717.2703803262981,6888.0,3281.0,36108.0,40.15385066666667,18.0,RAFAEL URIBE URIBE,0.23488587459824586,0.19398412957818087,0.22104919104428822,0.15691652593924202,0.23941947689929047,13.91211081435275,2023-02
UPZ53,2023,3,2,0,1197877.0,487989.0,709888.0,543.5019476947248,0.5,69.0,420.0,317.0,330.0,1136.0,481.0,2597.0,7958.0,375730.0,128.01745934580683,691.1878210417055,6888.0,3281.0,36108.0,40.15385066666667,18.0,RAFAEL URIBE URIBE,0.2403877860581679,0.18908535684381614,0.22021459632332865,0.15984946701539468,0.24271848042765598,13.99606138126796,2023-03
UPZ53,2023,4,2,0,1043745.0,434462.0,609283.0,543.5019476947248,0.5,65.0,547.0,479.0,339.0,1430.0,519.0,2950.0,8899.0,375730.0,138.1311047826897,785.1382641790647,6888.0,3281.0,36108.0,40.15385066666667,18.0,RAFAEL URIBE URIBE,0.23549142750384433,0.26599121432917044,0.21730595116623314,0.1565995525727069,0.2363071008941162,13.858325764716566,2023-04
UPZ53,2023,5,2,0,1184370.0,487975.0,696395.0,543.5019476947248,0.5,64.0,563.0,519.0,367.0,1513.0,546.0,3274.0,9744.0,375730.0,145.3171160141591,871.3703989566976,6888.0,3281.0,36108.0,40.15385066666667,18.0,RAFAEL URIBE URIBE,0.2404375321901094,0.21119582562881528,0.2228602548190177,0.157981880662293,0.24459631692966002,13.984721545608133,2023-05
UPZ53,2023,6,2,0,1055264.0,445148.0,610116.0,543.5019476947248,0.5,82.0,586.0,451.0,371.0,1490.0,458.0,2956.0,8538.0,375730.0,121.8960423708514,786.7351555638359,6888.0,3281.0,36108.0,40.15385066666667,18.0,RAFAEL URIBE URIBE,0.23481612184249626,0.22451064378202984,0.2252450571610516,0.16060246535464112,0.25198034682121523,13.86930153055508,2023-06
UPZ53,2023,7,2,0,1092381.0,475287.0,617094.0,543.5019476947248,0.5,68.0,438.0,543.0,378.0,1427.0,506.0,2575.0,8386.0,375730.0,134.67117344901925,685.3325526308785,6888.0,3281.0,36108.0,40.15385066666667,18.0,RAFAEL URIBE URIBE,0.2284358662408079,0.28210761629870895,0.23144672051234869,0.15359933942461462,0.2507535231049507,13.903870275534054,2023-07
UPZ53,2023,8,2,0,1225564.0,546033.0,679531.0,543.5019476947248,0.5,51.0,347.0,270.0,341.0,1009.0,437.0,2283.0,7077.0,375730.0,116.30692252415297,607.6171719053575,6888.0,3281.0,36108.0,40.15385066666667,18.0,RAFAEL URIBE URIBE,0.24389423971330745,0.21051858572869303,0.23793453463058642,0.15177828330466625,0.24860255669656095,14.018911704168913,2023-08
UPZ53,2023,9,2,0,1272616.0,545249.0,727367.0,543.5019476947248,0.5,58.0,429.0,373.0,404.0,1264.0,466.0,2684.0,8524.0,375730.0,124.02523088387936,714.3427461208847,6888.0,3281.0,36108.0,40.15385066666667,18.0,RAFAEL URIBE URIBE,0.24668713893271813,0.21682267078207404,0.2322303035636829,0.15396867554706203,0.24389195958106027,14.056585182387634,2023-09
UPZ53,2023,10,2,0,1318570.0,540108.0,778462.0,543.5019476947248,0.5,70.0,486.0,520.0,441.0,1517.0,517.0,2976.0,9439.0,375730.0,137.5988076544327,792.0581268464056,6888.0,3281.0,36108.0,40.15385066666667,18.0,RAFAEL URIBE URIBE,0.24171716329053444,0.21768430951712842,0.22915886149389103,0.15856723571748174,0.24785309037833952,14.092058373999516,2023-10
UPZ53,2023,11,2,0,1308447.0,534987.0,773460.0,543.5019476947248,0.5,73.0,531.0,480.0,378.0,1462.0,498.0,2999.0,8694.0,375730.0,132.54198493599128,798.1795438213611,6888.0,3281.0,36108.0,40.15385066666667,18.0,RAFAEL URIBE URIBE,0.2466817532540485,0.22231087694037283,0.23292192958522584,0.15488972805165202,0.2491581527257778,14.084351495737668,2023-11
UPZ53,2023,12,2,0,1207842.0,505776.0,702066.0,543.5019476947248,0.5,59.0,560.0,389.0,378.0,1386.0,415.0,3284.0,9231.0,375730.0,110.45165411332606,874.0318845979826,6888.0,3281.0,36108.0,40.15385066666667,18.0,RAFAEL URIBE URIBE,0.2566776118068423,0.27718691683183727,0.21623937567993162,0.15198842232676124,0.22889797747984925,14.004345854220537,2023-12
UPZ53,2024,1,2,0,1099864.0,467923.0,631941.0,543.5019476947248,0.5,54.0,364.0,279.0,285.0,982.0,348.0,1791.0,5967.0,375542.0,92.66606664500908,476.9107050609519,5346.0,1989.0,35339.0,40.15385066666667,18.0,RAFAEL URIBE URIBE,0.2342453248765302,0.2108160645316148,0.2261043183520871,0.15826229424728872,0.25027521077541814,13.910697093761357,2024-01
UPZ53,2024,2,2,0,1248342.0,511058.0,737284.0,543.5019476947248,0.5,72.0,463.0,371.0,439.0,1345.0,468.0,2724.0,8255.0,375542.0,124.61988272949498,725.3516251178297,5346.0,1989.0,35339.0,40.15385066666667,18.0,RAFAEL URIBE URIBE,0.24680736528931976,0.18223932223701514,0.22988572041956443,0.1567583242412736,0.2461598805358749,14.037326828831368,2024-02
UPZ53,2024,3,2,0,1178602.0,458510.0,720092.0,543.5019476947248,0.5,84.0,544.0,368.0,345.0,1341.0,485.0,2706.0,7637.0,375542.0,129.1466733414638,720.5585527051568,5346.0,1989.0,35339.0,40.15385066666667,18.0,RAFAEL URIBE URIBE,0.2405782443946302,0.2684986110663311,0.2196161214727278,0.15744585534387345,0.23931195036192535,13.97983954831307,2024-03
UPZ53,2024,4,2,0,1292342.0,523209.0,769133.0,543.5019476947248,0.5,40.0,294.0,211.0,364.0,909.0,306.0,1829.0,5736.0,375542.0,81.48223101543903,487.0294134877057,5346.0,1989.0,35339.0,40.15385066666667,18.0,RAFAEL URIBE URIBE,0.24231356715172914,0.17766349774285745,0.23057596209053022,0.16151142654189057,0.25277968165933956,14.071966634178617,2024-04
UPZ53,2024,5,2,0,1296429.0,550721.0,745708.0,543.5019476947248,0.5,77.0,483.0,408.0,404.0,1372.0,512.0,2819.0,8903.0,375542.0,136.33628196047312,750.6483961847144,5346.0,1989.0,35339.0,40.15385066666667,18.0,RAFAEL URIBE URIBE,0.24462195770073014,0.2062072045596018,0.22543077947191864,0.15906848736027962,0.2446725709686563,14.075124119638334,2024-05
UPZ53,2024,6,2,0,1154737.0,505507.0,649230.0,543.5019476947248,0.5,68.0,558.0,449.0,438.0,1513.0,562.0,3229.0,9355.0,375542.0,149.65037199567558,859.8239344733746,5346.0,1989.0,35339.0,40.15385066666667,18.0,RAFAEL URIBE URIBE,0.23722544614054974,0.2799910282601146,0.22212936798595692,0.15928995087193015,0.24110165523223412,13.959383170381463,2024-06
UPZ53,2024,7,2,0,1160002.0,539889.0,620113.0,543.5019476947248,0.5,85.0,584.0,464.0,347.0,1480.0,591.0,3207.0,9008.0,375542.0,157.372544216093,853.9657348578854,5346.0,1989.0,35339.0,40.15385066666667,18.0,RAFAEL URIBE URIBE,0.2301254653009219,0.20215999627586845,0.2347151125601507,0.16278420209620323,0.25820912234710713,13.963932287218991,2024-07
UPZ53,2024,8,2,0,1285545.0,554290.0,731255.0,543.5019476947248,0.5,77.0,489.0,508.0,392.0,1466.0,534.0,2816.0,8576.0,375542.0,142.1944815759622,749.8495507826023,5346.0,1989.0,35339.0,40.15385066666667,18.0,RAFAEL URIBE URIBE,0.23941518966663936,0.2416010330249038,0.22596564103162473,0.16078161402362415,0.24263325322126836,14.066693310909697,2024-08
UPZ53,2024,9,2,0,1235941.0,519475.0,716466.0,543.5019476947248,0.5,59.0,590.0,543.0,507.0,1699.0,507.0,3330.0,10118.0,375542.0,135.00487295695288,886.7183963444835,5346.0,1989.0,35339.0,40.15385066666667,18.0,RAFAEL URIBE URIBE,0.2395785882983087,0.20286890717275335,0.22512806032003146,0.16143246320010415,0.24559100822402571,14.027343181232608,2024-09
UPZ53,2024,10,2,0,1332497.0,581125.0,751372.0,543.5019476947248,0.5,89.0,498.0,425.0,416.0,1428.0,653.0,3068.0,9214.0,375542.0,173.88201585974406,816.9525645600227,5346.0,1989.0,35339.0,40.15385066666667,18.0,RAFAEL URIBE URIBE,0.24419492126436304,0.1911471470479858,0.22743991168460412,0.1579388171230404,0.24044232184731656,14.102565183612473,2024-10
UPZ53,2024,11,2,0,1245403.0,528898.0,716505.0,543.5019476947248,0.5,65.0,538.0,430.0,413.0,1446.0,573.0,2902.0,8718.0,375542.0,152.57947180342012,772.7497856431504,5346.0,1989.0,35339.0,40.15385066666667,18.0,RAFAEL URIBE URIBE,0.2467482413323237,0.2565683557852358,0.2207438074261905,0.15541314739084452,0.23181840430291623,14.034969730282208,2024-11
UPZ53,2024,12,2,0,1232121.0,523255.0,708866.0,543.5019476947248,0.5,65.0,649.0,515.0,384.0,1613.0,506.0,3639.0,10645.0,375542.0,134.73859115624882,968.9994727620348,5346.0,1989.0,35339.0,40.15385066666667,18.0,RAFAEL URIBE URIBE,0.2565673338900968,0.23640372982848265,0.20420072379254958,0.15539058258076924,0.21726593418606097,14.024247632538609,2024-12
UPZ53,2025,1,2,0,1086050.0,458827.0,627223.0,543.5019476947248,0.5,74.0,371.0,408.0,311.0,1164.0,473.0,2306.0,7731.0,375043.0,126.11887170271142,614.8628290622675,5612.0,2429.0,43643.0,40.15385066666667,18.0,RAFAEL URIBE URIBE,0.2357414483679388,0.2062179457667695,0.21327563187698534,0.1643230053864923,0.23993446602948862,13.89805781893184,2025-01
UPZ53,2025,2,2,0,1193224.0,507486.0,685738.0,543.5019476947248,0.5,69.0,467.0,394.0,290.0,1220.0,480.0,2718.0,8275.0,375043.0,127.9853243494746,724.7168991288999,5612.0,2429.0,43643.0,40.15385066666667,18.0,RAFAEL URIBE URIBE,0.24163442907618346,0.19378172078335665,0.22752391839252312,0.15936320422653244,0.2420595948292003,13.992169445399663,2025-02
UPZ53,2025,3,2,0,1264003.0,530321.0,733682.0,543.5019476947248,0.5,74.0,570.0,465.0,435.0,1544.0,505.0,3169.0,10147.0,375043.0,134.65122665934308,844.969776798927,5612.0,2429.0,43643.0,40.15385066666667,18.0,RAFAEL URIBE URIBE,0.241292939969288,0.24221145044750686,0.22362605152044734,0.1592084828912589,0.2376519426355528,14.049794227103845,2025-03
UPZ53,2025,4,2,0,1175188.0,490718.0,684470.0,543.5019476947248,0.5,56.0,538.0,452.0,446.0,1492.0,504.0,3077.0,9086.0,375043.0,134.3845905669483,820.4392562986111,5612.0,2429.0,43643.0,40.15385066666667,18.0,RAFAEL URIBE URIBE,0.2453241523909365,0.20490338567105854,0.22228188170743746,0.15929281102257678,0.23835937450872718,13.976938692761761,2025-04
UPZ53,2025,5,2,0,1252252.0,528374.0,723878.0,543.5019476947248,0.5,57.0,602.0,463.0,454.0,1576.0,550.0,3258.0,9668.0,375043.0,146.6498508171063,868.7003890220589,5612.0,2429.0,43643.0,40.15385066666667,18.0,RAFAEL URIBE URIBE,0.24637612876641443,0.2252989014990593,0.22532445546104135,0.15440103110236594,0.23416553587472927,14.040454088343763,2025-05
UPZ53,2025,6,2,0,1087712.0,429087.0,658625.0,543.5019476947248,0.5,80.0,671.0,476.0,376.0,1603.0,569.0,3353.0,9652.0,375043.0,151.71593657260635,894.0308177995589,5612.0,2429.0,43643.0,40.15385066666667,18.0,RAFAEL URIBE URIBE,0.24474033567709094,0.26640048100967906,0.2143977449913212,0.1579875923038451,0.23536999151358273,13.899586965474887,2025-06
UPZ53,2025,7,2,0,1236991.0,514701.0,722290.0,543.5019476947248,0.5,51.0,685.0,499.0,423.0,1658.0,533.0,3353.0,9937.0,375043.0,142.11703724639574,894.0308177995589,5612.0,2429.0,43643.0,40.15385066666667,18.0,RAFAEL URIBE URIBE,0.24501875923106958,0.17906840065934188,0.22406953648005523,0.1612687561995196,0.24701238761441405,14.028192375681222,2025-07
UPZ53,2025,8,2,0,1190277.0,491977.0,698300.0,543.5019476947248,0.5,83.0,602.0,617.0,385.0,1687.0,567.0,3321.0,10406.0,375043.0,151.18266438781686,885.4984628429273,5612.0,2429.0,43643.0,40.15385066666667,18.0,RAFAEL URIBE URIBE,0.24264435925419042,0.26280773298988386,0.21942119355410541,0.15618297253496455,0.2324279989966727,13.9896966111095,2025-08
UPZ53,2025,9,2,0,1224187.0,506297.0,717890.0,543.5019476947248,0.5,64.0,617.0,459.0,378.0,1518.0,527.0,3454.0,10202.0,375043.0,140.5172206920273,920.9610631314276,5612.0,2429.0,43643.0,40.15385066666667,18.0,RAFAEL URIBE URIBE,0.24262388017516928,0.18098133700161817,0.22611904880545206,0.16170487025266558,0.24527371015423374,14.01778750816285,2025-09
UPZ53,2025,10,2,0,1220908.0,505782.0,715126.0,543.5019476947248,0.5,72.0,561.0,496.0,477.0,1606.0,584.0,3295.0,10279.0,375043.0,155.71547795852743,878.5659244406642,5612.0,2429.0,43643.0,40.15385066666667,18.0,RAFAEL URIBE URIBE,0.2427955259528154,0.19032801816353068,0.2223492679219073,0.16150356947452219,0.2401898295990744,14.015105402178685,2025-10
UPZ53,2025,11,2,0,1134983.0,469402.0,665581.0,543.5019476947248,0.5,71.0,602.0,597.0,406.0,1676.0,473.0,3247.0,10110.0,375043.0,126.11887170271142,865.7673920057167,5612.0,2429.0,43643.0,40.15385066666667,18.0,RAFAEL URIBE URIBE,0.2474636183978086,0.28055838721813453,0.21409483666275175,0.1531555979252552,0.22446748384490775,13.942128230811901,2025-11
UPZ53,2025,12,2,0,465058.0,465058.0,0.0,543.5019476947248,0.5,73.0,670.0,500.0,484.0,1727.0,412.0,3658.0,11455.0,375043.0,109.85407006663236,975.3548259799544,5612.0,2429.0,43643.0,40.15385066666667,18.0,RAFAEL URIBE URIBE,0.1678091764898141,0.2227958663220501,0.34776952552154783,0.0801405416098637,0.3768501207565629,13.049917407974002,2025-12
UPZ53,2026,1,2,0,946034.0,366709.0,579325.0,543.5019476947248,0.5,79.0,537.0,534.0,359.0,1509.0,538.0,2719.0,9569.0,373665.0,143.979232735204,727.6571260353525,5100.0,2079.0,45905.0,40.15385066666667,18.0,RAFAEL URIBE URIBE,0.23572302898204503,0.2389935245456294,0.2053330007166761,0.15988008887629826,0.23046920299428253,13.760033788191542,2026-01
UPZ53,2026,2,2,0,1045801.0,416021.0,629780.0,543.5019476947248,0.5,57.0,493.0,479.0,417.0,1446.0,453.0,2958.0,9229.0,373665.0,121.23158444060856,791.6181606519208,5100.0,2079.0,45905.0,40.15385066666667,18.0,RAFAEL URIBE URIBE,0.23664349144818178,0.1881925911334948,0.22564809174976874,0.1565546408924833,0.24039861403498666,13.860293656941485,2026-02
UPZ53,2026,3,2,0,1110573.0,437864.0,672709.0,543.5019476947248,0.5,83.0,611.0,517.0,605.0,1816.0,493.0,3484.0,10773.0,373665.0,131.93636010865347,932.3859606867114,5100.0,2079.0,45905.0,40.15385066666667,18.0,RAFAEL URIBE URIBE,0.23599079033976153,0.20763695857903983,0.22287954056149387,0.15825254170594816,0.23939057085282364,13.920386656310978,2026-03
UPZ53,2026,4,2,0,1040118.0,391032.0,649086.0,543.5019476947248,0.5,54.0,592.0,507.0,411.0,1564.0,471.0,3174.0,9668.0,373665.0,126.0487334912288,849.4239492593633,5100.0,2079.0,45905.0,40.15385066666667,18.0,RAFAEL URIBE URIBE,0.23830084663470869,0.20109160691383088,0.21790508384625581,0.16047410005403231,0.23577798306773293,13.854844726219744,2026-04
UPZ53,2026,5,2,0,1072585.0,403850.0,668735.0,543.5019476947248,0.5,63.0,553.0,449.0,414.0,1479.0,429.0,3009.0,9593.0,373665.0,114.80871903978164,805.266749628678,5100.0,2079.0,45905.0,40.15385066666667,18.0,RAFAEL URIBE URIBE,0.23661434758084435,0.2605900697846791,0.21911456900851675,0.1544520947057809,0.23175542408470587,13.885582180723125,2026-05
UPZ53,2026,6,2,0,1014096.0,426158.0,587938.0,543.5019476947248,0.5,52.0,522.0,453.0,397.0,1424.0,360.0,2799.0,8423.0,373665.0,96.34298101240417,749.0666773714423,5100.0,2079.0,45905.0,40.15385066666667,18.0,RAFAEL URIBE URIBE,0.3023993783626008,0.23990726716208322,0.2480820356258184,0.1256666035562708,0.2618176017198746,13.829508133208126,2026-06
UPZ54,2023,1,3,0,1235196.0,536665.0,698531.0,542.1259177846716,0.0,54.0,582.0,422.0,456.0,1514.0,420.0,2512.0,7490.0,375730.0,111.78239693396851,668.5651930907833,6888.0,3281.0,36108.0,40.15385066666667,18.0,RAFAEL URIBE URIBE,0.2529404240298705,0.21711453081130438,0.228556439625776,0.15118896110414862,0.24772937055046138,14.026740219905436,2023-01
UPZ54,2023,2,3,0,1230513.0,556959.0,673554.0,542.1259177846716,0.0,63.0,614.0,333.0,454.0,1464.0,399.0,2695.0,7705.0,375730.0,106.19327708727012,717.2703803262981,6888.0,3281.0,36108.0,40.15385066666667,18.0,RAFAEL URIBE URIBE,0.2560127361515075,0.19933881234899586,0.23625512286339106,0.1429403834010693,0.24227122448554914,14.022941713568493,2023-02
UPZ54,2023,3,3,0,1533901.0,671787.0,862114.0,542.1259177846716,0.0,80.0,559.0,345.0,526.0,1510.0,481.0,2597.0,7958.0,375730.0,128.01745934580683,691.1878210417055,6888.0,3281.0,36108.0,40.15385066666667,18.0,RAFAEL URIBE URIBE,0.2723715546179316,0.19561953476788912,0.23534048155650203,0.14673437203574413,0.24966082873467824,14.24332472166897,2023-03
UPZ54,2023,4,3,0,1385751.0,564556.0,821195.0,542.1259177846716,0.0,87.0,604.0,493.0,593.0,1777.0,519.0,2950.0,8899.0,375730.0,138.1311047826897,785.1382641790647,6888.0,3281.0,36108.0,40.15385066666667,18.0,RAFAEL URIBE URIBE,0.2752002343855426,0.2730663733960863,0.21772381906994837,0.1503069454757745,0.23412515478103108,14.141752788912676,2023-04
UPZ54,2023,5,3,0,1485362.0,619408.0,865954.0,542.1259177846716,0.0,98.0,700.0,571.0,456.0,1825.0,546.0,3274.0,9744.0,375730.0,145.3171160141591,871.3703989566976,6888.0,3281.0,36108.0,40.15385066666667,18.0,RAFAEL URIBE URIBE,0.2774488643172505,0.22128073829813877,0.2310453613327929,0.1439022945248363,0.2434606207246247,14.211169071555375,2023-05
UPZ54,2023,6,3,0,869223.0,536748.0,332475.0,542.1259177846716,0.0,89.0,730.0,506.0,517.0,1842.0,458.0,2956.0,8538.0,375730.0,121.8960423708514,786.7351555638359,6888.0,3281.0,36108.0,40.15385066666667,18.0,RAFAEL URIBE URIBE,0.20153401371109594,0.22603635660814314,0.3379581534312828,0.08914283216159713,0.3837113124811044,13.67535498812799,2023-06
UPZ54,2023,7,3,0,871490.0,562709.0,308781.0,542.1259177846716,0.0,99.0,625.0,540.0,515.0,1779.0,506.0,2575.0,8386.0,375730.0,134.67117344901925,685.3325526308785,6888.0,3281.0,36108.0,40.15385066666667,18.0,RAFAEL URIBE URIBE,0.19473315815442516,0.2743427922294002,0.34024945782510413,0.08312200943212195,0.3862606526352132,13.677959669407075,2023-07
UPZ54,2023,8,3,0,895766.0,558346.0,337420.0,542.1259177846716,0.0,79.0,501.0,385.0,468.0,1433.0,437.0,2283.0,7077.0,375730.0,116.30692252415297,607.6171719053575,6888.0,3281.0,36108.0,40.15385066666667,18.0,RAFAEL URIBE URIBE,0.19817117416825372,0.21298084544401102,0.3428283725883768,0.08475985915964657,0.39202307227067446,13.705434497134384,2023-08
UPZ54,2023,9,3,0,848349.0,527008.0,321341.0,542.1259177846716,0.0,64.0,575.0,553.0,540.0,1732.0,466.0,2684.0,8524.0,375730.0,124.02523088387936,714.3427461208847,6888.0,3281.0,36108.0,40.15385066666667,18.0,RAFAEL URIBE URIBE,0.19762149775623,0.2191173679700217,0.338601212472697,0.08873942210104563,0.3858718705289298,13.651047386711625,2023-09
UPZ54,2023,10,3,0,765722.0,468364.0,297358.0,542.1259177846716,0.0,75.0,676.0,487.0,560.0,1798.0,517.0,2976.0,9439.0,375730.0,137.5988076544327,792.0581268464056,6888.0,3281.0,36108.0,40.15385066666667,18.0,RAFAEL URIBE URIBE,0.19274749843938138,0.22401341479022405,0.3188951081462985,0.09210000496263654,0.37290827442043506,13.548574458567789,2023-10
UPZ54,2023,11,3,0,708025.0,422306.0,285719.0,542.1259177846716,0.0,68.0,679.0,562.0,532.0,1841.0,498.0,2999.0,8694.0,375730.0,132.54198493599128,798.1795438213611,6888.0,3281.0,36108.0,40.15385066666667,18.0,RAFAEL URIBE URIBE,0.2002429292750962,0.2300879206242717,0.3151654249496839,0.09431729105610671,0.36025500598082016,13.470234682786911,2023-11
UPZ54,2023,12,3,0,632370.0,363700.0,268670.0,542.1259177846716,0.0,75.0,720.0,573.0,542.0,1910.0,415.0,3284.0,9231.0,375730.0,110.45165411332606,874.0318845979826,6888.0,3281.0,36108.0,40.15385066666667,18.0,RAFAEL URIBE URIBE,0.2146575580751775,0.285543273716337,0.2858136850261713,0.1026171387004443,0.3157673719855141,13.35722994486205,2023-12
UPZ54,2024,1,3,0,420465.0,218186.0,202279.0,542.1259177846716,0.0,73.0,386.0,327.0,414.0,1200.0,348.0,1791.0,5967.0,375542.0,92.66606664500908,476.9107050609519,5346.0,1989.0,35339.0,40.15385066666667,18.0,RAFAEL URIBE URIBE,0.21820127715743276,0.1953575208400223,0.25728419725779794,0.1376713876303616,0.27216471725204305,12.949116520686031,2024-01
UPZ54,2024,2,3,0,1216913.0,520463.0,696450.0,542.1259177846716,0.0,76.0,610.0,472.0,513.0,1671.0,468.0,2724.0,8255.0,375542.0,124.61988272949498,725.3516251178297,5346.0,1989.0,35339.0,40.15385066666667,18.0,RAFAEL URIBE URIBE,0.2844574755960368,0.18369924555001055,0.22484598323791424,0.15812880624991266,0.2637169212157208,14.011827882150564,2024-02
UPZ54,2024,3,3,0,1229067.0,511488.0,717579.0,542.1259177846716,0.0,73.0,556.0,468.0,401.0,1498.0,485.0,2706.0,7637.0,375542.0,129.1466733414638,720.5585527051568,5346.0,1989.0,35339.0,40.15385066666667,18.0,RAFAEL URIBE URIBE,0.27864469552921034,0.28045257093388726,0.20962730266128696,0.16076747646792236,0.2519538249288997,14.021765902928793,2024-03
UPZ54,2024,4,3,0,1347539.0,548796.0,798743.0,542.1259177846716,0.0,51.0,441.0,297.0,354.0,1143.0,306.0,1829.0,5736.0,375542.0,81.48223101543903,487.0294134877057,5346.0,1989.0,35339.0,40.15385066666667,18.0,RAFAEL URIBE URIBE,0.28741208974285715,0.18326964933853487,0.21332221182466699,0.16503789500712035,0.2611956401402051,14.113790523832549,2024-04
UPZ54,2024,5,3,0,1328547.0,534570.0,793977.0,542.1259177846716,0.0,91.0,612.0,586.0,439.0,1728.0,512.0,2819.0,8903.0,375542.0,136.33628196047312,750.6483961847144,5346.0,1989.0,35339.0,40.15385066666667,18.0,RAFAEL URIBE URIBE,0.2895336032522748,0.21898510176907554,0.20387611428124103,0.1649042149054568,0.25365644655964165,14.099596421802351,2024-05
UPZ54,2024,6,3,0,1069087.0,459469.0,609618.0,542.1259177846716,0.0,109.0,710.0,644.0,524.0,1987.0,562.0,3229.0,9355.0,375542.0,149.65037199567558,859.8239344733746,5346.0,1989.0,35339.0,40.15385066666667,18.0,RAFAEL URIBE URIBE,0.27830475910753755,0.2889942539755885,0.20111366053464308,0.16712016889177397,0.24869507349068398,13.882315571167114,2024-06
UPZ54,2024,7,3,0,1101628.0,520584.0,581044.0,542.1259177846716,0.0,93.0,775.0,543.0,464.0,1875.0,591.0,3207.0,9008.0,375542.0,157.372544216093,853.9657348578854,5346.0,1989.0,35339.0,40.15385066666667,18.0,RAFAEL URIBE URIBE,0.26372604908371966,0.20783967001564957,0.23071399782866803,0.16335369108265216,0.2657749804661557,13.912299643647998,2024-07
UPZ54,2024,8,3,0,1329551.0,538863.0,790688.0,542.1259177846716,0.0,82.0,677.0,485.0,490.0,1734.0,534.0,2816.0,8576.0,375542.0,142.1944815759622,749.8495507826023,5346.0,1989.0,35339.0,40.15385066666667,18.0,RAFAEL URIBE URIBE,0.2816319193472082,0.24284814948806022,0.20782053490238434,0.16825680248444772,0.25569669764164654,14.100351849215297,2024-08
UPZ54,2024,9,3,0,1152233.0,452362.0,699871.0,542.1259177846716,0.0,82.0,788.0,609.0,869.0,2348.0,507.0,3330.0,10118.0,375542.0,135.00487295695288,886.7183963444835,5346.0,1989.0,35339.0,40.15385066666667,18.0,RAFAEL URIBE URIBE,0.2896063556589683,0.23539856956014968,0.19837741151312274,0.16608099229930054,0.24843680917865554,13.95721235673124,2024-09
UPZ54,2024,10,3,0,1373202.0,554890.0,818312.0,542.1259177846716,0.0,115.0,687.0,573.0,562.0,1937.0,653.0,3068.0,9214.0,375542.0,173.88201585974406,816.9525645600227,5346.0,1989.0,35339.0,40.15385066666667,18.0,RAFAEL URIBE URIBE,0.29062803578788843,0.1983429968788277,0.20708752244753495,0.16463856009531005,0.24825020620496746,14.132655797016696,2024-10
UPZ54,2024,11,3,0,1282750.0,478685.0,804065.0,542.1259177846716,0.0,166.0,688.0,553.0,591.0,1998.0,573.0,2902.0,8718.0,375542.0,152.57947180342012,772.7497856431504,5346.0,1989.0,35339.0,40.15385066666667,18.0,RAFAEL URIBE URIBE,0.29691678035470664,0.26359462093159225,0.19182381602026893,0.1654227246150847,0.24271081233837244,14.06451676880421,2024-11
UPZ54,2024,12,3,0,1208084.0,465141.0,742943.0,542.1259177846716,0.0,95.0,845.0,707.0,664.0,2311.0,506.0,3639.0,10645.0,375542.0,134.73859115624882,968.9994727620348,5346.0,1989.0,35339.0,40.15385066666667,18.0,RAFAEL URIBE URIBE,0.30056270921558437,0.22688405773108491,0.1860590819843653,0.1637924184079915,0.23360494118746652,14.004546191483193,2024-12
UPZ54,2025,1,3,0,1132109.0,406152.0,725957.0,542.1259177846716,0.0,101.0,544.0,551.0,431.0,1627.0,473.0,2306.0,7731.0,375043.0,126.11887170271142,614.8628290622675,5612.0,2429.0,43643.0,40.15385066666667,18.0,RAFAEL URIBE URIBE,0.28839979189283005,0.2131093384117606,0.18302477941611628,0.17905784690343418,0.25781408460516575,13.939592822862355,2025-01
UPZ54,2025,2,3,0,1225432.0,454747.0,770685.0,542.1259177846716,0.0,105.0,619.0,502.0,534.0,1760.0,480.0,2718.0,8275.0,375043.0,127.9853243494746,724.7168991288999,5612.0,2429.0,43643.0,40.15385066666667,18.0,RAFAEL URIBE URIBE,0.2945581639780909,0.19527317713263567,0.19738426938418444,0.1704925283491862,0.2524364005348718,14.018803992854714,2025-02
UPZ54,2025,3,3,0,1276160.0,474089.0,802071.0,542.1259177846716,0.0,80.0,732.0,650.0,602.0,2064.0,505.0,3169.0,10147.0,375043.0,134.65122665934308,844.969776798927,5612.0,2429.0,43643.0,40.15385066666667,18.0,RAFAEL URIBE URIBE,0.29256597918756266,0.2471563126880642,0.19540339769307916,0.16784337387161477,0.24486361863081185,14.059366126875501,2025-03
UPZ54,2025,4,3,0,1178766.0,434240.0,744526.0,542.1259177846716,0.0,98.0,687.0,589.0,487.0,1861.0,504.0,3077.0,9086.0,375043.0,134.3845905669483,820.4392562986111,5612.0,2429.0,43643.0,40.15385066666667,18.0,RAFAEL URIBE URIBE,0.2915285985513664,0.21338925622218485,0.1936601496819555,0.16993364247017634,0.2467735223467439,13.979978686538637,2025-04
UPZ54,2025,5,3,0,1275178.0,465346.0,809832.0,542.1259177846716,0.0,101.0,712.0,633.0,498.0,1944.0,550.0,3258.0,9668.0,375043.0,146.6498508171063,868.7003890220589,5612.0,2429.0,43643.0,40.15385066666667,18.0,RAFAEL URIBE URIBE,0.2945165302412682,0.23258948946735275,0.19088707615721096,0.16852157110615146,0.24239629288095338,14.058596334673533,2025-05
UPZ54,2025,6,3,0,1127299.0,389766.0,737533.0,542.1259177846716,0.0,118.0,822.0,720.0,435.0,2095.0,569.0,3353.0,9652.0,375043.0,151.71593657260635,894.0308177995589,5612.0,2429.0,43643.0,40.15385066666667,18.0,RAFAEL URIBE URIBE,0.2928610776732703,0.27281138367017094,0.18245203801298499,0.17337636243800447,0.24763757108997642,13.935335063956916,2025-06
UPZ54,2025,7,3,0,1238930.0,444050.0,794880.0,542.1259177846716,0.0,102.0,703.0,625.0,470.0,1900.0,533.0,3353.0,9937.0,375043.0,142.11703724639574,894.0308177995589,5612.0,2429.0,43643.0,40.15385066666667,18.0,RAFAEL URIBE URIBE,0.2893682451793079,0.1895966680926283,0.18990984155682727,0.17746119635491908,0.25710153252633017,14.029758661840113,2025-07
UPZ54,2025,8,3,0,1200742.0,423479.0,777263.0,542.1259177846716,0.0,106.0,722.0,714.0,612.0,2154.0,567.0,3321.0,10406.0,375043.0,151.18266438781686,885.4984628429273,5612.0,2429.0,43643.0,40.15385066666667,18.0,RAFAEL URIBE URIBE,0.2911424769017824,0.2737190836999122,0.1826362365937062,0.17234260149141112,0.24247878667086303,13.998450257002274,2025-08
UPZ54,2025,9,3,0,1253567.0,454516.0,799051.0,542.1259177846716,0.0,86.0,719.0,693.0,567.0,2065.0,527.0,3454.0,10202.0,375043.0,140.5172206920273,920.9610631314276,5612.0,2429.0,43643.0,40.15385066666667,18.0,RAFAEL URIBE URIBE,0.2895696839498806,0.18695051800183,0.19237184769541635,0.177172021918254,0.2545346917855453,14.041503645491117,2025-09
UPZ54,2025,10,3,0,1259126.0,456128.0,802998.0,542.1259177846716,0.0,99.0,693.0,644.0,651.0,2087.0,584.0,3295.0,10279.0,375043.0,155.71547795852743,878.5659244406642,5612.0,2429.0,43643.0,40.15385066666667,18.0,RAFAEL URIBE URIBE,0.2918540320825715,0.19828515970601826,0.18905733024335925,0.1771077715812397,0.2523736560847281,14.04592838744699,2025-10
UPZ54,2025,11,3,0,1181602.0,423700.0,757902.0,542.1259177846716,0.0,96.0,641.0,736.0,546.0,2019.0,473.0,3247.0,10110.0,375043.0,126.11887170271142,865.7673920057167,5612.0,2429.0,43643.0,40.15385066666667,18.0,RAFAEL URIBE URIBE,0.2974537957789509,0.2893893206003375,0.18279420650946762,0.16640290046902426,0.2356517376412992,13.982381702818051,2025-11
UPZ54,2025,12,3,0,418901.0,418901.0,0.0,542.1259177846716,0.0,59.0,801.0,823.0,645.0,2328.0,412.0,3658.0,11455.0,375043.0,109.85407006663236,975.3548259799544,5612.0,2429.0,43643.0,40.15385066666667,18.0,RAFAEL URIBE URIBE,0.18359469182455998,0.233752127591006,0.37385444293520426,0.06183799990928644,0.4307899000959338,12.945389894136861,2025-12
UPZ54,2026,1,3,0,1010179.0,340451.0,669728.0,542.1259177846716,0.0,115.0,661.0,773.0,582.0,2131.0,538.0,2719.0,9569.0,373665.0,143.979232735204,727.6571260353525,5100.0,2079.0,45905.0,40.15385066666667,18.0,RAFAEL URIBE URIBE,0.2840001623474651,0.24523376550096562,0.17643506744844228,0.1765301001109704,0.248235895964531,13.825638100837237,2026-01
UPZ54,2026,2,3,0,1127457.0,378657.0,748800.0,542.1259177846716,0.0,95.0,692.0,533.0,559.0,1879.0,453.0,2958.0,9229.0,373665.0,121.23158444060856,791.6181606519208,5100.0,2079.0,45905.0,40.15385066666667,18.0,RAFAEL URIBE URIBE,0.28732182247305216,0.19812374219149823,0.18619335371548537,0.17439157324846974,0.25181140309924976,13.935475212159435,2026-02
UPZ54,2026,3,3,0,1231785.0,424649.0,807136.0,542.1259177846716,0.0,98.0,758.0,713.0,659.0,2228.0,493.0,3484.0,10773.0,373665.0,131.93636010865347,932.3859606867114,5100.0,2079.0,45905.0,40.15385066666667,18.0,RAFAEL URIBE URIBE,0.2873975572035704,0.21550270542343017,0.19290298225745559,0.17074489460417197,0.25479824144800006,14.023974894859426,2026-03
UPZ54,2026,4,3,0,1187731.0,457859.0,729872.0,542.1259177846716,0.0,84.0,746.0,702.0,554.0,2086.0,471.0,3174.0,9668.0,373665.0,126.0487334912288,849.4239492593633,5100.0,2079.0,45905.0,40.15385066666667,18.0,RAFAEL URIBE URIBE,0.2929375422549382,0.2086903516031828,0.2131593769969799,0.15959169205821852,0.2550180621904866,13.987555322288932,2026-04
UPZ54,2026,5,3,0,1261042.0,489242.0,771800.0,542.1259177846716,0.0,79.0,683.0,784.0,544.0,2090.0,429.0,3009.0,9593.0,373665.0,114.80871903978164,805.266749628678,5100.0,2079.0,45905.0,40.15385066666667,18.0,RAFAEL URIBE URIBE,0.2998123773831482,0.26299441255723444,0.2086274683951843,0.15423039042315798,0.24619389624688076,14.04744892129168,2026-05
UPZ54,2026,6,3,0,1130566.0,453299.0,677267.0,542.1259177846716,0.0,74.0,676.0,599.0,484.0,1833.0,360.0,2799.0,8423.0,373665.0,96.34298101240417,749.0666773714423,5100.0,2079.0,45905.0,40.15385066666667,18.0,RAFAEL URIBE URIBE,0.33418924680204426,0.23856723092681012,0.22831130601840138,0.1402067636918145,0.2603490778329565,13.938228950243278,2026-06
UPZ56,2023,1,1,1,2428786.0,910342.0,1518444.0,244.57719507928536,1.0,39.0,247.0,142.0,279.0,707.0,310.0,2586.0,6556.0,391852.0,79.11150128109593,659.9430397190775,4824.0,1842.0,32838.0,25.858706111111115,5.0,USME,0.3076545237003177,0.2064615820413984,0.2028754283003937,0.1484498840161298,0.2263357552407557,14.702902102003462,2023-01
UPZ56,2023,2,1,1,2582013.0,1027889.0,1554124.0,244.57719507928536,1.0,39.0,242.0,150.0,287.0,718.0,294.0,2540.0,6573.0,391852.0,75.02832702142646,648.2039137225279,4824.0,1842.0,32838.0,25.858706111111115,5.0,USME,0.3240440694915169,0.1882329794621483,0.2002759087580116,0.1398668403296188,0.207521310843658,14.76407988523275,2023-02
UPZ56,2023,3,1,1,2844004.0,1168650.0,1675354.0,244.57719507928536,1.0,34.0,324.0,184.0,342.0,884.0,298.0,2657.0,6721.0,391852.0,76.04912058634382,678.0621254963609,4824.0,1842.0,32838.0,25.858706111111115,5.0,USME,0.3320223881541657,0.181949814416576,0.1863583876815925,0.1419864388376387,0.2018291542873349,14.86072347637404,2023-03
UPZ56,2023,4,1,1,2511157.0,985276.0,1525881.0,244.57719507928536,1.0,35.0,319.0,270.0,268.0,892.0,301.0,3094.0,7623.0,391852.0,76.81471576003185,789.5838224635831,4824.0,1842.0,32838.0,25.858706111111115,5.0,USME,0.3173369884877767,0.2589216843072735,0.1878110369045026,0.143449812178211,0.1966875586538412,14.736254161075605,2023-04
UPZ56,2023,5,1,1,2761172.0,1077727.0,1683445.0,244.57719507928536,1.0,44.0,320.0,215.0,274.0,853.0,355.0,3170.0,7964.0,391852.0,90.5954288864163,808.9789001970132,4824.0,1842.0,32838.0,25.858706111111115,5.0,USME,0.3268213642612629,0.2019866926073421,0.1906900403162135,0.1432283102972216,0.2056123578010954,14.831165785241428,2023-05
UPZ56,2023,6,1,1,2541800.0,936417.0,1605383.0,244.57719507928536,1.0,46.0,287.0,167.0,295.0,795.0,365.0,2812.0,7048.0,391852.0,93.14741279870972,717.6178761369089,4824.0,1842.0,32838.0,25.858706111111115,5.0,USME,0.3164328428672594,0.21901054370918244,0.1871000865528365,0.1505594460618459,0.21073144851068,14.748383049430107,2023-06
UPZ56,2023,7,1,1,2485600.0,945404.0,1540196.0,244.57719507928536,1.0,42.0,247.0,175.0,250.0,714.0,348.0,2384.0,6774.0,391852.0,88.80904014781092,608.3929646907505,4824.0,1842.0,32838.0,25.858706111111115,5.0,USME,0.3194335371741229,0.2772469423881558,0.1890875442549082,0.1430165754747344,0.1941785788567123,14.726024637060975,2023-07
UPZ56,2023,8,1,1,2632846.0,992153.0,1640693.0,244.57719507928536,1.0,36.0,255.0,141.0,226.0,658.0,314.0,2424.0,5847.0,391852.0,80.1322948460133,618.6009003399242,4824.0,1842.0,32838.0,25.858706111111115,5.0,USME,0.3342048870309923,0.2110461455018637,0.1897376451186282,0.1411446016971748,0.1946476535086297,14.783575948351677,2023-08
UPZ56,2023,9,1,1,2606633.0,977962.0,1628671.0,244.57719507928536,1.0,35.0,278.0,201.0,224.0,738.0,318.0,2885.0,6875.0,391852.0,81.15308841093066,736.2473586966508,4824.0,1842.0,32838.0,25.858706111111115,5.0,USME,0.3255820823261272,0.213227562146263,0.1866166046390113,0.1477031864478045,0.1986887945082223,14.773569908168954,2023-09
UPZ56,2023,10,1,1,2572963.0,955114.0,1617849.0,244.57719507928536,1.0,30.0,291.0,206.0,333.0,860.0,322.0,3053.0,7634.0,391852.0,82.17388197584802,779.1206884231801,4824.0,1842.0,32838.0,25.858706111111115,5.0,USME,0.3209906244279455,0.2122801610439015,0.1858681994261091,0.1511646300393748,0.2086948995018126,14.760568711059436,2023-10
UPZ56,2023,11,1,1,2460908.0,917809.0,1543099.0,244.57719507928536,1.0,41.0,356.0,228.0,253.0,878.0,318.0,3014.0,7232.0,391852.0,81.15308841093066,769.1679511652359,4824.0,1842.0,32838.0,25.858706111111115,5.0,USME,0.3270463584985704,0.2176643742878644,0.1863645451191186,0.1503063097035728,0.2101210141673131,14.716040945496854,2023-11
UPZ56,2023,12,1,1,2399923.0,895984.0,1503939.0,244.57719507928536,1.0,36.0,342.0,246.0,246.0,870.0,287.0,3130.0,7361.0,391852.0,73.24193828282107,798.7709645478395,4824.0,1842.0,32838.0,25.858706111111115,5.0,USME,0.328711379490092,0.2699940789767005,0.1802649501671512,0.1492968732746842,0.2010507234375831,14.69094721147016,2023-12
UPZ56,2024,1,1,1,2185854.0,803985.0,1381869.0,244.57719507928536,1.0,19.0,215.0,166.0,314.0,714.0,236.0,2114.0,5583.0,395664.0,59.64656880585547,534.2917222694003,4429.0,1381.0,31779.0,25.858706111111115,5.0,USME,0.3178290956303577,0.2081612038132464,0.1829481749467256,0.155854416626179,0.2249351442718428,14.597517156833081,2024-01
UPZ56,2024,2,1,1,2483257.0,958631.0,1524626.0,244.57719507928536,1.0,31.0,264.0,168.0,329.0,792.0,337.0,2872.0,7051.0,395664.0,85.17327833717498,725.8684136034616,4429.0,1381.0,31779.0,25.858706111111115,5.0,USME,0.3266278923204485,0.181219664335991,0.1889385593194744,0.1507270491938611,0.2115905049646411,14.725081562960169,2024-02
UPZ56,2024,3,1,1,2342733.0,905719.0,1437014.0,244.57719507928536,1.0,20.0,253.0,150.0,257.0,680.0,246.0,2672.0,6518.0,395664.0,62.17396578915444,675.3204739374823,4429.0,1381.0,31779.0,25.858706111111115,5.0,USME,0.3116082797314077,0.2691343827913808,0.1899354301151689,0.1528889549086473,0.2142449586748517,14.666828754530332,2024-03
UPZ56,2024,4,1,1,2484445.0,952794.0,1531651.0,244.57719507928536,1.0,13.0,154.0,94.0,173.0,434.0,177.0,1897.0,4649.0,395664.0,44.7349266043916,479.44720773181285,4429.0,1381.0,31779.0,25.858706111111115,5.0,USME,0.3201576207160955,0.177500407535687,0.1919837227227811,0.1538230872488624,0.22284636996492002,14.725559852528523,2024-04
UPZ56,2024,5,1,1,2415240.0,889741.0,1525499.0,244.57719507928536,1.0,29.0,318.0,193.0,258.0,798.0,314.0,2783.0,6882.0,395664.0,79.36026527558737,703.3745804521008,4429.0,1381.0,31779.0,25.858706111111115,5.0,USME,0.3273310312846756,0.204121329557311,0.1842669879597887,0.1554338285222172,0.22032279416228098,14.697309219013043,2024-05
UPZ56,2024,6,1,1,2180762.0,803810.0,1376952.0,244.57719507928536,1.0,29.0,298.0,201.0,294.0,822.0,284.0,3112.0,7455.0,395664.0,71.77807432569048,786.5259412026365,4429.0,1381.0,31779.0,25.858706111111115,5.0,USME,0.3220200095196083,0.2745471537013209,0.1820464589900227,0.1573500455345425,0.2227269963364394,14.595184914974352,2024-06
UPZ56,2024,7,1,1,2165694.0,857413.0,1308281.0,244.57719507928536,1.0,30.0,286.0,185.0,347.0,848.0,330.0,2969.0,7160.0,395664.0,83.4041004488657,750.3841643414614,4429.0,1381.0,31779.0,25.858706111111115,5.0,USME,0.3140051179898914,0.1978760618997882,0.1986975075887914,0.1579973902130217,0.2367637732784214,14.588251422324701,2024-07
UPZ56,2024,8,1,1,2483639.0,951135.0,1532504.0,244.57719507928536,1.0,31.0,282.0,195.0,231.0,739.0,337.0,2904.0,7104.0,395664.0,85.17327833717498,733.9560839500182,4429.0,1381.0,31779.0,25.858706111111115,5.0,USME,0.3176633158039473,0.2278209514345684,0.2059953157443573,0.1518243996007471,0.2344253374098,14.72523538136134,2024-08
UPZ56,2024,9,1,1,2000198.0,802262.0,1197936.0,244.57719507928536,1.0,32.0,274.0,215.0,345.0,866.0,294.0,3091.0,7719.0,395664.0,74.30547130898945,781.2184075377088,4429.0,1381.0,31779.0,25.858706111111115,5.0,USME,0.3072010870923778,0.2198487349752374,0.2105751530598471,0.1374808893919502,0.2103963865371147,14.508756733624043,2024-09
UPZ56,2024,10,2,1,2608741.0,1055328.0,1553413.0,665.4389103117772,0.5,48.0,327.0,225.0,343.0,943.0,358.0,3021.0,7481.0,395664.0,90.4808120021028,763.526628654616,4429.0,1381.0,31779.0,25.858706111111115,5.0,USME,0.32040206367745977,0.17997915469569417,0.21515972647342144,0.14664430083323715,0.23541895450050038,14.77437828743947,2024-10
UPZ56,2024,11,2,1,2525508.0,996864.0,1528644.0,665.4389103117772,0.5,42.0,269.0,179.0,277.0,767.0,297.0,3000.0,7211.0,395664.0,75.06369040397914,758.2190949896882,4429.0,1381.0,31779.0,25.858706111111115,5.0,USME,0.31750998215012577,0.23920058855485707,0.20832442423464897,0.15042359794544302,0.23446683249515052,14.741952788574794,2024-11
UPZ56,2024,12,2,1,2548415.0,990018.0,1558397.0,665.4389103117772,0.5,38.0,307.0,265.0,325.0,935.0,330.0,3749.0,9145.0,395664.0,83.4041004488657,947.5211290387804,4429.0,1381.0,31779.0,25.858706111111115,5.0,USME,0.31683536629630576,0.2212928428062148,0.1961740925241767,0.15225071269789253,0.219434835694181,14.750982155253293,2024-12
UPZ56,2025,1,2,1,2239157.0,858275.0,1380882.0,665.4389103117772,0.5,47.0,274.0,196.0,283.0,800.0,257.0,2584.0,6532.0,399153.0,64.38633807086505,647.3708076852736,4377.0,1612.0,38415.0,25.858706111111115,5.0,USME,0.3039402775240861,0.19722958238301283,0.19564014492954265,0.16218380399409238,0.23965008821896094,14.621610013712107,2025-01
UPZ56,2025,2,2,1,2382727.0,925980.0,1456747.0,665.4389103117772,0.5,31.0,229.0,180.0,246.0,686.0,321.0,2646.0,6952.0,399153.0,80.42028996399877,662.9036985817468,4377.0,1612.0,38415.0,25.858706111111115,5.0,USME,0.3048141897917806,0.18788388262692277,0.2026342086189479,0.15941985800303599,0.2369860615435125,14.683756188041082,2025-02
UPZ56,2025,3,2,1,2531349.0,1002312.0,1529037.0,665.4389103117772,0.5,30.0,287.0,213.0,339.0,869.0,284.0,3122.0,8195.0,399153.0,71.15066152578085,782.1562157869288,4377.0,1612.0,38415.0,25.858706111111115,5.0,USME,0.311677686482583,0.23125732563941193,0.20699160803192285,0.15248193749656794,0.23498446737588807,14.744262920183278,2025-03
UPZ56,2025,4,2,1,2602175.0,1009857.0,1592318.0,665.4389103117772,0.5,24.0,243.0,225.0,255.0,747.0,267.0,2943.0,7317.0,399153.0,66.89164305416719,737.3112565858205,4377.0,1612.0,38415.0,25.858706111111115,5.0,USME,0.3149192502425855,0.1981027409762986,0.2038659967142871,0.15477283426364477,0.23579622249697021,14.771858191749963,2025-04
UPZ56,2025,5,2,1,2815372.0,1104156.0,1711216.0,665.4389103117772,0.5,35.0,301.0,235.0,340.0,911.0,330.0,3055.0,8061.0,399153.0,82.6750644489707,765.3706723988045,4377.0,1612.0,38415.0,25.858706111111115,5.0,USME,0.30955234334929804,0.21889753822940627,0.2085621367265143,0.15231628360301935,0.23242860326957612,14.850604960025702,2025-05
UPZ56,2025,6,2,1,2462548.0,945220.0,1517328.0,665.4389103117772,0.5,34.0,326.0,254.0,299.0,913.0,303.0,3387.0,8392.0,399153.0,75.91074099405492,848.5467978444356,4377.0,1612.0,38415.0,25.858706111111115,5.0,USME,0.30771176846095993,0.2572242246648593,0.2023059042910026,0.15702475647175201,0.23815651647841043,14.716707144224193,2025-06
UPZ56,2025,7,2,1,2834036.0,1155242.0,1678794.0,665.4389103117772,0.5,43.0,308.0,235.0,353.0,939.0,295.0,2832.0,7972.0,399153.0,73.90649700741321,709.5023712711667,4377.0,1612.0,38415.0,25.858706111111115,5.0,USME,0.3056277337337987,0.1719907580567078,0.21720507431803968,0.1519465525490854,0.24540336041992544,14.85721240204552,2025-07
UPZ56,2025,8,2,1,3038743.0,1326004.0,1712739.0,665.4389103117772,0.5,51.0,356.0,286.0,369.0,1062.0,333.0,2973.0,7955.0,399153.0,83.42665594396134,744.827171535727,4377.0,1612.0,38415.0,25.858706111111115,5.0,USME,0.30617330916105767,0.25653502122423644,0.22109701281088917,0.14359687541855298,0.23062832042191705,14.926954501031043,2025-08
UPZ56,2025,9,2,1,3199711.0,1418904.0,1780807.0,665.4389103117772,0.5,45.0,325.0,274.0,372.0,1016.0,338.0,2925.0,7909.0,399153.0,84.67930843561241,732.8017076158766,4377.0,1612.0,38415.0,25.858706111111115,5.0,USME,0.30964483979959434,0.17974029529541882,0.22279199590212992,0.14835152299692062,0.24010795543853547,14.978571051191535,2025-09
UPZ56,2025,10,2,1,3336799.0,1491380.0,1845419.0,665.4389103117772,0.5,43.0,313.0,223.0,291.0,870.0,336.0,3047.0,8351.0,399153.0,84.17824743895197,763.3664284121627,4377.0,1612.0,38415.0,25.858706111111115,5.0,USME,0.30996113340959397,0.18690097905207956,0.21664595320245536,0.14987297706574473,0.23583451183734477,15.020522522176503,2025-10
UPZ56,2025,11,2,1,3125116.0,1410740.0,1714376.0,665.4389103117772,0.5,44.0,320.0,280.0,271.0,915.0,318.0,3205.0,8674.0,399153.0,79.66869846900812,802.9502471483365,4377.0,1612.0,38415.0,25.858706111111115,5.0,USME,0.3089738108921397,0.27607647204135777,0.21318632652355946,0.14216048300287087,0.21915241994731952,14.954981960463709,2025-11
UPZ56,2025,12,2,1,1422186.0,1422186.0,0.0,665.4389103117772,0.5,40.0,330.0,249.0,382.0,1001.0,282.0,3493.0,9226.0,399153.0,70.64960052912042,875.1030306674384,4377.0,1612.0,38415.0,25.858706111111115,5.0,USME,0.24163365410712803,0.21668051858195764,0.37791118742555474,0.04752472602036576,0.4852930391414379,14.167705682479292,2025-12
UPZ56,2026,1,2,1,2817787.0,1242936.0,1574851.0,665.4389103117772,0.5,20.0,285.0,214.0,294.0,813.0,232.0,2748.0,7404.0,401629.0,57.76475304323144,684.2135403568966,4025.0,1255.0,40889.0,25.858706111111115,5.0,USME,0.3000088367218672,0.2345386645619416,0.20762747503626064,0.1484633153606003,0.22603792980129706,14.851462383062387,2026-01
UPZ56,2026,2,2,1,3090932.0,1376925.0,1714007.0,665.4389103117772,0.5,32.0,240.0,215.0,307.0,794.0,267.0,3036.0,7668.0,401629.0,66.47926320061549,755.9215096519424,4025.0,1255.0,40889.0,25.858706111111115,5.0,USME,0.305481324079598,0.18859069044547078,0.21498175954695864,0.14825787173577418,0.23767718986103425,14.943983221519304,2026-02
UPZ56,2026,3,2,1,3315392.0,1470876.0,1844516.0,665.4389103117772,0.5,30.0,357.0,218.0,296.0,901.0,247.0,3430.0,8494.0,401629.0,61.49954311068175,854.0219954236372,4025.0,1255.0,40889.0,25.858706111111115,5.0,USME,0.3042569325135609,0.20511119047159426,0.2128828204930216,0.1486783463312935,0.23894025381413078,15.014086424988148,2026-03
UPZ56,2026,4,2,1,3066721.0,1310250.0,1756471.0,665.4389103117772,0.5,39.0,272.0,257.0,337.0,905.0,236.0,2834.0,7465.0,401629.0,58.76069706121818,705.6263367436117,4025.0,1255.0,40889.0,25.858706111111115,5.0,USME,0.3089919167736484,0.19887038957896716,0.21027866571494438,0.14925746424275302,0.23363771677574513,14.936119470585512,2026-04
UPZ56,2026,5,2,1,3256493.0,1466874.0,1789619.0,665.4389103117772,0.5,20.0,306.0,242.0,294.0,862.0,210.0,2875.0,7315.0,401629.0,52.28706094430432,715.8347629279758,4025.0,1255.0,40889.0,25.858706111111115,5.0,USME,0.30718229702935024,0.2578209134796236,0.2112382860948879,0.1413824626676612,0.22474841349485974,14.996161407419223,2026-05
UPZ56,2026,6,2,1,3037657.0,1366077.0,1671580.0,665.4389103117772,0.5,44.0,281.0,259.0,280.0,864.0,211.0,2586.0,6629.0,401629.0,52.53604694880101,643.8778076284332,4025.0,1255.0,40889.0,25.858706111111115,5.0,USME,0.3566906994436831,0.23338513861176555,0.2279793274882582,0.13033005372232612,0.26168249010927386,14.926597052538,2026-06
UPZ62,2023,1,1,0,148539.0,44907.0,103632.0,644.4771098339044,0.0,57.0,294.0,292.0,344.0,987.0,207.0,1099.0,3640.0,175922.0,117.66578369959412,624.7086777094394,2872.0,1373.0,15475.0,42.47902622222223,6.0,TUNJUELITO,0.2199153084375147,0.2579457246918318,0.1865907270144541,0.1614794767704104,0.2308903512624232,11.908602829007277,2023-01
UPZ62,2023,2,1,0,158409.0,54237.0,104172.0,644.4771098339044,0.0,54.0,299.0,359.0,393.0,1105.0,202.0,1122.0,3938.0,175922.0,114.82361501119814,637.7826536760609,2872.0,1373.0,15475.0,42.47902622222223,6.0,TUNJUELITO,0.222329539356981,0.23037201169125493,0.21086554425569248,0.1525860273090544,0.2297598399777184,11.972935574930188,2023-02
UPZ62,2023,3,1,0,165619.0,50029.0,115590.0,644.4771098339044,0.0,63.0,333.0,299.0,325.0,1020.0,243.0,1192.0,3878.0,175922.0,138.1293982560453,677.5730153136049,2872.0,1373.0,15475.0,42.47902622222223,6.0,TUNJUELITO,0.2278965577620925,0.226302537752311,0.1973263937108665,0.1584540421086952,0.2248162632732381,12.017445248651336,2023-03
UPZ62,2023,4,1,0,157642.0,59020.0,98622.0,644.4771098339044,0.0,71.0,385.0,342.0,354.0,1152.0,192.0,1314.0,4237.0,175922.0,109.13927763440616,746.9219313104671,2872.0,1373.0,15475.0,42.47902622222223,6.0,TUNJUELITO,0.2144923307240456,0.3133238603925349,0.2059857144669567,0.1519582344806587,0.22435747366278186,11.968081918363703,2023-04
UPZ62,2023,5,1,0,171649.0,68470.0,103179.0,644.4771098339044,0.0,67.0,373.0,387.0,359.0,1186.0,274.0,1487.0,4746.0,175922.0,155.75084412410044,845.2609679289685,2872.0,1373.0,15475.0,42.47902622222223,6.0,TUNJUELITO,0.2258620790100728,0.2562263689272877,0.2169194111238632,0.147446242040443,0.2235629763513316,12.053206973060536,2023-05
UPZ62,2023,6,1,0,152776.0,57574.0,95202.0,644.4771098339044,0.0,51.0,365.0,307.0,335.0,1058.0,241.0,1422.0,4340.0,175922.0,136.99253078068688,808.3127749798207,2872.0,1373.0,15475.0,42.47902622222223,6.0,TUNJUELITO,0.2170497983976541,0.2694794993978112,0.2035070953552914,0.1603524113735141,0.23209573992799137,11.93672807531525,2023-06
UPZ62,2023,7,1,0,140302.0,51974.0,88328.0,644.4771098339044,0.0,55.0,290.0,343.0,319.0,1007.0,230.0,1074.0,3912.0,175922.0,130.7397596662157,610.4978342674594,2872.0,1373.0,15475.0,42.47902622222223,6.0,TUNJUELITO,0.2061695485452808,0.3478496386366552,0.1916366124502858,0.1697552422631181,0.2409479798557857,11.851552521156446,2023-07
UPZ62,2023,8,1,0,166664.0,63016.0,103648.0,644.4771098339044,0.0,41.0,349.0,304.0,320.0,1014.0,213.0,1198.0,3731.0,175922.0,121.07638612566932,680.9836177396801,2872.0,1373.0,15475.0,42.47902622222223,6.0,TUNJUELITO,0.21474943599097576,0.266668266692267,0.207777324437191,0.1569685114961839,0.23888608036783604,12.023735088608218,2023-08
UPZ62,2023,9,1,0,158299.0,60012.0,98287.0,644.4771098339044,0.0,68.0,324.0,459.0,362.0,1213.0,275.0,1310.0,4536.0,175922.0,156.31927786177965,744.6481963597504,2872.0,1373.0,15475.0,42.47902622222223,6.0,TUNJUELITO,0.22189022040568787,0.2391486996127581,0.2040884654988344,0.1632985678999867,0.2362654849303258,11.972240928729757,2023-09
UPZ62,2023,10,1,0,169209.0,68529.0,100680.0,644.4771098339044,0.0,61.0,421.0,595.0,381.0,1458.0,263.0,1404.0,4706.0,175922.0,149.49807300962925,798.080967701595,2872.0,1373.0,15475.0,42.47902622222223,6.0,TUNJUELITO,0.21755934967998153,0.2570903438942373,0.21510085160954792,0.1562919230064594,0.2378002951828296,12.038889916229005,2023-10
UPZ62,2023,11,1,0,167772.0,66853.0,100919.0,644.4771098339044,0.0,60.0,398.0,386.0,299.0,1143.0,234.0,1274.0,4320.0,175922.0,133.01349461693252,724.1845818032992,2872.0,1373.0,15475.0,42.47902622222223,6.0,TUNJUELITO,0.2211751662971175,0.2647700450611544,0.2169849557733114,0.1549781846792075,0.2355034608074021,12.030361193775825,2023-11
UPZ62,2023,12,1,0,160878.0,62638.0,98240.0,644.4771098339044,0.0,56.0,496.0,525.0,432.0,1509.0,224.0,1582.0,5206.0,175922.0,127.3291572401405,899.2621730084924,2872.0,1373.0,15475.0,42.47902622222223,6.0,TUNJUELITO,0.2360049229851191,0.3171844503288206,0.1999154638918932,0.1494548664205174,0.2137428651632825,11.988401592743203,2023-12
UPZ62,2024,1,1,0,141981.0,55954.0,86027.0,644.4771098339044,0.0,44.0,226.0,291.0,241.0,802.0,187.0,820.0,3112.0,175728.0,106.41445870891376,466.6302467449695,2908.0,1301.0,16086.0,42.47902622222223,6.0,TUNJUELITO,0.2170994710559863,0.2567385776970158,0.2024355371493368,0.156316690261373,0.2292142811711578,11.863448524814102,2024-01
UPZ62,2024,2,1,0,162207.0,66898.0,95309.0,644.4771098339044,0.0,59.0,347.0,359.0,331.0,1096.0,240.0,1268.0,4074.0,175728.0,136.5747063643813,721.5696986251479,2908.0,1301.0,16086.0,42.47902622222223,6.0,TUNJUELITO,0.227715203412923,0.22381278243232414,0.212765170430376,0.1561461589203918,0.22671833634361777,11.996628576329025,2024-02
UPZ62,2024,3,1,0,162499.0,69710.0,92789.0,644.4771098339044,0.0,58.0,377.0,353.0,303.0,1091.0,203.0,1285.0,3824.0,175728.0,115.51943913320584,731.2437403259582,2908.0,1301.0,16086.0,42.47902622222223,6.0,TUNJUELITO,0.2165551788011003,0.3246973827531246,0.20853051403393252,0.1557117274567843,0.22666024548665129,11.99842712688684,2024-03
UPZ62,2024,4,1,0,170008.0,73915.0,96093.0,644.4771098339044,0.0,55.0,245.0,278.0,250.0,828.0,191.0,802.0,2805.0,175728.0,108.6907038149868,456.3871437676409,2908.0,1301.0,16086.0,42.47902622222223,6.0,TUNJUELITO,0.2338301726977554,0.2140075761140652,0.22077196367229768,0.1558926638746411,0.2311909173521533,12.043600773748697,2024-04
UPZ62,2024,5,1,0,167604.0,71805.0,95799.0,644.4771098339044,0.0,97.0,488.0,497.0,350.0,1432.0,297.0,1465.0,4548.0,175728.0,169.01119912592188,833.6747700992444,2908.0,1301.0,16086.0,42.47902622222223,6.0,TUNJUELITO,0.2339144650485668,0.2468974487482399,0.2137120832438366,0.1551931934798692,0.22837232558278803,12.029359333093772,2024-05
UPZ62,2024,6,1,0,153138.0,64977.0,88161.0,644.4771098339044,0.0,91.0,544.0,465.0,417.0,1517.0,297.0,1550.0,4727.0,175728.0,169.01119912592188,882.044978603296,2908.0,1301.0,16086.0,42.47902622222223,6.0,TUNJUELITO,0.223576120884431,0.3215531089605454,0.2096997479397667,0.1564471261215374,0.2282429411494765,11.939094754636685,2024-06
UPZ62,2024,7,1,0,156474.0,70403.0,86071.0,644.4771098339044,0.0,65.0,525.0,459.0,472.0,1521.0,252.0,1574.0,4998.0,175728.0,143.4034416826004,895.702449239734,2908.0,1301.0,16086.0,42.47902622222223,6.0,TUNJUELITO,0.2184899727750297,0.2504505540856628,0.2219410253460638,0.1601032759436072,0.24717106317510174,11.96064514097523,2024-07
UPZ62,2024,8,1,0,178305.0,76844.0,101461.0,644.4771098339044,0.0,73.0,415.0,363.0,390.0,1241.0,209.0,1328.0,4308.0,175728.0,118.9338067923154,755.7133752162433,2908.0,1301.0,16086.0,42.47902622222223,6.0,TUNJUELITO,0.2172120804239926,0.3027621210846583,0.2169484871428171,0.1561481730742267,0.2382822745411463,12.091250846082835,2024-08
UPZ62,2024,9,1,0,158458.0,67787.0,90671.0,644.4771098339044,0.0,81.0,483.0,395.0,430.0,1389.0,236.0,1523.0,4888.0,175728.0,134.2984612583083,866.6803241373032,2908.0,1301.0,16086.0,42.47902622222223,6.0,TUNJUELITO,0.2293036640624013,0.2547867573741938,0.2136086533971146,0.153857804591753,0.230698620244023,11.97324485295782,2024-09
UPZ62,2024,10,1,0,174171.0,75986.0,98185.0,644.4771098339044,0.0,69.0,495.0,366.0,362.0,1292.0,280.0,1460.0,4779.0,175728.0,159.33715742511154,830.8294637166531,2908.0,1301.0,16086.0,42.47902622222223,6.0,TUNJUELITO,0.2338563825206263,0.2322717329520988,0.2231887053527854,0.1485092236939559,0.2298574241918208,12.067792854226257,2024-10
UPZ62,2024,11,1,0,167043.0,70447.0,96596.0,644.4771098339044,0.0,81.0,460.0,366.0,419.0,1326.0,269.0,1413.0,4675.0,175728.0,153.0774833834107,804.0835837202951,2908.0,1301.0,16086.0,42.47902622222223,6.0,TUNJUELITO,0.2361966679238279,0.2947564399585735,0.21701597792185243,0.1491771579772872,0.2234521091214997,12.02600654328525,2024-11
UPZ62,2024,12,1,0,166949.0,69168.0,97781.0,644.4771098339044,0.0,66.0,524.0,536.0,437.0,1563.0,222.0,1645.0,5554.0,175728.0,126.33160338705272,936.1057998725304,2908.0,1301.0,16086.0,42.47902622222223,6.0,TUNJUELITO,0.2465183978340691,0.2734727371832116,0.1977669827312532,0.1500877513492144,0.2085847593164901,12.02544365553655,2024-12
UPZ62,2025,1,1,0,144769.0,58748.0,86021.0,644.4771098339044,0.0,43.0,398.0,367.0,303.0,1111.0,205.0,1142.0,3807.0,175399.0,116.87637899874,651.0869503246882,3519.0,1620.0,18941.0,42.47902622222223,6.0,TUNJUELITO,0.23214914795294567,0.2514005070146233,0.1957048815699493,0.1588806995972894,0.2231226938227333,11.882894647615771,2025-01
UPZ62,2025,2,1,0,153841.0,64991.0,88850.0,644.4771098339044,0.0,67.0,519.0,436.0,345.0,1367.0,214.0,1389.0,4230.0,175399.0,122.00753710112372,791.9087338012189,3519.0,1620.0,18941.0,42.47902622222223,6.0,TUNJUELITO,0.23595140437204642,0.22749462106980578,0.21301863612431013,0.1529631242646628,0.2238016022128281,11.943674880501545,2025-02
UPZ62,2025,3,1,0,164706.0,69608.0,95098.0,644.4771098339044,0.0,88.0,537.0,456.0,454.0,1535.0,279.0,1583.0,5065.0,175399.0,159.06590117389496,902.51369734149,3519.0,1620.0,18941.0,42.47902622222223,6.0,TUNJUELITO,0.2343630468835379,0.2880647942394327,0.2100834213689847,0.1483613225990553,0.2183043793529988,12.011917345374675,2025-03
UPZ62,2025,4,1,0,152917.0,64193.0,88724.0,644.4771098339044,0.0,67.0,443.0,494.0,465.0,1469.0,230.0,1542.0,4870.0,175399.0,131.1295959498059,879.1384215417419,3519.0,1620.0,18941.0,42.47902622222223,6.0,TUNJUELITO,0.2355853175251934,0.2523656624181745,0.2103755632140311,0.1494405461786459,0.2197896711890203,11.937650569516943,2025-04
UPZ62,2025,5,1,0,157608.0,67855.0,89753.0,644.4771098339044,0.0,80.0,560.0,545.0,447.0,1632.0,265.0,1539.0,5201.0,175399.0,151.08409968129808,877.4280355076141,3519.0,1620.0,18941.0,42.47902622222223,6.0,TUNJUELITO,0.237424496218466,0.2717691995330186,0.2177554438860971,0.1440155322064869,0.2187565261683433,11.96786621653892,2025-05
UPZ62,2025,6,1,0,145597.0,59360.0,86237.0,644.4771098339044,0.0,60.0,440.0,449.0,412.0,1361.0,270.0,1521.0,4952.0,175399.0,153.93474307151124,867.1657193028466,3519.0,1620.0,18941.0,42.47902622222223,6.0,TUNJUELITO,0.2313028427783539,0.3283378091581557,0.2018379499577601,0.1499687493560993,0.2143364692098281,11.888597810136845,2025-06
UPZ62,2025,7,1,0,164353.0,68064.0,96289.0,644.4771098339044,0.0,92.0,473.0,497.0,392.0,1454.0,300.0,1491.0,4904.0,175399.0,171.03860341279028,850.0618589615675,3519.0,1620.0,18941.0,42.47902622222223,6.0,TUNJUELITO,0.2373610460411431,0.2232511727805394,0.2103399390336653,0.1542959361861359,0.2276300034211427,12.009771832652572,2025-07
UPZ62,2025,8,1,0,164163.0,67101.0,97062.0,644.4771098339044,0.0,50.0,504.0,493.0,419.0,1466.0,245.0,1556.0,5090.0,175399.0,139.6815261204454,887.1202230343389,3519.0,1620.0,18941.0,42.47902622222223,6.0,TUNJUELITO,0.22463648934290908,0.3381699895835237,0.1987902267867911,0.1514470373957591,0.2155124340387542,12.00861511565136,2025-08
UPZ62,2025,9,1,0,156577.0,66172.0,90405.0,644.4771098339044,0.0,79.0,407.0,453.0,339.0,1278.0,257.0,1513.0,4890.0,175399.0,146.523070256957,862.6046898785055,3519.0,1620.0,18941.0,42.47902622222223,6.0,TUNJUELITO,0.2325117993064115,0.2214884689322186,0.2132560976388613,0.1544990643581113,0.22414861772567318,11.961303180743297,2025-09
UPZ62,2025,10,1,0,157072.0,65899.0,91173.0,644.4771098339044,0.0,82.0,357.0,403.0,392.0,1234.0,264.0,1371.0,4956.0,175399.0,150.51397100325545,781.6464175964516,3519.0,1620.0,18941.0,42.47902622222223,6.0,TUNJUELITO,0.2339054701028827,0.22904782520118164,0.2083312111643068,0.1540376387898543,0.217730206402965,11.964459577932303,2025-10
UPZ62,2025,11,1,0,150675.0,62870.0,87805.0,644.4771098339044,0.0,56.0,380.0,461.0,454.0,1351.0,251.0,1374.0,5032.0,175399.0,143.10229818870118,783.3568036305794,3519.0,1620.0,18941.0,42.47902622222223,6.0,TUNJUELITO,0.23900447984071674,0.3300613904098224,0.2041745478679276,0.1454853160776505,0.2049832325508523,11.922880478351244,2025-11
UPZ62,2025,12,1,0,85554.0,85554.0,0.0,644.4771098339044,0.0,69.0,482.0,472.0,432.0,1455.0,244.0,1559.0,5830.0,175399.0,139.11139744240276,888.8306090684666,3519.0,1620.0,18941.0,42.47902622222223,6.0,TUNJUELITO,0.3805082170325174,0.3389788905252823,0.2354068775276433,0.0719194894452626,0.2684415493287178,11.356903034510173,2025-12
UPZ62,2026,1,1,0,136084.0,53173.0,82911.0,644.4771098339044,0.0,79.0,320.0,399.0,343.0,1141.0,258.0,1170.0,4444.0,174699.0,147.68258547558946,669.7233527381381,2817.0,1293.0,18539.0,42.47902622222223,6.0,TUNJUELITO,0.2578921842391464,0.3085814643896417,0.1797639693130713,0.1573513418182887,0.2220846831024889,11.821027621111574,2026-01
UPZ62,2026,2,1,0,141590.0,57319.0,84271.0,644.4771098339044,0.0,58.0,392.0,301.0,344.0,1095.0,184.0,1270.0,4302.0,174699.0,105.3240144477072,726.964664937979,2817.0,1293.0,18539.0,42.47902622222223,6.0,TUNJUELITO,0.2268380535348541,0.2326082350448478,0.2059679355886715,0.1548555688961085,0.2271463196836331,11.860690836279016,2026-02
UPZ62,2026,3,1,0,154810.0,61273.0,93537.0,644.4771098339044,0.0,62.0,431.0,381.0,450.0,1324.0,233.0,1482.0,5204.0,174699.0,133.37225742562924,848.3162468016416,2817.0,1293.0,18539.0,42.47902622222223,6.0,TUNJUELITO,0.22521154964149603,0.262883534655384,0.1982236289645371,0.1566759253278212,0.22473026652583267,11.949953837534512,2026-03
UPZ62,2026,4,1,0,151983.0,60323.0,91660.0,644.4771098339044,0.0,42.0,363.0,327.0,330.0,1062.0,207.0,1318.0,4422.0,174699.0,118.4895162536706,754.4404947939026,2817.0,1293.0,18539.0,42.47902622222223,6.0,TUNJUELITO,0.2287032102274596,0.2462117473664817,0.2002592395202095,0.1565240849305514,0.2216666886709003,11.931523951468355,2026-04
UPZ62,2026,5,1,0,161383.0,67319.0,94064.0,644.4771098339044,0.0,57.0,356.0,375.0,352.0,1140.0,157.0,1256.0,4559.0,174699.0,89.86886015375016,718.9508812300013,2817.0,1293.0,18539.0,42.47902622222223,6.0,TUNJUELITO,0.2375529021024519,0.3046913243650198,0.2176871169825818,0.1451330065744223,0.2245342849511457,11.99153570089386,2026-05
UPZ62,2026,6,1,0,151235.0,63229.0,88006.0,644.4771098339044,0.0,61.0,351.0,401.0,366.0,1179.0,189.0,1094.0,4060.0,174699.0,108.18608005769926,626.2199554662592,2817.0,1293.0,18539.0,42.47902622222223,6.0,TUNJUELITO,0.2946407908222303,0.2771712897146824,0.2435679571527755,0.1221344265546996,0.2536046729555819,11.926590197421346,2026-06
UPZ65,2023,1,1,0,396702.0,180685.0,216017.0,735.5585394006447,0.0,104.0,377.0,433.0,485.0,1399.0,564.0,4202.0,10789.0,669467.0,84.24612415548489,627.6634994704742,11982.0,4199.0,55499.0,40.28282411111111,19.0,CIUDAD BOLÍVAR,0.2292652923353046,0.20605643530912374,0.2162832554411119,0.1673976939869221,0.2707110267694917,12.890940648082855,2023-01
UPZ65,2023,2,1,0,451264.0,224347.0,226917.0,735.5585394006447,0.0,131.0,455.0,419.0,471.0,1476.0,596.0,4306.0,10994.0,669467.0,89.02604609338474,643.1982457686488,11982.0,4199.0,55499.0,40.28282411111111,19.0,CIUDAD BOLÍVAR,0.2278466706850092,0.1879077435824705,0.23834828393135724,0.15672422351439513,0.2619011343601344,13.019807813078712,2023-02
UPZ65,2023,3,1,0,500833.0,242871.0,257962.0,735.5585394006447,0.0,99.0,382.0,425.0,461.0,1367.0,533.0,4070.0,10489.0,669467.0,79.6155747781444,607.9463214766374,11982.0,4199.0,55499.0,40.28282411111111,19.0,CIUDAD BOLÍVAR,0.2307435811937312,0.1745951245225454,0.2428633895929381,0.15589827347638832,0.2685025468453688,13.124027991165764,2023-03
UPZ65,2023,4,1,0,442756.0,216162.0,226594.0,735.5585394006447,0.0,119.0,510.0,557.0,510.0,1696.0,657.0,4769.0,12893.0,669467.0,98.13777228750632,712.3577413076373,11982.0,4199.0,55499.0,40.28282411111111,19.0,CIUDAD BOLÍVAR,0.2262690962968316,0.2512083404855044,0.2323333845278211,0.1570436086693348,0.2580917497569467,13.000774107218982,2023-04
UPZ65,2023,5,1,0,500078.0,245929.0,254149.0,735.5585394006447,0.0,118.0,504.0,615.0,578.0,1815.0,657.0,5101.0,13289.0,669467.0,98.13777228750632,761.9494314133482,11982.0,4199.0,55499.0,40.28282411111111,19.0,CIUDAD BOLÍVAR,0.2289482840676854,0.20198049104339721,0.2424441787081215,0.1587432360551754,0.2724374984990033,13.122519365237594,2023-05
UPZ65,2023,6,1,0,450984.0,220197.0,230787.0,735.5585394006447,0.0,135.0,515.0,571.0,518.0,1739.0,672.0,4867.0,11907.0,669467.0,100.37836069589687,726.9962522424555,11982.0,4199.0,55499.0,40.28282411111111,19.0,CIUDAD BOLÍVAR,0.2248416795274333,0.2152648430986465,0.2371170595852624,0.1619259219839284,0.2706086809840461,13.019187141137099,2023-06
UPZ65,2023,7,1,0,437089.0,222833.0,214256.0,735.5585394006447,0.0,128.0,421.0,536.0,495.0,1580.0,690.0,3908.0,11114.0,669467.0,103.06706678596557,583.7479666660194,11982.0,4199.0,55499.0,40.28282411111111,19.0,CIUDAD BOLÍVAR,0.2226274282811967,0.2723724458863069,0.2335451132378074,0.1564258080162164,0.2641917727924239,12.987892114668806,2023-07
UPZ65,2023,8,1,0,476440.0,242762.0,233678.0,735.5585394006447,0.0,74.0,367.0,314.0,399.0,1154.0,521.0,3529.0,9219.0,669467.0,77.82310405143197,527.1357662140181,11982.0,4199.0,55499.0,40.28282411111111,19.0,CIUDAD BOLÍVAR,0.23102174460582653,0.2032574930736294,0.2393543783057677,0.155765678784317,0.2650395318355206,13.074097075994837,2023-08
UPZ65,2023,9,1,0,474614.0,242993.0,231621.0,735.5585394006447,0.0,123.0,442.0,461.0,549.0,1575.0,551.0,4289.0,11411.0,669467.0,82.30428086821307,640.6589122391395,11982.0,4199.0,55499.0,40.28282411111111,19.0,CIUDAD BOLÍVAR,0.2292873787962428,0.2193824876636593,0.2341650267375172,0.1599194292625164,0.2636386639676114,13.070257121073801,2023-09
UPZ65,2023,10,1,0,467317.0,234280.0,233037.0,735.5585394006447,0.0,80.0,542.0,454.0,502.0,1578.0,570.0,4492.0,11935.0,669467.0,85.1423595188411,670.9815420326917,11982.0,4199.0,55499.0,40.28282411111111,19.0,CIUDAD BOLÍVAR,0.2304303074786494,0.209684218635316,0.2308903806195794,0.1597480939062777,0.2637771819439507,13.054763107226469,2023-10
UPZ65,2023,11,1,0,454141.0,228326.0,225815.0,735.5585394006447,0.0,112.0,397.0,432.0,475.0,1416.0,644.0,4364.0,11476.0,669467.0,96.19592900023451,651.8618542810923,11982.0,4199.0,55499.0,40.28282411111111,19.0,CIUDAD BOLÍVAR,0.2286866854126802,0.2173950381049057,0.2326215866878348,0.1586247442974759,0.2603076333085017,13.026163001492996,2023-11
UPZ65,2023,12,1,0,453915.0,226982.0,226933.0,735.5585394006447,0.0,112.0,539.0,509.0,534.0,1694.0,593.0,4847.0,12348.0,669467.0,88.57792841170664,724.0088010312681,11982.0,4199.0,55499.0,40.28282411111111,19.0,CIUDAD BOLÍVAR,0.2346078010200147,0.2765627925933269,0.2068999702587488,0.15646321447848158,0.2370753611870363,13.025665234825155,2023-12
UPZ65,2024,1,1,0,384690.0,191590.0,193100.0,735.5585394006447,0.0,69.0,260.0,327.0,414.0,1070.0,369.0,3073.0,8448.0,677540.0,54.46172919680019,453.5525577825664,9279.0,2873.0,52156.0,40.28282411111111,19.0,CIUDAD BOLÍVAR,0.22913514778133037,0.2035249161662637,0.228999974005043,0.1559229509475161,0.2653796519856798,12.860193094121271,2024-01
UPZ65,2024,2,1,0,463036.0,237579.0,225457.0,735.5585394006447,0.0,104.0,400.0,386.0,523.0,1413.0,566.0,4261.0,11289.0,677540.0,83.53750332083715,628.8927590990938,9279.0,2873.0,52156.0,40.28282411111111,19.0,CIUDAD BOLÍVAR,0.2327875154415639,0.1754636788500246,0.2531142286992804,0.1539102791143669,0.2809676457110249,13.0455600838254,2024-02
UPZ65,2024,3,1,0,425039.0,214059.0,210980.0,735.5585394006447,0.0,77.0,383.0,361.0,382.0,1203.0,481.0,4255.0,10421.0,677540.0,70.99211854650648,628.0072025267881,9279.0,2873.0,52156.0,40.28282411111111,19.0,CIUDAD BOLÍVAR,0.2312681895073157,0.2591879803970929,0.2351501862182058,0.1505744178769477,0.2574436812798552,12.959936208402313,2024-03
UPZ65,2024,4,1,0,461393.0,230645.0,230748.0,735.5585394006447,0.0,54.0,272.0,322.0,267.0,915.0,351.0,2746.0,7489.0,677540.0,51.80505947988311,405.289724591906,9279.0,2873.0,52156.0,40.28282411111111,19.0,CIUDAD BOLÍVAR,0.2302462326043091,0.1764699507794873,0.2517333379570128,0.1566798802756002,0.2816343156163694,13.042005453388674,2024-04
UPZ65,2024,5,1,0,469792.0,241059.0,228733.0,735.5585394006447,0.0,121.0,403.0,515.0,555.0,1594.0,620.0,4629.0,12179.0,677540.0,91.50751247158838,683.206895533843,9279.0,2873.0,52156.0,40.28282411111111,19.0,CIUDAD BOLÍVAR,0.2281903480689326,0.2123216231864314,0.2439079422382671,0.1565352326135821,0.2726695136478224,13.060045322539187,2024-05
UPZ65,2024,6,1,0,415699.0,210266.0,205433.0,735.5585394006447,0.0,87.0,537.0,462.0,565.0,1651.0,628.0,5032.0,12715.0,677540.0,92.68825456799598,742.6867786403755,9279.0,2873.0,52156.0,40.28282411111111,19.0,CIUDAD BOLÍVAR,0.2221222567290275,0.2803278333601957,0.2286269632594738,0.1581913836694339,0.2607274036643552,12.937716719656887,2024-06
UPZ65,2024,7,1,0,422151.0,228071.0,194080.0,735.5585394006447,0.0,92.0,497.0,479.0,526.0,1594.0,574.0,4910.0,12479.0,677540.0,84.71824541724474,724.6804616701597,9279.0,2873.0,52156.0,40.28282411111111,19.0,CIUDAD BOLÍVAR,0.2141484918903425,0.20278289048231551,0.2549087885614389,0.1587251954869229,0.2856746169132049,12.953118348921087,2024-07
UPZ65,2024,8,1,0,468672.0,240351.0,228321.0,735.5585394006447,0.0,82.0,457.0,538.0,551.0,1628.0,541.0,4674.0,12051.0,677540.0,79.84768426956342,689.8485698261356,9279.0,2873.0,52156.0,40.28282411111111,19.0,CIUDAD BOLÍVAR,0.2226055749009968,0.2365321589512495,0.2406608459647685,0.1567322135736719,0.2682472445686877,13.057658442420742,2024-08
UPZ65,2024,9,1,0,436454.0,225476.0,210978.0,735.5585394006447,0.0,91.0,508.0,474.0,686.0,1759.0,533.0,5007.0,13443.0,677540.0,78.66694217315582,738.9969595891017,9279.0,2873.0,52156.0,40.28282411111111,19.0,CIUDAD BOLÍVAR,0.2160731715140656,0.2095180706328731,0.2474785429850568,0.1546944236964262,0.2734375322444918,12.986438264974288,2024-09
UPZ65,2024,10,1,0,488057.0,252425.0,235632.0,735.5585394006447,0.0,116.0,495.0,446.0,579.0,1636.0,584.0,4885.0,12404.0,677540.0,86.19417303775423,720.990642618886,9279.0,2873.0,52156.0,40.28282411111111,19.0,CIUDAD BOLÍVAR,0.2259203330758497,0.1879227221410614,0.2478829317067473,0.1570390343750832,0.2739140914265787,13.098187481293001,2024-10
UPZ65,2024,11,1,0,459800.0,233143.0,226657.0,735.5585394006447,0.0,108.0,457.0,472.0,526.0,1563.0,560.0,4497.0,11775.0,677540.0,82.65194674853146,663.7246509431177,9279.0,2873.0,52156.0,40.28282411111111,19.0,CIUDAD BOLÍVAR,0.2271009134406263,0.256048281861679,0.2344541104828186,0.1476663766855154,0.2514262687867566,13.038546891311219,2024-11
UPZ65,2024,12,1,0,479871.0,237009.0,242862.0,735.5585394006447,0.0,79.0,538.0,602.0,573.0,1792.0,495.0,5909.0,14741.0,677540.0,73.05841721521976,872.1256309590577,9279.0,2873.0,52156.0,40.28282411111111,19.0,CIUDAD BOLÍVAR,0.2317206082467996,0.2399936649641257,0.2032442052134844,0.1595366254680945,0.2413377279957251,13.08127259676432,2024-12
UPZ65,2025,1,1,0,400113.0,194410.0,205703.0,735.5585394006447,0.0,74.0,331.0,423.0,423.0,1251.0,435.0,3662.0,10033.0,685039.0,63.50003430461624,534.5681048816199,9555.0,3195.0,58885.0,40.28282411111111,19.0,CIUDAD BOLÍVAR,0.2174310757211087,0.2031326150362522,0.2218698217753484,0.1671727736914321,0.2727960293370635,12.899502286194508,2025-01
UPZ65,2025,2,1,0,443859.0,219641.0,224218.0,735.5585394006447,0.0,70.0,396.0,463.0,540.0,1469.0,475.0,4012.0,11285.0,685039.0,69.33911791883382,585.6600865060237,9555.0,3195.0,58885.0,40.28282411111111,19.0,CIUDAD BOLÍVAR,0.2269144029973482,0.1960645159836795,0.2381184114775187,0.1591654106371618,0.2703594138040704,13.003262223411536,2025-02
UPZ65,2025,3,1,0,482175.0,235790.0,246385.0,735.5585394006447,0.0,73.0,499.0,625.0,490.0,1687.0,479.0,4971.0,13454.0,685039.0,69.92302628025558,725.6521161568903,9555.0,3195.0,58885.0,40.28282411111111,19.0,CIUDAD BOLÍVAR,0.2241800176284544,0.2410307460984082,0.2314097578679939,0.1595935085809094,0.2655255388678273,13.086062397677997,2025-03
UPZ65,2025,4,1,0,463260.0,228509.0,234751.0,735.5585394006447,0.0,83.0,341.0,435.0,495.0,1354.0,493.0,4185.0,11498.0,685039.0,71.96670554523173,610.9141231375147,9555.0,3195.0,58885.0,40.28282411111111,19.0,CIUDAD BOLÍVAR,0.2250356171480378,0.2028321029227647,0.235414238224755,0.1609074817597029,0.2676090667473368,13.046043730530917,2025-04
UPZ65,2025,5,1,0,490061.0,249101.0,240960.0,735.5585394006447,0.0,89.0,465.0,454.0,542.0,1550.0,549.0,4574.0,12706.0,685039.0,80.14142260513634,667.6992112857807,9555.0,3195.0,58885.0,40.28282411111111,19.0,CIUDAD BOLÍVAR,0.2235619647350023,0.2317180922374969,0.2377479538261563,0.1571824732023156,0.266995688167277,13.102285152134517,2025-05
UPZ65,2025,6,1,0,427584.0,205917.0,221667.0,735.5585394006447,0.0,86.0,477.0,443.0,576.0,1582.0,543.0,4784.0,12805.0,685039.0,79.2655600630037,698.3544002604232,9555.0,3195.0,58885.0,40.28282411111111,19.0,CIUDAD BOLÍVAR,0.2228380856159257,0.262009336177219,0.22551358329591367,0.1635210859152821,0.2667970752281466,12.96590603928515,2025-06
UPZ65,2025,7,1,0,486762.0,240497.0,246265.0,735.5585394006447,0.0,125.0,418.0,524.0,532.0,1599.0,602.0,4322.0,12314.0,685039.0,87.87820839397465,630.91298451621,9555.0,3195.0,58885.0,40.28282411111111,19.0,CIUDAD BOLÍVAR,0.2195261750095529,0.1815692268500827,0.2395256819554525,0.1641787978519276,0.2817272585234281,13.095530576243346,2025-07
UPZ65,2025,8,1,0,461823.0,229288.0,232535.0,735.5585394006447,0.0,109.0,502.0,551.0,582.0,1744.0,570.0,5107.0,13618.0,685039.0,83.20694150260059,745.50500044523,9555.0,3195.0,58885.0,40.28282411111111,19.0,CIUDAD BOLÍVAR,0.22224531909411183,0.2614854608800341,0.2296031163454397,0.1588660590745805,0.2595812691519194,13.042936979772737,2025-08
UPZ65,2025,9,1,0,484769.0,234865.0,249904.0,735.5585394006447,0.0,101.0,531.0,551.0,565.0,1748.0,610.0,5012.0,13601.0,685039.0,89.04602511681817,731.6371768614633,9555.0,3195.0,58885.0,40.28282411111111,19.0,CIUDAD BOLÍVAR,0.2249504403128087,0.1790048456068766,0.234033116804086,0.1676344815778236,0.27693516987379974,13.091427767798354,2025-09
UPZ65,2025,10,1,0,520679.0,233895.0,286784.0,735.5585394006447,0.0,127.0,544.0,555.0,690.0,1916.0,671.0,4793.0,13575.0,685039.0,97.9506276285,699.6681940736221,9555.0,3195.0,58885.0,40.28282411111111,19.0,CIUDAD BOLÍVAR,0.2226707818060647,0.1948474972103733,0.2200991397770987,0.1728627426879133,0.271629787953808,13.162889008013138,2025-10
UPZ65,2025,11,1,0,465533.0,223601.0,241932.0,735.5585394006447,0.0,114.0,500.0,586.0,623.0,1823.0,609.0,5158.0,14676.0,685039.0,88.90004802646273,752.9498320533576,9555.0,3195.0,58885.0,40.28282411111111,19.0,CIUDAD BOLÍVAR,0.2201089933474103,0.2897023411874131,0.2197051551662288,0.16033879445710614,0.2536873156342182,13.050938264701074,2025-11
UPZ65,2025,12,1,0,224373.0,224373.0,0.0,735.5585394006447,0.0,84.0,598.0,683.0,717.0,2082.0,534.0,5824.0,15750.0,685039.0,77.95176624980476,850.1705742300802,9555.0,3195.0,58885.0,40.28282411111111,19.0,CIUDAD BOLÍVAR,0.138635219032593,0.2245680184335905,0.3575474767463108,0.0865879584441978,0.3895980544695041,12.321065124535929,2025-12
UPZ65,2026,1,1,0,379574.0,180676.0,198898.0,735.5585394006447,0.0,83.0,471.0,546.0,537.0,1637.0,509.0,4409.0,12515.0,690843.0,73.67810052356324,638.2057862640281,7996.0,2405.0,67544.0,40.28282411111111,19.0,CIUDAD BOLÍVAR,0.21103658311686246,0.22526569259222182,0.22018894866350167,0.1695795813201115,0.2701809587332889,12.846804850221462,2026-01
UPZ65,2026,2,1,0,439296.0,215272.0,224024.0,735.5585394006447,0.0,76.0,473.0,514.0,554.0,1617.0,536.0,4634.0,12465.0,690843.0,77.58636911715108,670.7746912105935,7996.0,2405.0,67544.0,40.28282411111111,19.0,CIUDAD BOLÍVAR,0.2211128715034965,0.1847706330128205,0.2387934331293706,0.1604726653554778,0.2749434025863994,12.99292872452747,2026-02
UPZ65,2026,3,1,0,464812.0,221598.0,243214.0,735.5585394006447,0.0,107.0,598.0,581.0,700.0,1986.0,513.0,5391.0,14772.0,690843.0,74.25710327816884,780.3509625197042,7996.0,2405.0,67544.0,40.28282411111111,19.0,CIUDAD BOLÍVAR,0.2205515348140753,0.202324810891285,0.228040584150151,0.1613620130289235,0.2662916413707584,13.049388301742509,2026-03
UPZ65,2026,4,1,0,443646.0,216080.0,227566.0,735.5585394006447,0.0,112.0,487.0,475.0,628.0,1702.0,629.0,4848.0,13306.0,690843.0,91.0481831617314,701.7513385819933,7996.0,2405.0,67544.0,40.28282411111111,19.0,CIUDAD BOLÍVAR,0.2219359579484544,0.1875188776637228,0.2387534205199641,0.1596926378238505,0.2735087133634981,13.00278222610653,2026-04
UPZ65,2026,5,1,0,500618.0,241957.0,258661.0,735.5585394006447,0.0,88.0,494.0,461.0,607.0,1650.0,494.0,4628.0,12450.0,690843.0,71.50684019379221,669.9061870786851,7996.0,2405.0,67544.0,40.28282411111111,19.0,CIUDAD BOLÍVAR,0.2257789372335793,0.2465312873288615,0.2356926838427703,0.1596326939902281,0.2698892300066358,13.123598614185157,2026-05
UPZ65,2026,6,1,0,445537.0,218133.0,227404.0,735.5585394006447,0.0,78.0,452.0,543.0,564.0,1637.0,474.0,4273.0,11615.0,690843.0,68.6118264207642,618.5196926074376,7996.0,2405.0,67544.0,40.28282411111111,19.0,CIUDAD BOLÍVAR,0.2805468457165174,0.2280192217481376,0.2682358591991237,0.1288490069287174,0.3011606794870576,13.007035575194031,2026-06
UPZ72,2023,1,1,1,2808406.0,1225635.0,1582771.0,539.4131117672218,0.0,73.0,293.0,295.0,422.0,1083.0,1386.0,4694.0,17724.0,830505.0,166.8864124839706,565.1982829724084,17846.0,9318.0,77148.0,43.08297155555556,10.0,ENGATIVÁ,0.2069540515153435,0.2098354012916936,0.21942589497387477,0.1655465769550414,0.2559965917643571,14.848127620570748,2023-01
UPZ72,2023,2,1,1,3130072.0,1365761.0,1764311.0,539.4131117672218,0.0,80.0,250.0,276.0,430.0,1036.0,1197.0,5154.0,18878.0,830505.0,144.1291744179746,620.5862697997002,17846.0,9318.0,77148.0,43.08297155555556,10.0,ENGATIVÁ,0.2151167768664746,0.1882899179316003,0.2289736466126019,0.160534965329871,0.2507199903059168,14.956566565446655,2023-02
UPZ72,2023,3,1,1,3651199.0,1678523.0,1972676.0,539.4131117672218,0.0,100.0,334.0,257.0,403.0,1094.0,1415.0,5281.0,19034.0,830505.0,170.3782638274303,635.8781705107133,17846.0,9318.0,77148.0,43.08297155555556,10.0,ENGATIVÁ,0.2167616719877498,0.1791408794754818,0.233020440682636,0.160370880907888,0.2545613879264522,15.110566164767297,2023-03
UPZ72,2023,4,1,1,3144201.0,1444773.0,1699428.0,539.4131117672218,0.0,61.0,321.0,284.0,427.0,1093.0,1293.0,5681.0,20777.0,830505.0,155.68840645149638,684.0416373170541,17846.0,9318.0,77148.0,43.08297155555556,10.0,ENGATIVÁ,0.21290464572716564,0.2546313037875123,0.2275016768966106,0.1571585277149902,0.2476552084195514,14.961070361785426,2023-04
UPZ72,2023,5,1,1,3474812.0,1651780.0,1823032.0,539.4131117672218,0.0,79.0,255.0,279.0,415.0,1028.0,1469.0,5924.0,21559.0,830505.0,176.88033184628628,713.300943401906,17846.0,9318.0,77148.0,43.08297155555556,10.0,ENGATIVÁ,0.2120416874351763,0.1984481462594235,0.2367187059328677,0.1604043614445904,0.2576557274036803,15.061050934798109,2023-05
UPZ72,2023,6,1,1,3115390.0,1469788.0,1645602.0,539.4131117672218,0.0,78.0,309.0,270.0,410.0,1067.0,1244.0,5989.0,19937.0,830505.0,149.78838176771964,721.1275067579364,17846.0,9318.0,77148.0,43.08297155555556,10.0,ENGATIVÁ,0.2093452184156718,0.2171641431730858,0.2314551308182924,0.1616751032775992,0.2591851096071413,14.951864903008799,2023-06
UPZ72,2023,7,1,1,3064799.0,1479956.0,1584843.0,539.4131117672218,0.0,86.0,251.0,301.0,420.0,1058.0,1389.0,4920.0,19627.0,830505.0,167.24763848501814,592.4106417179909,17846.0,9318.0,77148.0,43.08297155555556,10.0,ENGATIVÁ,0.2057342096496377,0.2715045913288277,0.22985357277916102,0.1613759988827978,0.2575103803810472,14.935492546082958,2023-07
UPZ72,2023,8,1,1,3454665.0,1656392.0,1798273.0,539.4131117672218,0.0,79.0,259.0,237.0,370.0,945.0,1135.0,4660.0,16810.0,830505.0,136.6638370629918,561.1043882938694,17846.0,9318.0,77148.0,43.08297155555556,10.0,ENGATIVÁ,0.2128252667045864,0.1997805865402289,0.235000499324826,0.1613757050249445,0.2573737684461522,15.055236049556699,2023-08
UPZ72,2023,9,1,1,3475108.0,1672278.0,1802830.0,539.4131117672218,0.0,65.0,277.0,341.0,386.0,1069.0,1211.0,5480.0,19459.0,830505.0,145.8148957561965,659.839495246868,17846.0,9318.0,77148.0,43.08297155555556,10.0,ENGATIVÁ,0.2113027854098347,0.2069803298199653,0.2370789627257627,0.1583884587184053,0.2568060903297152,15.061136115634774,2023-09
UPZ72,2023,10,1,1,3381640.0,1631971.0,1749669.0,539.4131117672218,0.0,89.0,334.0,247.0,479.0,1149.0,1363.0,5936.0,20626.0,830505.0,164.117013142606,714.7458474060963,17846.0,9318.0,77148.0,43.08297155555556,10.0,ENGATIVÁ,0.2053479968299405,0.2040261529908565,0.2396159851433032,0.1602426633231213,0.262424173824267,15.033871356884891,2023-10
UPZ72,2023,11,1,1,3310754.0,1599656.0,1711098.0,539.4131117672218,0.0,79.0,241.0,251.0,370.0,941.0,1280.0,5617.0,19333.0,830505.0,154.1230937802903,676.3354826280396,17846.0,9318.0,77148.0,43.08297155555556,10.0,ENGATIVÁ,0.2101584714539346,0.2111295493413283,0.2378597141315845,0.1553561514990241,0.2570488532317382,15.012686515973938,2023-11
UPZ72,2023,12,1,1,3123466.0,1486491.0,1636975.0,539.4131117672218,0.0,71.0,301.0,305.0,443.0,1120.0,1157.0,6080.0,21179.0,830505.0,139.3128277373405,732.084695456379,17846.0,9318.0,77148.0,43.08297155555556,10.0,ENGATIVÁ,0.21651396237385,0.264847448315429,0.212532167790525,0.1576236142797776,0.23713462645575642,14.95445384063161,2023-12
UPZ72,2024,1,1,1,2760168.0,1290795.0,1469373.0,539.4131117672218,0.0,57.0,183.0,196.0,322.0,758.0,864.0,3646.0,13025.0,831376.0,103.92409691884296,438.5500663959508,14546.0,6993.0,67606.0,43.08297155555556,10.0,ENGATIVÁ,0.2033992133812144,0.2042828552464922,0.2271263923065552,0.163212529092432,0.2598389765497999,14.830802105406073,2024-01
UPZ72,2024,2,1,1,3266225.0,1552770.0,1713455.0,539.4131117672218,0.0,81.0,265.0,336.0,366.0,1048.0,1159.0,5113.0,18380.0,831376.0,139.40744019553128,615.0045226227363,14546.0,6993.0,67606.0,43.08297155555556,10.0,ENGATIVÁ,0.2174721582254743,0.1726335448415219,0.2405272141386463,0.1555789940986919,0.2579600397188552,14.999145441750162,2024-02
UPZ72,2024,3,1,1,3059827.0,1480592.0,1579235.0,539.4131117672218,0.0,85.0,259.0,249.0,354.0,947.0,1045.0,4746.0,16552.0,831376.0,125.69523296318393,570.8608379361443,14546.0,6993.0,67606.0,43.08297155555556,10.0,ENGATIVÁ,0.211920151041219,0.2594094372002077,0.23047708252786842,0.1550881798219311,0.2497286067640903,14.933868936382634,2024-03
UPZ72,2024,4,1,1,3343987.0,1625602.0,1718385.0,539.4131117672218,0.0,64.0,176.0,203.0,302.0,745.0,747.0,3375.0,11941.0,831376.0,89.85104212774965,405.9535035892304,14546.0,6993.0,67606.0,43.08297155555556,10.0,ENGATIVÁ,0.21126158684229326,0.17338434629081986,0.2410431021412463,0.15992915044227143,0.2629924462347892,15.022674365619364,2024-04
UPZ72,2024,5,1,1,3262609.0,1528740.0,1733869.0,539.4131117672218,0.0,77.0,284.0,251.0,397.0,1009.0,1227.0,5387.0,19224.0,831376.0,147.58665152710685,647.9619329882026,14546.0,6993.0,67606.0,43.08297155555556,10.0,ENGATIVÁ,0.2149209421049227,0.2018390803188491,0.23294578050878909,0.1602821545579013,0.2544454192543012,14.998037740016672,2024-05
UPZ72,2024,6,1,1,2871849.0,1358954.0,1512895.0,539.4131117672218,0.0,60.0,301.0,242.0,397.0,1000.0,1206.0,5662.0,19983.0,831376.0,145.06071861588498,681.0396258732511,14546.0,6993.0,67606.0,43.08297155555556,10.0,ENGATIVÁ,0.2073949570468364,0.2769285571769267,0.22361342814333202,0.160651204154536,0.2519174375428248,14.870466631166382,2024-06
UPZ72,2024,7,1,1,2898946.0,1469467.0,1429479.0,539.4131117672218,0.0,92.0,311.0,294.0,425.0,1122.0,1370.0,6009.0,20811.0,831376.0,164.78705182733205,722.777660168203,14546.0,6993.0,67606.0,43.08297155555556,10.0,ENGATIVÁ,0.1971057756853698,0.1983879658330993,0.2426457753956093,0.1657792176880838,0.2757970517122504,14.879857780617508,2024-07
UPZ72,2024,8,1,1,3273112.0,1561478.0,1711634.0,539.4131117672218,0.0,91.0,221.0,332.0,438.0,1082.0,1210.0,5236.0,19174.0,831376.0,145.54184869421297,629.7992725313215,14546.0,6993.0,67606.0,43.08297155555556,10.0,ENGATIVÁ,0.21270888377788466,0.22816512236672618,0.2334090614681074,0.16126151503523248,0.2593709468024801,15.001251772268457,2024-08
UPZ72,2024,9,1,1,3040140.0,1456624.0,1583516.0,539.4131117672218,0.0,97.0,281.0,348.0,462.0,1188.0,1271.0,5757.0,20252.0,831376.0,152.8790823887146,692.4664652335406,14546.0,6993.0,67606.0,43.08297155555556,10.0,ENGATIVÁ,0.20414092772043388,0.2066171294743005,0.2369259310426493,0.1617474853131763,0.2635235856588133,14.927414124953593,2024-09
UPZ72,2024,10,1,1,3399434.0,1653087.0,1746347.0,539.4131117672218,0.0,104.0,328.0,393.0,457.0,1282.0,1458.0,5827.0,21018.0,831376.0,175.37191355054753,700.8862416042801,14546.0,6993.0,67606.0,43.08297155555556,10.0,ENGATIVÁ,0.2101470421252479,0.1838403098868811,0.2365217268521759,0.163722254940087,0.2634482929167201,15.039119505140388,2024-10
UPZ72,2024,11,1,1,3212422.0,1515656.0,1696766.0,539.4131117672218,0.0,90.0,306.0,255.0,531.0,1182.0,1215.0,5468.0,20026.0,831376.0,146.14326129212293,657.7048170743442,14546.0,6993.0,67606.0,43.08297155555556,10.0,ENGATIVÁ,0.21317747170203663,0.2473915319967302,0.2235780355133914,0.161866965174563,0.2501745170790558,14.982535727735202,2024-11
UPZ72,2024,12,1,1,3110940.0,1462391.0,1648549.0,539.4131117672218,0.0,81.0,249.0,269.0,521.0,1120.0,1204.0,6611.0,24235.0,831376.0,144.820153576721,795.1877369565636,14546.0,6993.0,67606.0,43.08297155555556,10.0,ENGATIVÁ,0.2168334972709213,0.2296984191273377,0.2069268452622037,0.1641452422740393,0.2395263171952782,14.950435489290703,2024-12
UPZ72,2025,1,1,1,2744066.0,1286800.0,1457266.0,539.4131117672218,0.0,78.0,265.0,225.0,342.0,910.0,1158.0,4235.0,16652.0,831165.0,139.32251718972768,509.5257860954202,15693.0,7442.0,79411.0,43.08297155555556,10.0,ENGATIVÁ,0.2044695717960136,0.2007728677079924,0.2207727510927215,0.1669795843102899,0.2600238468520806,14.82495132001679,2025-01
UPZ72,2025,2,1,1,3044757.0,1445764.0,1598993.0,539.4131117672218,0.0,78.0,179.0,258.0,446.0,961.0,1113.0,4642.0,18207.0,831165.0,133.90842973416832,558.4931993045906,15693.0,7442.0,79411.0,43.08297155555556,10.0,ENGATIVÁ,0.2113078317908457,0.18229139468272829,0.2318579118136521,0.1658368795933468,0.2623718295633212,14.928931652986044,2025-02
UPZ72,2025,3,1,1,3189590.0,1507774.0,1681816.0,539.4131117672218,0.0,96.0,303.0,290.0,509.0,1198.0,1198.0,5706.0,21075.0,831165.0,144.1350393724471,686.5062893649275,15693.0,7442.0,79411.0,43.08297155555556,10.0,ENGATIVÁ,0.20972037158380852,0.2318677322163663,0.22830896761025707,0.1639646474938785,0.2581369197327269,14.975402939855002,2025-03
UPZ72,2025,4,1,1,2967371.0,1402475.0,1564896.0,539.4131117672218,0.0,86.0,248.0,242.0,457.0,1033.0,1220.0,5432.0,19687.0,831165.0,146.7819265729428,653.5405124132994,15693.0,7442.0,79411.0,43.08297155555556,10.0,ENGATIVÁ,0.2113628528417916,0.1966835289554289,0.2287651257628385,0.1652132476862515,0.2598336601842913,14.90318693358594,2025-04
UPZ72,2025,5,1,1,3162402.0,1494418.0,1667984.0,539.4131117672218,0.0,73.0,257.0,312.0,516.0,1158.0,1275.0,5783.0,20871.0,831165.0,153.399144574182,695.7703945666625,15693.0,7442.0,79411.0,43.08297155555556,10.0,ENGATIVÁ,0.2141384934616155,0.22021804944469417,0.2280671464285691,0.1622118250620889,0.2545030721616063,14.966842423395478,2025-05
UPZ72,2025,6,1,1,2710793.0,1202020.0,1508773.0,539.4131117672218,0.0,73.0,261.0,324.0,409.0,1067.0,1328.0,5862.0,21247.0,831165.0,159.77573646628525,705.2751258775334,15693.0,7442.0,79411.0,43.08297155555556,10.0,ENGATIVÁ,0.2079812069752283,0.2616835737734309,0.21714826620844893,0.1688793648205525,0.2553258413940353,14.812751769977222,2025-06
UPZ72,2025,7,1,1,3098439.0,1447725.0,1650714.0,539.4131117672218,0.0,71.0,249.0,338.0,457.0,1115.0,1437.0,5445.0,21833.0,831165.0,172.88985941419574,655.1045821226833,15693.0,7442.0,79411.0,43.08297155555556,10.0,ENGATIVÁ,0.2068460925001266,0.1762403584514654,0.2291473222483967,0.17098739074740532,0.2692439712697195,14.946408994245212,2025-07
UPZ72,2025,8,1,1,2989140.0,1394327.0,1594813.0,539.4131117672218,0.0,64.0,296.0,298.0,407.0,1065.0,1477.0,6523.0,23260.0,831165.0,177.7023815969152,784.802054946972,15693.0,7442.0,79411.0,43.08297155555556,10.0,ENGATIVÁ,0.2105826424991803,0.2511842871193721,0.22236964478077303,0.1638508065865098,0.2510309834175993,14.910496278576685,2025-08
UPZ72,2025,9,1,1,3136747.0,1451496.0,1685251.0,539.4131117672218,0.0,67.0,289.0,259.0,447.0,1062.0,1497.0,6051.0,22409.0,831165.0,180.1086426882749,728.0142931908827,15693.0,7442.0,79411.0,43.08297155555556,10.0,ENGATIVÁ,0.2107186202776315,0.17441062348987663,0.2292818005404962,0.1679239670907472,0.2620931728363197,14.958696833617568,2025-09
UPZ72,2025,10,1,1,3208554.0,1493573.0,1714981.0,539.4131117672218,0.0,62.0,272.0,329.0,474.0,1137.0,1480.0,5837.0,21901.0,831165.0,178.06332076061915,702.2672995133337,15693.0,7442.0,79411.0,43.08297155555556,10.0,ENGATIVÁ,0.2089664066741591,0.1830248142932922,0.2263144082973202,0.1697531037345795,0.2605212969444246,14.98133092632561,2025-10
UPZ72,2025,11,1,1,3001447.0,1404025.0,1597422.0,539.4131117672218,0.0,67.0,351.0,357.0,552.0,1327.0,1351.0,6183.0,23048.0,831165.0,162.54293672134895,743.8956163938568,15693.0,7442.0,79411.0,43.08297155555556,10.0,ENGATIVÁ,0.21449654116830977,0.2717169418617087,0.21778495505667764,0.1630836726418957,0.2489479088103129,14.914605063680385,2025-11
UPZ72,2025,12,1,1,1357747.0,1357747.0,0.0,539.4131117672218,0.0,57.0,262.0,347.0,543.0,1209.0,1262.0,6355.0,26125.0,831165.0,151.8350748647982,764.5894617795504,15693.0,7442.0,79411.0,43.08297155555556,10.0,ENGATIVÁ,0.1292118487464895,0.2187881836601369,0.3371636983915265,0.1005319842356492,0.3611902213901198,14.121337266356813,2025-12
UPZ72,2026,1,1,1,2445627.0,1086173.0,1359454.0,539.4131117672218,0.0,51.0,280.0,297.0,471.0,1099.0,1232.0,4961.0,19451.0,828873.0,148.63555695504618,598.5235373814807,13872.0,6502.0,86095.0,43.08297155555556,10.0,ENGATIVÁ,0.1996269259376021,0.23020027175035274,0.2141438575874407,0.1706237296202569,0.2598916884181991,14.709812089733344,2026-01
UPZ72,2026,2,1,1,2888373.0,1345630.0,1542743.0,539.4131117672218,0.0,78.0,251.0,259.0,430.0,1018.0,1104.0,5439.0,20243.0,828873.0,133.19290168698944,656.19220314813,13872.0,6502.0,86095.0,43.08297155555556,10.0,ENGATIVÁ,0.20846130330120097,0.18295871066513913,0.2285847430369969,0.1657767192810623,0.2604672969726535,14.876203925779702,2026-02
UPZ72,2026,3,1,1,3032182.0,1408381.0,1623801.0,539.4131117672218,0.0,56.0,313.0,277.0,504.0,1150.0,1320.0,6302.0,23263.0,828873.0,159.2523824518352,760.3094804632315,13872.0,6502.0,86095.0,43.08297155555556,10.0,ENGATIVÁ,0.2093601241614124,0.1995869641070358,0.2277848097508658,0.1619882975362296,0.2566955513267075,14.924793050328113,2026-03
UPZ72,2026,4,1,1,2807152.0,1263319.0,1543833.0,539.4131117672218,0.0,75.0,260.0,330.0,428.0,1093.0,1173.0,5645.0,20760.0,828873.0,141.51745804242628,681.0452264701588,13872.0,6502.0,86095.0,43.08297155555556,10.0,ENGATIVÁ,0.20914863178053772,0.19368135391314753,0.2261986525845412,0.1633588063631752,0.2563116166175374,14.847681004216383,2026-04
UPZ72,2026,5,1,1,2908711.0,1366824.0,1541887.0,539.4131117672218,0.0,55.0,291.0,330.0,449.0,1125.0,1162.0,5392.0,21106.0,828873.0,140.19035485532766,650.5218531668904,13872.0,6502.0,86095.0,43.08297155555556,10.0,ENGATIVÁ,0.20710204623285017,0.2510400655135557,0.2253486166209018,0.1590137349499486,0.2518115418490078,14.883220585687523,2026-05
UPZ72,2026,6,1,1,2592457.0,1219946.0,1372511.0,539.4131117672218,0.0,46.0,275.0,383.0,437.0,1141.0,1019.0,5156.0,18865.0,828873.0,122.9380134230455,622.0494575164108,13872.0,6502.0,86095.0,43.08297155555556,10.0,ENGATIVÁ,0.2797168863360125,0.2352694760221673,0.2620294184242979,0.1239823842786977,0.2809546990271072,14.768116632641611,2026-06
UPZ82,2023,1,2,0,1244757.0,490860.0,753897.0,494.14805281021086,0.5,150.0,1173.0,775.0,804.0,2902.0,1155.0,6276.0,19597.0,1093721.0,105.60279998281098,573.8209287377676,20265.0,10284.0,91855.0,42.087377222222216,8.0,KENNEDY,0.2735995861039544,0.21593692584175064,0.2216512941883435,0.158969180329976,0.26997853757556717,14.034450888107818,2023-01
UPZ82,2023,2,2,0,1302150.0,575403.0,726747.0,494.14805281021086,0.5,147.0,1261.0,996.0,856.0,3260.0,1248.0,6609.0,21007.0,1093721.0,114.10588257882952,604.2674502912535,20265.0,10284.0,91855.0,42.087377222222216,8.0,KENNEDY,0.27000959950850517,0.20514303267672696,0.23561648043620156,0.14811120070652378,0.25747510560671716,14.079527302488064,2023-02
UPZ82,2023,3,2,0,1478207.0,587135.0,891072.0,494.14805281021086,0.5,171.0,1340.0,949.0,1076.0,3536.0,1248.0,6754.0,21300.0,1093721.0,114.10588257882952,617.5249446613899,20265.0,10284.0,91855.0,42.087377222222216,8.0,KENNEDY,0.27625630239878446,0.19544488694749787,0.2284585311800039,0.15996812354426676,0.2698676562371489,14.20634042481082,2023-03
UPZ82,2023,4,2,0,1312561.0,519382.0,793179.0,494.14805281021086,0.5,230.0,1325.0,1293.0,910.0,3758.0,1561.0,7666.0,24522.0,1093721.0,142.72378421919302,700.9100126997653,20265.0,10284.0,91855.0,42.087377222222216,8.0,KENNEDY,0.27591860492579007,0.2691730136732693,0.22299535031133783,0.15679652221877685,0.2587679250699343,14.087490748558407,2023-04
UPZ82,2023,5,2,0,1457179.0,581299.0,875880.0,494.14805281021086,0.5,215.0,1344.0,1216.0,998.0,3773.0,1555.0,7852.0,25142.0,1093721.0,142.17519824525633,717.9161778918024,20265.0,10284.0,91855.0,42.087377222222216,8.0,KENNEDY,0.28060451049596513,0.2147416343496577,0.22828629838887327,0.15518546451739967,0.2697277720301499,14.192012932813142,2023-05
UPZ82,2023,6,2,0,1375853.0,523116.0,852737.0,494.14805281021086,0.5,160.0,1306.0,1034.0,946.0,3446.0,1400.0,7331.0,22924.0,1093721.0,128.00339391855874,670.2806291549673,20265.0,10284.0,91855.0,42.087377222222216,8.0,KENNEDY,0.276777388282033,0.2251076241429862,0.22596091297544138,0.16238217309552683,0.2761278771929731,14.134584460373198,2023-06
UPZ82,2023,7,2,0,1330361.0,504430.0,825931.0,494.14805281021086,0.5,170.0,1073.0,1079.0,884.0,3206.0,1377.0,5979.0,21761.0,1093721.0,125.90048101846814,546.6659230279021,20265.0,10284.0,91855.0,42.087377222222216,8.0,KENNEDY,0.27029731027893933,0.2897371465339107,0.22233138223384474,0.15870729824461174,0.2604759539421571,14.100960891939295,2023-07
UPZ82,2023,8,2,0,1430897.0,527221.0,903676.0,494.14805281021086,0.5,152.0,1052.0,740.0,771.0,2715.0,1179.0,6061.0,18722.0,1093721.0,107.79714387855768,554.1632646717032,20265.0,10284.0,91855.0,42.087377222222216,8.0,KENNEDY,0.27976856475343787,0.21427328452012964,0.22387425510012243,0.16269724515461276,0.27256572523004857,14.173812078310059,2023-08
UPZ82,2023,9,2,0,1434822.0,551995.0,882827.0,494.14805281021086,0.5,137.0,1291.0,1008.0,903.0,3339.0,1196.0,7316.0,22377.0,1093721.0,109.35147080471162,668.9091642201256,20265.0,10284.0,91855.0,42.087377222222216,8.0,KENNEDY,0.2808438956191081,0.22317750912656759,0.2320587501446172,0.16157613975810237,0.27636834013254147,14.17655135767019,2023-09
UPZ82,2023,10,2,0,1434186.0,536114.0,898072.0,494.14805281021086,0.5,188.0,1225.0,1034.0,989.0,3436.0,1407.0,7206.0,23052.0,1093721.0,128.64341088815155,658.8517546979532,20265.0,10284.0,91855.0,42.087377222222216,8.0,KENNEDY,0.28088755572847596,0.2239109850465699,0.219915687365516,0.16461602609424433,0.2704953792760657,14.176107998843433,2023-10
UPZ82,2023,11,2,0,1385682.0,529145.0,856537.0,494.14805281021086,0.5,154.0,1351.0,1028.0,891.0,3424.0,1275.0,7211.0,22645.0,1093721.0,116.57451946154458,659.3089096762337,20265.0,10284.0,91855.0,42.087377222222216,8.0,KENNEDY,0.283344952160741,0.2345206187278177,0.2255142233210794,0.15541444573863264,0.2630663442112127,14.1417029951778,2023-11
UPZ82,2023,12,2,0,1374512.0,508590.0,865922.0,494.14805281021086,0.5,160.0,1587.0,1168.0,984.0,3899.0,1322.0,8087.0,25048.0,1093721.0,120.87177625738192,739.4024618709891,20265.0,10284.0,91855.0,42.087377222222216,8.0,KENNEDY,0.2810008206548942,0.29245215756573967,0.20875845390946024,0.15675599776502494,0.23089854085344494,14.133609316996763,2023-12
UPZ82,2024,1,2,0,1176582.0,449611.0,726971.0,494.14805281021086,0.5,92.0,848.0,562.0,649.0,2151.0,862.0,4531.0,14759.0,1099572.0,78.39413881037349,412.0694233756407,16488.0,6891.0,83977.0,42.087377222222216,8.0,KENNEDY,0.271435395068087,0.21098741949137415,0.2218944365968543,0.17165824396429652,0.27721303870729597,13.978124182978288,2024-01
UPZ82,2024,2,2,0,1231702.0,509302.0,722400.0,494.14805281021086,0.5,137.0,1205.0,887.0,938.0,3167.0,1312.0,6801.0,22151.0,1099572.0,119.31915327054526,618.5133852080628,16488.0,6891.0,83977.0,42.087377222222216,8.0,KENNEDY,0.2747937406937717,0.19421256115521443,0.21956122503657535,0.16615301428429927,0.27145919547882336,14.02390751070028,2024-02
UPZ82,2024,3,2,0,968648.0,411693.0,556955.0,494.14805281021086,0.5,138.0,1246.0,971.0,806.0,3161.0,1078.0,6618.0,19945.0,1099572.0,98.03814575125595,601.8705459942596,16488.0,6891.0,83977.0,42.087377222222216,8.0,KENNEDY,0.26811906905294797,0.273982912265343,0.1961145844517306,0.17221219679388178,0.2651105617615326,13.783656563783698,2024-03
UPZ82,2024,4,2,0,1008533.0,470167.0,538366.0,494.14805281021086,0.5,90.0,876.0,587.0,639.0,2192.0,837.0,4664.0,14669.0,1099572.0,76.1205268959195,424.1650387605359,16488.0,6891.0,83977.0,42.087377222222216,8.0,KENNEDY,0.2632814196461593,0.180499795247156,0.23625404424049581,0.17378112565478768,0.2928940275249631,13.82400735770521,2024-04
UPZ82,2024,5,2,0,1001070.0,453208.0,547862.0,494.14805281021086,0.5,138.0,1293.0,917.0,967.0,3315.0,1274.0,7390.0,23471.0,1099572.0,115.8632631605752,672.0796819125987,16488.0,6891.0,83977.0,42.087377222222216,8.0,KENNEDY,0.26551489905800785,0.20604253448809767,0.2279850559900906,0.17616949863645895,0.28965987381474445,13.816579985922294,2024-05
UPZ82,2024,6,1,0,903050.0,399124.0,503926.0,232.4425136272653,1.0,135.0,1361.0,1037.0,927.0,3460.0,1269.0,7660.0,23836.0,1099572.0,115.4085407776844,696.6346905887018,16488.0,6891.0,83977.0,42.087377222222216,8.0,KENNEDY,0.2554764409501135,0.2754797630253031,0.2177066607607552,0.1763468246497979,0.2750306064060538,13.71353320185181,2024-06
UPZ82,2024,7,1,0,943553.0,458431.0,485122.0,232.4425136272653,1.0,154.0,1424.0,992.0,920.0,3490.0,1221.0,7654.0,23370.0,1099572.0,111.04320590193277,696.0890237292328,16488.0,6891.0,83977.0,42.087377222222216,8.0,KENNEDY,0.2490458935534092,0.1973498044095032,0.2441813019512417,0.172001996708187,0.2973831364164486,13.75740781603393,2024-07
UPZ82,2024,8,1,0,1048838.0,492815.0,556023.0,232.4425136272653,1.0,163.0,1212.0,999.0,874.0,3248.0,1327.0,6853.0,22811.0,1099572.0,120.68332041921768,623.242497990127,16488.0,6891.0,83977.0,42.087377222222216,8.0,KENNEDY,0.2593174541730944,0.2375810182316048,0.2375857854120464,0.1679839975286936,0.2806418569306496,13.863193442659327,2024-08
UPZ82,2024,9,1,0,1023808.0,486311.0,537497.0,232.4425136272653,1.0,166.0,1449.0,1047.0,867.0,3529.0,1399.0,7805.0,24399.0,1099572.0,127.23132273284514,709.821639692535,16488.0,6891.0,83977.0,42.087377222222216,8.0,KENNEDY,0.2514133509408014,0.1987716446833781,0.2499296743139338,0.1711688129024192,0.2983635655942918,13.839039567001267,2024-09
UPZ82,2024,10,1,0,1118114.0,539697.0,578417.0,232.4425136272653,1.0,170.0,1409.0,946.0,861.0,3386.0,1504.0,7848.0,23933.0,1099572.0,136.78049277355188,713.7322521853957,16488.0,6891.0,83977.0,42.087377222222216,8.0,KENNEDY,0.25959159799448,0.1857762267532648,0.2502866434012989,0.1661565815292537,0.2956641129487292,13.927153895298462,2024-10
UPZ82,2024,11,1,0,1040182.0,478309.0,561873.0,232.4425136272653,1.0,141.0,1181.0,935.0,930.0,3187.0,1198.0,6773.0,22010.0,1099572.0,108.95148294063507,615.9669398638744,16488.0,6891.0,83977.0,42.087377222222216,8.0,KENNEDY,0.2616849743602562,0.2491775477752931,0.2366162844579121,0.164594272925315,0.2772188995848816,13.854906255806842,2024-11
UPZ82,2024,12,1,0,1046077.0,463230.0,582847.0,232.4425136272653,1.0,158.0,1577.0,1275.0,1043.0,4053.0,1291.0,8416.0,26663.0,1099572.0,117.40931926240393,765.3887148817904,16488.0,6891.0,83977.0,42.087377222222216,8.0,KENNEDY,0.2703233127198093,0.2343938352530454,0.2175365675758094,0.1622375790692272,0.2519306040359771,13.860557534664375,2024-12
UPZ82,2025,1,1,0,884715.0,392554.0,492161.0,232.4425136272653,1.0,115.0,1055.0,901.0,829.0,2900.0,1112.0,5757.0,19414.0,1103801.0,100.74279693531714,521.561404637249,14846.0,6785.0,97402.0,42.087377222222216,8.0,KENNEDY,0.248269781794137,0.1931107757865527,0.2347241767122745,0.1778493639194543,0.2910163813835054,13.69302083822771,2025-01
UPZ82,2025,2,1,0,968095.0,449858.0,518237.0,232.4425136272653,1.0,137.0,1103.0,936.0,828.0,3004.0,1169.0,6418.0,21453.0,1103801.0,105.90677123865623,581.4453873479006,14846.0,6785.0,97402.0,42.087377222222216,8.0,KENNEDY,0.2640618947520646,0.1880404299164854,0.2436083235632866,0.1698562641063118,0.3018085944690453,13.783085501939118,2025-02
UPZ82,2025,3,2,0,977482.0,472319.0,505163.0,494.14805281021086,0.5,154.0,1496.0,1376.0,1039.0,4065.0,1275.0,7799.0,26201.0,1103801.0,115.50995152205876,706.5585191533619,14846.0,6785.0,97402.0,42.087377222222216,8.0,KENNEDY,0.26199459427385874,0.23198790361357033,0.24811607784081952,0.15496653646819064,0.283854371638265,13.792735156349861,2025-03
UPZ82,2025,4,1,0,854847.0,403163.0,451684.0,232.4425136272653,1.0,157.0,1404.0,1156.0,996.0,3713.0,1308.0,7068.0,23255.0,1103801.0,118.4996208555709,640.3328136140482,14846.0,6785.0,97402.0,42.087377222222216,8.0,KENNEDY,0.2682515116740188,0.196277228556689,0.2384075746888039,0.16065097029059,0.2843312548020164,13.658677784537485,2025-04
UPZ82,2025,5,1,0,909885.0,439316.0,470569.0,232.4425136272653,1.0,149.0,1356.0,1213.0,920.0,3638.0,1291.0,7358.0,24379.0,1103801.0,116.95948816861012,666.605665332791,14846.0,6785.0,97402.0,42.087377222222216,8.0,KENNEDY,0.2727058914038587,0.22560213653373773,0.2394918039092852,0.1530050500887474,0.2768132105140956,13.72107349688084,2025-05
UPZ82,2025,6,2,0,808912.0,374536.0,434376.0,494.14805281021086,0.5,160.0,1398.0,1242.0,1183.0,3983.0,1197.0,7713.0,24544.0,1103801.0,108.44346037012106,698.7672596781484,14846.0,6785.0,97402.0,42.087377222222216,8.0,KENNEDY,0.260248333564096,0.25483241687600133,0.23025866843364912,0.16494377633166524,0.27568551355137394,13.603445413857065,2025-06
UPZ82,2025,7,1,0,917944.0,438437.0,479507.0,232.4425136272653,1.0,160.0,1384.0,1293.0,1063.0,3900.0,1295.0,7259.0,25017.0,1103801.0,117.32187233024791,657.6366573322547,14846.0,6785.0,97402.0,42.087377222222216,8.0,KENNEDY,0.2604058635385165,0.1766654610738781,0.2418568017221094,0.1602853768857359,0.2812607014245299,13.72989166556327,2025-07
UPZ82,2025,8,1,0,843305.0,402147.0,441158.0,232.4425136272653,1.0,168.0,1470.0,1376.0,1032.0,4046.0,1351.0,7846.0,26047.0,1103801.0,122.39525059317758,710.8165330526064,14846.0,6785.0,97402.0,42.087377222222216,8.0,KENNEDY,0.2662370079627181,0.2548057938705451,0.2383574151700749,0.1543545929408695,0.2718298904188971,13.645083974633263,2025-08
UPZ82,2025,9,1,0,882853.0,430388.0,452465.0,232.4425136272653,1.0,145.0,1450.0,1228.0,1032.0,3855.0,1272.0,8102.0,26108.0,1103801.0,115.2381634008304,734.0091193974276,14846.0,6785.0,97402.0,42.087377222222216,8.0,KENNEDY,0.2671565934532702,0.1749441866312965,0.2430393281780772,0.1542623743703651,0.2786845522646207,13.690913987810916,2025-09
UPZ82,2025,10,1,0,859833.0,415685.0,444148.0,232.4425136272653,1.0,164.0,1402.0,1173.0,1133.0,3872.0,1207.0,7904.0,26010.0,1103801.0,109.34942077421564,716.071103396355,14846.0,6785.0,97402.0,42.087377222222216,8.0,KENNEDY,0.2697070245035954,0.18533715267964818,0.2412433577217901,0.152450533999044,0.2784256581835798,13.664493463326627,2025-10
UPZ82,2025,11,1,0,850741.0,382884.0,467857.0,232.4425136272653,1.0,144.0,1497.0,1395.0,1094.0,4130.0,1316.0,8143.0,27119.0,1103801.0,119.22438917884656,737.7235570542153,14846.0,6785.0,97402.0,42.087377222222216,8.0,KENNEDY,0.2701374448862815,0.2571111536883728,0.222987959907892,0.1598324284359164,0.2645884693721377,13.653863013406225,2025-11
UPZ82,2025,12,1,0,396336.0,396336.0,0.0,232.4425136272653,1.0,165.0,1725.0,1474.0,1331.0,4695.0,1267.0,9155.0,31780.0,1103801.0,114.78518319878312,829.4067499485868,14846.0,6785.0,97402.0,42.087377222222216,8.0,KENNEDY,0.1671107343264301,0.215385430543781,0.4281922409268903,0.0486834403132695,0.496937683332576,12.89001761532532,2025-12
UPZ82,2026,1,1,0,763713.0,316156.0,447557.0,232.4425136272653,1.0,141.0,1176.0,1079.0,950.0,3346.0,1124.0,6640.0,22859.0,1104934.0,101.72553292775858,600.9408706764385,13640.0,5906.0,106864.0,42.087377222222216,8.0,KENNEDY,0.2502523853856095,0.22188832715954807,0.2160078458792766,0.1859363399601682,0.2846791287876306,13.545947343122588,2026-01
UPZ82,2026,2,1,0,865708.0,356473.0,509235.0,232.4425136272653,1.0,131.0,1283.0,1025.0,886.0,3325.0,1108.0,7108.0,23390.0,1104934.0,100.27748263697195,643.2963416819466,13640.0,5906.0,106864.0,42.087377222222216,8.0,KENNEDY,0.2595055145614918,0.1806498265003904,0.21810356378825188,0.1841741095149865,0.2862499624101023,13.671302948237752,2026-02
UPZ82,2026,3,1,0,915319.0,367678.0,547641.0,232.4425136272653,1.0,148.0,1456.0,1354.0,1186.0,4144.0,1317.0,8510.0,28228.0,1104934.0,119.19263956037192,770.1817484121224,13640.0,5906.0,106864.0,42.087377222222216,8.0,KENNEDY,0.2599104792973816,0.1950565868292912,0.2134458041404144,0.1850076312192798,0.2878497839195925,13.72702791737877,2026-03
UPZ82,2026,4,1,0,855921.0,347229.0,508692.0,232.4425136272653,1.0,115.0,1270.0,1277.0,1014.0,3676.0,1198.0,7416.0,24739.0,1104934.0,108.4227655226466,671.1713097795886,13640.0,5906.0,106864.0,42.087377222222216,8.0,KENNEDY,0.2605065187090865,0.1873350461082272,0.2173027650916381,0.1844504340938007,0.2883651852103113,13.659933361145296,2026-04
UPZ82,2026,5,1,0,1019417.0,486574.0,532843.0,232.4425136272653,1.0,114.0,1225.0,1172.0,859.0,3370.0,1141.0,7361.0,24787.0,1104934.0,103.26408636171934,666.1936369050097,13640.0,5906.0,106864.0,42.087377222222216,8.0,KENNEDY,0.2643226471600924,0.2470313914717922,0.2344241855884294,0.1624614853391693,0.2794877246182263,13.834741453225385,2026-05
UPZ82,2026,6,1,0,949907.0,466802.0,483105.0,232.4425136272653,1.0,159.0,1251.0,1021.0,862.0,3293.0,1123.0,6827.0,22900.0,1104934.0,101.63502978458442,617.864958450007,13640.0,5906.0,106864.0,42.087377222222216,8.0,KENNEDY,0.31472238861278,0.2249988683102661,0.2491801829021157,0.1460648252934234,0.3053622964904937,13.764119364047879,2026-06
UPZ83,2023,1,1,1,3635378.0,1571177.0,2064201.0,677.8064979751184,0.0,25.0,104.0,58.0,177.0,364.0,1155.0,6276.0,19597.0,1093721.0,105.60279998281098,573.8209287377676,20265.0,10284.0,91855.0,42.087377222222216,8.0,KENNEDY,0.3063684161591999,0.2005037715472779,0.2252508542440428,0.1437891740556277,0.2546534214704103,15.10622365253915,2023-01
UPZ83,2023,2,1,1,3925773.0,1765670.0,2160103.0,677.8064979751184,0.0,32.0,127.0,49.0,157.0,365.0,1248.0,6609.0,21007.0,1093721.0,114.10588257882952,604.2674502912535,20265.0,10284.0,91855.0,42.087377222222216,8.0,KENNEDY,0.3149552967020762,0.1839721756708806,0.229781497809476,0.1380466980643047,0.2419996578333188,15.183073832483142,2023-02
UPZ83,2023,3,1,1,4566406.0,2166237.0,2400169.0,677.8064979751184,0.0,30.0,116.0,58.0,224.0,428.0,1248.0,6754.0,21300.0,1093721.0,114.10588257882952,617.5249446613899,20265.0,10284.0,91855.0,42.087377222222216,8.0,KENNEDY,0.3165333962858317,0.1783728823061287,0.2273615180078162,0.137643696158423,0.24088606526792386,15.33423702020913,2023-03
UPZ83,2023,4,1,1,3955557.0,1825340.0,2130217.0,677.8064979751184,0.0,32.0,158.0,90.0,179.0,459.0,1561.0,7666.0,24522.0,1093721.0,142.72378421919302,700.9100126997653,20265.0,10284.0,91855.0,42.087377222222216,8.0,KENNEDY,0.3104202518128294,0.2522231382331237,0.2233644970859982,0.1364020288419557,0.2316152192962088,15.190631983654512,2023-04
UPZ83,2023,5,1,1,4355069.0,1990360.0,2364709.0,677.8064979751184,0.0,24.0,148.0,72.0,169.0,413.0,1555.0,7852.0,25142.0,1093721.0,142.17519824525633,717.9161778918024,20265.0,10284.0,91855.0,42.087377222222216,8.0,KENNEDY,0.3204530169326823,0.1973341868980721,0.2207691772506934,0.1382324826541209,0.2366895493290748,15.286851012000863,2023-05
UPZ83,2023,6,1,1,3956708.0,1782891.0,2173817.0,677.8064979751184,0.0,35.0,131.0,61.0,168.0,395.0,1400.0,7331.0,22924.0,1093721.0,128.00339391855874,670.2806291549673,20265.0,10284.0,91855.0,42.087377222222216,8.0,KENNEDY,0.3151991504048315,0.2118541474377184,0.2212814289050392,0.1407647468552139,0.242561345435212,15.190922924366967,2023-06
UPZ83,2023,7,1,1,3829507.0,1749284.0,2080223.0,677.8064979751184,0.0,28.0,89.0,46.0,204.0,367.0,1377.0,5979.0,21761.0,1093721.0,125.90048101846814,546.6659230279021,20265.0,10284.0,91855.0,42.087377222222216,8.0,KENNEDY,0.3101984145739908,0.2720707913577387,0.21467645835351654,0.1421402284941638,0.2294994009917438,15.158246632244985,2023-07
UPZ83,2023,8,1,1,4201926.0,1871339.0,2330587.0,677.8064979751184,0.0,27.0,95.0,44.0,155.0,321.0,1179.0,6061.0,18722.0,1093721.0,107.79714387855768,554.1632646717032,20265.0,10284.0,91855.0,42.087377222222216,8.0,KENNEDY,0.3182680989622378,0.2003169498939296,0.2141027709674087,0.143512046618622,0.2328887115470927,15.251053549570424,2023-08
UPZ83,2023,9,1,1,4207593.0,1930879.0,2276714.0,677.8064979751184,0.0,26.0,140.0,101.0,201.0,468.0,1196.0,7316.0,22377.0,1093721.0,109.35147080471162,668.9091642201256,20265.0,10284.0,91855.0,42.087377222222216,8.0,KENNEDY,0.3230854315044254,0.205386785271294,0.2251149291293145,0.1397965535164641,0.2397608768952821,15.252401308189631,2023-09
UPZ83,2023,10,1,1,4125973.0,1857149.0,2268824.0,677.8064979751184,0.0,23.0,169.0,80.0,175.0,447.0,1407.0,7206.0,23052.0,1093721.0,128.64341088815155,658.8517546979532,20265.0,10284.0,91855.0,42.087377222222216,8.0,KENNEDY,0.3213346282198163,0.2045296951773557,0.2165246839957508,0.1398814291804624,0.2295238123040455,15.23281242872377,2023-10
UPZ83,2023,11,1,1,4073060.0,1852893.0,2220167.0,677.8064979751184,0.0,19.0,108.0,56.0,182.0,365.0,1275.0,7211.0,22645.0,1093721.0,116.57451946154458,659.3089096762337,20265.0,10284.0,91855.0,42.087377222222216,8.0,KENNEDY,0.3273094430231816,0.2147940369157341,0.2203132288746053,0.1324993984866415,0.2273087543338895,15.219905117678444,2023-11
UPZ83,2023,12,1,1,3893899.0,1770355.0,2123544.0,677.8064979751184,0.0,45.0,194.0,91.0,206.0,536.0,1322.0,8087.0,25048.0,1093721.0,120.87177625738192,739.4024618709891,20265.0,10284.0,91855.0,42.087377222222216,8.0,KENNEDY,0.3215866667317257,0.2706046047932933,0.2074740510732302,0.1382876135205356,0.2028324905790079,15.174921527238407,2023-12
UPZ83,2024,1,1,1,3461309.0,1584207.0,1877102.0,677.8064979751184,0.0,20.0,86.0,24.0,94.0,224.0,862.0,4531.0,14759.0,1099572.0,78.39413881037349,412.0694233756407,16488.0,6891.0,83977.0,42.087377222222216,8.0,KENNEDY,0.3127767558458375,0.2015015128669529,0.2151241047823237,0.1482878298354755,0.243350925334221,15.057157399186963,2024-01
UPZ83,2024,2,1,1,4120412.0,1967726.0,2152686.0,677.8064979751184,0.0,34.0,114.0,56.0,156.0,360.0,1312.0,6801.0,22151.0,1099572.0,119.31915327054526,618.5133852080628,16488.0,6891.0,83977.0,42.087377222222216,8.0,KENNEDY,0.3262676159568509,0.1749686681817255,0.2189783448839582,0.1410079865799827,0.2421758209328814,15.231463716326042,2024-02
UPZ83,2024,3,1,1,4075760.0,2009311.0,2066449.0,677.8064979751184,0.0,26.0,176.0,70.0,151.0,423.0,1078.0,6618.0,19945.0,1099572.0,98.03814575125595,601.8705459942596,16488.0,6891.0,83977.0,42.087377222222216,8.0,KENNEDY,0.3137787799085324,0.2640216793923096,0.2215015113745657,0.1363117553536027,0.2306140086262623,15.22056779033505,2024-03
UPZ83,2024,4,1,1,4532754.0,2180253.0,2352501.0,677.8064979751184,0.0,21.0,69.0,29.0,101.0,220.0,837.0,4664.0,14669.0,1099572.0,76.1205268959195,424.1650387605359,16488.0,6891.0,83977.0,42.087377222222216,8.0,KENNEDY,0.3212276686535382,0.1731816904248498,0.2206479769252864,0.1442414479144467,0.2416247371242331,15.32684025975416,2024-04
UPZ83,2024,5,1,1,4403192.0,2149037.0,2254155.0,677.8064979751184,0.0,33.0,140.0,63.0,163.0,399.0,1274.0,7390.0,23471.0,1099572.0,115.8632631605752,672.0796819125987,16488.0,6891.0,83977.0,42.087377222222216,8.0,KENNEDY,0.3190149328032936,0.2011011557070416,0.2197594381530489,0.141970870223238,0.234889905774216,15.297840290418991,2024-05
UPZ83,2024,6,1,1,3952711.0,1907218.0,2045493.0,677.8064979751184,0.0,16.0,101.0,69.0,152.0,338.0,1269.0,7660.0,23836.0,1099572.0,115.4085407776844,696.6346905887018,16488.0,6891.0,83977.0,42.087377222222216,8.0,KENNEDY,0.3091134160832907,0.2710448600972851,0.216383135523948,0.144669569821826,0.2347857621548622,15.18991223057511,2024-06
UPZ83,2024,7,1,1,3969242.0,2028290.0,1940952.0,677.8064979751184,0.0,34.0,167.0,65.0,181.0,447.0,1221.0,7654.0,23370.0,1099572.0,111.04320590193277,696.0890237292328,16488.0,6891.0,83977.0,42.087377222222216,8.0,KENNEDY,0.3064433964973665,0.1949878591428791,0.2306301807750699,0.1444817423578607,0.2535046352516891,15.194085702443616,2024-07
UPZ83,2024,8,1,1,4307277.0,2085304.0,2221973.0,677.8064979751184,0.0,24.0,105.0,83.0,155.0,367.0,1327.0,6853.0,22811.0,1099572.0,120.68332041921768,623.242497990127,16488.0,6891.0,83977.0,42.087377222222216,8.0,KENNEDY,0.3147868131072137,0.2362425263107062,0.220354298086703,0.1424995420540634,0.2293921547110386,15.27581647587579,2024-08
UPZ83,2024,9,1,1,3889094.0,1946778.0,1942316.0,677.8064979751184,0.0,36.0,118.0,74.0,136.0,364.0,1399.0,7805.0,24399.0,1099572.0,127.23132273284514,709.821639692535,16488.0,6891.0,83977.0,42.087377222222216,8.0,KENNEDY,0.3096332976266451,0.2012445572156394,0.2227845354213603,0.1465768119772882,0.2431648387896908,15.173686783583756,2024-09
UPZ83,2024,10,1,1,4433561.0,2179405.0,2254156.0,677.8064979751184,0.0,29.0,126.0,50.0,164.0,369.0,1504.0,7848.0,23933.0,1099572.0,136.78049277355188,713.7322521853957,16488.0,6891.0,83977.0,42.087377222222216,8.0,KENNEDY,0.3186116081407248,0.1901600090762256,0.2206937042255649,0.1430227304868479,0.2326026908773935,15.304713656588792,2024-10
UPZ83,2024,11,1,1,4151223.0,1978280.0,2172943.0,677.8064979751184,0.0,26.0,117.0,48.0,219.0,410.0,1198.0,6773.0,22010.0,1099572.0,108.95148294063507,615.9669398638744,16488.0,6891.0,83977.0,42.087377222222216,8.0,KENNEDY,0.3180534989327241,0.2573145311634667,0.2116976129685155,0.1416741524124336,0.2188847533559615,15.2389135475869,2024-11
UPZ83,2024,12,1,1,4144139.0,1968266.0,2175873.0,677.8064979751184,0.0,21.0,168.0,68.0,204.0,461.0,1291.0,8416.0,26663.0,1099572.0,117.40931926240393,765.3887148817904,16488.0,6891.0,83977.0,42.087377222222216,8.0,KENNEDY,0.3228079463550812,0.2391898534291441,0.2010321082376822,0.1409460445221552,0.198919493411492,15.237205604829962,2024-12
UPZ83,2025,1,1,1,3570760.0,1719320.0,1851440.0,677.8064979751184,0.0,24.0,107.0,66.0,163.0,360.0,1112.0,5757.0,19414.0,1103801.0,100.74279693531714,521.561404637249,14846.0,6785.0,97402.0,42.087377222222216,8.0,KENNEDY,0.3050639079635708,0.2002610088608587,0.213717247868801,0.153041649396767,0.2389451350606123,15.088289016253054,2025-01
UPZ83,2025,2,1,1,3905928.0,1856437.0,2049491.0,677.8064979751184,0.0,23.0,126.0,57.0,121.0,327.0,1169.0,6418.0,21453.0,1103801.0,105.90677123865623,581.4453873479006,14846.0,6785.0,97402.0,42.087377222222216,8.0,KENNEDY,0.32176809198735873,0.18909462744832978,0.2166865339043628,0.1483312032377453,0.2450286746447373,15.178005957069145,2025-02
UPZ83,2025,3,1,1,4177339.0,1999858.0,2177481.0,677.8064979751184,0.0,32.0,144.0,75.0,170.0,421.0,1275.0,7799.0,26201.0,1103801.0,115.50995152205876,706.5585191533619,14846.0,6785.0,97402.0,42.087377222222216,8.0,KENNEDY,0.3174923079022315,0.2358889235467842,0.21671427672018,0.1439672480495358,0.2331600872079747,15.24518499891248,2025-03
UPZ83,2025,4,1,1,3884053.0,1875639.0,2008414.0,677.8064979751184,0.0,36.0,102.0,75.0,165.0,378.0,1308.0,7068.0,23255.0,1103801.0,118.4996208555709,640.3328136140482,14846.0,6785.0,97402.0,42.087377222222216,8.0,KENNEDY,0.3229186110488193,0.2023095462394565,0.2144880618261388,0.1435114299418674,0.2363497520011785,15.172389754026305,2025-04
UPZ83,2025,5,1,1,4037855.0,1965689.0,2072166.0,677.8064979751184,0.0,25.0,126.0,63.0,161.0,375.0,1291.0,7358.0,24379.0,1103801.0,116.95948816861012,666.605665332791,14846.0,6785.0,97402.0,42.087377222222216,8.0,KENNEDY,0.3282775136799117,0.2264177391213899,0.2132602582311648,0.1376998431097699,0.2296347064221393,15.211224168344406,2025-05
UPZ83,2025,6,1,1,3587933.0,1735320.0,1852613.0,677.8064979751184,0.0,42.0,120.0,62.0,183.0,407.0,1197.0,7713.0,24544.0,1103801.0,108.44346037012106,698.7672596781484,14846.0,6785.0,97402.0,42.087377222222216,8.0,KENNEDY,0.3113706415365058,0.2594142644246701,0.2123417577752984,0.14656293749075017,0.2297606050630189,15.093086828630845,2025-06
UPZ83,2025,7,1,1,4110265.0,1966901.0,2143364.0,677.8064979751184,0.0,13.0,119.0,63.0,164.0,359.0,1295.0,7259.0,25017.0,1103801.0,117.32187233024791,657.6366573322547,14846.0,6785.0,97402.0,42.087377222222216,8.0,KENNEDY,0.3150439205258055,0.1777744257365401,0.2182326443672123,0.1497747712130483,0.2385538550227599,15.228998061279517,2025-07
UPZ83,2025,8,1,1,3756251.0,1796127.0,1960124.0,677.8064979751184,0.0,31.0,101.0,80.0,164.0,376.0,1351.0,7846.0,26047.0,1103801.0,122.39525059317758,710.8165330526064,14846.0,6785.0,97402.0,42.087377222222216,8.0,KENNEDY,0.3207945901378795,0.2604059206906035,0.2122459335118979,0.1431954360877375,0.2225494416236055,15.138931943488581,2025-08
UPZ83,2025,9,1,1,3926600.0,1885819.0,2040781.0,677.8064979751184,0.0,20.0,120.0,60.0,178.0,378.0,1272.0,8102.0,26108.0,1103801.0,115.2381634008304,734.0091193974276,14846.0,6785.0,97402.0,42.087377222222216,8.0,KENNEDY,0.321613355065451,0.1792466765140325,0.2081688993021953,0.1465881424132837,0.2276769109430272,15.183284469446786,2025-09
UPZ83,2025,10,1,1,3997533.0,1908894.0,2088639.0,677.8064979751184,0.0,27.0,137.0,60.0,190.0,414.0,1207.0,7904.0,26010.0,1103801.0,109.34942077421564,716.071103396355,14846.0,6785.0,97402.0,42.087377222222216,8.0,KENNEDY,0.32504372071475085,0.1876627409955089,0.20425947703245967,0.1484035278758174,0.2292466817460612,15.201187978815648,2025-10
UPZ83,2025,11,1,1,3701862.0,1778901.0,1922961.0,677.8064979751184,0.0,24.0,121.0,61.0,213.0,419.0,1316.0,8143.0,27119.0,1103801.0,119.22438917884656,737.7235570542153,14846.0,6785.0,97402.0,42.087377222222216,8.0,KENNEDY,0.3195918702534022,0.2663440722533687,0.2056905416787551,0.1429594079952197,0.2176293853925957,15.124346494273281,2025-11
UPZ83,2025,12,1,1,1820498.0,1820498.0,0.0,677.8064979751184,0.0,18.0,136.0,108.0,191.0,453.0,1267.0,9155.0,31780.0,1103801.0,114.78518319878312,829.4067499485868,14846.0,6785.0,97402.0,42.087377222222216,8.0,KENNEDY,0.2538618553824283,0.2265231821182995,0.3604200608844393,0.0451458886524456,0.4781492866753123,14.414620647997737,2025-12
UPZ83,2026,1,1,1,3272964.0,1539806.0,1733158.0,677.8064979751184,0.0,20.0,118.0,87.0,138.0,363.0,1124.0,6640.0,22859.0,1104934.0,101.72553292775858,600.9408706764385,13640.0,5906.0,106864.0,42.087377222222216,8.0,KENNEDY,0.2979271999325382,0.2281726899532045,0.2106836494382462,0.1540563843659753,0.2356804454192676,15.001206554339417,2026-01
UPZ83,2026,2,1,1,3760379.0,1774021.0,1986358.0,677.8064979751184,0.0,14.0,111.0,80.0,150.0,355.0,1108.0,7108.0,23390.0,1104934.0,100.27748263697195,643.2963416819466,13640.0,5906.0,106864.0,42.087377222222216,8.0,KENNEDY,0.3077748280160058,0.1833817814640492,0.214006088216108,0.1513677211791683,0.2355412748718102,15.140030308158654,2026-02
UPZ83,2026,3,1,1,3961670.0,1893423.0,2068247.0,677.8064979751184,0.0,33.0,139.0,65.0,218.0,455.0,1317.0,8510.0,28228.0,1104934.0,119.19263956037192,770.1817484121224,13640.0,5906.0,106864.0,42.087377222222216,8.0,KENNEDY,0.3080246461719426,0.198342113300704,0.2163216522325181,0.1464425355973617,0.2354816300290977,15.192176211504686,2026-03
UPZ83,2026,4,1,1,3717520.0,1750727.0,1966793.0,677.8064979751184,0.0,27.0,105.0,85.0,157.0,374.0,1198.0,7416.0,24739.0,1104934.0,108.4227655226466,671.1713097795886,13640.0,5906.0,106864.0,42.087377222222216,8.0,KENNEDY,0.3062904839785663,0.1904697217499838,0.2161669607695452,0.1498899804170522,0.234288549370539,15.128567337261625,2026-04
UPZ83,2026,5,1,1,3830475.0,1822627.0,2007848.0,677.8064979751184,0.0,25.0,135.0,64.0,208.0,432.0,1141.0,7361.0,24787.0,1104934.0,103.26408636171934,666.1936369050097,13640.0,5906.0,106864.0,42.087377222222216,8.0,KENNEDY,0.3014255412187783,0.2435972040021146,0.21533125787271812,0.1478866198056377,0.23294781389620428,15.158499374354603,2026-05
UPZ83,2026,6,1,1,3498754.0,1688439.0,1810315.0,677.8064979751184,0.0,36.0,115.0,79.0,169.0,399.0,1123.0,6827.0,22900.0,1104934.0,101.63502978458442,617.864958450007,13640.0,5906.0,106864.0,42.087377222222216,8.0,KENNEDY,0.3505030648053564,0.2229833820840219,0.2320105957720948,0.1329902016546462,0.274757171460406,15.067917463076599,2026-06
UPZ85,2023,1,1,0,541552.0,255873.0,285679.0,136.6458279071592,1.0,190.0,1446.0,1171.0,1190.0,3997.0,580.0,4431.0,11778.0,752229.0,77.10417971123155,589.0493453456328,9902.0,4163.0,61922.0,39.788368000000006,7.0,BOSA,0.2668294088102343,0.205645995213756,0.2818473572251603,0.1569858480810707,0.3301154154698134,13.202194370360193,2023-01
UPZ85,2023,2,1,0,577964.0,273197.0,304767.0,136.6458279071592,1.0,199.0,1598.0,1162.0,1353.0,4312.0,606.0,4998.0,12924.0,752229.0,80.56057397414882,664.4253279254057,9902.0,4163.0,61922.0,39.788368000000006,7.0,BOSA,0.280642046909496,0.1918077942570817,0.2785104262549224,0.1608024029178288,0.328162500108241,13.267266861977777,2023-02
UPZ85,2023,3,1,0,643250.0,290178.0,353072.0,136.6458279071592,1.0,246.0,1587.0,1197.0,1493.0,4523.0,715.0,4814.0,13082.0,752229.0,95.05084223022511,639.9646916032219,9902.0,4163.0,61922.0,39.788368000000006,7.0,BOSA,0.2886933540614069,0.1800139914496696,0.2780287602020987,0.1637808006218422,0.333934307341791,13.374288730143991,2023-03
UPZ85,2023,4,1,0,556318.0,243146.0,313172.0,136.6458279071592,1.0,286.0,1788.0,1422.0,1341.0,4837.0,758.0,5271.0,14097.0,752229.0,100.76718658812676,700.7174676860371,9902.0,4163.0,61922.0,39.788368000000006,7.0,BOSA,0.282153372711291,0.248284254688865,0.2668905194511053,0.1630542243824575,0.3161749803355467,13.22909535218202,2023-04
UPZ85,2023,5,1,0,622555.0,282446.0,340109.0,136.6458279071592,1.0,296.0,1967.0,1661.0,1485.0,5409.0,758.0,5924.0,15436.0,752229.0,100.76718658812676,787.5261389816134,9902.0,4163.0,61922.0,39.788368000000006,7.0,BOSA,0.2861273301154114,0.1991261816225072,0.2736320485740215,0.1607906128775771,0.3243819834423667,13.34158725683172,2023-05
UPZ85,2023,6,1,0,593625.0,270166.0,323459.0,136.6458279071592,1.0,260.0,1896.0,1544.0,1444.0,5144.0,701.0,5312.0,14123.0,752229.0,93.18970685788504,706.1679355621759,9902.0,4163.0,61922.0,39.788368000000006,7.0,BOSA,0.2786691935144241,0.2159545167403664,0.2712756369762055,0.1646898294377763,0.3227388333074728,13.294003085851424,2023-06
UPZ85,2023,7,1,0,590923.0,277955.0,312968.0,136.6458279071592,1.0,286.0,1611.0,1564.0,1435.0,4896.0,711.0,4532.0,13410.0,752229.0,94.51908926669935,602.4761076746576,9902.0,4163.0,61922.0,39.788368000000006,7.0,BOSA,0.2751526002541786,0.2717697568041859,0.2784745220612499,0.1531383953577708,0.3142041738812215,13.289441000252008,2023-07
UPZ85,2023,8,1,0,628016.0,291109.0,336907.0,136.6458279071592,1.0,233.0,1610.0,1226.0,1371.0,4440.0,609.0,4479.0,12081.0,752229.0,80.95938869679313,595.4303809079415,9902.0,4163.0,61922.0,39.788368000000006,7.0,BOSA,0.2795326870652977,0.2062574838857608,0.2770136429645105,0.1614672237649996,0.3256318515342176,13.350320922832791,2023-08
UPZ85,2023,9,1,0,630349.0,291112.0,339237.0,136.6458279071592,1.0,265.0,1776.0,1451.0,1418.0,4910.0,617.0,5117.0,13914.0,752229.0,82.02289462384459,680.2449785902962,9902.0,4163.0,61922.0,39.788368000000006,7.0,BOSA,0.2794023628180579,0.21224750098754813,0.2741703405573737,0.1663808461661714,0.3280020172018075,13.354028913237915,2023-09
UPZ85,2023,10,1,0,630534.0,289167.0,341367.0,136.6458279071592,1.0,301.0,1736.0,1462.0,1583.0,5082.0,662.0,5262.0,14105.0,752229.0,88.00511546350911,699.5210235181042,9902.0,4163.0,61922.0,39.788368000000006,7.0,BOSA,0.2758566548354252,0.2002667580178071,0.2781753244075656,0.1659212667358144,0.334310880236745,13.354322358389174,2023-10
UPZ85,2023,11,1,0,615895.0,282913.0,332982.0,136.6458279071592,1.0,266.0,1577.0,1395.0,1386.0,4624.0,686.0,5157.0,13691.0,752229.0,91.19563324466353,685.5625082255536,9902.0,4163.0,61922.0,39.788368000000006,7.0,BOSA,0.2832674400668945,0.2142280745906364,0.2724409193125451,0.1678126953457975,0.3344575652233268,13.330831773441176,2023-11
UPZ85,2023,12,1,0,601318.0,272057.0,329261.0,136.6458279071592,1.0,253.0,1767.0,1520.0,1439.0,4979.0,669.0,5755.0,14706.0,752229.0,88.93568314967915,765.059576272651,9902.0,4163.0,61922.0,39.788368000000006,7.0,BOSA,0.2837500291027376,0.2579151131348138,0.2618082279259892,0.1601931091369292,0.3047192584367305,13.306879191720142,2023-12
UPZ85,2024,1,1,0,515415.0,226833.0,288582.0,136.6458279071592,1.0,140.0,977.0,955.0,994.0,3066.0,411.0,3264.0,8913.0,760580.0,54.03770806489784,429.1461779168529,8110.0,2941.0,53267.0,39.788368000000006,7.0,BOSA,0.2791866748154399,0.1947809047078567,0.271259082486928,0.1672167088656713,0.3317987068856687,13.152727680385748,2024-01
UPZ85,2024,2,1,0,570531.0,270896.0,299635.0,136.6458279071592,1.0,204.0,1501.0,1244.0,1434.0,4383.0,570.0,4587.0,12222.0,760580.0,74.94280680533278,603.0923768702831,8110.0,2941.0,53267.0,39.788368000000006,7.0,BOSA,0.2775169096858891,0.178347889948136,0.278745589634919,0.1657561114120004,0.3372398579009692,13.254322785107732,2024-02
UPZ85,2024,3,1,0,503647.0,237182.0,266465.0,136.6458279071592,1.0,168.0,1580.0,1108.0,1208.0,4064.0,485.0,4663.0,11859.0,760580.0,63.76712508874806,613.0847511109943,8110.0,2941.0,53267.0,39.788368000000006,7.0,BOSA,0.2794318242737473,0.2709834467394822,0.2760624008482131,0.1541595601681336,0.3193873899663637,13.129630904835665,2024-03
UPZ85,2024,4,1,0,529400.0,195158.0,334242.0,136.6458279071592,1.0,139.0,1044.0,785.0,825.0,2793.0,380.0,3259.0,8114.0,760580.0,49.96187120355518,428.48878487470085,8110.0,2941.0,53267.0,39.788368000000006,7.0,BOSA,0.279941443143181,0.1748923309406875,0.2590763128069512,0.1779505100113335,0.3290441475353118,13.179499568775137,2024-04
UPZ85,2024,5,1,0,569929.0,283847.0,286082.0,136.6458279071592,1.0,192.0,1563.0,1241.0,1491.0,4487.0,540.0,4748.0,12625.0,760580.0,70.99844855242053,624.2604328275789,8110.0,2941.0,53267.0,39.788368000000006,7.0,BOSA,0.2786083880623727,0.2082469921692,0.2676736926880366,0.1632238401625465,0.322555389045346,13.253267070648809,2024-05
UPZ85,2024,6,1,0,532014.0,255509.0,276505.0,136.6458279071592,1.0,235.0,1570.0,1409.0,1444.0,4658.0,580.0,4950.0,13223.0,760580.0,76.25759288963685,650.8191117305214,8110.0,2941.0,53267.0,39.788368000000006,7.0,BOSA,0.2700624419658129,0.2728255271477818,0.2577582544820249,0.1675331852169304,0.3129106532249111,13.184425083767001,2024-06
UPZ85,2024,7,1,0,522872.0,273094.0,249778.0,136.6458279071592,1.0,223.0,1677.0,1142.0,1518.0,4560.0,615.0,5277.0,13557.0,760580.0,80.85934418470114,693.812616687265,8110.0,2941.0,53267.0,39.788368000000006,7.0,BOSA,0.2552249881424134,0.1950324362367845,0.2838859223672332,0.1656332716228828,0.3358940565952861,13.167091971219076,2024-07
UPZ85,2024,8,1,0,581856.0,280910.0,300946.0,136.6458279071592,1.0,233.0,1703.0,1264.0,1259.0,4459.0,594.0,4975.0,12888.0,760580.0,78.09829340766258,654.1060769412817,8110.0,2941.0,53267.0,39.788368000000006,7.0,BOSA,0.2710481631193972,0.2343294560853544,0.2637216080954738,0.1725581587196832,0.3258532834208408,13.273978273419122,2024-08
UPZ85,2024,9,1,0,533542.0,266742.0,266800.0,136.6458279071592,1.0,255.0,1805.0,1443.0,1544.0,5047.0,591.0,5505.0,14724.0,760580.0,77.70385758237134,723.7897394093981,8110.0,2941.0,53267.0,39.788368000000006,7.0,BOSA,0.2748106053506565,0.2063398945162705,0.2702505144862073,0.1689726394548133,0.3355889945295322,13.187293072023577,2024-09
UPZ85,2024,10,1,0,632532.0,319695.0,312837.0,136.6458279071592,1.0,307.0,1756.0,1383.0,1416.0,4862.0,670.0,5268.0,13659.0,760580.0,88.09066764837361,692.6293092113913,8110.0,2941.0,53267.0,39.788368000000006,7.0,BOSA,0.2735150158410958,0.1851906306716498,0.2697839793085567,0.1726331632233626,0.3348653276718044,13.357486091189411,2024-10
UPZ85,2024,11,1,0,568800.0,281132.0,287668.0,136.6458279071592,1.0,197.0,1675.0,1228.0,1408.0,4508.0,561.0,4755.0,12722.0,760580.0,73.75949932945909,625.1807830865919,8110.0,2941.0,53267.0,39.788368000000006,7.0,BOSA,0.279003164556962,0.2576371308016877,0.2604940225035161,0.1601002109704641,0.3093239381063153,13.251284157471169,2024-11
UPZ85,2024,12,1,0,596805.0,291513.0,305292.0,136.6458279071592,1.0,255.0,2093.0,1848.0,1509.0,5705.0,644.0,6526.0,16529.0,760580.0,84.672223829183,858.029398616845,8110.0,2941.0,53267.0,39.788368000000006,7.0,BOSA,0.2767587402920552,0.22345322173909402,0.2515980931795142,0.1618786705875453,0.2971206894237352,13.299345705852678,2024-12
UPZ85,2025,1,1,0,519976.0,250752.0,269224.0,136.6458279071592,1.0,238.0,1336.0,1479.0,1279.0,4332.0,585.0,4068.0,11902.0,768002.0,76.17167663625877,529.6861206090609,8257.0,3354.0,66490.0,39.788368000000006,7.0,BOSA,0.2687950982353032,0.1997534501592381,0.2583523085680878,0.1749388433312306,0.3274061106288292,13.161537935646335,2025-01
UPZ85,2025,2,1,0,553706.0,273467.0,280239.0,136.6458279071592,1.0,237.0,1495.0,1422.0,1447.0,4601.0,597.0,4553.0,13033.0,768002.0,77.73417256725894,592.8369978203182,8257.0,3354.0,66490.0,39.788368000000006,7.0,BOSA,0.2747450813247463,0.1878975485185278,0.2642936865412331,0.1715206264696427,0.3315375992189054,13.22438913894523,2025-02
UPZ85,2025,3,1,0,581115.0,282881.0,298234.0,136.6458279071592,1.0,207.0,1933.0,1802.0,1550.0,5492.0,570.0,5863.0,15638.0,768002.0,74.21855672250854,763.4094702878378,8257.0,3354.0,66490.0,39.788368000000006,7.0,BOSA,0.2771396367328326,0.24121903581907192,0.2525472582879464,0.1710917804565361,0.3172517934546657,13.272703950843106,2025-03
UPZ85,2025,4,1,0,554564.0,268469.0,286095.0,136.6458279071592,1.0,197.0,1646.0,1538.0,1657.0,5038.0,613.0,4963.0,13866.0,768002.0,79.81750047525918,646.2222754628243,8257.0,3354.0,66490.0,39.788368000000006,7.0,BOSA,0.2760925700189698,0.1960062319227357,0.2595588606544961,0.1734137087874438,0.3290379030322065,13.225937498408928,2025-04
UPZ85,2025,5,1,0,599315.0,290892.0,308423.0,136.6458279071592,1.0,190.0,1753.0,1557.0,1468.0,4968.0,595.0,5384.0,14670.0,768002.0,77.47375657875891,701.0398410420806,8257.0,3354.0,66490.0,39.788368000000006,7.0,BOSA,0.2822705922594962,0.22529054003320453,0.2559789092547325,0.1704529337660495,0.3241332682988756,13.303542615333786,2025-05
UPZ85,2025,6,1,0,521434.0,212756.0,308678.0,136.6458279071592,1.0,209.0,1870.0,1626.0,1541.0,5246.0,591.0,5382.0,14557.0,768002.0,76.95292460175885,700.7794250535806,8257.0,3354.0,66490.0,39.788368000000006,7.0,BOSA,0.2806242017206396,0.2566576019208567,0.2366972617819321,0.1771365120034366,0.310040790772528,13.164337987408071,2025-06
UPZ85,2025,7,1,0,601832.0,279327.0,322505.0,136.6458279071592,1.0,193.0,1765.0,1787.0,1690.0,5435.0,567.0,5176.0,14873.0,768002.0,73.8279327397585,673.9565782380776,8257.0,3354.0,66490.0,39.788368000000006,7.0,BOSA,0.2805301147163992,0.1760275292772734,0.2522115806404445,0.1763133233194645,0.3227155382488801,13.307733615576302,2025-07
UPZ85,2025,8,1,0,574091.0,265430.0,308661.0,136.6458279071592,1.0,229.0,1914.0,1931.0,1666.0,5740.0,636.0,5423.0,15340.0,768002.0,82.81228434300952,706.1179528178312,8257.0,3354.0,66490.0,39.788368000000006,7.0,BOSA,0.2764666228873123,0.2590843611901249,0.24264271692118486,0.1729934801277149,0.3025877072136327,13.260543199321473,2025-08
UPZ85,2025,9,1,0,608432.0,286565.0,321867.0,136.6458279071592,1.0,230.0,1842.0,1931.0,1696.0,5699.0,609.0,5326.0,15478.0,768002.0,79.29666849825911,693.4877773755798,8257.0,3354.0,66490.0,39.788368000000006,7.0,BOSA,0.2778815052462723,0.1763286612144003,0.2552742130591421,0.1766639492991821,0.3296964852025844,13.318640434959777,2025-09
UPZ85,2025,10,1,0,615209.0,289618.0,325591.0,136.6458279071592,1.0,214.0,1914.0,1720.0,1533.0,5381.0,561.0,5304.0,14561.0,768002.0,73.0466847742584,690.6232015020795,8257.0,3354.0,66490.0,39.788368000000006,7.0,BOSA,0.2762719661123293,0.1891243463603426,0.2533870603323423,0.1794105742926387,0.3265413240282082,13.329717326455379,2025-10
UPZ85,2025,11,1,0,577360.0,270311.0,307049.0,136.6458279071592,1.0,228.0,2022.0,2082.0,1667.0,5999.0,585.0,5745.0,16079.0,768002.0,76.17167663625877,748.044926966336,8257.0,3354.0,66490.0,39.788368000000006,7.0,BOSA,0.277876887903561,0.2748995427462934,0.2453616461133435,0.1710509907163641,0.3036372934833486,13.266221267746154,2025-11
UPZ85,2025,12,1,0,272856.0,272856.0,0.0,136.6458279071592,1.0,265.0,2031.0,2144.0,1865.0,6305.0,637.0,5923.0,17353.0,768002.0,82.94249233725954,771.2219499428387,8257.0,3354.0,66490.0,39.788368000000006,7.0,BOSA,0.2042982378983786,0.2202920221655378,0.4125912569267306,0.0664013252411528,0.4662375460950272,12.516699462477051,2025-12
UPZ85,2026,1,1,0,495084.0,226597.0,268487.0,136.6458279071592,1.0,214.0,1754.0,1714.0,1513.0,5195.0,611.0,5035.0,14573.0,773327.0,79.00926774831345,651.0829183514865,9502.0,3605.0,73159.0,39.788368000000006,7.0,BOSA,0.2682191304909874,0.22899952331321552,0.2465218023608115,0.1790686024997778,0.3114054307532471,13.112482724123621,2026-01
UPZ85,2026,2,1,0,553873.0,257778.0,296095.0,136.6458279071592,1.0,249.0,1805.0,1671.0,1545.0,5270.0,579.0,5086.0,14234.0,773327.0,74.87130282532486,657.6777999474996,9502.0,3605.0,73159.0,39.788368000000006,7.0,BOSA,0.2663715328243117,0.1861545877845643,0.257513906617582,0.1809530343598623,0.3264972945629296,13.224690697572228,2026-02
UPZ85,2026,3,1,0,585967.0,252132.0,333835.0,136.6458279071592,1.0,275.0,1953.0,1877.0,1909.0,6014.0,673.0,5928.0,16872.0,773327.0,87.02657478660386,766.5580019836369,9502.0,3605.0,73159.0,39.788368000000006,7.0,BOSA,0.2706312812837583,0.2018458377348895,0.2517291929408994,0.1772727815730237,0.3210770245245758,13.281018752980284,2026-03
UPZ85,2026,4,1,0,548563.0,235711.0,312852.0,136.6458279071592,1.0,220.0,1816.0,1672.0,1494.0,5202.0,619.0,5209.0,14551.0,773327.0,80.04375897906061,673.5831026202369,9502.0,3605.0,73159.0,39.788368000000006,7.0,BOSA,0.2750458926322045,0.1920107626653638,0.2505637456408835,0.1766615684980576,0.3179599549621065,13.215057410807226,2026-04
UPZ85,2026,5,1,0,591212.0,273435.0,317777.0,136.6458279071592,1.0,212.0,1848.0,1695.0,1572.0,5327.0,555.0,5397.0,15008.0,773327.0,71.76782913308341,697.893646542795,9502.0,3605.0,73159.0,39.788368000000006,7.0,BOSA,0.270090931848474,0.2520584832513548,0.24766919480660057,0.1729937822642301,0.3062318276110241,13.289929946109728,2026-05
UPZ85,2026,6,1,0,554927.0,252942.0,301985.0,136.6458279071592,1.0,238.0,1719.0,1665.0,1521.0,5143.0,544.0,5004.0,13865.0,773327.0,70.34540369080608,647.0742648323413,9502.0,3605.0,73159.0,39.788368000000006,7.0,BOSA,0.3269078635568282,0.2319818642812478,0.2678154063507452,0.1512072759119668,0.3344588009978516,13.22659185254601,2026-06
UPZ9,2023,1,2,0,967718.0,406526.0,561192.0,536.9491665645321,0.5,70.0,702.0,666.0,536.0,1974.0,660.0,2531.0,10327.0,585076.0,112.80585770053804,432.59337248494217,9046.0,4968.0,39367.0,41.7932881111111,1.0,USAQUÉN,0.14181714094395262,0.20335986310061402,0.2373956049179616,0.1643040637871776,0.29950440804048745,13.782696001502076,2023-01
UPZ9,2023,2,2,0,1080739.0,490759.0,589980.0,536.9491665645321,0.5,88.0,678.0,664.0,647.0,2077.0,645.0,2553.0,10574.0,585076.0,110.242088207344,436.3535677416267,9046.0,4968.0,39367.0,41.7932881111111,1.0,USAQUÉN,0.1456373833090135,0.18571829091020126,0.2494829926559511,0.161375688302171,0.30246766756760474,13.893155624361032,2023-02
UPZ9,2023,3,2,0,1240116.0,547039.0,693077.0,536.9491665645321,0.5,70.0,661.0,582.0,573.0,1886.0,703.0,2727.0,10950.0,585076.0,120.15533024769432,466.0932938626777,9046.0,4968.0,39367.0,41.7932881111111,1.0,USAQUÉN,0.14657741695131737,0.18314738298675282,0.2465890287682765,0.16159375413267787,0.301545039921817,14.030715481592939,2023-03
UPZ9,2023,4,2,0,1051209.0,447620.0,603589.0,536.9491665645321,0.5,89.0,717.0,863.0,642.0,2311.0,740.0,2791.0,11743.0,585076.0,126.47929499757296,477.0320437003056,9046.0,4968.0,39367.0,41.7932881111111,1.0,USAQUÉN,0.14656457469447084,0.2620325739220269,0.23526815314556856,0.15840617802929763,0.2882093110589314,13.865451488319668,2023-04
UPZ9,2023,5,2,0,1188895.0,520968.0,667927.0,536.9491665645321,0.5,96.0,875.0,992.0,771.0,2734.0,771.0,3254.0,12955.0,585076.0,131.777751950174,556.1670620568951,9046.0,4968.0,39367.0,41.7932881111111,1.0,USAQUÉN,0.14390926027950318,0.20145765605877722,0.255987282308362,0.1629740220961481,0.31010019114715504,13.98853486226962,2023-05
UPZ9,2023,6,2,0,1110281.0,466947.0,643334.0,536.9491665645321,0.5,72.0,694.0,830.0,607.0,2203.0,697.0,2798.0,11562.0,585076.0,119.1298224504167,478.2284694637961,9046.0,4968.0,39367.0,41.7932881111111,1.0,USAQUÉN,0.14327183839046145,0.22115842746115622,0.24954763703963226,0.16157080955181616,0.305350760335784,13.920123694403818,2023-06
UPZ9,2023,7,2,0,1059570.0,462505.0,597065.0,536.9491665645321,0.5,78.0,584.0,803.0,672.0,2137.0,712.0,2523.0,11549.0,585076.0,121.69359194361074,431.2260287552386,9046.0,4968.0,39367.0,41.7932881111111,1.0,USAQUÉN,0.14436327944354785,0.27505308757326086,0.24581009277348356,0.1607104768915692,0.3020924109763443,13.873373723408461,2023-07
UPZ9,2023,8,2,0,1199363.0,539222.0,660141.0,536.9491665645321,0.5,73.0,557.0,727.0,519.0,1876.0,619.0,2240.0,9999.0,585076.0,105.79822108580764,382.8562443169776,9046.0,4968.0,39367.0,41.7932881111111,1.0,USAQUÉN,0.14298089902723363,0.20512472037239768,0.2568321684093973,0.1619317921263203,0.3111544082500023,13.997301140483001,2023-08
UPZ9,2023,9,2,0,1198316.0,552449.0,645867.0,536.9491665645321,0.5,85.0,583.0,784.0,676.0,2128.0,692.0,2796.0,12721.0,585076.0,118.275232619352,477.8866335313703,9046.0,4968.0,39367.0,41.7932881111111,1.0,USAQUÉN,0.14264434422973574,0.2062519402227793,0.2605965371404537,0.16001956078363302,0.31297270100908026,13.996427795830487,2023-09
UPZ9,2023,10,2,0,1180055.0,536150.0,643905.0,536.9491665645321,0.5,66.0,755.0,744.0,667.0,2232.0,703.0,2835.0,12220.0,585076.0,120.15533024769432,484.5524342136748,9046.0,4968.0,39367.0,41.7932881111111,1.0,USAQUÉN,0.1415603510005889,0.20807758960387435,0.2591955459703149,0.1576723118837681,0.31049373430115873,13.981071605525118,2023-10
UPZ9,2023,11,2,0,1172740.0,528347.0,644393.0,536.9491665645321,0.5,84.0,828.0,808.0,554.0,2274.0,722.0,3148.0,11947.0,585076.0,123.4027716057401,538.049757638324,9046.0,4968.0,39367.0,41.7932881111111,1.0,USAQUÉN,0.1433378242406671,0.2137327966983304,0.25413646673601986,0.15946671896584058,0.30639147191175753,13.974853449187817,2023-11
UPZ9,2023,12,2,0,1154105.0,479987.0,674118.0,536.9491665645321,0.5,90.0,862.0,858.0,735.0,2545.0,718.0,3253.0,13435.0,585076.0,122.71909974088835,555.9961440906823,9046.0,4968.0,39367.0,41.7932881111111,1.0,USAQUÉN,0.15495817105029436,0.2658354309183307,0.21612851516976359,0.16022718903392671,0.2835119120250247,13.95883570977932,2023-12
UPZ9,2024,1,2,0,1006679.0,424119.0,582560.0,536.9491665645321,0.5,69.0,431.0,544.0,364.0,1408.0,453.0,1894.0,7940.0,586366.0,77.25550253595877,323.00644989648106,9684.0,4757.0,36626.0,41.7932881111111,1.0,USAQUÉN,0.14071317669286829,0.20466106872200568,0.24487448332586653,0.16040565065924683,0.3033083978992318,13.822167352263522,2024-01
UPZ9,2024,2,2,0,1131658.0,518958.0,612700.0,536.9491665645321,0.5,82.0,652.0,737.0,736.0,2207.0,669.0,2660.0,11593.0,586366.0,114.09256334780666,453.64158221997866,9684.0,4757.0,36626.0,41.7932881111111,1.0,USAQUÉN,0.14261464152597333,0.17155006194450967,0.26902120605341895,0.15869723891847182,0.31840913464649445,13.939194371956438,2024-02
UPZ9,2024,3,2,0,1107567.0,466714.0,640853.0,536.9491665645321,0.5,70.0,573.0,696.0,496.0,1835.0,507.0,2345.0,9925.0,586366.0,86.46476773892074,399.92086853603377,9684.0,4757.0,36626.0,41.7932881111111,1.0,USAQUÉN,0.13965295101786165,0.26200943148360323,0.2566688967800593,0.15405478855906685,0.3039953984208886,13.917676275685578,2024-03
UPZ9,2024,4,2,0,1181329.0,516456.0,664873.0,536.9491665645321,0.5,76.0,474.0,397.0,437.0,1384.0,476.0,1788.0,7461.0,586366.0,81.17796734462776,304.9290033869631,9684.0,4757.0,36626.0,41.7932881111111,1.0,USAQUÉN,0.1404849961357081,0.17184289897225916,0.27374423213177695,0.15903528991500246,0.3216717104421773,13.982150633860714,2024-04
UPZ9,2024,5,2,0,1193084.0,521861.0,671223.0,536.9491665645321,0.5,81.0,725.0,736.0,553.0,2095.0,630.0,2826.0,11809.0,586366.0,107.44142736788967,481.9515456216766,9684.0,4757.0,36626.0,41.7932881111111,1.0,USAQUÉN,0.14201598546288438,0.20234032138558555,0.2632262271558415,0.15938190437555105,0.31420254026391775,13.992052109330588,2024-05
UPZ9,2024,6,2,0,1110481.0,448666.0,661815.0,536.9491665645321,0.5,102.0,815.0,773.0,590.0,2280.0,724.0,3041.0,11919.0,586366.0,123.47237049897164,518.6180644853215,9684.0,4757.0,36626.0,41.7932881111111,1.0,USAQUÉN,0.13688482738561036,0.28367437173621163,0.25659151304704897,0.15360460917386246,0.3081495184614744,13.920303812760077,2024-06
UPZ9,2024,7,2,0,1109764.0,494133.0,615631.0,536.9491665645321,0.5,93.0,703.0,749.0,663.0,2208.0,668.0,2871.0,11732.0,586366.0,113.92202139960366,489.62593329081153,9684.0,4757.0,36626.0,41.7932881111111,1.0,USAQUÉN,0.13453581121752006,0.19429446260646402,0.27003489030100086,0.16212726309377484,0.3251168159631322,13.919657938070639,2024-07
UPZ9,2024,8,2,0,1191707.0,525165.0,666542.0,536.9491665645321,0.5,67.0,745.0,668.0,607.0,2087.0,608.0,2792.0,11261.0,586366.0,103.6895045074237,476.1531193827746,9684.0,4757.0,36626.0,41.7932881111111,1.0,USAQUÉN,0.14048083966948252,0.23361614893593802,0.2579115504062659,0.15961809404492877,0.3100304610369339,13.990897291023213,2024-08
UPZ9,2024,9,2,0,1082362.0,477680.0,604682.0,536.9491665645321,0.5,83.0,780.0,897.0,727.0,2487.0,725.0,3167.0,12981.0,586366.0,123.64291244717464,540.1063499588994,9684.0,4757.0,36626.0,41.7932881111111,1.0,USAQUÉN,0.13780602053656718,0.20921189029178777,0.2636114349912506,0.15758036590345928,0.31589192046915576,13.89465624805319,2024-09
UPZ9,2024,10,2,0,1248859.0,558928.0,689931.0,536.9491665645321,0.5,108.0,773.0,796.0,742.0,2419.0,749.0,2996.0,12734.0,586366.0,127.73591920404662,510.9436768161865,9684.0,4757.0,36626.0,41.7932881111111,1.0,USAQUÉN,0.1376896831427727,0.1855037278027383,0.26600440882437487,0.16025588156869586,0.3186668690451757,14.037740892422875,2024-10
UPZ9,2024,11,2,0,1171373.0,505462.0,665911.0,536.9491665645321,0.5,94.0,726.0,832.0,778.0,2430.0,661.0,2725.0,12756.0,586366.0,112.72822776218268,464.7268088531736,9684.0,4757.0,36626.0,41.7932881111111,1.0,USAQUÉN,0.14546604710882016,0.24647230216165134,0.2557366440920185,0.15383827354736707,0.30343115647352137,13.973687123029512,2024-11
UPZ9,2024,12,2,0,1189390.0,491861.0,697529.0,536.9491665645321,0.5,92.0,990.0,1162.0,767.0,3011.0,721.0,3298.0,14172.0,586366.0,122.96074465436264,562.4473451734923,9684.0,4757.0,36626.0,41.7932881111111,1.0,USAQUÉN,0.151944273955557,0.21757707732535164,0.22936042845492222,0.15737647029149396,0.28786875330559936,13.988951128618815,2024-12
UPZ9,2025,1,2,0,1038187.0,446879.0,591308.0,536.9491665645321,0.5,78.0,581.0,710.0,542.0,1911.0,592.0,2309.0,10342.0,586286.0,100.97460966149627,393.83509072364,9559.0,4923.0,45490.0,41.7932881111111,1.0,USAQUÉN,0.13848179566879568,0.19636539467359923,0.24864499362831552,0.1599865920108805,0.30800237547545506,13.852986480624745,2025-01
UPZ9,2025,2,2,0,1128072.0,507268.0,620804.0,536.9491665645321,0.5,102.0,702.0,820.0,610.0,2234.0,665.0,2741.0,11610.0,586286.0,113.4258706501605,467.5192653414886,9559.0,4923.0,45490.0,41.7932881111111,1.0,USAQUÉN,0.14017988213518287,0.1791392747980625,0.26765312852371126,0.15932582317440724,0.3172502392641865,13.936020538790341,2025-02
UPZ9,2025,3,2,0,1182578.0,522236.0,660342.0,536.9491665645321,0.5,96.0,858.0,1013.0,742.0,2709.0,750.0,3041.0,13306.0,586286.0,127.9239142670983,518.688831048328,9559.0,4923.0,45490.0,41.7932881111111,1.0,USAQUÉN,0.13698969539429953,0.23205488348337278,0.2638092371074043,0.1567321563567054,0.31383478951021604,13.983207359117863,2025-03
UPZ9,2025,4,2,0,1124695.0,490190.0,634505.0,536.9491665645321,0.5,70.0,602.0,804.0,628.0,2104.0,720.0,2807.0,12796.0,586286.0,122.8069576964144,478.7765697969933,9559.0,4923.0,45490.0,41.7932881111111,1.0,USAQUÉN,0.13981301597321935,0.195275163488768,0.2641827339856583,0.15759650394106842,0.313655293625219,13.933022445752286,2025-04
UPZ9,2025,5,2,0,1199807.0,529197.0,670610.0,536.9491665645321,0.5,99.0,729.0,907.0,728.0,2463.0,667.0,2787.0,13069.0,586286.0,113.7670010882061,475.3652654165373,9559.0,4923.0,45490.0,41.7932881111111,1.0,USAQUÉN,0.14007502873378797,0.2183867905421455,0.2652993356431493,0.1550974448390449,0.31303354536769634,13.997671268489828,2025-05
UPZ9,2025,6,2,0,1067784.0,441240.0,626544.0,536.9491665645321,0.5,83.0,674.0,964.0,622.0,2343.0,640.0,2970.0,12597.0,586286.0,109.16174017459056,506.5787004977093,9559.0,4923.0,45490.0,41.7932881111111,1.0,USAQUÉN,0.13899721291946682,0.2653617210971507,0.25589726012002423,0.15526923048107108,0.30742169823371523,13.881096030856545,2025-06
UPZ9,2025,7,2,0,1205368.0,526936.0,678432.0,536.9491665645321,0.5,95.0,713.0,817.0,650.0,2275.0,769.0,3119.0,12966.0,586286.0,131.16465342853147,531.9929181321062,9559.0,4923.0,45490.0,41.7932881111111,1.0,USAQUÉN,0.14241874680595462,0.1795128126845909,0.26348218967153597,0.1611665483072389,0.31718843289795356,14.00229547247445,2025-07
UPZ9,2025,8,2,0,1173107.0,512858.0,660249.0,536.9491665645321,0.5,90.0,741.0,1050.0,690.0,2571.0,751.0,2995.0,13574.0,586286.0,128.09447948612112,510.8428309732792,9559.0,4923.0,45490.0,41.7932881111111,1.0,USAQUÉN,0.14057541213205607,0.25639008206412545,0.2534892384070677,0.15932221016497217,0.3073520634920549,13.975166342571738,2025-08
UPZ9,2025,9,2,0,1244347.0,555678.0,688669.0,536.9491665645321,0.5,94.0,742.0,869.0,636.0,2341.0,741.0,2987.0,13089.0,586286.0,126.38882729589314,509.4783092210968,9559.0,4923.0,45490.0,41.7932881111111,1.0,USAQUÉN,0.1406295832271866,0.1802937605024965,0.26807072303786644,0.1623180672272284,0.32148191654710195,14.03412145229179,2025-09
UPZ9,2025,10,2,0,1253519.0,549052.0,704467.0,536.9491665645321,0.5,87.0,745.0,924.0,753.0,2509.0,660.0,2985.0,13611.0,586286.0,112.57304455504652,509.1371787830512,9559.0,4923.0,45490.0,41.7932881111111,1.0,USAQUÉN,0.13899270772920072,0.18791019521842106,0.2650578092553842,0.16060785676164457,0.3174384573380382,14.041465354024446,2025-10
UPZ9,2025,11,2,0,1200440.0,522500.0,677940.0,536.9491665645321,0.5,82.0,757.0,950.0,721.0,2510.0,674.0,3065.0,13484.0,586286.0,114.9609576213657,522.7823963048752,9559.0,4923.0,45490.0,41.7932881111111,1.0,USAQUÉN,0.1429917363633334,0.2784145813201826,0.2500099963346773,0.15881760021325514,0.30445894213023417,13.9981987142191,2025-11
UPZ9,2025,12,2,0,499517.0,499517.0,0.0,536.9491665645321,0.5,86.0,941.0,1149.0,893.0,3069.0,589.0,3375.0,14838.0,586286.0,100.46291400442786,575.6576142019425,9559.0,4923.0,45490.0,41.7932881111111,1.0,USAQUÉN,0.14050172466602737,0.18577145522574803,0.3103137630951499,0.13522863085740824,0.3407521219621466,13.121396910525634,2025-12
UPZ9,2026,1,2,0,1010671.0,434178.0,576493.0,536.9491665645321,0.5,89.0,719.0,836.0,642.0,2286.0,579.0,2694.0,11546.0,584326.0,99.08852250284944,461.0440062567813,9153.0,4640.0,46798.0,41.7932881111111,1.0,USAQUÉN,0.13669631363717763,0.23179649955326703,0.24896529137572954,0.1587707572493917,0.30645540175509095,13.826125024666043,2026-01
UPZ9,2026,2,2,0,1146655.0,513966.0,632689.0,536.9491665645321,0.5,90.0,706.0,758.0,727.0,2281.0,672.0,2873.0,12755.0,584326.0,115.00429554734858,491.677590933828,9153.0,4640.0,46798.0,41.7932881111111,1.0,USAQUÉN,0.13540428463661694,0.1820678408065198,0.27467634118370393,0.16037605033772143,0.3272189494125363,13.952359566211108,2026-02
UPZ9,2026,3,2,0,1225769.0,526603.0,699166.0,536.9491665645321,0.5,120.0,841.0,837.0,808.0,2606.0,682.0,3236.0,13906.0,584326.0,116.71566899299364,553.800447010744,9153.0,4640.0,46798.0,41.7932881111111,1.0,USAQUÉN,0.13621897763771146,0.20350979670720987,0.2704228937099894,0.157448915741873,0.32103693611080375,14.019078960107194,2026-03
UPZ9,2026,4,2,0,1139027.0,493607.0,645420.0,536.9491665645321,0.5,103.0,741.0,736.0,626.0,2206.0,586.0,2892.0,12729.0,584326.0,100.28648391480098,494.9292004805536,9153.0,4640.0,46798.0,41.7932881111111,1.0,USAQUÉN,0.13998263430103056,0.19494709080645148,0.2689418249084526,0.16061252279357732,0.3197842003210755,13.945684947152749,2026-04
UPZ9,2026,5,2,0,1195250.0,529211.0,666039.0,536.9491665645321,0.5,60.0,784.0,950.0,721.0,2515.0,596.0,3039.0,13288.0,584326.0,101.99785736044603,520.0863901315362,9153.0,4640.0,46798.0,41.7932881111111,1.0,USAQUÉN,0.13643254549257472,0.2548872620790629,0.2650709056682702,0.1573612215017778,0.3180980476709642,13.99386592648835,2026-05
UPZ9,2026,6,2,0,1110760.0,486973.0,623787.0,536.9491665645321,0.5,78.0,705.0,800.0,720.0,2303.0,502.0,2710.0,11805.0,584326.0,85.91094697138242,463.7822037698134,9153.0,4640.0,46798.0,41.7932881111111,1.0,USAQUÉN,0.22618837552666643,0.23719705426914905,0.3121736468724116,0.10124599373401992,0.3477149147754037,13.92055502368358,2026-06
UPZ91,2023,1,4,0,2199363.0,850011.0,1349352.0,370.7669494077365,1.5,40.0,152.0,186.0,290.0,668.0,294.0,1148.0,4067.0,112336.0,261.7148554336989,1021.9341974077768,8551.0,4944.0,15669.0,40.00542611111111,3.0,SANTA FE,0.11025146826603881,0.13620580140704375,0.25955060624371695,0.1893739232677825,0.3623227592549591,14.60367833094762,2023-01
UPZ91,2023,2,4,0,2747255.0,1188823.0,1558432.0,370.7669494077365,1.5,50.0,141.0,210.0,367.0,768.0,297.0,1072.0,4315.0,112336.0,264.3854151830224,954.2800170915824,8551.0,4944.0,15669.0,40.00542611111111,3.0,SANTA FE,0.11813282713108168,0.1175769995868603,0.2597978709657458,0.1839694531450484,0.34899964705303965,14.826112789309335,2023-02
UPZ91,2023,3,4,0,3138295.0,1303049.0,1835246.0,370.7669494077365,1.5,47.0,172.0,224.0,376.0,819.0,355.0,1162.0,4601.0,112336.0,316.0162370032759,1034.3968095712862,8551.0,4944.0,15669.0,40.00542611111111,3.0,SANTA FE,0.12044533735674937,0.10976852080508677,0.2626891353425984,0.18967942784218816,0.35367381939495246,14.959190216779433,2023-03
UPZ91,2023,4,4,0,2544263.0,1027756.0,1516507.0,370.7669494077365,1.5,62.0,156.0,216.0,341.0,775.0,397.0,1303.0,4897.0,112336.0,353.40407349380433,1159.9131177894888,8551.0,4944.0,15669.0,40.00542611111111,3.0,SANTA FE,0.12000842680178894,0.164729039411413,0.2589115197603392,0.18556729394720592,0.3486106017580069,14.749351578601898,2023-04
UPZ91,2023,5,4,0,2974176.0,1203500.0,1770676.0,370.7669494077365,1.5,64.0,171.0,228.0,350.0,813.0,394.0,1451.0,5270.0,112336.0,350.73351374448083,1291.660732089446,8551.0,4944.0,15669.0,40.00542611111111,3.0,SANTA FE,0.11849433254790565,0.12173254037420779,0.2678869710467706,0.1865676409197034,0.35826604712918897,14.90547758380735,2023-05
UPZ91,2023,6,4,0,2490822.0,1044679.0,1446143.0,370.7669494077365,1.5,45.0,120.0,191.0,369.0,725.0,363.0,1110.0,4494.0,112336.0,323.13772966813843,988.1071072496796,8551.0,4944.0,15669.0,40.00542611111111,3.0,SANTA FE,0.11013151481719685,0.1358238364684429,0.26548785902806377,0.18697682933585777,0.3654986455552287,14.72812333444504,2023-06
UPZ91,2023,7,4,0,2412077.0,1059850.0,1352227.0,370.7669494077365,1.5,39.0,122.0,179.0,336.0,676.0,346.0,1142.0,4616.0,112336.0,308.00455775530554,1016.5930779091296,8551.0,4944.0,15669.0,40.00542611111111,3.0,SANTA FE,0.11243795285142219,0.17410886965880437,0.2551945895591227,0.19212570742973792,0.36275196232636764,14.695998760034422,2023-07
UPZ91,2023,8,4,0,2973391.0,1270172.0,1703219.0,370.7669494077365,1.5,36.0,118.0,159.0,371.0,684.0,286.0,976.0,3949.0,112336.0,254.59336276883636,868.8221051132316,8551.0,4944.0,15669.0,40.00542611111111,3.0,SANTA FE,0.11630256498388536,0.11807293423569246,0.2643106809699767,0.18760297586156677,0.3594007523197199,14.905213610318844,2023-08
UPZ91,2023,9,4,0,2989373.0,1284003.0,1705370.0,370.7669494077365,1.5,41.0,152.0,247.0,409.0,849.0,373.0,1308.0,4741.0,112336.0,332.03959549921666,1164.3640507050277,8551.0,4944.0,15669.0,40.00542611111111,3.0,SANTA FE,0.11695629819363454,0.12534969707694554,0.2683833700244164,0.18568944056161607,0.35852230762850895,14.910574224380305,2023-09
UPZ91,2023,10,4,0,2929423.0,1253604.0,1675819.0,370.7669494077365,1.5,43.0,150.0,187.0,405.0,785.0,419.0,1319.0,5212.0,112336.0,372.98817832217634,1174.156103119214,8551.0,4944.0,15669.0,40.00542611111111,3.0,SANTA FE,0.11460038376158031,0.11771976938803301,0.26624150899340926,0.19008453200510814,0.36206868843004536,14.890316033272676,2023-10
UPZ91,2023,11,4,0,2771985.0,1171317.0,1600668.0,370.7669494077365,1.5,50.0,133.0,201.0,385.0,769.0,427.0,1386.0,5068.0,112336.0,380.1096709870389,1233.7986041874378,8551.0,4944.0,15669.0,40.00542611111111,3.0,SANTA FE,0.11555221258412286,0.123567768223854,0.2650209146153388,0.18960744737074692,0.36014296293766546,14.83507422802188,2023-11
UPZ91,2023,12,4,0,2228742.0,923012.0,1305730.0,370.7669494077365,1.5,37.0,151.0,196.0,332.0,716.0,357.0,1448.0,5246.0,112336.0,317.79661016949154,1288.9901723401224,8551.0,4944.0,15669.0,40.00542611111111,3.0,SANTA FE,0.13665466886701103,0.16323064760299752,0.24773123134037048,0.18212875245317758,0.3379241770020259,14.616947858697072,2023-12
UPZ91,2024,1,4,0,2176399.0,895660.0,1280739.0,370.7669494077365,1.5,39.0,105.0,149.0,330.0,623.0,256.0,876.0,3446.0,112939.0,226.6710348063999,775.6399472281497,7325.0,4303.0,15880.0,40.00542611111111,3.0,SANTA FE,0.10645244736833634,0.12521601048337183,0.2688468428812915,0.19509474135946578,0.37548264204082377,14.59318223411944,2024-01
UPZ91,2024,2,4,0,2881540.0,1201758.0,1679782.0,370.7669494077365,1.5,54.0,192.0,180.0,363.0,789.0,376.0,1379.0,5010.0,112939.0,332.92308237189985,1221.013113273537,7325.0,4303.0,15880.0,40.00542611111111,3.0,SANTA FE,0.11191827980871336,0.10486094241273758,0.2724897103632085,0.18928593738070615,0.3681571094108415,14.873835431421368,2024-02
UPZ91,2024,3,4,0,2556491.0,1058848.0,1497643.0,370.7669494077365,1.5,32.0,115.0,221.0,279.0,647.0,332.0,1128.0,4308.0,112939.0,293.9639982645499,998.7692471156996,7325.0,4303.0,15880.0,40.00542611111111,3.0,SANTA FE,0.11542931307014177,0.15942438287480767,0.26710166396048335,0.18494725778420495,0.3587742449309544,14.754146173057896,2024-03
UPZ91,2024,4,4,0,2968218.0,1240995.0,1727223.0,370.7669494077365,1.5,35.0,112.0,175.0,275.0,597.0,258.0,848.0,3366.0,112939.0,228.4419022658249,750.8478027961997,7325.0,4303.0,15880.0,40.00542611111111,3.0,SANTA FE,0.11286805753485757,0.10793580525419623,0.27279094729565007,0.18831534611002287,0.3673217136738856,14.90347233070685,2024-04
UPZ91,2024,5,4,0,2695969.0,1209595.0,1486374.0,370.7669494077365,1.5,85.0,143.0,237.0,342.0,807.0,497.0,1386.0,5417.0,112939.0,440.0605636671123,1227.2111493815246,7325.0,4303.0,15880.0,40.00542611111111,3.0,SANTA FE,0.11635964656863632,0.11951472735777004,0.2703499187119733,0.18885231988943488,0.3643255852722261,14.807268252431905,2024-05
UPZ91,2024,6,3,0,2106551.0,986277.0,1120274.0,364.3978795809932,1.6666666666666667,58.0,167.0,232.0,388.0,845.0,349.0,1406.0,5192.0,112939.0,309.0163716696624,1244.9198239757743,7325.0,4303.0,15880.0,40.00542611111111,3.0,SANTA FE,0.11174094527025451,0.17183585870933102,0.26806519281992225,0.18906259568365538,0.3701712008461855,14.5605625708843,2024-06
UPZ91,2024,7,3,0,2232158.0,1133136.0,1099022.0,364.3978795809932,1.6666666666666667,61.0,126.0,191.0,358.0,736.0,352.0,1371.0,5031.0,112939.0,311.6726728587999,1213.929643435837,7325.0,4303.0,15880.0,40.00542611111111,3.0,SANTA FE,0.10534648532944349,0.11125690923312771,0.25870570094052475,0.2093964674543648,0.3867331504260883,14.618479388508415,2024-07
UPZ91,2024,8,3,0,2656367.0,1261257.0,1395110.0,364.3978795809932,1.6666666666666667,59.0,137.0,192.0,363.0,751.0,350.0,1424.0,5015.0,112939.0,309.9018053993749,1260.8576311105994,7325.0,4303.0,15880.0,40.00542611111111,3.0,SANTA FE,0.11375687169732192,0.13982104129436929,0.26806725124954495,0.18824055561599734,0.36375540594113864,14.792469957743645,2024-08
UPZ91,2024,9,3,0,2506653.0,1178382.0,1328271.0,364.3978795809932,1.6666666666666667,52.0,160.0,251.0,367.0,830.0,337.0,1361.0,5258.0,112939.0,298.3911669131124,1205.075306138712,7325.0,4303.0,15880.0,40.00542611111111,3.0,SANTA FE,0.10658834709072215,0.1160798882015181,0.2770367498014284,0.18333490913979714,0.3720361376412129,14.734458955115391,2024-09
UPZ91,2024,10,3,0,2793870.0,1331684.0,1462186.0,364.3978795809932,1.6666666666666667,52.0,165.0,191.0,446.0,854.0,405.0,1421.0,5446.0,112939.0,358.60066053356235,1258.201329921462,7325.0,4303.0,15880.0,40.00542611111111,3.0,SANTA FE,0.11239570917759233,0.10139591319567473,0.2715960298797009,0.19093980750714953,0.3712148573346412,14.842938289441696,2024-10
UPZ91,2024,11,3,0,2431888.0,1136456.0,1295432.0,364.3978795809932,1.6666666666666667,46.0,167.0,229.0,341.0,783.0,429.0,1527.0,5320.0,112939.0,379.8510700466624,1352.057305270987,7325.0,4303.0,15880.0,40.00542611111111,3.0,SANTA FE,0.11285429263189747,0.1425863362128518,0.2701135907574691,0.1859226247261387,0.3661978380449976,14.704178468376162,2024-11
UPZ91,2024,12,3,0,2215182.0,1017382.0,1197800.0,364.3978795809932,1.6666666666666667,47.0,168.0,269.0,361.0,845.0,356.0,1674.0,6078.0,112939.0,315.21440777764985,1482.2160635387245,7325.0,4303.0,15880.0,40.00542611111111,3.0,SANTA FE,0.1423932661063515,0.14237069459755447,0.2541863377365833,0.18619418178732036,0.3434960857886266,14.610845125128735,2024-12
UPZ91,2025,1,3,0,2068652.0,975729.0,1092923.0,364.3978795809932,1.6666666666666667,50.0,107.0,194.0,289.0,640.0,302.0,1137.0,4616.0,113315.0,266.51370074570883,1003.3976084366589,7149.0,3943.0,18831.0,40.00542611111111,3.0,SANTA FE,0.10425823193074522,0.11496713802031464,0.2724967756780744,0.1934390124583545,0.3787696262592997,14.542407745384232,2025-01
UPZ91,2025,2,3,0,2484002.0,1166518.0,1317484.0,364.3978795809932,1.6666666666666667,57.0,137.0,186.0,311.0,691.0,371.0,1178.0,4729.0,113315.0,327.40590389621855,1039.579932047831,7149.0,3943.0,18831.0,40.00542611111111,3.0,SANTA FE,0.1063384812089523,0.10234734110520037,0.28036491113936296,0.18905057242304954,0.379502180881385,14.725381527188162,2025-02
UPZ91,2025,3,3,0,2578713.0,1212541.0,1366172.0,364.3978795809932,1.6666666666666667,63.0,128.0,291.0,416.0,898.0,379.0,1340.0,5417.0,113315.0,334.4658694788863,1182.544235096854,7149.0,3943.0,18831.0,40.00542611111111,3.0,SANTA FE,0.10718447535650534,0.1364638096600901,0.27518378353853257,0.18834046285879813,0.3745164878569338,14.762800995227826,2025-03
UPZ91,2025,4,3,0,2410241.0,1124637.0,1285604.0,364.3978795809932,1.6666666666666667,65.0,170.0,212.0,382.0,829.0,389.0,1453.0,5359.0,113315.0,343.29082645722104,1282.2662489520364,7149.0,3943.0,18831.0,40.00542611111111,3.0,SANTA FE,0.10888994088143047,0.11459186031604301,0.27684949347388915,0.18818408615569973,0.3759913173934344,14.695237300467172,2025-04
UPZ91,2025,5,3,0,2608343.0,1211737.0,1396606.0,364.3978795809932,1.6666666666666667,65.0,179.0,262.0,425.0,931.0,378.0,1448.0,5541.0,113315.0,333.58337378105284,1277.853770462869,7149.0,3943.0,18831.0,40.00542611111111,3.0,SANTA FE,0.10777531942693118,0.12964744284014793,0.2755554004975572,0.18370666741298972,0.37300615883488275,14.774225711785801,2025-05
UPZ91,2025,6,3,0,1920579.0,852210.0,1068369.0,364.3978795809932,1.6666666666666667,66.0,160.0,206.0,392.0,824.0,405.0,1402.0,5395.0,113315.0,357.4107576225566,1237.2589683625292,7149.0,3943.0,18831.0,40.00542611111111,3.0,SANTA FE,0.10614611531210116,0.1429631376787937,0.2711416713397366,0.1898661809797982,0.37599911527026053,14.468137261043132,2025-06
UPZ91,2025,7,3,0,1398013.0,671630.0,726383.0,364.3978795809932,1.6666666666666667,84.0,161.0,259.0,364.0,868.0,467.0,1427.0,5833.0,113315.0,412.1254908882319,1259.321360808366,7149.0,3943.0,18831.0,40.00542611111111,3.0,SANTA FE,0.11415129902225514,0.0994025091326046,0.2577729963884456,0.20374202528874907,0.3753884205348249,14.150562500731226,2025-07
UPZ91,2025,8,2,0,864384.0,430081.0,434303.0,327.8857663985083,2.0,79.0,170.0,297.0,472.0,1018.0,450.0,1590.0,6435.0,113315.0,397.1230640250629,1403.168159555222,7149.0,3943.0,18831.0,40.00542611111111,3.0,SANTA FE,0.12975251739967414,0.15743812934991852,0.2358685491633348,0.21495191951725157,0.3585040633752098,13.669772393494458,2025-08
UPZ91,2025,9,1,0,970990.0,475197.0,495793.0,364.3978795809932,2.0,63.0,188.0,279.0,410.0,940.0,454.0,1559.0,5946.0,113315.0,400.6530468163968,1375.8107929223845,7149.0,3943.0,18831.0,40.00542611111111,3.0,SANTA FE,0.1301496410879617,0.1141886116231887,0.2362763777175872,0.2160063440406183,0.3595932925365352,13.786071448559257,2025-09
UPZ91,2025,10,1,0,951708.0,454326.0,497382.0,364.3978795809932,2.0,77.0,141.0,297.0,376.0,891.0,408.0,1376.0,5732.0,113315.0,360.058244716057,1214.314080218859,7149.0,3943.0,18831.0,40.00542611111111,3.0,SANTA FE,0.132637321531394,0.1198466336313238,0.2356458073274575,0.20924064944289628,0.3517253955608061,13.766013544035403,2025-10
UPZ91,2025,11,1,0,863816.0,405264.0,458552.0,364.3978795809932,2.0,52.0,206.0,207.0,431.0,896.0,397.0,1553.0,5988.0,113315.0,350.3507920398888,1370.5158187353836,7149.0,3943.0,18831.0,40.00542611111111,3.0,SANTA FE,0.1367443992702149,0.1692756327736462,0.22969822276966392,0.2109662242885059,0.347096703953449,13.669115062143398,2025-11
UPZ91,2025,12,2,0,390794.0,390794.0,0.0,370.7669494077365,1.5,40.0,170.0,232.0,419.0,861.0,327.0,1525.0,6068.0,113315.0,288.5760931915457,1345.8059391960464,7149.0,3943.0,18831.0,40.00542611111111,3.0,SANTA FE,0.2005046136839358,0.14681392242460217,0.04427652420456811,0.3322850402002078,0.5124572025159034,12.875935845911103,2025-12
UPZ91,2026,1,2,0,842837.0,332006.0,510831.0,370.7669494077365,1.5,36.0,139.0,194.0,304.0,673.0,301.0,1225.0,4820.0,113327.0,265.6030778190546,1080.9427585659198,7378.0,4073.0,19934.0,40.00542611111111,3.0,SANTA FE,0.1210874700564877,0.14555008856991322,0.24891171127987974,0.21375782031401086,0.37493281152632946,13.64452886122998,2026-01
UPZ91,2026,2,2,0,1056823.0,404192.0,652631.0,370.7669494077365,1.5,55.0,164.0,226.0,364.0,809.0,379.0,1377.0,5160.0,113327.0,334.43045346651724,1215.067900853283,7378.0,4073.0,19934.0,40.00542611111111,3.0,SANTA FE,0.11564377383913862,0.1109305910261226,0.2534445219303516,0.2051440969774503,0.37240443550454977,13.870777795768715,2026-02
UPZ91,2026,3,2,0,1077946.0,398460.0,679486.0,370.7669494077365,1.5,75.0,205.0,291.0,324.0,895.0,455.0,1432.0,5730.0,113327.0,401.49302461019874,1263.6000247072632,7378.0,4073.0,19934.0,40.00542611111111,3.0,SANTA FE,0.12066374382390213,0.13023472418841017,0.25113317364691734,0.20481638226775734,0.36361863614878015,13.890567936432017,2026-03
UPZ91,2026,4,2,0,985343.0,362329.0,623014.0,370.7669494077365,1.5,73.0,175.0,248.0,410.0,906.0,381.0,1282.0,5214.0,113327.0,336.1952579702984,1131.239686923681,7378.0,4073.0,19934.0,40.00542611111111,3.0,SANTA FE,0.12425723834238431,0.12652649889429363,0.24336601569199762,0.20552538557639316,0.3591344069241672,13.8007450828888,2026-04
UPZ91,2026,5,2,0,1055492.0,501896.0,553596.0,370.7669494077365,1.5,69.0,171.0,248.0,453.0,941.0,373.0,1413.0,5579.0,113327.0,329.13603995517394,1246.8343819213426,7378.0,4073.0,19934.0,40.00542611111111,3.0,SANTA FE,0.11967120546626589,0.15587043767266823,0.23917945375237323,0.2079561000936056,0.3649922338416404,13.869517566895508,2026-05
UPZ91,2026,6,2,0,1116275.0,549324.0,566951.0,370.7669494077365,1.5,58.0,172.0,182.0,351.0,763.0,317.0,1225.0,4789.0,113327.0,279.72151384930334,1080.9427585659198,7378.0,4073.0,19934.0,40.00542611111111,3.0,SANTA FE,0.3356323486596045,0.1482815614431927,0.35526998275514543,0.030763028823542513,0.5000964885029419,13.925507807338624,2026-06
UPZ92,2023,1,1,0,352782.0,185819.0,166963.0,178.94743545046038,1.0,32.0,96.0,130.0,156.0,414.0,294.0,1148.0,4067.0,112336.0,261.7148554336989,1021.9341974077768,8551.0,4944.0,15669.0,40.00542611111111,3.0,SANTA FE,0.1323565261266164,0.180255795363709,0.22034570924820418,0.1768854420010091,0.3042372977479342,12.773605581405025,2023-01
UPZ92,2023,2,1,0,595162.0,319890.0,275272.0,178.94743545046038,1.0,25.0,72.0,139.0,119.0,355.0,297.0,1072.0,4315.0,112336.0,264.3854151830224,954.2800170915824,8551.0,4944.0,15669.0,40.00542611111111,3.0,SANTA FE,0.1439927280303514,0.1256935086581468,0.2065874501396258,0.1694395811560549,0.2845121783173184,13.296588916376876,2023-02
UPZ92,2023,3,1,0,637160.0,328972.0,308188.0,178.94743545046038,1.0,32.0,83.0,137.0,137.0,389.0,355.0,1162.0,4601.0,112336.0,316.0162370032759,1034.3968095712862,8551.0,4944.0,15669.0,40.00542611111111,3.0,SANTA FE,0.1501302655533931,0.1195319856864837,0.2037729926549061,0.1703324125808274,0.2795743097721321,13.364776080408575,2023-03
UPZ92,2023,4,1,0,526002.0,267391.0,258611.0,178.94743545046038,1.0,18.0,143.0,176.0,140.0,477.0,397.0,1303.0,4897.0,112336.0,353.40407349380433,1159.9131177894888,8551.0,4944.0,15669.0,40.00542611111111,3.0,SANTA FE,0.1501705316709822,0.2288166204691236,0.2019364945380435,0.1623739073235462,0.272018784788847,13.173060293993988,2023-04
UPZ92,2023,5,1,0,593191.0,300667.0,292524.0,178.94743545046038,1.0,32.0,131.0,144.0,165.0,472.0,394.0,1451.0,5270.0,112336.0,350.73351374448083,1291.660732089446,8551.0,4944.0,15669.0,40.00542611111111,3.0,SANTA FE,0.1503512359425547,0.1375358021278138,0.2079313408328852,0.1730825315960626,0.2833674588048776,13.293271717182066,2023-05
UPZ92,2023,6,1,0,406560.0,203811.0,202749.0,178.94743545046038,1.0,26.0,106.0,131.0,138.0,401.0,363.0,1110.0,4494.0,112336.0,323.13772966813843,988.1071072496796,8551.0,4944.0,15669.0,40.00542611111111,3.0,SANTA FE,0.1474616292798111,0.1979215859897678,0.2349222746950019,0.17623475009838638,0.3006363909300757,12.91548679855399,2023-06
UPZ92,2023,7,1,0,398932.0,205007.0,193925.0,178.94743545046038,1.0,22.0,101.0,139.0,201.0,463.0,346.0,1142.0,4616.0,112336.0,308.00455775530554,1016.5930779091296,8551.0,4944.0,15669.0,40.00542611111111,3.0,SANTA FE,0.1498049792947169,0.24082049071019618,0.2244317327263794,0.1767594477254269,0.2957900781351869,12.896546255282665,2023-07
UPZ92,2023,8,1,0,684008.0,342203.0,341805.0,178.94743545046038,1.0,22.0,59.0,109.0,189.0,379.0,286.0,976.0,3949.0,112336.0,254.59336276883636,868.8221051132316,8551.0,4944.0,15669.0,40.00542611111111,3.0,SANTA FE,0.1429734739944562,0.1409866551268406,0.2097080735897825,0.1794291879627139,0.2953542618472392,13.435724892442723,2023-08
UPZ92,2023,9,1,0,714560.0,345090.0,369470.0,178.94743545046038,1.0,20.0,70.0,109.0,152.0,351.0,373.0,1308.0,4741.0,112336.0,332.03959549921666,1164.3640507050277,8551.0,4944.0,15669.0,40.00542611111111,3.0,SANTA FE,0.1458785826242722,0.1437304075235109,0.2170636475593372,0.1734451970443349,0.2909488520799184,13.47942224763393,2023-09
UPZ92,2023,10,1,0,681044.0,330603.0,350441.0,178.94743545046038,1.0,28.0,78.0,146.0,183.0,435.0,419.0,1319.0,5212.0,112336.0,372.98817832217634,1174.156103119214,8551.0,4944.0,15669.0,40.00542611111111,3.0,SANTA FE,0.1436397648316408,0.1424929960472451,0.2147614544728387,0.1749519854811143,0.2942411691268267,13.43138219391083,2023-10
UPZ92,2023,11,1,0,642833.0,317561.0,325272.0,178.94743545046038,1.0,27.0,139.0,123.0,144.0,433.0,427.0,1386.0,5068.0,112336.0,380.1096709870389,1233.7986041874378,8551.0,4944.0,15669.0,40.00542611111111,3.0,SANTA FE,0.1509101119575379,0.1397236918453159,0.21074213676024717,0.1753394738602405,0.2875802373079167,13.373640249424453,2023-11
UPZ92,2023,12,1,0,375573.0,171690.0,203883.0,178.94743545046038,1.0,23.0,107.0,103.0,167.0,400.0,357.0,1448.0,5246.0,112336.0,317.79661016949154,1288.9901723401224,8551.0,4944.0,15669.0,40.00542611111111,3.0,SANTA FE,0.1801327571470792,0.2343379316404533,0.21240877272860398,0.1737185580433098,0.2656931233847547,12.83620813874837,2023-12
UPZ92,2024,1,1,0,425211.0,215088.0,210123.0,178.94743545046038,1.0,14.0,51.0,80.0,111.0,256.0,256.0,876.0,3446.0,112939.0,226.6710348063999,775.6399472281497,7325.0,4303.0,15880.0,40.00542611111111,3.0,SANTA FE,0.1342016081427808,0.159974694916171,0.2306266771085414,0.1858677221426538,0.3167216373581133,12.960340795294043,2024-01
UPZ92,2024,2,1,0,732895.0,361096.0,371799.0,178.94743545046038,1.0,30.0,119.0,138.0,222.0,509.0,376.0,1379.0,5010.0,112939.0,332.92308237189985,1221.013113273537,7325.0,4303.0,15880.0,40.00542611111111,3.0,SANTA FE,0.1435335211728828,0.1115180209989152,0.2188908370230387,0.1771454301093608,0.2973875693416213,13.504757723677544,2024-02
UPZ92,2024,3,1,0,604960.0,292242.0,312718.0,178.94743545046038,1.0,26.0,63.0,149.0,153.0,391.0,332.0,1128.0,4308.0,112939.0,293.9639982645499,998.7692471156996,7325.0,4303.0,15880.0,40.00542611111111,3.0,SANTA FE,0.1449434673366834,0.1847874239619148,0.22033026976990208,0.1716146522084104,0.2905929298791224,13.31291761912476,2024-03
UPZ92,2024,4,1,0,748213.0,361745.0,386468.0,178.94743545046038,1.0,9.0,64.0,95.0,137.0,305.0,258.0,848.0,3366.0,112939.0,228.4419022658249,750.8478027961997,7325.0,4303.0,15880.0,40.00542611111111,3.0,SANTA FE,0.1445911792497591,0.11654969908301509,0.2194335035611517,0.1717478846264366,0.2920043313770838,13.525442975778653,2024-04
UPZ92,2024,5,1,0,1005704.0,664410.0,341294.0,178.94743545046038,1.0,28.0,87.0,186.0,183.0,484.0,497.0,1386.0,5417.0,112939.0,440.0605636671123,1227.2111493815246,7325.0,4303.0,15880.0,40.00542611111111,3.0,SANTA FE,0.16993071520049627,0.1431474867356598,0.1842212022622958,0.1906753875891912,0.2792864082545497,13.821198351753885,2024-05
UPZ92,2024,6,1,0,501088.0,254122.0,246966.0,178.94743545046038,1.0,27.0,90.0,137.0,140.0,394.0,349.0,1406.0,5192.0,112939.0,309.0163716696624,1244.9198239757743,7325.0,4303.0,15880.0,40.00542611111111,3.0,SANTA FE,0.1523285331119484,0.266891244651638,0.2240564531579283,0.1723749121910722,0.2904356071949053,13.124537013345169,2024-06
UPZ92,2024,7,1,0,509308.0,282216.0,227092.0,178.94743545046038,1.0,25.0,106.0,125.0,131.0,387.0,352.0,1371.0,5031.0,112939.0,311.6726728587999,1213.929643435837,7325.0,4303.0,15880.0,40.00542611111111,3.0,SANTA FE,0.1490924941292891,0.1648157892670054,0.2197609305174864,0.1923708247268843,0.3099036682289805,13.140808220583612,2024-07
UPZ92,2024,8,1,0,783830.0,402146.0,381684.0,178.94743545046038,1.0,20.0,141.0,183.0,201.0,545.0,350.0,1424.0,5015.0,112939.0,309.9018053993749,1260.8576311105994,7325.0,4303.0,15880.0,40.00542611111111,3.0,SANTA FE,0.1469196126711149,0.1655269637548958,0.2178878073051554,0.1699934934871081,0.2897037579630839,13.571947439085367,2024-08
UPZ92,2024,9,1,0,657527.0,335741.0,321786.0,178.94743545046038,1.0,24.0,100.0,147.0,222.0,493.0,337.0,1361.0,5258.0,112939.0,298.3911669131124,1205.075306138712,7325.0,4303.0,15880.0,40.00542611111111,3.0,SANTA FE,0.1456974390405261,0.1490235381969105,0.22250645220652526,0.1668281302516854,0.2883279067644463,13.396241106829711,2024-09
UPZ92,2024,10,1,0,723141.0,378633.0,344508.0,178.94743545046038,1.0,27.0,116.0,149.0,242.0,534.0,405.0,1421.0,5446.0,112939.0,358.60066053356235,1258.201329921462,7325.0,4303.0,15880.0,40.00542611111111,3.0,SANTA FE,0.1521667282037666,0.1286733845819833,0.2089592486112667,0.1716069203654612,0.2862720169550613,13.491359502873715,2024-10
UPZ92,2024,11,1,0,636195.0,326939.0,309256.0,178.94743545046038,1.0,38.0,130.0,130.0,188.0,486.0,429.0,1527.0,5320.0,112939.0,379.8510700466624,1352.057305270987,7325.0,4303.0,15880.0,40.00542611111111,3.0,SANTA FE,0.1617915890568143,0.1730208505253892,0.20721476905665712,0.1624250426362986,0.2707332357321114,13.363260399102513,2024-11
UPZ92,2024,12,1,0,384106.0,194739.0,189367.0,178.94743545046038,1.0,24.0,146.0,190.0,221.0,581.0,356.0,1674.0,6078.0,112939.0,315.21440777764985,1482.2160635387245,7325.0,4303.0,15880.0,40.00542611111111,3.0,SANTA FE,0.1889426356266239,0.2036286858315152,0.2144043571305837,0.1743320854139222,0.2617590032393158,12.858673835144039,2024-12
UPZ92,2025,1,1,0,497717.0,250524.0,247193.0,178.94743545046038,1.0,23.0,101.0,163.0,305.0,592.0,302.0,1137.0,4616.0,113315.0,266.51370074570883,1003.3976084366589,7149.0,3943.0,18831.0,40.00542611111111,3.0,SANTA FE,0.1414940618865741,0.1595083149661353,0.2310107952913001,0.1751537520317771,0.3031590120498397,13.117786921386068,2025-01
UPZ92,2025,2,1,0,703813.0,363646.0,340167.0,178.94743545046038,1.0,38.0,94.0,143.0,215.0,490.0,371.0,1178.0,4729.0,113315.0,327.40590389621855,1039.579932047831,7149.0,3943.0,18831.0,40.00542611111111,3.0,SANTA FE,0.150953449282693,0.1191296551782931,0.21553310325327887,0.1714049044277386,0.2890309664893322,13.46426797485561,2025-02
UPZ92,2025,3,1,0,727827.0,369787.0,358040.0,178.94743545046038,1.0,22.0,98.0,171.0,169.0,460.0,379.0,1340.0,5417.0,113315.0,334.4658694788863,1182.544235096854,7149.0,3943.0,18831.0,40.00542611111111,3.0,SANTA FE,0.1486342221434489,0.1605917340247064,0.2182098218395305,0.1650268539089646,0.2833258655524554,13.497818661575954,2025-03
UPZ92,2025,4,1,0,674055.0,338431.0,335624.0,178.94743545046038,1.0,52.0,106.0,129.0,229.0,516.0,389.0,1453.0,5359.0,113315.0,343.29082645722104,1282.2662489520364,7149.0,3943.0,18831.0,40.00542611111111,3.0,SANTA FE,0.1502933736861235,0.1375451558107276,0.21777451394915842,0.1667133987582615,0.2835356722525071,13.421066988939039,2025-04
UPZ92,2025,5,1,0,689225.0,345798.0,343427.0,178.94743545046038,1.0,33.0,115.0,143.0,233.0,524.0,378.0,1448.0,5541.0,113315.0,333.58337378105284,1277.853770462869,7149.0,3943.0,18831.0,40.00542611111111,3.0,SANTA FE,0.1517341942036345,0.1513917806231637,0.2222307664405673,0.1616685407522942,0.2803861285702053,13.443323056918828,2025-05
UPZ92,2025,6,1,0,447186.0,218262.0,228924.0,178.94743545046038,1.0,26.0,106.0,145.0,203.0,480.0,405.0,1402.0,5395.0,113315.0,357.4107576225566,1237.2589683625292,7149.0,3943.0,18831.0,40.00542611111111,3.0,SANTA FE,0.1473391385240146,0.226028990174111,0.2380105817266193,0.1680419333342278,0.2979880904978995,13.010729894429588,2025-06
UPZ92,2025,7,1,0,522412.0,264710.0,257702.0,178.94743545046038,1.0,36.0,124.0,180.0,360.0,700.0,467.0,1427.0,5833.0,113315.0,412.1254908882319,1259.321360808366,7149.0,3943.0,18831.0,40.00542611111111,3.0,SANTA FE,0.1465490838648423,0.1453603669134706,0.2348548655084492,0.1759817921487255,0.3073246956182043,13.166211827584053,2025-07
UPZ92,2025,8,1,0,682723.0,349851.0,332872.0,178.94743545046038,1.0,42.0,139.0,248.0,282.0,711.0,450.0,1590.0,6435.0,113315.0,397.1230640250629,1403.168159555222,7149.0,3943.0,18831.0,40.00542611111111,3.0,SANTA FE,0.1529888402763639,0.1782626336010358,0.2201463844048025,0.1667484470275646,0.2861210657868133,13.433844492600127,2025-08
UPZ92,2025,9,1,0,742126.0,373323.0,368803.0,178.94743545046038,1.0,41.0,135.0,187.0,257.0,620.0,454.0,1559.0,5946.0,113315.0,400.6530468163968,1375.8107929223845,7149.0,3943.0,18831.0,40.00542611111111,3.0,SANTA FE,0.1492051215022785,0.1185795943006982,0.2226886000490482,0.1698983730525544,0.2917490556830223,13.517274319053962,2025-09
UPZ92,2025,10,1,0,718946.0,358870.0,360076.0,178.94743545046038,1.0,30.0,133.0,168.0,256.0,587.0,408.0,1376.0,5732.0,113315.0,360.058244716057,1214.314080218859,7149.0,3943.0,18831.0,40.00542611111111,3.0,SANTA FE,0.147764922539384,0.1294589579745906,0.2193878260676045,0.164826009185669,0.2852117496792936,13.48554152957117,2025-10
UPZ92,2025,11,1,0,636031.0,318595.0,317436.0,178.94743545046038,1.0,15.0,106.0,200.0,212.0,533.0,397.0,1553.0,5988.0,113315.0,350.3507920398888,1370.5158187353836,7149.0,3943.0,18831.0,40.00542611111111,3.0,SANTA FE,0.1565316784873693,0.1890851232094033,0.2127459196171255,0.1628568418834931,0.2751310786597806,13.363002583272765,2025-11
UPZ92,2025,12,1,0,204449.0,204449.0,0.0,178.94743545046038,1.0,14.0,116.0,208.0,247.0,585.0,327.0,1525.0,6068.0,113315.0,288.5760931915457,1345.8059391960464,7149.0,3943.0,18831.0,40.00542611111111,3.0,SANTA FE,0.2087219795645858,0.1915196454861603,0.1608322858023272,0.21150017852863062,0.2961557650074101,12.228073834609392,2025-12
UPZ92,2026,1,1,0,490036.0,241599.0,248437.0,178.94743545046038,1.0,27.0,93.0,171.0,161.0,452.0,301.0,1225.0,4820.0,113327.0,265.6030778190546,1080.9427585659198,7378.0,4073.0,19934.0,40.00542611111111,3.0,SANTA FE,0.1357512509285032,0.1894901599066191,0.22062664783811797,0.1722302034952534,0.3026651642456458,13.102234136775822,2026-01
UPZ92,2026,2,1,0,761229.0,360664.0,400565.0,178.94743545046038,1.0,47.0,109.0,200.0,175.0,531.0,379.0,1377.0,5160.0,113327.0,334.43045346651724,1215.067900853283,7378.0,4073.0,19934.0,40.00542611111111,3.0,SANTA FE,0.1367643639430447,0.126065875052054,0.2258256056981539,0.1509558884383017,0.2884832383369992,13.54268951141884,2026-02
UPZ92,2026,3,1,0,732998.0,329688.0,403310.0,178.94743545046038,1.0,54.0,106.0,233.0,206.0,599.0,455.0,1432.0,5730.0,113327.0,401.49302461019874,1263.6000247072632,7378.0,4073.0,19934.0,40.00542611111111,3.0,SANTA FE,0.1403359900027012,0.1432964346423864,0.2241984289179506,0.1578803762083934,0.2869635936903007,13.504898252352106,2026-03
UPZ92,2026,4,1,0,730719.0,319665.0,411054.0,178.94743545046038,1.0,27.0,73.0,157.0,181.0,438.0,381.0,1282.0,5214.0,113327.0,336.1952579702984,1131.239686923681,7378.0,4073.0,19934.0,40.00542611111111,3.0,SANTA FE,0.1381830772157286,0.1378026300123576,0.2176636983573713,0.1591555714303309,0.2857970831975864,13.501784259904642,2026-04
UPZ92,2026,5,1,0,681380.0,300567.0,380813.0,178.94743545046038,1.0,22.0,146.0,187.0,198.0,553.0,373.0,1413.0,5579.0,113327.0,329.13603995517394,1246.8343819213426,7378.0,4073.0,19934.0,40.00542611111111,3.0,SANTA FE,0.1400877630690657,0.1785141917872552,0.2151618773665208,0.157088555578385,0.2824743789059231,13.431875432442759,2026-05
UPZ92,2026,6,1,0,440110.0,194675.0,245435.0,178.94743545046038,1.0,12.0,103.0,151.0,192.0,458.0,317.0,1225.0,4789.0,113327.0,279.72151384930334,1080.9427585659198,7378.0,4073.0,19934.0,40.00542611111111,3.0,SANTA FE,0.2819499670536911,0.2082911090409216,0.3021176524050805,0.0743586830565086,0.3726667193836071,12.994779974649651,2026-06
UPZ93,2023,1,6,0,3871515.0,1498744.0,2372771.0,202.823945556359,1.0,158.0,424.0,508.0,643.0,1733.0,294.0,1148.0,4067.0,112336.0,261.7148554336989,1021.9341974077768,8551.0,4944.0,15669.0,40.00542611111111,3.0,SANTA FE,0.10449940139712743,0.22628144279435825,0.17169557653786693,0.1667228462242817,0.34327302569823387,15.16915646126867,2023-01
UPZ93,2023,2,6,0,4457588.0,1814195.0,2643393.0,202.823945556359,1.0,146.0,461.0,537.0,766.0,1910.0,297.0,1072.0,4315.0,112336.0,264.3854151830224,954.2800170915824,8551.0,4944.0,15669.0,40.00542611111111,3.0,SANTA FE,0.11255032990935902,0.2021777248144063,0.18857238488617606,0.16320530295756358,0.3236026227389033,15.310118370532413,2023-02
UPZ93,2023,3,6,0,4885422.0,1910935.0,2974487.0,202.823945556359,1.0,193.0,499.0,612.0,795.0,2099.0,355.0,1162.0,4601.0,112336.0,316.0162370032759,1034.3968095712862,8551.0,4944.0,15669.0,40.00542611111111,3.0,SANTA FE,0.11204190753633972,0.1833966441384183,0.18907312408221846,0.165581397062526,0.324917353324452,15.401766226626556,2023-03
UPZ93,2023,4,6,0,4228395.0,1538760.0,2689635.0,202.823945556359,1.0,211.0,526.0,598.0,751.0,2086.0,397.0,1303.0,4897.0,112336.0,353.40407349380433,1159.9131177894888,8551.0,4944.0,15669.0,40.00542611111111,3.0,SANTA FE,0.1071337942647269,0.27564123030133175,0.18149084936482987,0.1583293424573626,0.3283228513037831,15.257333046395575,2023-04
UPZ93,2023,5,6,0,4817095.0,1766337.0,3050758.0,202.823945556359,1.0,199.0,613.0,681.0,859.0,2352.0,394.0,1451.0,5270.0,112336.0,350.73351374448083,1291.660732089446,8551.0,4944.0,15669.0,40.00542611111111,3.0,SANTA FE,0.10722354448064647,0.21884683611180597,0.18654064327151526,0.16142633682748622,0.3283752149862154,15.387681607236445,2023-05
UPZ93,2023,6,6,0,4323829.0,1667829.0,2656000.0,202.823945556359,1.0,178.0,433.0,595.0,677.0,1883.0,363.0,1110.0,4494.0,112336.0,323.13772966813843,988.1071072496796,8551.0,4944.0,15669.0,40.00542611111111,3.0,SANTA FE,0.09689328602033054,0.24378854945466155,0.17815505654825847,0.16317782224967728,0.34661623815516573,15.27965191024324,2023-06
UPZ93,2023,7,6,0,4423772.0,1741096.0,2682676.0,202.823945556359,1.0,173.0,463.0,610.0,744.0,1990.0,346.0,1142.0,4616.0,112336.0,308.00455775530554,1016.5930779091296,8551.0,4944.0,15669.0,40.00542611111111,3.0,SANTA FE,0.0980177097734693,0.3086933503806254,0.16748082857796467,0.16231442307605365,0.34566361350737196,15.302503283785702,2023-07
UPZ93,2023,8,6,0,5071405.0,1973175.0,3098230.0,202.823945556359,1.0,125.0,410.0,566.0,666.0,1767.0,286.0,976.0,3949.0,112336.0,254.59336276883636,868.8221051132316,8551.0,4944.0,15669.0,40.00542611111111,3.0,SANTA FE,0.10633779002071411,0.2251553563558816,0.1847890278926648,0.16084240954922746,0.330489554363572,15.439128457492206,2023-08
UPZ93,2023,9,6,0,5163242.0,2008822.0,3154420.0,202.823945556359,1.0,196.0,551.0,622.0,743.0,2112.0,373.0,1308.0,4741.0,112336.0,332.03959549921666,1164.3640507050277,8551.0,4944.0,15669.0,40.00542611111111,3.0,SANTA FE,0.1053539617163015,0.2336987110036678,0.18630407019465672,0.1589944844731275,0.33149840558367405,15.457075234736989,2023-09
UPZ93,2023,10,6,0,5212656.0,2025841.0,3186815.0,202.823945556359,1.0,219.0,569.0,694.0,891.0,2373.0,419.0,1319.0,5212.0,112336.0,372.98817832217634,1174.156103119214,8551.0,4944.0,15669.0,40.00542611111111,3.0,SANTA FE,0.1015827631825311,0.23212485151523518,0.18151955548188864,0.15845357913508962,0.3336210753643635,15.466600072698913,2023-10
UPZ93,2023,11,6,0,5267827.0,2060028.0,3207799.0,202.823945556359,1.0,227.0,664.0,663.0,885.0,2439.0,427.0,1386.0,5068.0,112336.0,380.1096709870389,1233.7986041874378,8551.0,4944.0,15669.0,40.00542611111111,3.0,SANTA FE,0.09999417217004276,0.24885441378389989,0.17674973001201438,0.15552598823006145,0.3370222970872282,15.477128501518676,2023-11
UPZ93,2023,12,6,0,5927282.0,2247560.0,3679722.0,202.823945556359,1.0,184.0,673.0,723.0,935.0,2515.0,357.0,1448.0,5246.0,112336.0,317.79661016949154,1288.9901723401224,8551.0,4944.0,15669.0,40.00542611111111,3.0,SANTA FE,0.1355449259879992,0.31681654424405653,0.15142302998237633,0.15211845834228907,0.31729524845660767,15.595076318514465,2023-12
UPZ93,2024,1,6,0,3636321.0,1552486.0,2083835.0,202.823945556359,1.0,104.0,312.0,350.0,533.0,1299.0,256.0,876.0,3446.0,112939.0,226.6710348063999,775.6399472281497,7325.0,4303.0,15880.0,40.00542611111111,3.0,SANTA FE,0.1047470781594914,0.22681550941184783,0.18497266880454166,0.1697842407202224,0.3345942075380947,15.106483014211102,2024-01
UPZ93,2024,2,6,0,4387756.0,1939624.0,2448132.0,202.823945556359,1.0,173.0,568.0,671.0,823.0,2235.0,376.0,1379.0,5010.0,112939.0,332.92308237189985,1221.013113273537,7325.0,4303.0,15880.0,40.00542611111111,3.0,SANTA FE,0.11053531691370254,0.18748558488667097,0.1978159223074391,0.1677123796309548,0.32784575204130123,15.294328492632452,2024-02
UPZ93,2024,3,6,0,4147880.0,1805874.0,2342006.0,202.823945556359,1.0,162.0,509.0,544.0,644.0,1859.0,332.0,1128.0,4308.0,112939.0,293.9639982645499,998.7692471156996,7325.0,4303.0,15880.0,40.00542611111111,3.0,SANTA FE,0.1082401130215917,0.28149464304656835,0.19562716375594277,0.15920036259486772,0.3207238315131739,15.238107918308458,2024-03
UPZ93,2024,4,6,0,4430307.0,1969255.0,2461052.0,202.823945556359,1.0,143.0,360.0,390.0,575.0,1468.0,258.0,848.0,3366.0,112939.0,228.4419022658249,750.8478027961997,7325.0,4303.0,15880.0,40.00542611111111,3.0,SANTA FE,0.11027768504530269,0.18371097081985513,0.2049645769469249,0.1670044536417002,0.3252942459152519,15.303979439845902,2024-04
UPZ93,2024,5,6,0,4519081.0,2000449.0,2518632.0,202.823945556359,1.0,274.0,651.0,801.0,813.0,2539.0,497.0,1386.0,5417.0,112939.0,440.0605636671123,1227.2111493815246,7325.0,4303.0,15880.0,40.00542611111111,3.0,SANTA FE,0.10938927627099398,0.21387644965868055,0.2010457435925578,0.1645987314677475,0.3221484116758138,15.323819212552317,2024-05
UPZ93,2024,6,6,0,3638578.0,1674775.0,1963803.0,202.823945556359,1.0,184.0,585.0,724.0,793.0,2286.0,349.0,1406.0,5192.0,112939.0,309.0163716696624,1244.9198239757743,7325.0,4303.0,15880.0,40.00542611111111,3.0,SANTA FE,0.10524908357055963,0.3011616076390282,0.1891744522173222,0.16508674542637256,0.3230293841895701,15.107103503945025,2024-06
UPZ93,2024,7,6,0,3636005.0,1769108.0,1866897.0,202.823945556359,1.0,174.0,663.0,622.0,871.0,2330.0,352.0,1371.0,5031.0,112939.0,311.6726728587999,1213.929643435837,7325.0,4303.0,15880.0,40.00542611111111,3.0,SANTA FE,0.10197098188808867,0.21834430920749556,0.184726918692356,0.1804593228007112,0.3351206178743411,15.106396109416075,2024-07
UPZ93,2024,8,6,0,4395572.0,1977172.0,2418400.0,202.823945556359,1.0,190.0,588.0,628.0,848.0,2254.0,350.0,1424.0,5015.0,112939.0,309.9018053993749,1260.8576311105994,7325.0,4303.0,15880.0,40.00542611111111,3.0,SANTA FE,0.11056217484322856,0.2510025998891611,0.19884101545828387,0.16730973807276955,0.3193465487706595,15.296108228528247,2024-08
UPZ93,2024,9,6,0,4166202.0,1885400.0,2280802.0,202.823945556359,1.0,173.0,560.0,732.0,833.0,2298.0,337.0,1361.0,5258.0,112939.0,298.3911669131124,1205.075306138712,7325.0,4303.0,15880.0,40.00542611111111,3.0,SANTA FE,0.10425442645363805,0.21864254301639716,0.1982585097890116,0.16543748958883892,0.32744504420545917,15.242515387385602,2024-09
UPZ93,2024,10,6,0,4790533.0,2198017.0,2592516.0,202.823945556359,1.0,223.0,605.0,765.0,1042.0,2635.0,405.0,1421.0,5446.0,112939.0,358.60066053356235,1258.201329921462,7325.0,4303.0,15880.0,40.00542611111111,3.0,SANTA FE,0.10905341848182651,0.20568233221647778,0.18862034767321295,0.17014996034887972,0.32692513516743565,15.382152236683092,2024-10
UPZ93,2024,11,6,0,4476075.0,2056437.0,2419638.0,202.823945556359,1.0,238.0,686.0,719.0,865.0,2508.0,429.0,1527.0,5320.0,112939.0,379.8510700466624,1352.057305270987,7325.0,4303.0,15880.0,40.00542611111111,3.0,SANTA FE,0.10981674793206098,0.2734654803594667,0.18017839290002957,0.16590830135777437,0.32473655227223175,15.314257104305744,2024-11
UPZ93,2024,12,6,0,4806851.0,2205756.0,2601095.0,202.823945556359,1.0,204.0,695.0,840.0,981.0,2720.0,356.0,1674.0,6078.0,112939.0,315.21440777764985,1482.2160635387245,7325.0,4303.0,15880.0,40.00542611111111,3.0,SANTA FE,0.1461297635395813,0.2655505652245097,0.15820065984986842,0.16049280495692497,0.2963146772400013,15.385552749932208,2024-12
UPZ93,2025,1,6,0,3811320.0,1621408.0,2189912.0,202.823945556359,1.0,146.0,443.0,671.0,676.0,1936.0,302.0,1137.0,4616.0,113315.0,266.51370074570883,1003.3976084366589,7149.0,3943.0,18831.0,40.00542611111111,3.0,SANTA FE,0.1011507824060955,0.22196771722133007,0.1907764239161235,0.1621099776455401,0.33720354415373627,15.153486143793536,2025-01
UPZ93,2025,2,6,0,4217930.0,1869068.0,2348862.0,202.823945556359,1.0,184.0,506.0,616.0,847.0,2153.0,371.0,1178.0,4729.0,113315.0,327.40590389621855,1039.579932047831,7149.0,3943.0,18831.0,40.00542611111111,3.0,SANTA FE,0.1076094197864829,0.1974703231205828,0.2061757781660672,0.16428532479201882,0.3293242609264285,15.254855044340237,2025-02
UPZ93,2025,3,6,0,4886942.0,2149245.0,2737697.0,202.823945556359,1.0,181.0,593.0,625.0,962.0,2361.0,379.0,1340.0,5417.0,113315.0,334.4658694788863,1182.544235096854,7149.0,3943.0,18831.0,40.00542611111111,3.0,SANTA FE,0.10625110754332664,0.2458799388247292,0.20329870909047001,0.16060534379167993,0.3284833283067349,15.40207730796005,2025-03
UPZ93,2025,4,6,0,4684158.0,2072831.0,2611327.0,202.823945556359,1.0,184.0,609.0,649.0,1001.0,2443.0,389.0,1453.0,5359.0,113315.0,343.29082645722104,1282.2662489520364,7149.0,3943.0,18831.0,40.00542611111111,3.0,SANTA FE,0.10945723863285563,0.21641178628047983,0.20290733147771697,0.16268473437488656,0.3223315084602408,15.359696734983956,2025-04
UPZ93,2025,5,6,0,5027915.0,2254191.0,2773724.0,202.823945556359,1.0,184.0,573.0,668.0,937.0,2362.0,378.0,1448.0,5541.0,113315.0,333.58337378105284,1277.853770462869,7149.0,3943.0,18831.0,40.00542611111111,3.0,SANTA FE,0.11142392025322619,0.23647774475105476,0.2029610683553719,0.16262864427899035,0.31871354078011227,15.430515943219227,2025-05
UPZ93,2025,6,6,0,4385022.0,1917715.0,2467307.0,202.823945556359,1.0,183.0,562.0,708.0,909.0,2362.0,405.0,1402.0,5395.0,113315.0,357.4107576225566,1237.2589683625292,7149.0,3943.0,18831.0,40.00542611111111,3.0,SANTA FE,0.10627905629663885,0.2934703634326121,0.19067407187466787,0.16266805502914233,0.32340844780373246,15.293705200879598,2025-06
UPZ93,2025,7,6,0,4839483.0,2134536.0,2704947.0,202.823945556359,1.0,242.0,605.0,747.0,892.0,2486.0,467.0,1427.0,5833.0,113315.0,412.1254908882319,1259.321360808366,7149.0,3943.0,18831.0,40.00542611111111,3.0,SANTA FE,0.10353399319720717,0.19363246032685721,0.20289977255834968,0.16851076860896086,0.3327048111543078,15.392318454805528,2025-07
UPZ93,2025,8,6,0,4765982.0,2108354.0,2657628.0,202.823945556359,1.0,234.0,687.0,820.0,1022.0,2763.0,450.0,1590.0,6435.0,113315.0,397.1230640250629,1403.168159555222,7149.0,3943.0,18831.0,40.00542611111111,3.0,SANTA FE,0.10823267901557326,0.2726338454488497,0.19732764412454762,0.16481765982330607,0.3231031892118662,15.3770141598817,2025-08
UPZ93,2025,9,6,0,4953686.0,2162666.0,2791020.0,202.823945556359,1.0,262.0,702.0,811.0,1032.0,2807.0,454.0,1559.0,5946.0,113315.0,400.6530468163968,1375.8107929223845,7149.0,3943.0,18831.0,40.00542611111111,3.0,SANTA FE,0.1060620313843065,0.19021532652655007,0.20892482890518288,0.1687997584021272,0.3291395171048817,15.4156425038979,2025-09
UPZ93,2025,10,6,0,5042733.0,2207358.0,2835375.0,202.823945556359,1.0,230.0,618.0,734.0,1041.0,2623.0,408.0,1376.0,5732.0,113315.0,360.058244716057,1214.314080218859,7149.0,3943.0,18831.0,40.00542611111111,3.0,SANTA FE,0.10602147684598803,0.20252549559931088,0.20190995636691447,0.1669779066232537,0.3263656768274142,15.433458754981455,2025-10
UPZ93,2025,11,6,0,4613067.0,2052750.0,2560317.0,202.823945556359,1.0,225.0,674.0,849.0,1050.0,2798.0,397.0,1553.0,5988.0,113315.0,350.3507920398888,1370.5158187353836,7149.0,3943.0,18831.0,40.00542611111111,3.0,SANTA FE,0.10591825351767051,0.29825970444391986,0.1897414453334408,0.16383438610364856,0.3240690941896383,15.344403486605305,2025-11
UPZ93,2025,12,5,0,1963330.0,1963330.0,0.0,182.32967704884845,1.2,188.0,650.0,815.0,1055.0,2708.0,327.0,1525.0,6068.0,113315.0,288.5760931915457,1345.8059391960464,7149.0,3943.0,18831.0,40.00542611111111,3.0,SANTA FE,0.17274070074821854,0.24841111784570089,0.03612739580203019,0.2635787157533374,0.47751021639363384,14.49015256916535,2025-12
UPZ93,2026,1,5,0,3293220.0,1421419.0,1871801.0,182.32967704884845,1.2,174.0,510.0,717.0,638.0,2039.0,301.0,1225.0,4820.0,113327.0,265.6030778190546,1080.9427585659198,7378.0,4073.0,19934.0,40.00542611111111,3.0,SANTA FE,0.09391871785061426,0.2567435519036079,0.1930894383005083,0.16643740776504448,0.3404738063963503,15.007376367508336,2026-01
UPZ93,2026,2,5,0,3247112.0,1361395.0,1885717.0,182.32967704884845,1.2,204.0,619.0,784.0,744.0,2351.0,379.0,1377.0,5160.0,113327.0,334.43045346651724,1215.067900853283,7378.0,4073.0,19934.0,40.00542611111111,3.0,SANTA FE,0.10142428102264409,0.17781647199111086,0.2163125263310905,0.16293432440889005,0.3333656818528899,14.993276543868603,2026-02
UPZ93,2026,3,5,0,3172419.0,1252098.0,1920321.0,182.32967704884845,1.2,247.0,622.0,742.0,932.0,2543.0,455.0,1432.0,5730.0,113327.0,401.49302461019874,1263.6000247072632,7378.0,4073.0,19934.0,40.00542611111111,3.0,SANTA FE,0.10248835352455014,0.1943851048679257,0.2155412005791164,0.16222352722008027,0.33370685017506724,14.97000494632984,2026-03
UPZ93,2026,4,5,0,3003997.0,1155243.0,1848754.0,182.32967704884845,1.2,197.0,569.0,669.0,850.0,2285.0,381.0,1282.0,5214.0,113327.0,336.1952579702984,1131.239686923681,7378.0,4073.0,19934.0,40.00542611111111,3.0,SANTA FE,0.10718386203448269,0.19771824006482028,0.2140544747548017,0.1621389768365281,0.33067439550874955,14.915454293197222,2026-04
UPZ93,2026,5,5,0,3622906.0,1380496.0,2242410.0,182.32967704884845,1.2,221.0,672.0,849.0,885.0,2627.0,373.0,1413.0,5579.0,113327.0,329.13603995517394,1246.8343819213426,7378.0,4073.0,19934.0,40.00542611111111,3.0,SANTA FE,0.09607674060546972,0.2598681831656686,0.20136211096837725,0.15480445807868048,0.33589929864289136,15.10278702419147,2026-05
UPZ93,2026,6,5,0,3609392.0,1218980.0,2390412.0,182.32967704884845,1.2,172.0,535.0,700.0,815.0,2222.0,317.0,1225.0,4789.0,113327.0,279.72151384930334,1080.9427585659198,7378.0,4073.0,19934.0,40.00542611111111,3.0,SANTA FE,0.22762171579036022,0.2454166795958987,0.2883793170705758,0.0386009610482873,0.44232390572690283,15.099049895072014,2026-06
UPZ94,2023,1,1,0,756854.0,333682.0,423172.0,421.88623928352666,1.0,42.0,166.0,247.0,377.0,832.0,42.0,166.0,832.0,16782.0,250.26814444047196,989.155047074246,1173.0,625.0,3126.0,39.16112522222223,17.0,CANDELARIA,0.0837334545368063,0.2537596418860176,0.1667362529629228,0.1693602729192156,0.3453807275000627,13.536925647239835,2023-01
UPZ94,2023,2,1,0,876372.0,376427.0,499945.0,421.88623928352666,1.0,59.0,227.0,286.0,393.0,965.0,59.0,227.0,965.0,16782.0,351.56715528542486,1352.6397330473126,1173.0,625.0,3126.0,39.16112522222223,17.0,CANDELARIA,0.0874788331895587,0.230468339928706,0.1915122801732597,0.1625188846745446,0.3340792317858422,13.683545937311283,2023-02
UPZ94,2023,3,1,0,995818.0,411321.0,584497.0,421.88623928352666,1.0,50.0,217.0,317.0,413.0,997.0,50.0,217.0,997.0,16782.0,297.93826719103805,1293.052079609105,1173.0,625.0,3126.0,39.16112522222223,17.0,CANDELARIA,0.0872880385773303,0.2112584829758048,0.2022588464960464,0.1602642249889036,0.3383149976747713,13.811319788945712,2023-03
UPZ94,2023,4,1,0,859027.0,315932.0,543095.0,421.88623928352666,1.0,58.0,260.0,327.0,399.0,1044.0,58.0,260.0,1044.0,16782.0,345.6083899416041,1549.2789893933978,1173.0,625.0,3126.0,39.16112522222223,17.0,CANDELARIA,0.0852592526195335,0.3016366191051038,0.1912198336024362,0.1559787992694059,0.33739050803804604,13.663555632369976,2023-04
UPZ94,2023,5,1,0,956199.0,339464.0,616735.0,421.88623928352666,1.0,55.0,263.0,408.0,473.0,1199.0,55.0,263.0,1199.0,16782.0,327.7320939101418,1567.15528542486,1173.0,625.0,3126.0,39.16112522222223,17.0,CANDELARIA,0.0834219655113632,0.2349291308608354,0.2012645903206341,0.153780750659643,0.3408859125281954,13.770721329367277,2023-05
UPZ94,2023,6,1,0,915653.0,329808.0,585845.0,421.88623928352666,1.0,53.0,240.0,314.0,421.0,1028.0,53.0,240.0,1028.0,16782.0,315.8145632225003,1430.1036825169824,1173.0,625.0,3126.0,39.16112522222223,17.0,CANDELARIA,0.0789076211184804,0.2581742210204084,0.1864953208256839,0.1581199428167657,0.3468583739187243,13.727392750924782,2023-06
UPZ94,2023,7,1,0,928758.0,355226.0,573532.0,421.88623928352666,1.0,67.0,229.0,393.0,365.0,1054.0,67.0,229.0,1054.0,16782.0,399.237278035991,1364.5572637349542,1173.0,625.0,3126.0,39.16112522222223,17.0,CANDELARIA,0.0769306966938642,0.3272747044978347,0.1746396800888929,0.1583394167264239,0.3461228955938862,13.741603488705136,2023-07
UPZ94,2023,8,1,0,988402.0,398880.0,589522.0,421.88623928352666,1.0,43.0,197.0,289.0,296.0,825.0,43.0,197.0,825.0,16782.0,256.2269097842927,1173.8767727326897,1173.0,625.0,3126.0,39.16112522222223,17.0,CANDELARIA,0.079215744201246,0.2458362083443781,0.1944077409798847,0.1583019864387162,0.3413056371412898,13.803844776566823,2023-08
UPZ94,2023,9,1,0,1018313.0,412446.0,605867.0,421.88623928352666,1.0,53.0,228.0,336.0,396.0,1013.0,53.0,228.0,1013.0,16782.0,315.8145632225003,1358.5984983911333,1173.0,625.0,3126.0,39.16112522222223,17.0,CANDELARIA,0.075474829448313,0.2568542285132371,0.1956971972271786,0.1590886102799434,0.3457193176839917,13.833657894453598,2023-09
UPZ94,2023,10,1,0,1054836.0,427936.0,626900.0,421.88623928352666,1.0,55.0,200.0,335.0,449.0,1039.0,55.0,200.0,1039.0,16782.0,327.7320939101418,1191.7530687641522,1173.0,625.0,3126.0,39.16112522222223,17.0,CANDELARIA,0.0716765449795039,0.2548652112745488,0.1867645776215449,0.1561541320167305,0.3488999234754111,13.868895862571696,2023-10
UPZ94,2023,11,1,0,1104495.0,440701.0,663794.0,421.88623928352666,1.0,45.0,220.0,292.0,405.0,962.0,45.0,220.0,962.0,16782.0,268.1444404719342,1310.9283756405673,1173.0,625.0,3126.0,39.16112522222223,17.0,CANDELARIA,0.073052390458988,0.2750198054314415,0.1844354207126333,0.1523791415986491,0.3519497963886152,13.914898774896798,2023-11
UPZ94,2023,12,1,0,1486201.0,577328.0,908873.0,421.88623928352666,1.0,48.0,256.0,305.0,402.0,1011.0,48.0,256.0,1011.0,16782.0,286.0207365033965,1525.4439280181148,1173.0,625.0,3126.0,39.16112522222223,17.0,CANDELARIA,0.1289186321365683,0.340649750605739,0.1553437253776575,0.1504984857364515,0.300096311751245,14.21173375756223,2023-12
UPZ94,2024,1,1,0,851458.0,321320.0,530138.0,421.88623928352666,1.0,46.0,169.0,217.0,315.0,747.0,46.0,169.0,747.0,16689.0,275.630654922404,1012.6430583018756,1579.0,827.0,3035.0,39.16112522222223,17.0,CANDELARIA,0.0751687106116802,0.24036887315639763,0.18222390299932578,0.1591787263728804,0.3489875883525076,13.654705453147296,2024-01
UPZ94,2024,2,1,0,974843.0,411116.0,563727.0,421.88623928352666,1.0,54.0,209.0,293.0,497.0,1053.0,54.0,209.0,1053.0,16689.0,323.56642099586554,1252.3218886691834,1579.0,827.0,3035.0,39.16112522222223,17.0,CANDELARIA,0.083232889808923,0.2168308127565156,0.1974656431856206,0.15876197500520586,0.3385172300556205,13.790031711372938,2024-02
UPZ94,2024,3,1,0,930873.0,390108.0,540765.0,421.88623928352666,1.0,52.0,201.0,251.0,344.0,848.0,52.0,201.0,848.0,16689.0,311.58247947750016,1204.386122595722,1579.0,827.0,3035.0,39.16112522222223,17.0,CANDELARIA,0.0816480873330733,0.3053552955129217,0.1863422829967138,0.1539866340521209,0.3354766763488108,13.743878134494457,2024-03
UPZ94,2024,4,1,0,993826.0,418657.0,575169.0,421.88623928352666,1.0,58.0,200.0,220.0,363.0,841.0,58.0,200.0,841.0,16689.0,347.5343040325963,1198.394151836539,1579.0,827.0,3035.0,39.16112522222223,17.0,CANDELARIA,0.0829461092786866,0.2034329953130628,0.200789675456267,0.1610714551641836,0.3450456833786577,13.809317420013809,2024-04
UPZ94,2024,5,1,0,999196.0,408123.0,591073.0,421.88623928352666,1.0,60.0,263.0,296.0,453.0,1072.0,60.0,263.0,1072.0,16689.0,359.5182455509617,1575.8883096650488,1579.0,827.0,3035.0,39.16112522222223,17.0,CANDELARIA,0.0790675703265425,0.2416713037281974,0.1942621867981857,0.1547384096813838,0.3434906782307858,13.81470623458293,2024-05
UPZ94,2024,6,1,0,972257.0,422340.0,549917.0,421.88623928352666,1.0,68.0,250.0,334.0,485.0,1137.0,68.0,250.0,1137.0,16689.0,407.4540116244233,1497.992689795674,1579.0,827.0,3035.0,39.16112522222223,17.0,CANDELARIA,0.0830305155941278,0.3284810497635913,0.1675441781339707,0.1579890913616461,0.3413256257047151,13.787375451786367,2024-06
UPZ94,2024,7,1,0,997358.0,446640.0,550718.0,421.88623928352666,1.0,55.0,235.0,376.0,409.0,1075.0,55.0,235.0,1075.0,16689.0,329.5583917550482,1408.1131284079331,1579.0,827.0,3035.0,39.16112522222223,17.0,CANDELARIA,0.0801056390984982,0.2442112060062685,0.1676469231710178,0.1658592000064169,0.3490142971049741,13.812865061722869,2024-07
UPZ94,2024,8,1,0,1071894.0,440430.0,631464.0,421.88623928352666,1.0,56.0,233.0,285.0,368.0,942.0,56.0,233.0,942.0,16689.0,335.5503625142309,1396.129186889568,1579.0,827.0,3035.0,39.16112522222223,17.0,CANDELARIA,0.0827917685890582,0.2867923507361735,0.1845704892461381,0.1530944291133265,0.3394428571295227,13.884937735126861,2024-08
UPZ94,2024,9,1,0,981019.0,401269.0,579750.0,421.88623928352666,1.0,46.0,245.0,314.0,416.0,1021.0,46.0,245.0,1021.0,16689.0,275.630654922404,1468.0328359997604,1579.0,827.0,3035.0,39.16112522222223,17.0,CANDELARIA,0.0756845688004004,0.2546128056643143,0.1887812570398738,0.1513416151980746,0.3459231117473602,13.796347106351789,2024-09
UPZ94,2024,10,1,0,1180338.0,493843.0,686495.0,421.88623928352666,1.0,68.0,243.0,310.0,459.0,1080.0,68.0,243.0,1080.0,16689.0,407.4540116244233,1456.0488944813949,1579.0,827.0,3035.0,39.16112522222223,17.0,CANDELARIA,0.0798788143735099,0.2399321211381824,0.1777185856932505,0.1506475263865096,0.3415429171910288,13.981311396103514,2024-10
UPZ94,2024,11,1,0,1154784.0,477733.0,677051.0,421.88623928352666,1.0,72.0,247.0,344.0,454.0,1117.0,72.0,247.0,1117.0,16689.0,431.42189466115406,1480.0167775181258,1579.0,827.0,3035.0,39.16112522222223,17.0,CANDELARIA,0.0779011486130739,0.3278855612824563,0.1746092775791836,0.1470725261174384,0.3459596318323322,13.959423871461908,2024-11
UPZ94,2024,12,1,0,1547769.0,623972.0,923797.0,421.88623928352666,1.0,62.0,292.0,410.0,496.0,1260.0,62.0,292.0,1260.0,16689.0,371.5021870693272,1749.6554616813469,1579.0,827.0,3035.0,39.16112522222223,17.0,CANDELARIA,0.12275927480134301,0.3138207316466475,0.1551749647395703,0.1397786103740287,0.304741114087158,14.252325097190479,2024-12
UPZ94,2025,1,1,0,885468.0,355612.0,529856.0,421.88623928352666,1.0,55.0,217.0,304.0,371.0,947.0,55.0,217.0,947.0,16574.0,331.84505852540127,1309.279594545674,1823.0,997.0,3644.0,39.16112522222223,17.0,CANDELARIA,0.07923719434242682,0.2399589821427764,0.1782853812898941,0.1537266168850822,0.3435477675343456,13.693871597776772,2025-01
UPZ94,2025,2,1,0,963268.0,392934.0,570334.0,421.88623928352666,1.0,59.0,233.0,393.0,438.0,1123.0,59.0,233.0,1123.0,16574.0,355.97924459997586,1405.8163388439723,1823.0,997.0,3644.0,39.16112522222223,17.0,CANDELARIA,0.08185468633858899,0.2283891917929382,0.1925777665198055,0.1546277879053389,0.3412404908166603,13.778086949051415,2025-02
UPZ94,2025,3,1,0,1024685.0,421785.0,602900.0,421.88623928352666,1.0,67.0,261.0,354.0,466.0,1148.0,67.0,261.0,1148.0,16574.0,404.24761674912514,1574.755641365995,1823.0,997.0,3644.0,39.16112522222223,17.0,CANDELARIA,0.0803398117470246,0.284951960846504,0.1895977788295915,0.1502861855106691,0.3421052734348304,13.839895806249906,2025-03
UPZ94,2025,4,1,0,954512.0,392676.0,561836.0,421.88623928352666,1.0,55.0,218.0,376.0,456.0,1105.0,55.0,218.0,1105.0,16574.0,331.84505852540127,1315.3131410643175,1823.0,997.0,3644.0,39.16112522222223,17.0,CANDELARIA,0.0818952511859463,0.2489932028093937,0.1829898419296981,0.1513977823222757,0.3409585743730172,13.76895549409615,2025-04
UPZ94,2025,5,1,0,1050897.0,430238.0,620659.0,421.88623928352666,1.0,60.0,270.0,397.0,509.0,1236.0,60.0,270.0,1236.0,16574.0,362.01279111861953,1629.057560033788,1823.0,997.0,3644.0,39.16112522222223,17.0,CANDELARIA,0.0837199078501508,0.2728364435334766,0.1845918296464829,0.1498614992715746,0.3367685420728735,13.86515464315364,2025-05
UPZ94,2025,6,1,0,1047407.0,395014.0,652393.0,421.88623928352666,1.0,76.0,216.0,325.0,486.0,1103.0,76.0,216.0,1103.0,16574.0,458.5495354169181,1303.2460480270304,1823.0,997.0,3644.0,39.16112522222223,17.0,CANDELARIA,0.0772937358639,0.3395852806024783,0.170929734095724,0.1452615840833601,0.3445893697658781,13.861828144020773,2025-06
UPZ94,2025,7,1,0,1301716.0,518627.0,783089.0,421.88623928352666,1.0,57.0,259.0,373.0,451.0,1140.0,57.0,259.0,1140.0,16574.0,343.91215156268856,1562.6885483287076,1823.0,997.0,3644.0,39.16112522222223,17.0,CANDELARIA,0.0725726656198433,0.21731468307987298,0.1821403439767199,0.1518979562362297,0.3535353585814297,14.079193951997663,2025-07
UPZ94,2025,8,1,0,1296835.0,511548.0,785287.0,421.88623928352666,1.0,48.0,212.0,362.0,485.0,1107.0,48.0,212.0,1107.0,16574.0,289.61023289489566,1279.1118619524557,1823.0,997.0,3644.0,39.16112522222223,17.0,CANDELARIA,0.0748684296768671,0.3010344415442211,0.1838630203533988,0.148203896409335,0.3483383283768616,14.07543723855204,2025-08
UPZ94,2025,9,1,0,1371489.0,536965.0,834524.0,421.88623928352666,1.0,53.0,212.0,417.0,501.0,1183.0,53.0,212.0,1183.0,16574.0,319.7779654881139,1279.1118619524557,1823.0,997.0,3644.0,39.16112522222223,17.0,CANDELARIA,0.0739670533267127,0.2177793624301762,0.19360855245649067,0.1543679898271149,0.3524049533182724,14.131407568912028,2025-09
UPZ94,2025,10,1,0,1479383.0,585668.0,893715.0,421.88623928352666,1.0,76.0,263.0,424.0,564.0,1327.0,76.0,263.0,1327.0,16574.0,458.5495354169181,1586.822734403282,1823.0,997.0,3644.0,39.16112522222223,17.0,CANDELARIA,0.0705584693078127,0.2339015657203036,0.1849933384390654,0.1508669492619558,0.35444003551487424,14.207135666924822,2025-10
UPZ94,2025,11,1,0,1539978.0,607270.0,932708.0,421.88623928352666,1.0,59.0,272.0,456.0,539.0,1326.0,59.0,272.0,1326.0,16574.0,355.97924459997586,1641.124653071075,1823.0,997.0,3644.0,39.16112522222223,17.0,CANDELARIA,0.0701412617582848,0.35003357190817014,0.17306026449728504,0.1424799575058864,0.3565987460407783,14.247278688573484,2025-11
UPZ94,2025,12,1,0,762113.0,762113.0,0.0,421.88623928352666,1.0,58.0,249.0,318.0,481.0,1106.0,58.0,249.0,1106.0,16574.0,349.94569808133224,1502.353083142271,1823.0,997.0,3644.0,39.16112522222223,17.0,CANDELARIA,0.1549547114404294,0.2825250323770884,0.028633549093113404,0.2610885787278264,0.4897382015527881,13.543850117637575,2025-12
UPZ94,2026,1,1,0,1082716.0,424437.0,658279.0,421.88623928352666,1.0,48.0,212.0,307.0,373.0,940.0,48.0,212.0,940.0,16449.0,291.8110523436075,1288.832147850933,1579.0,894.0,3618.0,39.16112522222223,17.0,CANDELARIA,0.073354416116507,0.2707995448483258,0.1754476704879211,0.1569959250625279,0.355694080041388,13.894983257059938,2026-01
UPZ94,2026,2,1,0,1306349.0,512019.0,794330.0,421.88623928352666,1.0,67.0,209.0,326.0,399.0,1001.0,67.0,209.0,1001.0,16449.0,407.3195938962854,1270.5939570794578,1579.0,894.0,3618.0,39.16112522222223,17.0,CANDELARIA,0.0752272172290865,0.21420156481920216,0.1932278434017249,0.1489402908411152,0.3458589314043158,14.082746781297065,2026-02
UPZ94,2026,3,1,0,1337703.0,486650.0,851053.0,421.88623928352666,1.0,68.0,270.0,358.0,359.0,1055.0,68.0,270.0,1055.0,16449.0,413.3989908201106,1641.4371694327922,1579.0,894.0,3618.0,39.16112522222223,17.0,CANDELARIA,0.073767495475453,0.2287615412389745,0.1914438406731539,0.1500736710615136,0.3512226306297684,14.106464521936466,2026-03
UPZ94,2026,4,1,0,1261819.0,437446.0,824373.0,421.88623928352666,1.0,51.0,244.0,415.0,395.0,1105.0,51.0,244.0,1105.0,16449.0,310.04924311508296,1483.3728494133384,1579.0,894.0,3618.0,39.16112522222223,17.0,CANDELARIA,0.0773066501613939,0.2330841428128757,0.1913554955187709,0.1517983165572875,0.3489646879399343,14.048064888659338,2026-04
UPZ94,2026,5,1,0,1354418.0,507927.0,846491.0,421.88623928352666,1.0,40.0,279.0,354.0,375.0,1048.0,40.0,279.0,1048.0,16449.0,243.17587695300625,1696.1517417472187,1579.0,894.0,3618.0,39.16112522222223,17.0,CANDELARIA,0.0731568836208615,0.2824083850037433,0.1833614142753566,0.1503981784057802,0.3519103017019843,14.118882399730472,2026-05
UPZ94,2026,6,1,0,1278361.0,518835.0,759526.0,421.88623928352666,1.0,54.0,175.0,291.0,339.0,859.0,54.0,175.0,859.0,16449.0,328.28743388655846,1063.8944616694023,1579.0,894.0,3618.0,39.16112522222223,17.0,CANDELARIA,0.2714076853095487,0.2633019937247772,0.2622467362505583,0.0276596360495978,0.4305082694989901,14.061089346645199,2026-06
UPZ95,2023,1,3,0,752872.0,164764.0,588108.0,326.5170635354795,0.6666666666666666,47.0,242.0,124.0,234.0,647.0,294.0,1148.0,4067.0,112336.0,261.7148554336989,1021.9341974077768,8551.0,4944.0,15669.0,40.00542611111111,3.0,SANTA FE,0.1858456683207769,0.2197597998066072,0.1930354695087611,0.17144082925118742,0.2719534549169084,13.531650505612863,2023-01
UPZ95,2023,2,3,0,797789.0,204108.0,593681.0,326.5170635354795,0.6666666666666666,54.0,218.0,173.0,238.0,683.0,297.0,1072.0,4315.0,112336.0,264.3854151830224,954.2800170915824,8551.0,4944.0,15669.0,40.00542611111111,3.0,SANTA FE,0.18508151904826967,0.1916296163521933,0.20913800516176584,0.16489823750390137,0.2759754386266987,13.589599430441618,2023-02
UPZ95,2023,3,3,0,887970.0,214653.0,673317.0,326.5170635354795,0.6666666666666666,66.0,227.0,192.0,230.0,715.0,355.0,1162.0,4601.0,112336.0,316.0162370032759,1034.3968095712862,8551.0,4944.0,15669.0,40.00542611111111,3.0,SANTA FE,0.18740272756962503,0.18780589434327732,0.20689437706228808,0.1681689696723988,0.27749918912426824,13.696693237619838,2023-03
UPZ95,2023,4,3,0,786503.0,179276.0,607227.0,326.5170635354795,0.6666666666666666,72.0,255.0,293.0,234.0,854.0,397.0,1303.0,4897.0,112336.0,353.40407349380433,1159.9131177894888,8551.0,4944.0,15669.0,40.00542611111111,3.0,SANTA FE,0.185828916100765,0.26756159862073,0.2022115618122245,0.16643547449914364,0.2727504062314294,13.575351815840646,2023-04
UPZ95,2023,5,3,0,846803.0,198408.0,648395.0,326.5170635354795,0.6666666666666666,71.0,247.0,273.0,270.0,861.0,394.0,1451.0,5270.0,112336.0,350.73351374448083,1291.660732089446,8551.0,4944.0,15669.0,40.00542611111111,3.0,SANTA FE,0.18683448216409249,0.21149429087993307,0.20847942201432915,0.16341935491489754,0.27401176248541,13.649223360985745,2023-05
UPZ95,2023,6,3,0,782076.0,171097.0,610979.0,326.5170635354795,0.6666666666666666,87.0,218.0,247.0,247.0,799.0,363.0,1110.0,4494.0,112336.0,323.13772966813843,988.1071072496796,8551.0,4944.0,15669.0,40.00542611111111,3.0,SANTA FE,0.1884944685682721,0.22388744827868384,0.20290739007462183,0.16414389394381104,0.27161513798578674,13.569707201505894,2023-06
UPZ95,2023,7,3,0,767055.0,204515.0,562540.0,326.5170635354795,0.6666666666666666,87.0,240.0,225.0,279.0,831.0,346.0,1142.0,4616.0,112336.0,308.00455775530554,1016.5930779091296,8551.0,4944.0,15669.0,40.00542611111111,3.0,SANTA FE,0.1859618932149585,0.2775446350000978,0.20309365039012847,0.16412382423685395,0.27058021914501035,13.550313785731564,2023-07
UPZ95,2023,8,3,0,847403.0,208338.0,639065.0,326.5170635354795,0.6666666666666666,78.0,173.0,152.0,193.0,596.0,286.0,976.0,3949.0,112336.0,254.59336276883636,868.8221051132316,8551.0,4944.0,15669.0,40.00542611111111,3.0,SANTA FE,0.1894553122894301,0.21271933188813352,0.20587961099972504,0.16333314845474933,0.27188751535469724,13.649931657409066,2023-08
UPZ95,2023,9,3,0,868457.0,234516.0,633941.0,326.5170635354795,0.6666666666666666,100.0,256.0,193.0,240.0,789.0,373.0,1308.0,4741.0,112336.0,332.03959549921666,1164.3640507050277,8551.0,4944.0,15669.0,40.00542611111111,3.0,SANTA FE,0.18277013139395495,0.20584553984825954,0.20940357438537538,0.1594632779746147,0.2689976796874308,13.674473352787057,2023-09
UPZ95,2023,10,3,0,851549.0,194361.0,657188.0,326.5170635354795,0.6666666666666666,93.0,269.0,211.0,286.0,859.0,419.0,1319.0,5212.0,112336.0,372.98817832217634,1174.156103119214,8551.0,4944.0,15669.0,40.00542611111111,3.0,SANTA FE,0.18787996932648612,0.2187519449849627,0.2050639481697471,0.16194487927294843,0.26712342416484763,13.654812322937127,2023-10
UPZ95,2023,11,3,0,847533.0,188634.0,658899.0,326.5170635354795,0.6666666666666666,80.0,236.0,230.0,245.0,791.0,427.0,1386.0,5068.0,112336.0,380.1096709870389,1233.7986041874378,8551.0,4944.0,15669.0,40.00542611111111,3.0,SANTA FE,0.1889837917815589,0.22292229329123467,0.204406200112562,0.15838439329206058,0.26449528215630136,13.650085055531774,2023-11
UPZ95,2023,12,3,0,818803.0,214273.0,604530.0,326.5170635354795,0.6666666666666666,73.0,259.0,197.0,299.0,828.0,357.0,1448.0,5246.0,112336.0,317.79661016949154,1288.9901723401224,8551.0,4944.0,15669.0,40.00542611111111,3.0,SANTA FE,0.2014770341583995,0.27073667292376796,0.19558306454666138,0.15253363751720495,0.24775246593158615,13.615598796660947,2023-12
UPZ95,2024,1,3,0,820002.0,345473.0,474529.0,326.5170635354795,0.6666666666666666,71.0,199.0,142.0,212.0,624.0,256.0,876.0,3446.0,112939.0,226.6710348063999,775.6399472281497,7325.0,4303.0,15880.0,40.00542611111111,3.0,SANTA FE,0.18750807924858717,0.21549947439152584,0.23136041131606996,0.14602037556005956,0.25962865432154614,13.617062058261851,2024-01
UPZ95,2024,2,3,0,721496.0,282614.0,438882.0,326.5170635354795,0.6666666666666666,76.0,253.0,188.0,288.0,805.0,376.0,1379.0,5010.0,112939.0,332.92308237189985,1221.013113273537,7325.0,4303.0,15880.0,40.00542611111111,3.0,SANTA FE,0.17756855200860427,0.17570714182753605,0.22443644871212037,0.15885049951766883,0.2750262602023601,13.48908211317515,2024-02
UPZ95,2024,3,3,0,686258.0,267145.0,419113.0,326.5170635354795,0.6666666666666666,70.0,248.0,194.0,194.0,706.0,332.0,1128.0,4308.0,112939.0,293.9639982645499,998.7692471156996,7325.0,4303.0,15880.0,40.00542611111111,3.0,SANTA FE,0.1782784317268432,0.2642490142191421,0.22091982898560017,0.15720472475366404,0.27150633097122756,13.439008929297128,2024-03
UPZ95,2024,4,3,0,757620.0,295253.0,462367.0,326.5170635354795,0.6666666666666666,50.0,122.0,103.0,153.0,428.0,258.0,848.0,3366.0,112939.0,228.4419022658249,750.8478027961997,7325.0,4303.0,15880.0,40.00542611111111,3.0,SANTA FE,0.17458884401150973,0.17297589820754466,0.22906206277553384,0.15455901375359676,0.27619443793585235,13.537937219660781,2024-04
UPZ95,2024,5,3,0,740085.0,299892.0,440193.0,326.5170635354795,0.6666666666666666,73.0,221.0,161.0,310.0,765.0,497.0,1386.0,5417.0,112939.0,440.0605636671123,1227.2111493815246,7325.0,4303.0,15880.0,40.00542611111111,3.0,SANTA FE,0.17642162724551905,0.199895957896728,0.22958173723288539,0.1531851071160745,0.2726747682240959,13.514520323448753,2024-05
UPZ95,2024,6,3,0,678514.0,276380.0,402134.0,326.5170635354795,0.6666666666666666,43.0,265.0,183.0,264.0,755.0,349.0,1406.0,5192.0,112939.0,309.0163716696624,1244.9198239757743,7325.0,4303.0,15880.0,40.00542611111111,3.0,SANTA FE,0.175790035282986,0.26959944820593235,0.22182740518250169,0.15375069637472472,0.26881280404757796,13.42766039179511,2024-06
UPZ95,2024,7,3,0,640123.0,299337.0,340786.0,326.5170635354795,0.6666666666666666,69.0,208.0,222.0,260.0,759.0,352.0,1371.0,5031.0,112939.0,311.6726728587999,1213.929643435837,7325.0,4303.0,15880.0,40.00542611111111,3.0,SANTA FE,0.17293395175614681,0.19049307711174254,0.22311024599959695,0.1617642234383079,0.2825948575223442,13.369415624370204,2024-07
UPZ95,2024,8,3,0,700986.0,303330.0,397656.0,326.5170635354795,0.6666666666666666,50.0,233.0,152.0,246.0,681.0,350.0,1424.0,5015.0,112939.0,309.9018053993749,1260.8576311105994,7325.0,4303.0,15880.0,40.00542611111111,3.0,SANTA FE,0.17625601652529432,0.22732265694321993,0.2268847024048982,0.15276054015344098,0.2717118949265279,13.460243194347965,2024-08
UPZ95,2024,9,3,0,693839.0,283899.0,409940.0,326.5170635354795,0.6666666666666666,63.0,221.0,220.0,276.0,780.0,337.0,1361.0,5258.0,112939.0,298.3911669131124,1205.075306138712,7325.0,4303.0,15880.0,40.00542611111111,3.0,SANTA FE,0.1733932511721019,0.20117635359211572,0.23236514522821572,0.15027693744514217,0.27591130213231857,13.44999522410283,2024-09
UPZ95,2024,10,3,0,782683.0,330237.0,452446.0,326.5170635354795,0.6666666666666666,72.0,257.0,166.0,231.0,726.0,405.0,1421.0,5446.0,112939.0,358.60066053356235,1258.201329921462,7325.0,4303.0,15880.0,40.00542611111111,3.0,SANTA FE,0.17400020186972248,0.18072706319161133,0.23035251819702227,0.1555240116368951,0.2773741940670159,13.570483039868796,2024-10
UPZ95,2024,11,3,0,741707.0,300259.0,441448.0,326.5170635354795,0.6666666666666666,54.0,238.0,201.0,242.0,735.0,429.0,1527.0,5320.0,112939.0,379.8510700466624,1352.057305270987,7325.0,4303.0,15880.0,40.00542611111111,3.0,SANTA FE,0.1740539053831229,0.23787425492815892,0.22753324425952567,0.14986645670055695,0.26391767407414907,13.516709565458191,2024-11
UPZ95,2024,12,3,0,735600.0,302364.0,433236.0,326.5170635354795,0.6666666666666666,50.0,230.0,262.0,274.0,816.0,356.0,1674.0,6078.0,112939.0,315.21440777764985,1482.2160635387245,7325.0,4303.0,15880.0,40.00542611111111,3.0,SANTA FE,0.18728249048395867,0.22095296356715607,0.2144004893964111,0.14801658510059812,0.2521294548076148,13.508441771712302,2024-12
UPZ95,2025,1,3,0,657688.0,262571.0,395117.0,326.5170635354795,0.6666666666666666,57.0,211.0,226.0,219.0,713.0,302.0,1137.0,4616.0,113315.0,266.51370074570883,1003.3976084366589,7149.0,3943.0,18831.0,40.00542611111111,3.0,SANTA FE,0.17583261364051034,0.2068351558793835,0.22258426487939564,0.15711857294036075,0.27235781716977764,13.396485933722355,2025-01
UPZ95,2025,2,3,0,690277.0,286173.0,404104.0,326.5170635354795,0.6666666666666666,55.0,187.0,224.0,214.0,680.0,371.0,1178.0,4729.0,113315.0,327.40590389621855,1039.579932047831,7149.0,3943.0,18831.0,40.00542611111111,3.0,SANTA FE,0.17344776082645078,0.18452012742710533,0.2347028801481144,0.15423083776512903,0.2805788326319678,13.444848245289604,2025-02
UPZ95,2025,3,3,0,747697.0,304637.0,443060.0,326.5170635354795,0.6666666666666666,83.0,221.0,246.0,308.0,858.0,379.0,1340.0,5417.0,113315.0,334.4658694788863,1182.544235096854,7149.0,3943.0,18831.0,40.00542611111111,3.0,SANTA FE,0.1716524206998289,0.23021223837998547,0.23214885174074526,0.14974247589598458,0.26841077116816864,13.524753094675557,2025-03
UPZ95,2025,4,3,0,764836.0,314931.0,449905.0,326.5170635354795,0.6666666666666666,63.0,228.0,190.0,240.0,721.0,389.0,1453.0,5359.0,113315.0,343.29082645722104,1282.2662489520364,7149.0,3943.0,18831.0,40.00542611111111,3.0,SANTA FE,0.1685080200199781,0.20437322510969672,0.23640362116845964,0.1527412412595641,0.27501483954281,13.547416710741224,2025-04
UPZ95,2025,5,3,0,870830.0,360454.0,510376.0,326.5170635354795,0.6666666666666666,71.0,249.0,279.0,295.0,894.0,378.0,1448.0,5541.0,113315.0,333.58337378105284,1277.853770462869,7149.0,3943.0,18831.0,40.00542611111111,3.0,SANTA FE,0.16402053213600815,0.22095242469827633,0.2383748837316123,0.14727214266848862,0.2724951626074736,13.677202058828572,2025-05
UPZ95,2025,6,3,0,782435.0,320957.0,461478.0,326.5170635354795,0.6666666666666666,91.0,270.0,281.0,257.0,899.0,405.0,1402.0,5395.0,113315.0,357.4107576225566,1237.2589683625292,7149.0,3943.0,18831.0,40.00542611111111,3.0,SANTA FE,0.16999495165732614,0.27149731287582995,0.22698243304555646,0.15405369136094368,0.27319584724556156,13.570166130853531,2025-06
UPZ95,2025,7,3,0,739603.0,313172.0,426431.0,326.5170635354795,0.6666666666666666,84.0,231.0,327.0,248.0,890.0,467.0,1427.0,5833.0,113315.0,412.1254908882319,1259.321360808366,7149.0,3943.0,18831.0,40.00542611111111,3.0,SANTA FE,0.17486408248749663,0.1631348169220514,0.2388795069787439,0.16128788011946943,0.2867729833496844,13.5138688347335,2025-07
UPZ95,2025,8,2,0,680972.0,289175.0,391797.0,287.33542073761583,1.0,73.0,291.0,324.0,368.0,1056.0,450.0,1590.0,6435.0,113315.0,397.1230640250629,1403.168159555222,7149.0,3943.0,18831.0,40.00542611111111,3.0,SANTA FE,0.1750204119993186,0.2517460336107799,0.2347893892847283,0.15553062387293456,0.27797060431238524,13.43127646828049,2025-08
UPZ95,2025,9,3,0,726494.0,307645.0,418849.0,326.5170635354795,0.6666666666666666,58.0,245.0,264.0,250.0,817.0,454.0,1559.0,5946.0,113315.0,400.6530468163968,1375.8107929223845,7149.0,3943.0,18831.0,40.00542611111111,3.0,SANTA FE,0.17039094610554248,0.16954992057745824,0.24212175186581023,0.15571222886906147,0.2881601813365974,13.495985503183423,2025-09
UPZ95,2025,10,2,0,746435.0,314607.0,431828.0,287.33542073761583,1.0,45.0,213.0,244.0,258.0,760.0,408.0,1376.0,5732.0,113315.0,360.058244716057,1214.314080218859,7149.0,3943.0,18831.0,40.00542611111111,3.0,SANTA FE,0.1724744954349675,0.17908190264390064,0.2407778306215544,0.15307695914580635,0.28471849231366103,13.52306381916294,2025-10
UPZ95,2025,11,2,0,697074.0,294556.0,402518.0,287.33542073761583,1.0,73.0,252.0,265.0,300.0,890.0,397.0,1553.0,5988.0,113315.0,350.3507920398888,1370.5158187353836,7149.0,3943.0,18831.0,40.00542611111111,3.0,SANTA FE,0.1737993383772741,0.2662400261665188,0.2336566849430619,0.15284317016557777,0.2784532389658602,13.454646853404087,2025-11
UPZ95,2025,12,2,0,295819.0,295819.0,0.0,287.33542073761583,1.0,52.0,205.0,348.0,279.0,884.0,327.0,1525.0,6068.0,113315.0,288.5760931915457,1345.8059391960464,7149.0,3943.0,18831.0,40.00542611111111,3.0,SANTA FE,0.13830416572295898,0.19803663726805915,0.19820565954181438,0.17937657824548117,0.34620877109962056,12.5975030597856,2025-12
UPZ95,2026,1,2,0,605987.0,246228.0,359759.0,287.33542073761583,1.0,45.0,208.0,267.0,247.0,767.0,301.0,1225.0,4820.0,113327.0,265.6030778190546,1080.9427585659198,7378.0,4073.0,19934.0,40.00542611111111,3.0,SANTA FE,0.174975700798862,0.2300692919155031,0.2258068242388038,0.15744067116951352,0.27530135306218967,13.314613812676136,2026-01
UPZ95,2026,2,2,0,658639.0,274987.0,383652.0,287.33542073761583,1.0,58.0,205.0,260.0,228.0,751.0,379.0,1377.0,5160.0,113327.0,334.43045346651724,1215.067900853283,7378.0,4073.0,19934.0,40.00542611111111,3.0,SANTA FE,0.16879200897608554,0.17827823739559906,0.24404719429004357,0.1528303061312798,0.28989783992991675,13.397930863691062,2026-02
UPZ95,2026,3,2,0,703926.0,290261.0,413665.0,287.33542073761583,1.0,57.0,257.0,309.0,274.0,897.0,455.0,1432.0,5730.0,113327.0,401.49302461019874,1263.6000247072632,7378.0,4073.0,19934.0,40.00542611111111,3.0,SANTA FE,0.167477831476604,0.1999755656134309,0.24292894423561567,0.15570244599574382,0.28981570762477854,13.464428515978991,2026-03
UPZ95,2026,4,2,0,655757.0,265989.0,389768.0,287.33542073761583,1.0,52.0,209.0,298.0,247.0,806.0,381.0,1282.0,5214.0,113327.0,336.1952579702984,1131.239686923681,7378.0,4073.0,19934.0,40.00542611111111,3.0,SANTA FE,0.16830777254379287,0.19650266790899673,0.2383001630177032,0.15224084531312662,0.28190310004888325,13.393545572471993,2026-04
UPZ95,2026,5,2,0,672178.0,275237.0,396941.0,287.33542073761583,1.0,41.0,199.0,276.0,234.0,750.0,373.0,1413.0,5579.0,113327.0,329.13603995517394,1246.8343819213426,7378.0,4073.0,19934.0,40.00542611111111,3.0,SANTA FE,0.1685163751268265,0.24631570804161992,0.23648200327889335,0.15020872447476707,0.2778770342774977,13.418278465382901,2026-05
UPZ95,2026,6,2,0,622028.0,252272.0,369756.0,287.33542073761583,1.0,57.0,220.0,187.0,259.0,723.0,317.0,1225.0,4789.0,113327.0,279.72151384930334,1080.9427585659198,7378.0,4073.0,19934.0,40.00542611111111,3.0,SANTA FE,0.3084137691550862,0.23036744326621947,0.2841913868829056,0.08229050782279895,0.3140518924134957,13.340740386785294,2026-06
UPZ97,2023,1,7,0,6370738.0,2642794.0,3727944.0,621.7074533988437,0.2857142857142857,194.0,405.0,709.0,979.0,2287.0,409.0,1036.0,5540.0,162013.0,252.4488775592082,639.4548585607328,14078.0,8844.0,20085.0,42.20146844444445,2.0,CHAPINERO,0.10806503108431076,0.1329029697972197,0.27878685326566555,0.1744061676998803,0.3600953500021315,15.667225876410606,2023-01
UPZ97,2023,2,7,0,7556672.0,3334911.0,4221761.0,621.7074533988437,0.2857142857142857,238.0,446.0,1117.0,1269.0,3070.0,496.0,1172.0,6691.0,162013.0,306.1482720522427,723.3987396073154,14078.0,8844.0,20085.0,42.20146844444445,2.0,CHAPINERO,0.1116868642704089,0.12328363597096709,0.2771249036612943,0.17040954007266687,0.3554036366076277,15.837941439593916,2023-02
UPZ97,2023,3,7,0,8511404.0,3602973.0,4908431.0,621.7074533988437,0.2857142857142857,259.0,469.0,971.0,1215.0,2914.0,508.0,1262.0,6851.0,162013.0,313.55508508576474,778.9498373587305,14078.0,8844.0,20085.0,42.20146844444445,2.0,CHAPINERO,0.11434235761808506,0.1162742363069594,0.27939033325171736,0.17289356726575306,0.35644618903522607,15.95691746931514,2023-03
UPZ97,2023,4,7,0,6961201.0,2957961.0,4003240.0,621.7074533988437,0.2857142857142857,229.0,468.0,863.0,1124.0,2684.0,485.0,1246.0,6704.0,162013.0,299.35869343818086,769.0740866473678,14078.0,8844.0,20085.0,42.20146844444445,2.0,CHAPINERO,0.11431375131963575,0.16613972215426612,0.2772459809736854,0.17022622964054618,0.35202570024608404,15.75586257489554,2023-04
UPZ97,2023,5,7,0,8088858.0,3528782.0,4560076.0,621.7074533988437,0.2857142857142857,252.0,487.0,1038.0,1288.0,3065.0,528.0,1319.0,7268.0,162013.0,325.899773474968,814.13219926796,14078.0,8844.0,20085.0,42.20146844444445,2.0,CHAPINERO,0.11312697045738714,0.12896394027438726,0.2791389093491319,0.17366221535845974,0.3573744984985927,15.905998117142085,2023-05
UPZ97,2023,6,7,0,7145193.0,3263286.0,3881907.0,621.7074533988437,0.2857142857142857,273.0,458.0,889.0,1147.0,2767.0,514.0,1305.0,6603.0,162013.0,317.25849160252574,805.4909173955176,14078.0,8844.0,20085.0,42.20146844444445,2.0,CHAPINERO,0.1151721164144901,0.14039970648798428,0.27097238661013073,0.17486623524375056,0.3521201271973262,15.78195038087772,2023-06
UPZ97,2023,7,7,0,6746981.0,3214106.0,3532875.0,621.7074533988437,0.2857142857142857,239.0,401.0,848.0,1087.0,2575.0,489.0,1159.0,6411.0,162013.0,301.8276311160216,715.3746921543333,14078.0,8844.0,20085.0,42.20146844444445,2.0,CHAPINERO,0.11497735061059156,0.1789493700960474,0.26667364262623533,0.1768687358093938,0.34992865748183727,15.724605703539197,2023-07
UPZ97,2023,8,7,0,7846974.0,3603032.0,4243942.0,621.7074533988437,0.2857142857142857,182.0,421.0,702.0,931.0,2236.0,384.0,1174.0,5690.0,162013.0,237.01801707270403,724.6332084462357,14078.0,8844.0,20085.0,42.20146844444445,2.0,CHAPINERO,0.11233718883228103,0.12811269669046943,0.27507469758406233,0.17010914016027065,0.35335199339294177,15.875638537735956,2023-08
UPZ97,2023,9,7,0,8007003.0,3666614.0,4340389.0,621.7074533988437,0.2857142857142857,272.0,433.0,918.0,1271.0,2894.0,510.0,1369.0,7177.0,162013.0,314.7895539246851,844.9939202409682,14078.0,8844.0,20085.0,42.20146844444445,2.0,CHAPINERO,0.11209275180738656,0.1369653539532831,0.27673600222205486,0.1688370792417587,0.35247505709626276,15.895827091726863,2023-09
UPZ97,2023,10,7,0,7684217.0,3556026.0,4128191.0,621.7074533988437,0.2857142857142857,233.0,485.0,1017.0,1316.0,3051.0,508.0,1443.0,7403.0,162013.0,313.55508508576474,890.6692672810206,14078.0,8844.0,20085.0,42.20146844444445,2.0,CHAPINERO,0.11030857145236786,0.12658023582623965,0.27548245969628393,0.17161397185946203,0.35489558778728,15.854679042971568,2023-10
UPZ97,2023,11,7,0,7412575.0,3481842.0,3930733.0,621.7074533988437,0.2857142857142857,237.0,480.0,952.0,1208.0,2877.0,496.0,1321.0,6759.0,162013.0,306.1482720522427,815.3666681068803,14078.0,8844.0,20085.0,42.20146844444445,2.0,CHAPINERO,0.11489259805128445,0.13511445078127365,0.27082977238004335,0.17350893582864252,0.3500248928423643,15.818688440280775,2023-11
UPZ97,2023,12,7,0,6470026.0,2974411.0,3495615.0,621.7074533988437,0.2857142857142857,191.0,497.0,1223.0,1180.0,3091.0,399.0,1376.0,7038.0,162013.0,246.27653336460656,849.3145611771894,14078.0,8844.0,20085.0,42.20146844444445,2.0,CHAPINERO,0.12215530509460082,0.16222886894117577,0.2629805506191165,0.17219961712673176,0.34057894740013167,15.68269068501615,2023-12
UPZ97,2024,1,7,0,5912682.0,2807971.0,3104711.0,621.7074533988437,0.2857142857142857,150.0,264.0,488.0,684.0,1586.0,301.0,770.0,4331.0,161696.0,186.15179101523847,476.2022560854937,10950.0,6608.0,19315.0,42.20146844444445,2.0,CHAPINERO,0.10740117598071394,0.12883290527040012,0.2680145828914865,0.18694883303380763,0.3636801119834933,15.592610093549577,2024-01
UPZ97,2024,2,7,0,7406886.0,3507137.0,3899749.0,621.7074533988437,0.2857142857142857,220.0,447.0,813.0,1252.0,2732.0,472.0,1403.0,7020.0,161696.0,291.90579853552345,867.677617257075,10950.0,6608.0,19315.0,42.20146844444445,2.0,CHAPINERO,0.11029358356534712,0.11275696696290449,0.27242177076844437,0.17770922895262595,0.3596017045307769,15.817920666030489,2024-02
UPZ97,2024,3,7,0,6839539.0,3103045.0,3736494.0,621.7074533988437,0.2857142857142857,204.0,411.0,680.0,917.0,2212.0,418.0,1256.0,5820.0,161696.0,258.5097961606966,776.7662774589353,10950.0,6608.0,19315.0,42.20146844444445,2.0,CHAPINERO,0.1107552716637773,0.16710526835215056,0.2792761324995734,0.1699564839092225,0.35560784035227005,15.73823088966659,2024-03
UPZ97,2024,4,7,0,7912583.0,3561495.0,4351088.0,621.7074533988437,0.2857142857142857,111.0,295.0,545.0,737.0,1688.0,259.0,823.0,4297.0,161696.0,160.17712250148426,508.9798139718979,10950.0,6608.0,19315.0,42.20146844444445,2.0,CHAPINERO,0.10646156887074673,0.11040288613718169,0.28726005149013917,0.17369511321397826,0.3662749614747663,15.883964835110989,2024-04
UPZ97,2024,5,7,0,7700200.0,3516015.0,4184185.0,621.7074533988437,0.2857142857142857,252.0,546.0,885.0,1177.0,2860.0,503.0,1439.0,6879.0,161696.0,311.0775776766277,889.9416188402929,10950.0,6608.0,19315.0,42.20146844444445,2.0,CHAPINERO,0.11200786992545642,0.12822199423391595,0.27980130386223734,0.17208475104542736,0.35722402697566946,15.856756860512567,2024-05
UPZ97,2024,6,7,0,6443183.0,3032244.0,3410939.0,621.7074533988437,0.2857142857142857,229.0,498.0,965.0,1096.0,2788.0,499.0,1573.0,7262.0,161696.0,308.60379972293686,972.8131802889372,10950.0,6608.0,19315.0,42.20146844444445,2.0,CHAPINERO,0.112137587897162,0.1795598541900796,0.27642222795782767,0.1717939720166259,0.35434084672756183,15.67853323063532,2024-06
UPZ97,2024,7,7,0,6486231.0,3318345.0,3167886.0,621.7074533988437,0.2857142857142857,243.0,488.0,913.0,1095.0,2739.0,513.0,1427.0,6764.0,161696.0,317.2620225608549,882.5202849792203,10950.0,6608.0,19315.0,42.20146844444445,2.0,CHAPINERO,0.10695040000888031,0.12451422097054511,0.2632923495940863,0.19367749930583722,0.3685568223257608,15.685192180386332,2024-07
UPZ97,2024,8,7,0,7298955.0,3472273.0,3826682.0,621.7074533988437,0.2857142857142857,254.0,464.0,835.0,1062.0,2615.0,548.0,1391.0,6824.0,161696.0,338.90757965565007,860.2562833960023,10950.0,6608.0,19315.0,42.20146844444445,2.0,CHAPINERO,0.1092567360670123,0.1509028347208607,0.27565644671052225,0.17622358269094685,0.3614655036706376,15.80324174518665,2024-08
UPZ97,2024,9,6,0,7468637.0,3456472.0,4012165.0,600.5425950024448,0.3333333333333333,243.0,525.0,864.0,1210.0,2842.0,536.0,1468.0,7411.0,161696.0,331.4862457945775,907.8765090045516,10950.0,6608.0,19315.0,42.20146844444445,2.0,CHAPINERO,0.10780132974731528,0.13283869600303239,0.2797442157116486,0.16656854523790615,0.3568935678937314,15.82622307727449,2024-09
UPZ97,2024,10,6,0,8392273.0,3920960.0,4471313.0,600.5425950024448,0.3333333333333333,279.0,483.0,887.0,1328.0,2977.0,623.0,1468.0,7671.0,161696.0,385.2909162873541,907.8765090045516,10950.0,6608.0,19315.0,42.20146844444445,2.0,CHAPINERO,0.10951764796021286,0.11295116352864111,0.27612709929717494,0.17400589804454641,0.3592752371155232,15.942821959511036,2024-10
UPZ97,2024,11,6,0,7648366.0,3439570.0,4208796.0,600.5425950024448,0.3333333333333333,259.0,505.0,740.0,1240.0,2744.0,552.0,1392.0,6997.0,161696.0,341.38135760934097,860.8747278844252,10950.0,6608.0,19315.0,42.20146844444445,2.0,CHAPINERO,0.11402814666557531,0.16096183158598837,0.27527121479280664,0.16553797242443674,0.35047744467606046,15.850002588216865,2024-11
UPZ97,2024,12,6,0,6897874.0,3119932.0,3777942.0,600.5425950024448,0.3333333333333333,214.0,502.0,819.0,1190.0,2725.0,516.0,1350.0,6822.0,161696.0,319.1173560261231,834.900059370671,10950.0,6608.0,19315.0,42.20146844444445,2.0,CHAPINERO,0.11795953361861927,0.13945050315503005,0.26817204837316533,0.16760425023710196,0.34411999220458445,15.746723806147989,2024-12
UPZ97,2025,1,6,0,7319171.0,3353886.0,3965285.0,600.5425950024448,0.3333333333333333,200.0,390.0,693.0,1006.0,2289.0,445.0,1090.0,5531.0,161162.0,276.11968081805884,676.3380945880542,9254.0,5374.0,22695.0,42.20146844444445,2.0,CHAPINERO,0.10655988225988978,0.12418523901135795,0.27875561316985215,0.1754380379963796,0.36398515154800504,15.806007628157953,2025-01
UPZ97,2025,2,6,0,7706486.0,3561354.0,4145132.0,600.5425950024448,0.3333333333333333,250.0,496.0,859.0,1232.0,2837.0,516.0,1438.0,7238.0,161162.0,320.1747310159963,892.269889924424,9254.0,5374.0,22695.0,42.20146844444445,2.0,CHAPINERO,0.10816382460177046,0.11691658169495144,0.2787964579446456,0.17290643232207256,0.3619512252825007,15.857572869918977,2025-02
UPZ97,2025,3,6,0,7956512.0,3657578.0,4298934.0,600.5425950024448,0.3333333333333333,243.0,526.0,951.0,1297.0,3017.0,556.0,1500.0,7762.0,161162.0,344.9944776063836,930.7404971395242,9254.0,5374.0,22695.0,42.20146844444445,2.0,CHAPINERO,0.11094296093564611,0.15132271528026345,0.2750114623091123,0.1694314041127569,0.35496239853315403,15.88950127083208,2025-03
UPZ97,2025,4,6,0,7495228.0,3382966.0,4112262.0,600.5425950024448,0.3333333333333333,252.0,523.0,880.0,1239.0,2894.0,504.0,1366.0,6931.0,161162.0,312.7288070388801,847.5943460617268,9254.0,5374.0,22695.0,42.20146844444445,2.0,CHAPINERO,0.11151295197424275,0.12304522290716167,0.28005285496318455,0.17214019373393308,0.3601386622950942,15.829777109336334,2025-04
UPZ97,2025,5,6,0,8141306.0,3643678.0,4497628.0,600.5425950024448,0.3333333333333333,271.0,567.0,969.0,1289.0,3096.0,585.0,1549.0,7762.0,161162.0,362.98879388441446,961.1446867127488,9254.0,5374.0,22695.0,42.20146844444445,2.0,CHAPINERO,0.11063274123340898,0.1439546677154746,0.2800721407597257,0.16844373617697203,0.3576170739461279,15.912461167369683,2025-05
UPZ97,2025,6,6,0,6671387.0,2889972.0,3781415.0,600.5425950024448,0.3333333333333333,237.0,511.0,824.0,1151.0,2723.0,496.0,1315.0,6819.0,161162.0,307.7648577208027,815.9491691589828,9254.0,5374.0,22695.0,42.20146844444445,2.0,CHAPINERO,0.1089544048336575,0.1587563425716421,0.28382164008773586,0.17179845810174102,0.3635540323418552,15.713338342301014,2025-06
UPZ97,2025,7,6,0,7893128.0,3571986.0,4321142.0,600.5425950024448,0.3333333333333333,231.0,502.0,832.0,1272.0,2837.0,509.0,1350.0,7060.0,161162.0,315.8312753626785,837.6664474255718,9254.0,5374.0,22695.0,42.20146844444445,2.0,CHAPINERO,0.10593848218348918,0.10972177316774788,0.28397550375465846,0.1763454235127062,0.3719230666942235,15.881503065460098,2025-07
UPZ97,2025,8,6,0,7465888.0,3367115.0,4098773.0,600.5425950024448,0.3333333333333333,260.0,556.0,901.0,1422.0,3139.0,626.0,1604.0,7979.0,161162.0,388.4290341395615,995.2718382745312,9254.0,5374.0,22695.0,42.20146844444445,2.0,CHAPINERO,0.1107727573732689,0.16302467971659895,0.26898836414368926,0.1690614699818695,0.3521194195490269,15.82585493700474,2025-08
UPZ97,2025,9,7,0,11543608.0,5083879.0,6459729.0,621.7074533988437,0.2857142857142857,256.0,557.0,968.0,1287.0,3068.0,595.0,1572.0,7918.0,161162.0,369.1937305320113,975.4160410022214,9254.0,5374.0,22695.0,42.20146844444445,2.0,CHAPINERO,0.10586785344755292,0.11063785256741214,0.2782936669367151,0.16697318550664572,0.35965987398405813,16.261642421825332,2025-09
UPZ97,2025,10,6,0,8036544.0,3555763.0,4480781.0,600.5425950024448,0.3333333333333333,289.0,596.0,1094.0,1413.0,3392.0,619.0,1543.0,8206.0,161162.0,384.08557848624366,957.4217247241904,9254.0,5374.0,22695.0,42.20146844444445,2.0,CHAPINERO,0.10654940730741966,0.11158390970048811,0.2828912527574042,0.1659738315375365,0.36120638183458953,15.899509697996566,2025-10
UPZ97,2025,11,6,0,7111772.0,3170993.0,3940779.0,600.5425950024448,0.3333333333333333,304.0,566.0,1049.0,1361.0,3280.0,600.0,1658.0,8370.0,161162.0,372.2961988558097,1028.7784961715545,9254.0,5374.0,22695.0,42.20146844444445,2.0,CHAPINERO,0.11241473995510541,0.17186687087268823,0.2728847325251709,0.16501217980553928,0.350194755824759,15.777261997169305,2025-11
UPZ97,2025,12,6,0,2910379.0,2910379.0,0.0,600.5425950024448,0.3333333333333333,270.0,516.0,946.0,1250.0,2982.0,564.0,1476.0,7886.0,161162.0,349.9584269244611,915.8486491852918,9254.0,5374.0,22695.0,42.20146844444445,2.0,CHAPINERO,0.14814943345866635,0.1306630511009047,0.06708645162709047,0.29566767764610724,0.4698710849863808,14.88379387121694,2025-12
UPZ97,2026,1,6,0,6028602.0,2621734.0,3406868.0,600.5425950024448,0.3333333333333333,220.0,454.0,1209.0,993.0,2876.0,480.0,1130.0,6732.0,160175.0,299.6722334946153,705.4783830185735,9495.0,5327.0,25018.0,42.20146844444445,2.0,CHAPINERO,0.1050432587853701,0.144248699781475,0.27969270487585673,0.16868554268468874,0.3629792180449294,15.612025701028116,2026-01
UPZ97,2026,2,6,0,7347331.0,3166904.0,4180427.0,600.5425950024448,0.3333333333333333,311.0,599.0,994.0,1128.0,3032.0,571.0,1535.0,7143.0,160175.0,356.4850944279694,958.3268300296552,9495.0,5327.0,25018.0,42.20146844444445,2.0,CHAPINERO,0.10295548138500901,0.11599069104141349,0.2840125210093298,0.16369468042204707,0.36394905110327136,15.809847675989927,2026-02
UPZ97,2026,3,6,0,7575703.0,3202093.0,4373610.0,600.5425950024448,0.3333333333333333,295.0,640.0,1040.0,1210.0,3185.0,612.0,1607.0,8066.0,160175.0,382.08209770563445,1003.2776650538474,9495.0,5327.0,25018.0,42.20146844444445,2.0,CHAPINERO,0.10410505797283758,0.12238718967731438,0.28222186112628755,0.16664367650104547,0.3628352169857278,15.840456710334092,2026-03
UPZ97,2026,4,6,0,6799115.0,2866393.0,3932722.0,600.5425950024448,0.3333333333333333,269.0,551.0,1037.0,1147.0,3004.0,576.0,1570.0,7564.0,160175.0,359.60668019353835,980.1779303886376,9495.0,5327.0,25018.0,42.20146844444445,2.0,CHAPINERO,0.10425562738679955,0.11524323386205407,0.2842191961747963,0.16754151091722963,0.3649610656363728,15.732303014617647,2026-04
UPZ97,2026,5,5,0,5706886.0,2470547.0,3236339.0,621.7074533988437,0.4,254.0,600.0,926.0,1256.0,3036.0,531.0,1542.0,7832.0,160175.0,331.51240830341817,962.6970501014516,9495.0,5327.0,25018.0,42.20146844444445,2.0,CHAPINERO,0.10303149563527285,0.15069917289393892,0.2892538943304632,0.16058968060690187,0.3675463995394596,15.55718407385061,2026-05
UPZ97,2026,6,5,0,5129937.0,2266553.0,2863384.0,621.7074533988437,0.4,227.0,443.0,714.0,1080.0,2464.0,469.0,1257.0,6523.0,160175.0,292.8047448103637,784.7666614640237,9495.0,5327.0,25018.0,42.20146844444445,2.0,CHAPINERO,0.2704064396892203,0.1360940689914905,0.38850184709870705,0.030822600745389214,0.5141475917738061,15.45060393636979,2026-06
UPZ98,2023,1,3,0,1088626.0,446835.0,641791.0,563.5155069805849,0.3333333333333333,210.0,458.0,731.0,965.0,2364.0,436.0,1121.0,5080.0,136020.0,320.54109689751505,824.1435083076018,7060.0,4200.0,18888.0,39.80123933333333,12.0,BARRIOS UNIDOS,0.1210590230253549,0.16416565468765212,0.2661051637568825,0.18764846696661658,0.34919662832779186,13.900426908584583,2023-01
UPZ98,2023,2,3,0,1438764.0,511923.0,926841.0,563.5155069805849,0.3333333333333333,190.0,553.0,1028.0,1026.0,2797.0,437.0,1250.0,5902.0,136020.0,321.2762828995736,918.9825025731508,7060.0,4200.0,18888.0,39.80123933333333,12.0,BARRIOS UNIDOS,0.13740474462802788,0.1707687987745036,0.24384471671518054,0.1817038791629482,0.3222096360213986,14.179294969639871,2023-02
UPZ98,2023,3,3,0,1385724.0,564060.0,821664.0,563.5155069805849,0.3333333333333333,266.0,617.0,891.0,1144.0,2918.0,523.0,1316.0,6107.0,136020.0,384.5022790766064,967.5047787090132,7060.0,4200.0,18888.0,39.80123933333333,12.0,BARRIOS UNIDOS,0.12999702682496656,0.14552753650799144,0.2729778801550669,0.1748797018742549,0.33708317313296354,14.141733304703004,2023-03
UPZ98,2023,4,3,0,1178759.0,470839.0,707920.0,563.5155069805849,0.3333333333333333,242.0,615.0,1040.0,1070.0,2967.0,484.0,1291.0,6120.0,136020.0,355.8300249963241,949.1251286575504,7060.0,4200.0,18888.0,39.80123933333333,12.0,BARRIOS UNIDOS,0.12924949035383823,0.20200482032374723,0.26936040361091623,0.17383790919093725,0.33337151131454434,13.979972748107443,2023-04
UPZ98,2023,5,3,0,1312095.0,561929.0,750166.0,563.5155069805849,0.3333333333333333,247.0,680.0,1212.0,1195.0,3334.0,459.0,1428.0,6586.0,136020.0,337.45037494486104,1049.8456109395677,7060.0,4200.0,18888.0,39.80123933333333,12.0,BARRIOS UNIDOS,0.1265137051814083,0.1584748055590487,0.270429351533235,0.17813268094154763,0.342613843551886,14.087135654401385,2023-05
UPZ98,2023,6,3,0,1234670.0,539313.0,695357.0,563.5155069805849,0.3333333333333333,215.0,689.0,946.0,1004.0,2854.0,412.0,1423.0,5968.0,136020.0,302.8966328481106,1046.169680929275,7060.0,4200.0,18888.0,39.80123933333333,12.0,BARRIOS UNIDOS,0.12769484963593508,0.17718256700170892,0.265435298500814,0.17729109802619317,0.33895704992902465,14.02631428586047,2023-06
UPZ98,2023,7,3,0,1219576.0,550029.0,669547.0,563.5155069805849,0.3333333333333333,208.0,590.0,1046.0,1020.0,2864.0,454.0,1285.0,5916.0,136020.0,333.77444493456846,944.7140126451992,7060.0,4200.0,18888.0,39.80123933333333,12.0,BARRIOS UNIDOS,0.12686130261664705,0.22953715061627974,0.2536824273354017,0.18236993840482266,0.3338500071301915,14.014013815319469,2023-07
UPZ98,2023,8,3,0,1352590.0,609662.0,742928.0,563.5155069805849,0.3333333333333333,181.0,482.0,838.0,778.0,2279.0,380.0,1075.0,4912.0,136020.0,279.3706807822379,790.3249522129098,7060.0,4200.0,18888.0,39.80123933333333,12.0,BARRIOS UNIDOS,0.12318219120354279,0.1668872311639151,0.26517643927575985,0.1794106122328274,0.3408606913124613,14.117531830926936,2023-08
UPZ98,2023,9,3,0,1370075.0,617872.0,752203.0,563.5155069805849,0.3333333333333333,208.0,583.0,1078.0,1125.0,2994.0,413.0,1413.0,6161.0,136020.0,303.6318188501691,1038.8178209086898,7060.0,4200.0,18888.0,39.80123933333333,12.0,BARRIOS UNIDOS,0.1192817911428206,0.171025673776983,0.27040855427622573,0.17688447712716454,0.34348876300825587,14.130376040831429,2023-09
UPZ98,2023,10,3,0,1328724.0,586204.0,742520.0,563.5155069805849,0.3333333333333333,216.0,584.0,964.0,1201.0,2965.0,439.0,1304.0,6348.0,136020.0,322.7466549036906,958.6825466843112,7060.0,4200.0,18888.0,39.80123933333333,12.0,BARRIOS UNIDOS,0.11643953146025807,0.159200857363907,0.26838756581502254,0.18138379377508046,0.34839500715818006,14.099729641184389,2023-10
UPZ98,2023,11,3,0,1317636.0,584847.0,732789.0,563.5155069805849,0.3333333333333333,222.0,682.0,1005.0,1080.0,2989.0,450.0,1402.0,6106.0,136020.0,330.8337009263344,1030.7307748860462,7060.0,4200.0,18888.0,39.80123933333333,12.0,BARRIOS UNIDOS,0.12143034950471901,0.17614728195040205,0.2625118014383335,0.1867625049710238,0.343337013605455,14.091349779876689,2023-11
UPZ98,2023,12,3,0,1179742.0,528193.0,651549.0,563.5155069805849,0.3333333333333333,216.0,606.0,1060.0,1073.0,2955.0,474.0,1424.0,6388.0,136020.0,348.4781649757389,1046.9048669313336,7060.0,4200.0,18888.0,39.80123933333333,12.0,BARRIOS UNIDOS,0.13430733160301148,0.19809839778527846,0.2501089221202602,0.1894965170350805,0.3338732980599346,13.980806328467953,2023-12
UPZ98,2024,1,3,0,1146809.0,501944.0,644865.0,563.5155069805849,0.3333333333333333,133.0,430.0,607.0,684.0,1854.0,273.0,904.0,3929.0,135762.0,201.0871967118929,665.8711568774767,5910.0,3111.0,18015.0,39.80123933333333,12.0,BARRIOS UNIDOS,0.11495724222603759,0.15625880159642974,0.27175841835911646,0.19415002847030324,0.3610749172573169,13.952493860885218,2024-01
UPZ98,2024,2,3,0,1334331.0,588999.0,745332.0,563.5155069805849,0.3333333333333333,199.0,627.0,962.0,1050.0,2838.0,447.0,1376.0,6070.0,135762.0,329.2526627480444,1013.5383980789912,5910.0,3111.0,18015.0,39.80123933333333,12.0,BARRIOS UNIDOS,0.11951607209905184,0.140387954712886,0.2726602319814199,0.18905429012741215,0.35335266210481014,14.103940600616589,2024-02
UPZ98,2024,3,3,0,1200204.0,503196.0,697008.0,563.5155069805849,0.3333333333333333,187.0,521.0,795.0,896.0,2399.0,376.0,1162.0,5008.0,135762.0,276.9552599401895,855.9096065172877,5910.0,3111.0,18015.0,39.80123933333333,12.0,BARRIOS UNIDOS,0.12112774161725838,0.20386284331663612,0.27072481011561367,0.18029601634388814,0.3438436760491104,13.998002100309867,2024-03
UPZ98,2024,4,3,0,1380720.0,586609.0,794111.0,563.5155069805849,0.3333333333333333,144.0,367.0,579.0,701.0,1791.0,300.0,790.0,3883.0,135762.0,220.9749414416405,581.9006791296533,5910.0,3111.0,18015.0,39.80123933333333,12.0,BARRIOS UNIDOS,0.1180203082449736,0.13727765223941127,0.277525493945188,0.18458123297989454,0.35493854701976213,14.138115660205285,2024-04
UPZ98,2024,5,3,0,1375275.0,603272.0,772003.0,563.5155069805849,0.3333333333333333,247.0,589.0,1074.0,1035.0,2945.0,505.0,1398.0,6326.0,135762.0,371.97448476009487,1029.7432271180448,5910.0,3111.0,18015.0,39.80123933333333,12.0,BARRIOS UNIDOS,0.12183963207358524,0.15450073621639304,0.2720677682645289,0.1845856283288796,0.3478638107288424,14.134164269085476,2024-05
UPZ98,2024,6,3,0,1201810.0,555121.0,646689.0,563.5155069805849,0.3333333333333333,224.0,620.0,967.0,992.0,2803.0,475.0,1434.0,6229.0,135762.0,349.8769906159308,1056.2602200910417,5910.0,3111.0,18015.0,39.80123933333333,12.0,BARRIOS UNIDOS,0.12365931386824867,0.2130478195388622,0.264631680548506,0.18121084031585688,0.34118912166880433,13.999339311699401,2024-06
UPZ98,2024,7,3,0,1260876.0,636091.0,624785.0,563.5155069805849,0.3333333333333333,245.0,600.0,971.0,1012.0,2828.0,474.0,1365.0,6029.0,135762.0,349.140407477792,1005.4359835594644,5910.0,3111.0,18015.0,39.80123933333333,12.0,BARRIOS UNIDOS,0.11886497958562141,0.15253204914678367,0.2558118324085794,0.2053778484164977,0.3598330710678359,14.047317275456852,2024-07
UPZ98,2024,8,3,0,1591293.0,857398.0,733895.0,563.5155069805849,0.3333333333333333,214.0,556.0,981.0,1019.0,2770.0,466.0,1248.0,5845.0,135762.0,343.2477423726816,919.2557563972246,5910.0,3111.0,18015.0,39.80123933333333,12.0,BARRIOS UNIDOS,0.12056673409610924,0.1932227440201144,0.23951717251317006,0.20867432961748714,0.3519075653423718,14.280057451269478,2024-08
UPZ98,2024,9,3,0,1311440.0,626414.0,685026.0,563.5155069805849,0.3333333333333333,211.0,604.0,1075.0,1211.0,3101.0,412.0,1392.0,6396.0,135762.0,303.4722529131863,1025.323728289212,5910.0,3111.0,18015.0,39.80123933333333,12.0,BARRIOS UNIDOS,0.11342951259684007,0.1615506618678704,0.2687740193985237,0.1933653083633258,0.35979205752641624,14.086636328100338,2024-09
UPZ98,2024,10,3,0,1464638.0,707185.0,757453.0,563.5155069805849,0.3333333333333333,278.0,695.0,1113.0,1267.0,3353.0,517.0,1514.0,6650.0,135762.0,380.8134824177605,1115.186871142146,5910.0,3111.0,18015.0,39.80123933333333,12.0,BARRIOS UNIDOS,0.11784003965484979,0.14674206186101954,0.2628833882502024,0.20026723326856188,0.357554607663616,14.197118670923214,2024-10
UPZ98,2024,11,3,0,1363657.0,627620.0,736037.0,563.5155069805849,0.3333333333333333,246.0,682.0,943.0,1058.0,2929.0,454.0,1383.0,6180.0,135762.0,334.408744715016,1018.6944800459628,5910.0,3111.0,18015.0,39.80123933333333,12.0,BARRIOS UNIDOS,0.12430251888854744,0.20771132330197403,0.260669655199218,0.18665470862540942,0.34076231183505057,14.125680619486939,2024-11
UPZ98,2024,12,3,0,1245513.0,576835.0,668678.0,563.5155069805849,0.3333333333333333,249.0,659.0,1299.0,1384.0,3591.0,474.0,1395.0,7111.0,135762.0,349.140407477792,1027.5334777036285,5910.0,3111.0,18015.0,39.80123933333333,12.0,BARRIOS UNIDOS,0.1325831203688761,0.17711898631327005,0.25811613367343406,0.18041963431935276,0.33169360068870135,14.035058051205173,2024-12
UPZ98,2025,1,3,0,1170327.0,545842.0,624485.0,563.5155069805849,0.3333333333333333,261.0,513.0,837.0,866.0,2477.0,485.0,1108.0,5222.0,135332.0,358.3779150533503,818.7272781012622,5711.0,2911.0,21080.0,39.80123933333333,12.0,BARRIOS UNIDOS,0.1173039671818218,0.1635688145279054,0.26589918885918207,0.18610439646355245,0.35030655328198845,13.97279375490416,2025-01
UPZ98,2025,2,3,0,1332124.0,624981.0,707143.0,563.5155069805849,0.3333333333333333,227.0,548.0,948.0,1244.0,2967.0,453.0,1261.0,6196.0,135332.0,334.73236189519105,931.7825791387108,5711.0,2911.0,21080.0,39.80123933333333,12.0,BARRIOS UNIDOS,0.12244881107164192,0.15064063105236447,0.2683616540201963,0.18729412577207522,0.3477588033915264,14.102285218842672,2025-02
UPZ98,2025,3,3,0,1413016.0,655897.0,757119.0,563.5155069805849,0.3333333333333333,270.0,618.0,1093.0,1392.0,3373.0,503.0,1353.0,6650.0,135332.0,371.6785387048148,999.7635444684184,5711.0,2911.0,21080.0,39.80123933333333,12.0,BARRIOS UNIDOS,0.12244730420603865,0.19166803489840167,0.2663678259835699,0.18372544967643675,0.3444632062071194,14.161236985027891,2025-03
UPZ98,2025,4,3,0,1309702.0,612789.0,696913.0,563.5155069805849,0.3333333333333333,235.0,644.0,1030.0,1232.0,3141.0,470.0,1341.0,6183.0,135332.0,347.2940620104632,990.8964620341088,5711.0,2911.0,21080.0,39.80123933333333,12.0,BARRIOS UNIDOS,0.12381442496079256,0.1536250230968571,0.26800447735439054,0.1878824343247548,0.34782836229573383,14.085310188383596,2025-04
UPZ98,2025,5,3,0,1418181.0,657287.0,760894.0,563.5155069805849,0.3333333333333333,212.0,584.0,1086.0,1303.0,3185.0,420.0,1325.0,6578.0,135332.0,310.3478852008394,979.0736854550292,5711.0,2911.0,21080.0,39.80123933333333,12.0,BARRIOS UNIDOS,0.12428385375350536,0.1781359361040656,0.2682979111975129,0.18428465760012294,0.34435369672083993,14.16488562249815,2025-05
UPZ98,2025,6,3,0,1220408.0,508997.0,711411.0,563.5155069805849,0.3333333333333333,284.0,534.0,1188.0,1094.0,3100.0,510.0,1289.0,6355.0,135332.0,376.85100345816215,952.4724381521,5711.0,2911.0,21080.0,39.80123933333333,12.0,BARRIOS UNIDOS,0.1248902006542074,0.2105336903724,0.2647475270565253,0.18411957312636426,0.341784594819437,14.014695787030961,2025-06
UPZ98,2025,7,3,0,1454556.0,675450.0,779106.0,563.5155069805849,0.3333333333333333,261.0,617.0,1118.0,1248.0,3244.0,498.0,1312.0,6843.0,135332.0,367.9839210238524,969.4676794845268,5711.0,2911.0,21080.0,39.80123933333333,12.0,BARRIOS UNIDOS,0.11943575909074655,0.14077010441674292,0.27046741411124764,0.1881886981319385,0.35447872220929794,14.190211257379403,2025-07
UPZ98,2025,8,3,0,1378641.0,625837.0,752804.0,563.5155069805849,0.3333333333333333,361.0,701.0,1111.0,1282.0,3455.0,582.0,1517.0,7069.0,135332.0,430.0534980640204,1120.9470044039842,5711.0,2911.0,21080.0,39.80123933333333,12.0,BARRIOS UNIDOS,0.1229950364162969,0.2120066065059722,0.2597217114535256,0.17688288684291267,0.33514028765232434,14.136608789307717,2025-08
UPZ98,2025,9,3,0,1822256.0,849050.0,973206.0,563.5155069805849,0.3333333333333333,394.0,739.0,1193.0,1370.0,3696.0,646.0,1604.0,7485.0,135332.0,477.3446043803387,1185.2333520527295,5711.0,2911.0,21080.0,39.80123933333333,12.0,BARRIOS UNIDOS,0.11792964325539325,0.1417127999578544,0.2708872957476885,0.1848077328322694,0.3550985554250804,14.415585851871773,2025-09
UPZ98,2025,10,3,0,1441434.0,659901.0,781533.0,563.5155069805849,0.3333333333333333,285.0,676.0,1245.0,1363.0,3569.0,540.0,1540.0,7347.0,135332.0,399.0187095439364,1137.9422457364112,5711.0,2911.0,21080.0,39.80123933333333,12.0,BARRIOS UNIDOS,0.11780143939993089,0.1476501872440916,0.267881845440027,0.18195560809582678,0.35075527232951037,14.181149009372442,2025-10
UPZ98,2025,11,3,0,1307933.0,598140.0,709793.0,563.5155069805849,0.3333333333333333,307.0,750.0,1269.0,1330.0,3656.0,580.0,1530.0,7522.0,135332.0,428.57565099163537,1130.5530103744863,5711.0,2911.0,21080.0,39.80123933333333,12.0,BARRIOS UNIDOS,0.12282127601337375,0.22009690098804752,0.26036731239291305,0.17867505445615328,0.3385640411556973,14.083958586445736,2025-11
UPZ98,2025,12,3,0,569737.0,569737.0,0.0,563.5155069805849,0.3333333333333333,278.0,730.0,1488.0,1210.0,3706.0,484.0,1449.0,7446.0,135332.0,357.6389915171578,1070.700203942896,5711.0,2911.0,21080.0,39.80123933333333,12.0,BARRIOS UNIDOS,0.1512715516106554,0.16462683659302446,0.08693133849477913,0.2968983934692674,0.4471739619064654,13.252930129822607,2025-12
UPZ98,2026,1,3,0,1087654.0,449651.0,638003.0,563.5155069805849,0.3333333333333333,301.0,548.0,1112.0,1018.0,2979.0,546.0,1270.0,6277.0,134573.0,405.72774627897127,943.7257102093288,5247.0,2683.0,22455.0,39.80123933333333,12.0,BARRIOS UNIDOS,0.11474972739492516,0.18305545697436865,0.2707285588983261,0.17870848633848627,0.35123597314446275,13.899533641114743,2026-01
UPZ98,2026,2,3,0,1289122.0,513571.0,775551.0,563.5155069805849,0.3333333333333333,272.0,636.0,940.0,1338.0,3186.0,489.0,1332.0,6472.0,134573.0,363.3715529861116,989.7973590541936,5247.0,2683.0,22455.0,39.80123933333333,12.0,BARRIOS UNIDOS,0.11855433387995856,0.14995167253370892,0.273059493205453,0.17497800828781135,0.34791308483021216,14.069471924455767,2026-02
UPZ98,2026,3,3,0,1368043.0,533263.0,834780.0,563.5155069805849,0.3333333333333333,330.0,661.0,1159.0,1487.0,3637.0,609.0,1522.0,7468.0,134573.0,452.5424862342372,1130.9846700303924,5247.0,2683.0,22455.0,39.80123933333333,12.0,BARRIOS UNIDOS,0.11957591976275596,0.15981953783616445,0.27211717760333554,0.1763804207908669,0.3462046169208927,14.128891809419173,2026-03
UPZ98,2026,4,3,0,1266632.0,481074.0,785558.0,563.5155069805849,0.3333333333333333,246.0,643.0,1048.0,1228.0,3165.0,442.0,1394.0,6536.0,134573.0,328.44627079726246,1035.8690078990585,5247.0,2683.0,22455.0,39.80123933333333,12.0,BARRIOS UNIDOS,0.12173543696985387,0.15070991416607188,0.2710708398335112,0.17661483366913194,0.3444501154424427,14.05187196723293,2026-04
UPZ98,2026,5,3,0,1338783.0,557185.0,781598.0,563.5155069805849,0.3333333333333333,204.0,625.0,978.0,1260.0,3067.0,393.0,1294.0,6418.0,134573.0,292.0348063876112,961.5598968589538,5247.0,2683.0,22455.0,39.80123933333333,12.0,BARRIOS UNIDOS,0.12023457124866388,0.19640823046005215,0.2620925123787798,0.1822580657208823,0.3423444147949077,14.107271550300236,2026-05
UPZ98,2026,6,3,0,1222402.0,529363.0,693039.0,563.5155069805849,0.3333333333333333,222.0,585.0,908.0,983.0,2698.0,444.0,1279.0,5802.0,134573.0,329.93245301806456,950.413530202938,5247.0,2683.0,22455.0,39.80123933333333,12.0,BARRIOS UNIDOS,0.2831400799409687,0.17889205024206437,0.3589032086007713,0.04706634969510845,0.4656057091323207,14.01632833351871,2026-06
UPZ99,2023,1,3,0,2397215.0,1064843.0,1332372.0,786.7563609795995,0.0,123.0,271.0,464.0,541.0,1399.0,409.0,1036.0,5540.0,162013.0,252.4488775592082,639.4548585607328,14078.0,8844.0,20085.0,42.20146844444445,2.0,CHAPINERO,0.11658779041512751,0.1495356069438911,0.21575661757497758,0.1473968751238416,0.29712433988665166,14.689818204846773,2023-01
UPZ99,2023,2,3,0,3343669.0,1524041.0,1819628.0,786.7563609795995,0.0,137.0,388.0,554.0,661.0,1740.0,496.0,1172.0,6691.0,162013.0,306.1482720522427,723.3987396073154,14078.0,8844.0,20085.0,42.20146844444445,2.0,CHAPINERO,0.1287657360821301,0.13268568150735013,0.22513622012226686,0.15145099589702207,0.29090173860522434,15.022579265033976,2023-02
UPZ99,2023,3,3,0,3700863.0,1603853.0,2097010.0,786.7563609795995,0.0,140.0,416.0,715.0,731.0,2002.0,508.0,1262.0,6851.0,162013.0,313.55508508576474,778.9498373587305,14078.0,8844.0,20085.0,42.20146844444445,2.0,CHAPINERO,0.12729571454009506,0.12496977056432507,0.2244036053212453,0.15699932691374954,0.29486880544673344,15.12407659366072,2023-03
UPZ99,2023,4,3,0,3001847.0,1300617.0,1701230.0,786.7563609795995,0.0,142.0,406.0,752.0,738.0,2038.0,485.0,1246.0,6704.0,162013.0,299.35869343818086,769.0740866473678,14078.0,8844.0,20085.0,42.20146844444445,2.0,CHAPINERO,0.1312375347577674,0.18420592388619403,0.22130208501632492,0.1546011505583062,0.28902787623557935,14.914738323854081,2023-04
UPZ99,2023,5,3,0,3477192.0,1505655.0,1971537.0,786.7563609795995,0.0,150.0,409.0,694.0,756.0,2009.0,528.0,1319.0,7268.0,162013.0,325.899773474968,814.13219926796,14078.0,8844.0,20085.0,42.20146844444445,2.0,CHAPINERO,0.13156621779872954,0.14020335949237198,0.2229155019337442,0.15667584648762564,0.2908450811226168,15.061735629482685,2023-05
UPZ99,2023,6,3,0,2873341.0,1293913.0,1579428.0,786.7563609795995,0.0,109.0,378.0,613.0,655.0,1755.0,514.0,1305.0,6603.0,162013.0,317.25849160252574,805.4909173955176,14078.0,8844.0,20085.0,42.20146844444445,2.0,CHAPINERO,0.12844838117021262,0.16278854476374363,0.21630707945906869,0.15391142227810756,0.29009857926196525,14.870986022181663,2023-06
UPZ99,2023,7,3,0,2840073.0,1333432.0,1506641.0,786.7563609795995,0.0,157.0,389.0,664.0,663.0,1873.0,489.0,1159.0,6411.0,162013.0,301.8276311160216,715.3746921543333,14078.0,8844.0,20085.0,42.20146844444445,2.0,CHAPINERO,0.12647210124528488,0.20230747589938705,0.21411949622421672,0.15290099937572024,0.29175566775485495,14.859340314032393,2023-07
UPZ99,2023,8,3,0,3565566.0,1636512.0,1929054.0,786.7563609795995,0.0,112.0,392.0,611.0,569.0,1684.0,384.0,1174.0,5690.0,162013.0,237.01801707270403,724.6332084462357,14078.0,8844.0,20085.0,42.20146844444445,2.0,CHAPINERO,0.1268039912877787,0.1406449915665563,0.2240645664671471,0.15640293855169135,0.298065247373411,15.086833365006981,2023-08
UPZ99,2023,9,3,0,3465182.0,1637840.0,1827342.0,786.7563609795995,0.0,120.0,479.0,688.0,794.0,2081.0,510.0,1369.0,7177.0,162013.0,314.7895539246851,844.9939202409682,14078.0,8844.0,20085.0,42.20146844444445,2.0,CHAPINERO,0.12520871919570167,0.15684803857344287,0.22109228317589089,0.15179173850031535,0.29622483650263337,15.058275714479263,2023-09
UPZ99,2023,10,3,0,3356924.0,1563342.0,1793582.0,786.7563609795995,0.0,132.0,454.0,720.0,755.0,2061.0,508.0,1443.0,7403.0,162013.0,313.55508508576474,890.6692672810206,14078.0,8844.0,20085.0,42.20146844444445,2.0,CHAPINERO,0.12125982000188261,0.14501966681402376,0.21814047622168387,0.15427993007884594,0.29860259176331194,15.026535636444654,2023-10
UPZ99,2023,11,3,0,3176701.0,1478546.0,1698155.0,786.7563609795995,0.0,142.0,423.0,671.0,670.0,1906.0,496.0,1321.0,6759.0,162013.0,306.1482720522427,815.3666681068803,14078.0,8844.0,20085.0,42.20146844444445,2.0,CHAPINERO,0.1237913168409617,0.15528027346608944,0.2114464030451717,0.15472214728424233,0.29324373977972085,14.971353794878686,2023-11
UPZ99,2023,12,3,0,2484145.0,1150068.0,1334077.0,786.7563609795995,0.0,101.0,409.0,758.0,613.0,1881.0,399.0,1376.0,7038.0,162013.0,246.27653336460656,849.3145611771894,14078.0,8844.0,20085.0,42.20146844444445,2.0,CHAPINERO,0.13174472504624324,0.20228609843628287,0.20232635373538976,0.14704777700174504,0.2816461371052376,14.725439093922818,2023-12
UPZ99,2024,1,3,0,2442505.0,1137128.0,1305377.0,786.7563609795995,0.0,73.0,247.0,400.0,504.0,1224.0,301.0,770.0,4331.0,161696.0,186.15179101523847,476.2022560854937,10950.0,6608.0,19315.0,42.20146844444445,2.0,CHAPINERO,0.11470641820589922,0.1490527143240239,0.21797703587096035,0.14899293962550741,0.3027902461906007,14.708534709979887,2024-01
UPZ99,2024,2,3,0,3443664.0,1563470.0,1880194.0,786.7563609795995,0.0,135.0,463.0,888.0,673.0,2159.0,472.0,1403.0,7020.0,161696.0,291.90579853552345,867.677617257075,10950.0,6608.0,19315.0,42.20146844444445,2.0,CHAPINERO,0.11996001932825036,0.1293575679857268,0.23194539304647602,0.1503831384246546,0.3049861877054629,15.052046578794767,2024-02
UPZ99,2024,3,3,0,2986309.0,1372031.0,1614278.0,786.7563609795995,0.0,119.0,419.0,693.0,599.0,1830.0,418.0,1256.0,5820.0,161696.0,258.5097961606966,776.7662774589353,10950.0,6608.0,19315.0,42.20146844444445,2.0,CHAPINERO,0.1242523797771764,0.19204074327204582,0.22967382142973147,0.14792541562175918,0.2987851923504735,14.90954873464758,2024-03
UPZ99,2024,4,3,0,3419409.0,1635575.0,1783834.0,786.7563609795995,0.0,81.0,256.0,425.0,449.0,1211.0,259.0,823.0,4297.0,161696.0,160.17712250148426,508.9798139718979,10950.0,6608.0,19315.0,42.20146844444445,2.0,CHAPINERO,0.12385210426714087,0.13193040083827345,0.23039946376698422,0.15149255324531224,0.3000109517843815,15.04497828708839,2024-04
UPZ99,2024,5,3,0,3080872.0,1451383.0,1629489.0,786.7563609795995,0.0,159.0,436.0,705.0,681.0,1981.0,503.0,1439.0,6879.0,161696.0,311.0775776766277,889.9416188402929,10950.0,6608.0,19315.0,42.20146844444445,2.0,CHAPINERO,0.1287895115408884,0.15160058580817376,0.22213905673458678,0.15294501037368638,0.29009016405556715,14.940723231762853,2024-05
UPZ99,2024,6,2,0,2279824.0,1047741.0,1232083.0,647.1850182167939,0.0,160.0,489.0,795.0,644.0,2088.0,499.0,1573.0,7262.0,161696.0,308.60379972293686,972.8131802889372,10950.0,6608.0,19315.0,42.20146844444445,2.0,CHAPINERO,0.13113073640772266,0.21998715690333986,0.22276982784636,0.14936328418334044,0.2852340050997664,14.639608804968637,2024-06
UPZ99,2024,7,2,0,2407322.0,1219976.0,1187346.0,647.1850182167939,0.0,154.0,474.0,738.0,675.0,2041.0,513.0,1427.0,6764.0,161696.0,317.2620225608549,882.5202849792203,10950.0,6608.0,19315.0,42.20146844444445,2.0,CHAPINERO,0.1263632368249864,0.14952507392031472,0.2148084053566577,0.1606664999530598,0.294438507822937,14.694025484303184,2024-07
UPZ99,2024,8,2,0,2943534.0,1371470.0,1572064.0,647.1850182167939,0.0,174.0,509.0,740.0,681.0,2104.0,548.0,1391.0,6824.0,161696.0,338.90757965565007,860.2562833960023,10950.0,6608.0,19315.0,42.20146844444445,2.0,CHAPINERO,0.1303293931716093,0.17510346406734215,0.22681579353253598,0.15645173454765596,0.29541973095934376,14.89512145825855,2024-08
UPZ99,2024,9,2,0,3130032.0,1443527.0,1686505.0,647.1850182167939,0.0,171.0,534.0,777.0,808.0,2290.0,536.0,1468.0,7411.0,161696.0,331.4862457945775,907.8765090045516,10950.0,6608.0,19315.0,42.20146844444445,2.0,CHAPINERO,0.12968876995506753,0.15786388126383366,0.2313254305387293,0.15004191650436793,0.2919637833311915,14.956553786106248,2024-09
UPZ99,2024,10,2,0,3456747.0,1623091.0,1833656.0,647.1850182167939,0.0,172.0,557.0,832.0,789.0,2350.0,623.0,1468.0,7671.0,161696.0,385.2909162873541,907.8765090045516,10950.0,6608.0,19315.0,42.20146844444445,2.0,CHAPINERO,0.1333609315347637,0.13969463197624812,0.22312220130660415,0.15642162993126196,0.2909303728412804,15.055838531383271,2024-10
UPZ99,2024,11,2,0,3077678.0,1390444.0,1687234.0,647.1850182167939,0.0,153.0,461.0,698.0,661.0,1973.0,552.0,1392.0,6997.0,161696.0,341.38135760934097,860.8747278844252,10950.0,6608.0,19315.0,42.20146844444445,2.0,CHAPINERO,0.13721285982484194,0.1978644289623541,0.21982124185831003,0.1507422153974522,0.28165843983369765,14.939685974523284,2024-11
UPZ99,2024,12,2,0,2568397.0,1151222.0,1417175.0,647.1850182167939,0.0,150.0,383.0,631.0,617.0,1781.0,516.0,1350.0,6822.0,161696.0,319.1173560261231,834.900059370671,10950.0,6608.0,19315.0,42.20146844444445,2.0,CHAPINERO,0.13974397260236635,0.18365774449977942,0.2108365645965168,0.1495204985833576,0.2743195778718589,14.758792526858986,2024-12
UPZ99,2025,1,2,0,2473063.0,1124328.0,1348735.0,647.1850182167939,0.0,137.0,326.0,517.0,474.0,1454.0,445.0,1090.0,5531.0,161162.0,276.11968081805884,676.3380945880542,9254.0,5374.0,22695.0,42.20146844444445,2.0,CHAPINERO,0.12496163664249552,0.15748931588075188,0.22441078128620257,0.15009201140448095,0.29055967431961244,14.720968021310487,2025-01
UPZ99,2025,2,2,0,3215104.0,1468893.0,1746211.0,647.1850182167939,0.0,139.0,511.0,765.0,720.0,2135.0,516.0,1438.0,7238.0,161162.0,320.1747310159963,892.269889924424,9254.0,5374.0,22695.0,42.20146844444445,2.0,CHAPINERO,0.1291883559598694,0.13973016113942188,0.2353329783422247,0.15381866340871084,0.29568908697375623,14.983370263497688,2025-02
UPZ99,2025,3,2,0,3285136.0,1481898.0,1803238.0,647.1850182167939,0.0,181.0,510.0,813.0,855.0,2359.0,556.0,1500.0,7762.0,161162.0,344.9944776063836,930.7404971395242,9254.0,5374.0,22695.0,42.20146844444445,2.0,CHAPINERO,0.12998700814821662,0.18010669877898505,0.23170821542852407,0.14954845096215194,0.28847511818961347,15.004918609348293,2025-03
UPZ99,2025,4,2,0,2989783.0,1341504.0,1648279.0,647.1850182167939,0.0,144.0,419.0,667.0,659.0,1889.0,504.0,1366.0,6931.0,161162.0,312.7288070388801,847.5943460617268,9254.0,5374.0,22695.0,42.20146844444445,2.0,CHAPINERO,0.1299917084283374,0.14741939465171888,0.23457689069741847,0.15229600275337704,0.29291061838618077,14.910711367482323,2025-04
UPZ99,2025,5,2,0,3226122.0,1434909.0,1791213.0,647.1850182167939,0.0,180.0,533.0,785.0,722.0,2220.0,585.0,1549.0,7762.0,161162.0,362.98879388441446,961.1446867127488,9254.0,5374.0,22695.0,42.20146844444445,2.0,CHAPINERO,0.12955833660351346,0.1722690586406837,0.23229003738854265,0.14901358349126284,0.28963685518290727,14.986791354683154,2025-05
UPZ99,2025,6,2,0,2467205.0,1014020.0,1453185.0,647.1850182167939,0.0,145.0,407.0,704.0,707.0,1963.0,496.0,1315.0,6819.0,161162.0,307.7648577208027,815.9491691589828,9254.0,5374.0,22695.0,42.20146844444445,2.0,CHAPINERO,0.1303012923530878,0.20765967967801618,0.23064885163575788,0.14967179460158356,0.28621939053542594,14.718596488937939,2025-06
UPZ99,2025,7,2,0,2946979.0,1303252.0,1643727.0,647.1850182167939,0.0,155.0,424.0,730.0,731.0,2040.0,509.0,1350.0,7060.0,161162.0,315.8312753626785,837.6664474255718,9254.0,5374.0,22695.0,42.20146844444445,2.0,CHAPINERO,0.1220965605794951,0.14216762318292733,0.2333399729010624,0.15247139528310175,0.3019679973155811,14.896291135803706,2025-07
UPZ99,2025,8,2,0,2559050.0,1135342.0,1423708.0,647.1850182167939,0.0,230.0,482.0,820.0,740.0,2272.0,626.0,1604.0,7979.0,161162.0,388.4290341395615,995.2718382745312,9254.0,5374.0,22695.0,42.20146844444445,2.0,CHAPINERO,0.12557628807565305,0.1739118032082218,0.23453195521775658,0.15269807154998924,0.298723275895121,14.755146653833421,2025-08
UPZ99,2025,9,1,0,1522986.0,651399.0,871587.0,786.7563609795995,0.0,183.0,557.0,827.0,905.0,2472.0,595.0,1572.0,7918.0,161162.0,369.1937305320113,975.4160410022214,9254.0,5374.0,22695.0,42.20146844444445,2.0,CHAPINERO,0.12059598709377492,0.1152820840112778,0.2473194106840115,0.1513966641847003,0.3116058520731785,14.236183439451596,2025-09
UPZ99,2025,10,2,0,1364379.0,575624.0,788755.0,647.1850182167939,0.0,163.0,546.0,814.0,890.0,2413.0,619.0,1543.0,8206.0,161162.0,384.08557848624366,957.4217247241904,9254.0,5374.0,22695.0,42.20146844444445,2.0,CHAPINERO,0.12173450338945403,0.13012879852299106,0.24040754071999051,0.147740473871263,0.304942752094734,14.126209938027353,2025-10
UPZ99,2025,11,2,0,1161997.0,488065.0,673932.0,647.1850182167939,0.0,170.0,557.0,814.0,893.0,2434.0,600.0,1658.0,8370.0,161162.0,372.2961988558097,1028.7784961715545,9254.0,5374.0,22695.0,42.20146844444445,2.0,CHAPINERO,0.1267843204414469,0.19048672242699413,0.2374188573636592,0.1446397882266477,0.29743605985015414,13.965650634635066,2025-11
UPZ99,2025,12,1,0,330176.0,330176.0,0.0,786.7563609795995,0.0,156.0,474.0,776.0,736.0,2142.0,564.0,1476.0,7886.0,161162.0,349.9584269244611,915.8486491852918,9254.0,5374.0,22695.0,42.20146844444445,2.0,CHAPINERO,0.1315480228726497,0.1593968065516573,0.109275053304904,0.2163240211281256,0.3791901894747044,12.707381124604321,2025-12
UPZ99,2026,1,1,0,644947.0,276943.0,368004.0,786.7563609795995,0.0,148.0,311.0,584.0,567.0,1610.0,480.0,1130.0,6732.0,160175.0,299.6722334946153,705.4783830185735,9495.0,5327.0,25018.0,42.20146844444445,2.0,CHAPINERO,0.11126340614034949,0.1695395125490932,0.231322883895886,0.1477470241740794,0.3103874184410806,13.37692342185909,2026-01
UPZ99,2026,2,1,0,981845.0,414955.0,566890.0,786.7563609795995,0.0,141.0,514.0,741.0,689.0,2085.0,571.0,1535.0,7143.0,160175.0,356.4850944279694,958.3268300296552,9495.0,5327.0,25018.0,42.20146844444445,2.0,CHAPINERO,0.1153043504830192,0.1263009945561672,0.2424415259027647,0.1486426065213959,0.3164675343727333,13.79718873373785,2026-02
UPZ99,2026,3,1,0,826172.0,329684.0,496488.0,786.7563609795995,0.0,201.0,485.0,788.0,809.0,2283.0,612.0,1607.0,8066.0,160175.0,382.08209770563445,1003.2776650538474,9495.0,5327.0,25018.0,42.20146844444445,2.0,CHAPINERO,0.1248493049873392,0.1471073819979374,0.22603767738437028,0.1517807429929845,0.300155661388347,13.62455826327127,2026-03
UPZ99,2026,4,1,0,394099.0,160142.0,233957.0,786.7563609795995,0.0,172.0,492.0,755.0,707.0,2126.0,576.0,1570.0,7564.0,160175.0,359.60668019353835,980.1779303886376,9495.0,5327.0,25018.0,42.20146844444445,2.0,CHAPINERO,0.1276405167229554,0.1231720963514243,0.2192241035881847,0.1536390602361335,0.2968473545396622,12.884357425752826,2026-04
