upz_id,etiqueta,localidad,anio,mes,periodo,observado,y_lag1,pred_persistencia,pred_ridge,pred_bosque,pred_mlp,pred_red,pred_tradicional,pred_red_elegida,tradicional_elegido,red_elegida,familia,error_red
UPZ10,La Uribe,Usaquén,2026,1,2026-01,35.0,34.0,34.0,29.1954492463786,45.73120566046387,43.85695812084788,35.154575,45.73120566046387,35.15457534790039,bosque,red_residual,hurto,0.15457534790039062
UPZ10,La Uribe,Usaquén,2026,2,2026-02,34.0,35.0,35.0,30.380342019316316,38.173654993754596,32.78619821625771,31.169493,38.173654993754596,31.169492721557617,bosque,red_residual,hurto,-2.830507278442383
UPZ10,La Uribe,Usaquén,2026,3,2026-03,34.0,34.0,34.0,34.04602934265064,36.89213367819425,32.74629635483103,36.534397,36.89213367819425,36.53439712524414,bosque,red_residual,hurto,2.5343971252441406
UPZ10,La Uribe,Usaquén,2026,4,2026-04,36.0,34.0,34.0,35.190306467789654,36.7559287934234,36.663086864850236,34.887226,36.7559287934234,34.88722610473633,bosque,red_residual,hurto,-1.1127738952636719
UPZ10,La Uribe,Usaquén,2026,5,2026-05,40.0,36.0,36.0,40.7536596392826,36.66655916498432,38.07394788020428,36.670486,36.66655916498432,36.67048645019531,bosque,red_residual,hurto,-3.3295135498046875
UPZ10,La Uribe,Usaquén,2026,6,2026-06,20.0,40.0,40.0,37.78732942047074,37.17563970168343,42.14432187176659,37.84598,37.17563970168343,37.84598159790039,bosque,red_residual,hurto,17.84598159790039
UPZ100,Galerias,Teusaquillo,2026,1,2026-01,194.0,167.0,167.0,163.13045338378737,171.28984659176777,139.32248076787866,157.52951,171.28984659176777,157.52951049804688,bosque,red_residual,hurto,-36.470489501953125
UPZ100,Galerias,Teusaquillo,2026,2,2026-02,204.0,194.0,194.0,167.46207116024675,181.5998830868276,141.7147206210371,160.20798,181.5998830868276,160.20797729492188,bosque,red_residual,hurto,-43.792022705078125
UPZ100,Galerias,Teusaquillo,2026,3,2026-03,221.0,204.0,204.0,191.4622556552966,193.3378160941373,179.37677164155684,188.14441,193.3378160941373,188.1444091796875,bosque,red_residual,hurto,-32.8555908203125
UPZ100,Galerias,Teusaquillo,2026,4,2026-04,174.0,221.0,221.0,210.55728680160655,206.1927968232391,200.75732467171977,210.28792,206.1927968232391,210.2879180908203,bosque,red_residual,hurto,36.28791809082031
UPZ100,Galerias,Teusaquillo,2026,5,2026-05,174.0,174.0,174.0,202.7913345256065,186.20854594697897,222.52786233910493,211.72632,186.20854594697897,211.726318359375,bosque,red_residual,hurto,37.726318359375
UPZ100,Galerias,Teusaquillo,2026,6,2026-06,209.0,174.0,174.0,190.66842090435986,181.15315438453862,182.9720185730655,185.85205,181.15315438453862,185.85205078125,bosque,red_residual,hurto,-23.14794921875
UPZ101,Teusaquillo,Teusaquillo,2026,1,2026-01,203.0,132.0,132.0,155.38240760273686,163.07515987921462,138.02989024786586,132.40688,163.07515987921462,132.40687561035156,bosque,red_residual,hurto,-70.59312438964844
UPZ101,Teusaquillo,Teusaquillo,2026,2,2026-02,252.0,203.0,203.0,174.4984817832643,178.47044724007137,153.6046665179727,169.45668,178.47044724007137,169.45668029785156,bosque,red_residual,hurto,-82.54331970214844
UPZ101,Teusaquillo,Teusaquillo,2026,3,2026-03,219.0,252.0,252.0,207.47037630555718,205.21678616005693,199.685730791999,208.09387,205.21678616005693,208.0938720703125,bosque,red_residual,hurto,-10.9061279296875
UPZ101,Teusaquillo,Teusaquillo,2026,4,2026-04,226.0,219.0,219.0,227.17988334959085,207.73733233767953,220.34301175427584,229.38632,207.73733233767953,229.38632202148438,bosque,red_residual,hurto,3.386322021484375
UPZ101,Teusaquillo,Teusaquillo,2026,5,2026-05,208.0,226.0,226.0,240.06061310047698,213.9878160192458,237.62705488480137,243.43837,213.9878160192458,243.43836975097656,bosque,red_residual,hurto,35.43836975097656
UPZ101,Teusaquillo,Teusaquillo,2026,6,2026-06,149.0,208.0,208.0,221.45279888998107,198.82596949109063,210.55573293578644,218.472,198.82596949109063,218.4720001220703,bosque,red_residual,hurto,69.47200012207031
UPZ102,La Sabana,Los Mártires,2026,1,2026-01,295.0,376.0,376.0,342.71529219704155,288.45991603169335,311.78806719743693,337.74078,288.45991603169335,337.74078369140625,bosque,red_residual,hurto,42.74078369140625
UPZ102,La Sabana,Los Mártires,2026,2,2026-02,376.0,295.0,295.0,320.3886877508222,295.3122176438156,306.22176036167303,302.23996,295.3122176438156,302.2399597167969,bosque,red_residual,hurto,-73.76004028320312
UPZ102,La Sabana,Los Mártires,2026,3,2026-03,415.0,376.0,376.0,351.32176718603534,320.35586718757514,335.4981688253485,336.125,320.35586718757514,336.125,bosque,red_residual,hurto,-78.875
UPZ102,La Sabana,Los Mártires,2026,4,2026-04,367.0,415.0,415.0,371.28985815954,315.6118351448532,365.50223708496173,361.4044,315.6118351448532,361.4043884277344,bosque,red_residual,hurto,-5.595611572265625
UPZ102,La Sabana,Los Mártires,2026,5,2026-05,324.0,367.0,367.0,387.2192063347744,315.7966551091173,378.765817028498,378.15253,315.7966551091173,378.15252685546875,bosque,red_residual,hurto,54.15252685546875
UPZ102,La Sabana,Los Mártires,2026,6,2026-06,326.0,324.0,324.0,359.5374893238089,306.3200510259662,335.32530340805266,335.53302,306.3200510259662,335.53302001953125,bosque,red_residual,hurto,9.53302001953125
UPZ104,Parque Simon Bolivar - Can,Teusaquillo,2026,1,2026-01,40.0,33.0,33.0,35.18016587625186,42.951138695519695,6.863858581759565,29.512682,42.951138695519695,29.51268196105957,bosque,red_residual,hurto,-10.48731803894043
UPZ104,Parque Simon Bolivar - Can,Teusaquillo,2026,2,2026-02,31.0,40.0,40.0,36.68575607326558,38.83677685936908,29.040313800635143,32.081314,38.83677685936908,32.08131408691406,bosque,red_residual,hurto,1.0813140869140625
UPZ104,Parque Simon Bolivar - Can,Teusaquillo,2026,3,2026-03,38.0,31.0,31.0,43.048690312144785,38.51197763832479,48.95201213906062,38.882465,38.51197763832479,38.88246536254883,bosque,red_residual,hurto,0.8824653625488281
UPZ104,Parque Simon Bolivar - Can,Teusaquillo,2026,4,2026-04,55.0,38.0,38.0,45.523901160689164,40.37497396590973,45.4271927522355,41.84767,40.37497396590973,41.84767150878906,bosque,red_residual,hurto,-13.152328491210938
UPZ104,Parque Simon Bolivar - Can,Teusaquillo,2026,5,2026-05,38.0,55.0,55.0,56.79836127167084,46.18761279386475,49.57720625729855,52.899582,46.18761279386475,52.89958190917969,bosque,red_residual,hurto,14.899581909179688
UPZ104,Parque Simon Bolivar - Can,Teusaquillo,2026,6,2026-06,46.0,38.0,38.0,48.327266878235875,42.26753924755066,45.373510026150825,40.024048,42.26753924755066,40.0240478515625,bosque,red_residual,hurto,-5.9759521484375
UPZ105,Jardin Botanico,Engativá,2026,1,2026-01,19.0,23.0,23.0,18.253288028448466,31.685223266844975,0.0,14.50877,31.685223266844975,14.508769989013672,bosque,red_residual,hurto,-4.491230010986328
UPZ105,Jardin Botanico,Engativá,2026,2,2026-02,18.0,19.0,19.0,19.2989834574455,26.56043564270076,18.872381217955947,15.426372,26.56043564270076,15.426371574401855,bosque,red_residual,hurto,-2.5736284255981445
UPZ105,Jardin Botanico,Engativá,2026,3,2026-03,17.0,18.0,18.0,24.128472700053337,27.683854700665638,26.110476612300328,19.265303,27.683854700665638,19.265302658081055,bosque,red_residual,hurto,2.2653026580810547
UPZ105,Jardin Botanico,Engativá,2026,4,2026-04,29.0,17.0,17.0,24.626876150404684,25.671132363950676,29.11143769591372,18.12632,25.671132363950676,18.126319885253906,bosque,red_residual,hurto,-10.873680114746094
UPZ105,Jardin Botanico,Engativá,2026,5,2026-05,21.0,29.0,29.0,33.54400791516973,27.85436600992543,34.2418568447343,27.670696,27.85436600992543,27.670696258544922,bosque,red_residual,hurto,6.670696258544922
UPZ105,Jardin Botanico,Engativá,2026,6,2026-06,18.0,21.0,21.0,30.29707623283187,27.940995562985808,25.027952494487096,20.808397,27.940995562985808,20.80839729309082,bosque,red_residual,hurto,2.8083972930908203
UPZ107,Quinta Paredes,Teusaquillo,2026,1,2026-01,86.0,88.0,88.0,107.90268117314668,103.77606185110056,85.93858834135851,87.29734,103.77606185110056,87.2973403930664,bosque,red_residual,hurto,1.2973403930664062
UPZ107,Quinta Paredes,Teusaquillo,2026,2,2026-02,139.0,86.0,86.0,91.40142546225549,90.20621201979573,89.79083927843863,85.80498,90.20621201979573,85.80497741699219,bosque,red_residual,hurto,-53.19502258300781
UPZ107,Quinta Paredes,Teusaquillo,2026,3,2026-03,112.0,139.0,139.0,114.48500977908179,125.65744021262046,103.76850939790536,115.02101,125.65744021262046,115.02101135253906,bosque,red_residual,hurto,3.0210113525390625
UPZ107,Quinta Paredes,Teusaquillo,2026,4,2026-04,87.0,112.0,112.0,116.82241619351696,111.4098157408934,119.79075647246077,120.01322,111.4098157408934,120.01322174072266,bosque,red_residual,hurto,33.013221740722656
UPZ107,Quinta Paredes,Teusaquillo,2026,5,2026-05,135.0,87.0,87.0,117.76888951994384,107.52788913742162,140.58987192199672,116.27398,107.52788913742162,116.27397918701172,bosque,red_residual,hurto,-18.72602081298828
UPZ107,Quinta Paredes,Teusaquillo,2026,6,2026-06,104.0,135.0,135.0,120.64003607689648,127.14733037847236,123.68043659542433,127.28182,127.14733037847236,127.28182220458984,bosque,red_residual,hurto,23.281822204589844
UPZ108,Zona Industrial,Puente Aranda,2026,1,2026-01,110.0,104.0,104.0,112.87235165885635,112.2977180565993,86.99586357746122,99.15216,112.2977180565993,99.15216064453125,bosque,red_residual,hurto,-10.84783935546875
UPZ108,Zona Industrial,Puente Aranda,2026,2,2026-02,103.0,110.0,110.0,121.6266912639611,117.80565276047726,111.02127087802732,120.56372,117.80565276047726,120.563720703125,bosque,red_residual,hurto,17.563720703125
UPZ108,Zona Industrial,Puente Aranda,2026,3,2026-03,121.0,103.0,103.0,110.80797449649772,113.00776248703683,109.54538818312702,113.48723,113.00776248703683,113.48722839355469,bosque,red_residual,hurto,-7.5127716064453125
UPZ108,Zona Industrial,Puente Aranda,2026,4,2026-04,124.0,121.0,121.0,121.14591974612401,122.22740713852721,110.7771416146789,124.0001,122.22740713852721,124.0000991821289,bosque,red_residual,hurto,9.918212890625e-05
UPZ108,Zona Industrial,Puente Aranda,2026,5,2026-05,117.0,124.0,124.0,129.91959257486877,122.77497919809936,120.85724578885622,133.07819,122.77497919809936,133.07818603515625,bosque,red_residual,hurto,16.07818603515625
UPZ108,Zona Industrial,Puente Aranda,2026,6,2026-06,85.0,117.0,117.0,128.0713572799074,115.17205238736899,113.56892649085837,124.16999,115.17205238736899,124.16999053955078,bosque,red_residual,hurto,39.16999053955078
UPZ109,Ciudad Salitre Oriental,Teusaquillo,2026,1,2026-01,37.0,31.0,31.0,28.64961329594412,33.8264756022851,4.001464741426684,21.495817,33.8264756022851,21.495817184448242,bosque,red_residual,hurto,-15.504182815551758
UPZ109,Ciudad Salitre Oriental,Teusaquillo,2026,2,2026-02,20.0,37.0,37.0,31.705907324992467,38.33263609157334,20.24488872514731,24.981304,38.33263609157334,24.981304168701172,bosque,red_residual,hurto,4.981304168701172
UPZ109,Ciudad Salitre Oriental,Teusaquillo,2026,3,2026-03,42.0,20.0,20.0,33.40418753981936,31.109644093718614,36.477014556517325,25.490635,31.109644093718614,25.49063491821289,bosque,red_residual,hurto,-16.50936508178711
UPZ109,Ciudad Salitre Oriental,Teusaquillo,2026,4,2026-04,31.0,42.0,42.0,42.05818577284363,39.56955566258254,33.56935712717343,38.57118,39.56955566258254,38.5711784362793,bosque,red_residual,hurto,7.571178436279297
UPZ109,Ciudad Salitre Oriental,Teusaquillo,2026,5,2026-05,32.0,31.0,31.0,43.235275708909214,35.37138351078402,37.10907867423414,35.873425,35.37138351078402,35.8734245300293,bosque,red_residual,hurto,3.873424530029297
UPZ109,Ciudad Salitre Oriental,Teusaquillo,2026,6,2026-06,23.0,32.0,32.0,41.500254779198315,35.4817409585743,34.56663517127702,32.13525,35.4817409585743,32.135250091552734,bosque,red_residual,hurto,9.135250091552734
UPZ111,Puente Aranda,Puente Aranda,2026,1,2026-01,59.0,72.0,72.0,61.19641312475927,65.90564701465964,22.21584759725915,55.548996,65.90564701465964,55.54899597167969,bosque,red_residual,hurto,-3.4510040283203125
UPZ111,Puente Aranda,Puente Aranda,2026,2,2026-02,45.0,59.0,59.0,60.20189012043686,63.662210813415825,59.63958366165667,56.56564,63.662210813415825,56.56563949584961,bosque,red_residual,hurto,11.56563949584961
UPZ111,Puente Aranda,Puente Aranda,2026,3,2026-03,80.0,45.0,45.0,57.505724073899344,57.22541518640193,59.95012552593919,54.125885,57.22541518640193,54.125885009765625,bosque,red_residual,hurto,-25.874114990234375
UPZ111,Puente Aranda,Puente Aranda,2026,4,2026-04,58.0,80.0,80.0,69.2419360444643,66.91003990757794,60.79179961739658,69.89007,66.91003990757794,69.89006805419922,bosque,red_residual,hurto,11.890068054199219
UPZ111,Puente Aranda,Puente Aranda,2026,5,2026-05,79.0,58.0,58.0,68.94730186257806,61.34489300146194,65.2081653536172,61.540257,61.34489300146194,61.54025650024414,bosque,red_residual,hurto,-17.45974349975586
UPZ111,Puente Aranda,Puente Aranda,2026,6,2026-06,51.0,79.0,79.0,77.26485532211724,71.5528815584189,75.43937163964854,74.40641,71.5528815584189,74.40641021728516,bosque,red_residual,hurto,23.406410217285156
UPZ115,Capellania,Fontibón,2026,1,2026-01,30.0,36.0,36.0,31.788048250192674,41.29056083287804,35.59208505022878,31.342869,41.29056083287804,31.34286880493164,bosque,red_residual,hurto,1.3428688049316406
UPZ115,Capellania,Fontibón,2026,2,2026-02,36.0,30.0,30.0,27.735525441861824,39.74004306057093,23.49991269784726,28.193302,39.74004306057093,28.193302154541016,bosque,red_residual,hurto,-7.806697845458984
UPZ115,Capellania,Fontibón,2026,3,2026-03,44.0,36.0,36.0,36.65196037447632,38.15919006908473,33.294402981518004,38.804424,38.15919006908473,38.80442428588867,bosque,red_residual,hurto,-5.195575714111328
UPZ115,Capellania,Fontibón,2026,4,2026-04,29.0,44.0,44.0,42.08694075141298,39.10495657483248,38.24067695456054,44.715313,39.10495657483248,44.71531295776367,bosque,red_residual,hurto,15.715312957763672
UPZ115,Capellania,Fontibón,2026,5,2026-05,36.0,29.0,29.0,42.78554050152661,37.26606317627557,41.412349090129204,36.920174,37.26606317627557,36.92017364501953,bosque,red_residual,hurto,0.9201736450195312
UPZ115,Capellania,Fontibón,2026,6,2026-06,48.0,36.0,36.0,40.691806982090526,38.786532443566216,39.588086018733485,34.615894,38.786532443566216,34.61589431762695,bosque,red_residual,hurto,-13.384105682373047
UPZ116,Alamos,Engativá,2026,1,2026-01,51.0,65.0,65.0,51.640244758093345,57.66515453796375,37.120244695061174,48.48251,57.66515453796375,48.48250961303711,bosque,red_residual,hurto,-2.5174903869628906
UPZ116,Alamos,Engativá,2026,2,2026-02,42.0,51.0,51.0,53.717126109748705,54.57047677031783,54.04641700400922,47.950253,54.57047677031783,47.950252532958984,bosque,red_residual,hurto,5.950252532958984
UPZ116,Alamos,Engativá,2026,3,2026-03,56.0,42.0,42.0,53.23831031520302,55.07796277999672,53.78844409771518,49.61061,55.07796277999672,49.61061096191406,bosque,red_residual,hurto,-6.3893890380859375
UPZ116,Alamos,Engativá,2026,4,2026-04,42.0,56.0,56.0,55.63609101912915,54.75007457102746,48.22255796397605,53.335644,54.75007457102746,53.33564376831055,bosque,red_residual,hurto,11.335643768310547
UPZ116,Alamos,Engativá,2026,5,2026-05,68.0,42.0,42.0,54.66427480372917,54.41245661614941,49.81473263146886,45.876095,54.41245661614941,45.876094818115234,bosque,red_residual,hurto,-22.123905181884766
UPZ116,Alamos,Engativá,2026,6,2026-06,43.0,68.0,68.0,63.27038974450753,64.30392348262116,59.3688930397066,63.13369,64.30392348262116,63.133689880371094,bosque,red_residual,hurto,20.133689880371094
UPZ12,Toberin,Usaquén,2026,1,2026-01,71.0,68.0,68.0,61.68801637993073,74.01649350630314,61.847146759108966,61.891094,74.01649350630314,61.89109420776367,bosque,red_residual,hurto,-9.108905792236328
UPZ12,Toberin,Usaquén,2026,2,2026-02,75.0,71.0,71.0,64.15761434550527,73.22100788030373,61.47173779751971,64.60228,73.22100788030373,64.60227966308594,bosque,red_residual,hurto,-10.397720336914062
UPZ12,Toberin,Usaquén,2026,3,2026-03,77.0,75.0,75.0,73.38017360005298,75.26483055162743,71.83577752969445,72.07407,75.26483055162743,72.0740737915039,bosque,red_residual,hurto,-4.925926208496094
UPZ12,Toberin,Usaquén,2026,4,2026-04,64.0,77.0,77.0,78.55822895050247,75.69584664513364,80.00410619483867,77.24792,75.69584664513364,77.24791717529297,bosque,red_residual,hurto,13.247917175292969
UPZ12,Toberin,Usaquén,2026,5,2026-05,58.0,64.0,64.0,78.34553879297185,76.03841673406508,77.4655391066952,70.06973,76.03841673406508,70.06973266601562,bosque,red_residual,hurto,12.069732666015625
UPZ12,Toberin,Usaquén,2026,6,2026-06,62.0,58.0,58.0,69.37092831074682,71.29492308970669,65.29153196070372,57.845097,71.29492308970669,57.845096588134766,bosque,red_residual,hurto,-4.154903411865234
UPZ13,Los Cedros,Usaquén,2026,1,2026-01,117.0,144.0,144.0,144.60678428422528,156.02514114487795,135.5531075382867,141.73996,156.02514114487795,141.73995971679688,bosque,red_residual,hurto,24.739959716796875
UPZ13,Los Cedros,Usaquén,2026,2,2026-02,196.0,117.0,117.0,132.82610647485768,137.18562699038165,136.45745423186222,131.22235,137.18562699038165,131.22235107421875,bosque,red_residual,hurto,-64.77764892578125
UPZ13,Los Cedros,Usaquén,2026,3,2026-03,153.0,196.0,196.0,162.68133673695257,169.7286667591308,147.39358191812676,163.28712,169.7286667591308,163.28712463378906,bosque,red_residual,hurto,10.287124633789062
UPZ13,Los Cedros,Usaquén,2026,4,2026-04,125.0,153.0,153.0,159.52485559308707,162.83953447627405,157.6541446043608,160.45488,162.83953447627405,160.4548797607422,bosque,red_residual,hurto,35.45487976074219
UPZ13,Los Cedros,Usaquén,2026,5,2026-05,147.0,125.0,125.0,160.80061313717954,157.73922218034375,172.71796716131763,159.57738,157.73922218034375,159.57737731933594,bosque,red_residual,hurto,12.577377319335938
UPZ13,Los Cedros,Usaquén,2026,6,2026-06,116.0,147.0,147.0,148.4607079740974,149.1802497853861,132.43997444149488,141.65138,149.1802497853861,141.65138244628906,bosque,red_residual,hurto,25.651382446289062
UPZ15,Country Club,Usaquén,2026,1,2026-01,21.0,37.0,37.0,26.021535032585533,35.39404499156198,8.040378290639506,22.812422,35.39404499156198,22.812421798706055,bosque,red_residual,hurto,1.8124217987060547
UPZ15,Country Club,Usaquén,2026,2,2026-02,36.0,21.0,21.0,20.200071358987856,29.822837852869025,19.46329525458477,14.159663,29.822837852869025,14.159663200378418,bosque,red_residual,hurto,-21.840336799621582
UPZ15,Country Club,Usaquén,2026,3,2026-03,31.0,36.0,36.0,33.04472951890709,37.84259670231858,25.758928254401567,30.880316,37.84259670231858,30.88031578063965,bosque,red_residual,hurto,-0.11968421936035156
UPZ15,Country Club,Usaquén,2026,4,2026-04,20.0,31.0,31.0,32.775462325837864,37.102166401360115,28.505756227552524,29.836012,37.102166401360115,29.83601188659668,bosque,red_residual,hurto,9.83601188659668
UPZ15,Country Club,Usaquén,2026,5,2026-05,31.0,20.0,20.0,34.60116313340441,35.62834116711835,32.40380147455556,24.09364,35.62834116711835,24.093639373779297,bosque,red_residual,hurto,-6.906360626220703
UPZ15,Country Club,Usaquén,2026,6,2026-06,16.0,31.0,31.0,31.539680629847382,32.007065654948136,29.919294213188497,28.183048,32.007065654948136,28.183048248291016,bosque,red_residual,hurto,12.183048248291016
UPZ16,Santa Barbara,Usaquén,2026,1,2026-01,102.0,102.0,102.0,118.55815093355827,127.1008756622953,100.84229288848736,102.474525,127.1008756622953,102.47452545166016,bosque,red_residual,hurto,0.47452545166015625
UPZ16,Santa Barbara,Usaquén,2026,2,2026-02,115.0,102.0,102.0,110.62967116916448,118.56804652566233,108.10229331238158,114.4205,118.56804652566233,114.42050170898438,bosque,red_residual,hurto,-0.579498291015625
UPZ16,Santa Barbara,Usaquén,2026,3,2026-03,137.0,115.0,115.0,111.32185826286506,120.41021692798661,103.6344529876539,111.65703,120.41021692798661,111.65702819824219,bosque,red_residual,hurto,-25.342971801757812
UPZ16,Santa Barbara,Usaquén,2026,4,2026-04,113.0,137.0,137.0,127.48508351366652,131.96305696727592,123.2913979901406,126.70546,131.96305696727592,126.70545959472656,bosque,red_residual,hurto,13.705459594726562
UPZ16,Santa Barbara,Usaquén,2026,5,2026-05,155.0,113.0,113.0,129.56156555154803,132.64636860016867,131.39965640234894,124.849625,132.64636860016867,124.84962463378906,bosque,red_residual,hurto,-30.150375366210938
UPZ16,Santa Barbara,Usaquén,2026,6,2026-06,125.0,155.0,155.0,144.9810790620049,153.94825504113365,146.09190567180815,142.96156,153.94825504113365,142.96156311035156,bosque,red_residual,hurto,17.961563110351562
UPZ18,Britalia,Suba,2026,1,2026-01,62.0,72.0,72.0,71.28905332071636,70.35003185627289,61.49787697452031,60.48651,70.35003185627289,60.48651123046875,bosque,red_residual,hurto,-1.51348876953125
UPZ18,Britalia,Suba,2026,2,2026-02,80.0,62.0,62.0,66.36722683380096,73.70400927525257,63.02371130763424,61.524567,73.70400927525257,61.524566650390625,bosque,red_residual,hurto,-18.475433349609375
UPZ18,Britalia,Suba,2026,3,2026-03,81.0,80.0,80.0,75.63347468242485,75.02709429067022,64.91619648617923,70.4951,75.02709429067022,70.49510192871094,bosque,red_residual,hurto,-10.504898071289062
UPZ18,Britalia,Suba,2026,4,2026-04,45.0,81.0,81.0,81.02417308174367,75.47079152952715,71.01097352841147,77.11826,75.47079152952715,77.1182632446289,bosque,red_residual,hurto,32.118263244628906
UPZ18,Britalia,Suba,2026,5,2026-05,63.0,45.0,45.0,74.15935394537746,68.35264724040377,80.26622906939522,63.76981,68.35264724040377,63.76980972290039,bosque,red_residual,hurto,0.7698097229003906
UPZ18,Britalia,Suba,2026,6,2026-06,47.0,63.0,63.0,70.45945720993862,68.70267520328296,63.87975984365628,63.025593,68.70267520328296,63.02559280395508,bosque,red_residual,hurto,16.025592803955078
UPZ20,La Alhambra,Suba,2026,1,2026-01,78.0,76.0,76.0,55.04483116318569,59.167994327126635,22.515705064469955,59.337646,59.167994327126635,59.337646484375,bosque,red_residual,hurto,-18.662353515625
UPZ20,La Alhambra,Suba,2026,2,2026-02,50.0,78.0,78.0,64.41933452861215,64.49588868782706,57.93066697609116,65.05787,64.49588868782706,65.05786895751953,bosque,red_residual,hurto,15.057868957519531
UPZ20,La Alhambra,Suba,2026,3,2026-03,66.0,50.0,50.0,66.90887309086128,61.46924093039132,72.8506993531052,60.479103,61.46924093039132,60.479103088378906,bosque,red_residual,hurto,-5.520896911621094
UPZ20,La Alhambra,Suba,2026,4,2026-04,68.0,66.0,66.0,70.03537446515188,61.24759374650134,69.73496414308148,65.908455,61.24759374650134,65.90845489501953,bosque,red_residual,hurto,-2.0915451049804688
UPZ20,La Alhambra,Suba,2026,5,2026-05,52.0,68.0,68.0,71.40654045496274,61.48152854995751,69.77200710439286,66.985085,61.48152854995751,66.9850845336914,bosque,red_residual,hurto,14.985084533691406
UPZ20,La Alhambra,Suba,2026,6,2026-06,42.0,52.0,52.0,65.96609697140613,57.06131662159286,64.91229077710697,53.69292,57.06131662159286,53.69292068481445,bosque,red_residual,hurto,11.692920684814453
UPZ21,Los Andes,Barrios Unidos,2026,1,2026-01,77.0,73.0,73.0,81.24155922794968,80.4320137570567,55.407276342296605,65.44455,80.4320137570567,65.44454956054688,bosque,red_residual,hurto,-11.555450439453125
UPZ21,Los Andes,Barrios Unidos,2026,2,2026-02,88.0,77.0,77.0,80.48453372900774,85.45604616694393,75.31303180750352,80.1644,85.45604616694393,80.16439819335938,bosque,red_residual,hurto,-7.835601806640625
UPZ21,Los Andes,Barrios Unidos,2026,3,2026-03,108.0,88.0,88.0,84.74139607983167,82.86325048740557,78.98431881166236,84.29264,82.86325048740557,84.29264068603516,bosque,red_residual,hurto,-23.707359313964844
UPZ21,Los Andes,Barrios Unidos,2026,4,2026-04,77.0,108.0,108.0,100.57223475577456,99.5057266014014,89.6238027427702,101.20195,99.5057266014014,101.20195007324219,bosque,red_residual,hurto,24.201950073242188
UPZ21,Los Andes,Barrios Unidos,2026,5,2026-05,68.0,77.0,77.0,99.07168999321448,86.95718975972515,106.53002205988209,93.8528,86.95718975972515,93.85279846191406,bosque,red_residual,hurto,25.852798461914062
UPZ21,Los Andes,Barrios Unidos,2026,6,2026-06,83.0,68.0,68.0,88.90457858579134,82.49747613550146,80.48405536438975,76.09475,82.49747613550146,76.0947494506836,bosque,red_residual,hurto,-6.905250549316406
UPZ22,Doce de Octubre,Barrios Unidos,2026,1,2026-01,147.0,114.0,114.0,116.26566499169095,125.44308804931653,88.83915906315154,103.21292,125.44308804931653,103.21292114257812,bosque,red_residual,hurto,-43.787078857421875
UPZ22,Doce de Octubre,Barrios Unidos,2026,2,2026-02,113.0,147.0,147.0,132.59768626899393,139.8438378953859,107.60720217828103,127.777466,139.8438378953859,127.7774658203125,bosque,red_residual,hurto,14.7774658203125
UPZ22,Doce de Octubre,Barrios Unidos,2026,3,2026-03,152.0,113.0,113.0,122.85792313747557,127.1903552916695,120.78334803376094,121.70426,127.1903552916695,121.70426177978516,bosque,red_residual,hurto,-30.295738220214844
UPZ22,Doce de Octubre,Barrios Unidos,2026,4,2026-04,101.0,152.0,152.0,142.71710935881725,141.69919864767843,127.80689467133985,139.31311,141.69919864767843,139.3131103515625,bosque,red_residual,hurto,38.3131103515625
UPZ22,Doce de Octubre,Barrios Unidos,2026,5,2026-05,104.0,101.0,101.0,125.94899462131687,124.99080246838768,127.83270096405847,121.70175,124.99080246838768,121.70175170898438,bosque,red_residual,hurto,17.701751708984375
UPZ22,Doce de Octubre,Barrios Unidos,2026,6,2026-06,130.0,104.0,104.0,120.29704639086444,116.40474203148304,111.40040326118216,107.75745,116.40474203148304,107.7574462890625,bosque,red_residual,hurto,-22.2425537109375
UPZ24,Niza,Suba,2026,1,2026-01,133.0,114.0,114.0,106.54015916621344,104.59350537858418,86.1999349742096,101.58949,104.59350537858418,101.58949279785156,bosque,red_residual,hurto,-31.410507202148438
UPZ24,Niza,Suba,2026,2,2026-02,93.0,133.0,133.0,118.05433569964976,128.16220125026743,93.18577153191558,112.66392,128.16220125026743,112.6639175415039,bosque,red_residual,hurto,19.663917541503906
UPZ24,Niza,Suba,2026,3,2026-03,102.0,93.0,93.0,111.08367755433595,109.04121209906033,120.75645348565239,113.588776,109.04121209906033,113.58877563476562,bosque,red_residual,hurto,11.588775634765625
UPZ24,Niza,Suba,2026,4,2026-04,104.0,102.0,102.0,111.6150716242384,108.25800027820569,109.84396241787852,112.71424,108.25800027820569,112.71424102783203,bosque,red_residual,hurto,8.714241027832031
UPZ24,Niza,Suba,2026,5,2026-05,105.0,104.0,104.0,108.54449519379271,105.95784113042521,97.83604918501821,106.46322,105.95784113042521,106.46321868896484,bosque,red_residual,hurto,1.4632186889648438
UPZ24,Niza,Suba,2026,6,2026-06,91.0,105.0,105.0,107.52428292013944,106.68728059153153,94.21493319617049,100.75381,106.68728059153153,100.7538070678711,bosque,red_residual,hurto,9.753807067871094
UPZ25,La Floresta,Suba,2026,1,2026-01,54.0,78.0,78.0,59.19814141558244,61.13959227599962,25.498505764399724,63.66113,61.13959227599962,63.661128997802734,bosque,red_residual,hurto,9.661128997802734
UPZ25,La Floresta,Suba,2026,2,2026-02,50.0,54.0,54.0,59.256208233316784,61.6135588100849,62.86653527687086,55.012627,61.6135588100849,55.01262664794922,bosque,red_residual,hurto,5.012626647949219
UPZ25,La Floresta,Suba,2026,3,2026-03,51.0,50.0,50.0,60.87087144181037,59.16044705711425,63.046165199765156,55.751255,59.16044705711425,55.75125503540039,bosque,red_residual,hurto,4.751255035400391
UPZ25,La Floresta,Suba,2026,4,2026-04,64.0,51.0,51.0,56.50098478435072,56.00370908361649,55.28307982752297,50.574986,56.00370908361649,50.57498550415039,bosque,red_residual,hurto,-13.42501449584961
UPZ25,La Floresta,Suba,2026,5,2026-05,31.0,64.0,64.0,65.42092205159213,61.80953102293249,61.160029677268,60.035454,61.80953102293249,60.03545379638672,bosque,red_residual,hurto,29.03545379638672
UPZ25,La Floresta,Suba,2026,6,2026-06,38.0,31.0,31.0,51.60678992447737,53.00180474741878,54.708174053960235,35.134243,53.00180474741878,35.13424301147461,bosque,red_residual,hurto,-2.8657569885253906
UPZ26,Las Ferias,Engativá,2026,1,2026-01,257.0,265.0,265.0,278.4879834860376,250.92041433263162,268.9261107998182,268.43506,250.92041433263162,268.43505859375,bosque,red_residual,hurto,11.43505859375
UPZ26,Las Ferias,Engativá,2026,2,2026-02,189.0,257.0,257.0,260.50052606150507,257.1919900402175,238.14994038737794,247.1044,257.1919900402175,247.10440063476562,bosque,red_residual,hurto,58.104400634765625
UPZ26,Las Ferias,Engativá,2026,3,2026-03,227.0,189.0,189.0,225.28362450647103,227.44330958891626,257.5872302694373,235.17622,227.44330958891626,235.1762237548828,bosque,red_residual,hurto,8.176223754882812
UPZ26,Las Ferias,Engativá,2026,4,2026-04,224.0,227.0,227.0,224.2622417178278,235.79149910771167,229.60548852674674,229.15598,235.79149910771167,229.15597534179688,bosque,red_residual,hurto,5.155975341796875
UPZ26,Las Ferias,Engativá,2026,5,2026-05,218.0,224.0,224.0,219.02410775437826,227.35043105605266,232.03555790779043,226.7133,227.35043105605266,226.7133026123047,bosque,red_residual,hurto,8.713302612304688
UPZ26,Las Ferias,Engativá,2026,6,2026-06,217.0,218.0,218.0,221.11628288239308,230.8608937791598,228.8472861918158,215.76099,230.8608937791598,215.760986328125,bosque,red_residual,hurto,-1.239013671875
UPZ27,Suba,Suba,2026,1,2026-01,145.0,138.0,138.0,135.17270970810165,172.86506493688586,100.92823828644573,109.53299,172.86506493688586,109.53298950195312,bosque,red_residual,hurto,-35.467010498046875
UPZ27,Suba,Suba,2026,2,2026-02,153.0,145.0,145.0,140.59918087903574,159.53352095183843,141.64621049349543,139.83614,159.53352095183843,139.8361358642578,bosque,red_residual,hurto,-13.163864135742188
UPZ27,Suba,Suba,2026,3,2026-03,153.0,153.0,153.0,145.93304902667734,154.927032556243,149.36851670402532,156.63513,154.927032556243,156.6351318359375,bosque,red_residual,hurto,3.6351318359375
UPZ27,Suba,Suba,2026,4,2026-04,125.0,153.0,153.0,151.74448554105442,154.92498891669257,155.63751761538728,163.36113,154.92498891669257,163.3611297607422,bosque,red_residual,hurto,38.36112976074219
UPZ27,Suba,Suba,2026,5,2026-05,128.0,125.0,125.0,145.08387845683464,150.77684645449455,166.08808625423472,155.5691,150.77684645449455,155.56910705566406,bosque,red_residual,hurto,27.569107055664062
UPZ27,Suba,Suba,2026,6,2026-06,121.0,128.0,128.0,134.97093274577335,144.5724243771433,134.3315963930136,132.02415,144.5724243771433,132.02415466308594,bosque,red_residual,hurto,11.024154663085938
UPZ28,El Rincón,Suba,2026,1,2026-01,290.0,333.0,333.0,312.46031863928056,262.12209026476773,247.1594714702859,280.7194,262.12209026476773,280.7193908691406,bosque,red_residual,hurto,-9.280609130859375
UPZ28,El Rincón,Suba,2026,2,2026-02,288.0,290.0,290.0,297.270948068867,286.99535072156465,291.6022246304448,290.55396,286.99535072156465,290.553955078125,bosque,red_residual,hurto,2.553955078125
UPZ28,El Rincón,Suba,2026,3,2026-03,294.0,288.0,288.0,298.3820520245356,291.5215798839746,315.13284768170536,305.47525,291.5215798839746,305.4752502441406,bosque,red_residual,hurto,11.475250244140625
UPZ28,El Rincón,Suba,2026,4,2026-04,254.0,294.0,294.0,290.84250806969794,294.93798350078106,298.2835221696012,298.85883,294.93798350078106,298.85882568359375,bosque,red_residual,hurto,44.85882568359375
UPZ28,El Rincón,Suba,2026,5,2026-05,288.0,254.0,254.0,278.28972543835346,285.76407950088134,309.3561271492901,296.56003,285.76407950088134,296.5600280761719,bosque,red_residual,hurto,8.560028076171875
UPZ28,El Rincón,Suba,2026,6,2026-06,231.0,288.0,288.0,280.2040708526913,294.2440344178768,280.16233772025373,276.65366,294.2440344178768,276.6536560058594,bosque,red_residual,hurto,45.653656005859375
UPZ30,Boyacá Real,Engativá,2026,1,2026-01,192.0,246.0,246.0,239.75974075307127,220.74853511877618,190.35553094188595,225.04623,220.74853511877618,225.04623413085938,bosque,red_residual,hurto,33.046234130859375
UPZ30,Boyacá Real,Engativá,2026,2,2026-02,166.0,192.0,192.0,216.60901358022744,213.31336890434764,222.30341117268208,212.87445,213.31336890434764,212.87445068359375,bosque,red_residual,hurto,46.87445068359375
UPZ30,Boyacá Real,Engativá,2026,3,2026-03,200.0,166.0,166.0,198.5521502699438,191.44697112954026,234.27726730900304,210.96814,191.44697112954026,210.9681396484375,bosque,red_residual,hurto,10.9681396484375
UPZ30,Boyacá Real,Engativá,2026,4,2026-04,185.0,200.0,200.0,194.55928171190246,197.5330989052788,198.0523797625429,201.26814,197.5330989052788,201.2681427001953,bosque,red_residual,hurto,16.268142700195312
UPZ30,Boyacá Real,Engativá,2026,5,2026-05,182.0,185.0,185.0,194.21936837392678,193.4441410387773,209.81597021613038,205.74771,193.4441410387773,205.74771118164062,bosque,red_residual,hurto,23.747711181640625
UPZ30,Boyacá Real,Engativá,2026,6,2026-06,167.0,182.0,182.0,194.05883477034544,186.600869190685,187.90333944507776,191.9725,186.600869190685,191.97250366210938,bosque,red_residual,hurto,24.972503662109375
UPZ33,Sosiego,San Cristóbal,2026,1,2026-01,82.0,74.0,74.0,88.86565185777837,87.68639689241597,81.41168680902183,85.06425,87.68639689241597,85.06424713134766,bosque,red_residual,hurto,3.0642471313476562
UPZ33,Sosiego,San Cristóbal,2026,2,2026-02,67.0,82.0,82.0,80.19587851218836,84.12460602150212,66.52045820895714,74.850525,84.12460602150212,74.85052490234375,bosque,red_residual,hurto,7.85052490234375
UPZ33,Sosiego,San Cristóbal,2026,3,2026-03,85.0,67.0,67.0,76.48811995115766,80.95194333024166,82.97507828374125,81.175865,80.95194333024166,81.17586517333984,bosque,red_residual,hurto,-3.8241348266601562
UPZ33,Sosiego,San Cristóbal,2026,4,2026-04,108.0,85.0,85.0,84.19559476258098,82.88318925435834,87.30655427151545,88.3239,82.88318925435834,88.32389831542969,bosque,red_residual,hurto,-19.676101684570312
UPZ33,Sosiego,San Cristóbal,2026,5,2026-05,82.0,108.0,108.0,99.45669212117618,96.76889722974694,106.6346589556074,105.65921,96.76889722974694,105.65921020507812,bosque,red_residual,hurto,23.659210205078125
UPZ33,Sosiego,San Cristóbal,2026,6,2026-06,78.0,82.0,82.0,95.13164967890418,82.76739791228344,92.56902431773332,85.38557,82.76739791228344,85.38556671142578,bosque,red_residual,hurto,7.385566711425781
UPZ34,20 de Julio,San Cristóbal,2026,1,2026-01,101.0,107.0,107.0,99.93306917424256,110.67182476273653,75.77829490797541,83.84477,110.67182476273653,83.84477233886719,bosque,red_residual,hurto,-17.155227661132812
UPZ34,20 de Julio,San Cristóbal,2026,2,2026-02,102.0,101.0,101.0,93.61220195335484,105.34355074336729,89.92123810239863,82.76789,105.34355074336729,82.76789093017578,bosque,red_residual,hurto,-19.23210906982422
UPZ34,20 de Julio,San Cristóbal,2026,3,2026-03,127.0,102.0,102.0,103.1875179603694,111.1122771697494,113.75859263827692,103.683624,111.1122771697494,103.68362426757812,bosque,red_residual,hurto,-23.316375732421875
UPZ34,20 de Julio,San Cristóbal,2026,4,2026-04,113.0,127.0,127.0,114.4324781900062,121.71411317491649,114.73360464695448,117.116295,121.71411317491649,117.11629486083984,bosque,red_residual,hurto,4.116294860839844
UPZ34,20 de Julio,San Cristóbal,2026,5,2026-05,129.0,113.0,113.0,118.90941214533997,121.99269205551339,124.69190976425962,119.04445,121.99269205551339,119.04444885253906,bosque,red_residual,hurto,-9.955551147460938
UPZ34,20 de Julio,San Cristóbal,2026,6,2026-06,105.0,129.0,129.0,124.69746136062258,126.45903798290658,123.97618229094104,122.058105,126.45903798290658,122.05810546875,bosque,red_residual,hurto,17.05810546875
UPZ35,Ciudad Jardin,Antonio Nariño,2026,1,2026-01,69.0,67.0,67.0,72.88041819142522,78.42020538977442,66.41881810114837,79.1378,78.42020538977442,79.13780212402344,bosque,red_residual,hurto,10.137802124023438
UPZ35,Ciudad Jardin,Antonio Nariño,2026,2,2026-02,73.0,69.0,69.0,65.59027352610151,77.84681007338698,62.232556528293046,63.14689,77.84681007338698,63.146888732910156,bosque,red_residual,hurto,-9.853111267089844
UPZ35,Ciudad Jardin,Antonio Nariño,2026,3,2026-03,62.0,73.0,73.0,74.43162622380291,79.1524355068316,74.36694088737771,78.6178,79.1524355068316,78.6177978515625,bosque,red_residual,hurto,16.6177978515625
UPZ35,Ciudad Jardin,Antonio Nariño,2026,4,2026-04,60.0,62.0,62.0,72.9844684724616,77.07408403003134,79.93031965324334,80.163704,77.07408403003134,80.16370391845703,bosque,red_residual,hurto,20.16370391845703
UPZ35,Ciudad Jardin,Antonio Nariño,2026,5,2026-05,52.0,60.0,60.0,74.73997692926629,74.48245977214248,76.47882940450718,78.46443,74.48245977214248,78.46443176269531,bosque,red_residual,hurto,26.464431762695312
UPZ35,Ciudad Jardin,Antonio Nariño,2026,6,2026-06,54.0,52.0,52.0,62.51526048370172,68.00604660625142,66.10539989615964,57.18623,68.00604660625142,57.18622970581055,bosque,red_residual,hurto,3.186229705810547
UPZ36,San Jose,Rafael Uribe Uribe,2026,1,2026-01,111.0,93.0,93.0,79.003804200677,81.84317404009091,69.97479399946671,76.728,81.84317404009091,76.72799682617188,bosque,red_residual,hurto,-34.272003173828125
UPZ36,San Jose,Rafael Uribe Uribe,2026,2,2026-02,59.0,111.0,111.0,91.31063086588148,96.76491172958804,75.02150545754665,84.165276,96.76491172958804,84.16527557373047,bosque,red_residual,hurto,25.16527557373047
UPZ36,San Jose,Rafael Uribe Uribe,2026,3,2026-03,79.0,59.0,59.0,84.74922776222682,83.21724276711095,107.21482658660008,90.83453,83.21724276711095,90.83453369140625,bosque,red_residual,hurto,11.83453369140625
UPZ36,San Jose,Rafael Uribe Uribe,2026,4,2026-04,91.0,79.0,79.0,86.10994439213496,82.70354391484884,92.67305742751672,88.86049,82.70354391484884,88.86048889160156,bosque,red_residual,hurto,-2.1395111083984375
UPZ36,San Jose,Rafael Uribe Uribe,2026,5,2026-05,93.0,91.0,91.0,87.57200926232244,84.1444303239641,83.15736637233175,91.25309,84.1444303239641,91.25308990478516,bosque,red_residual,hurto,-1.7469100952148438
UPZ36,San Jose,Rafael Uribe Uribe,2026,6,2026-06,62.0,93.0,93.0,92.24139592693217,86.4651336193758,94.77522242271709,88.66673,86.4651336193758,88.66673278808594,bosque,red_residual,hurto,26.666732788085938
UPZ38,Restrepo,Antonio Nariño,2026,1,2026-01,191.0,205.0,205.0,192.81379296784587,181.93421890625066,164.82015442081365,176.62253,181.93421890625066,176.62252807617188,bosque,red_residual,hurto,-14.377471923828125
UPZ38,Restrepo,Antonio Nariño,2026,2,2026-02,163.0,191.0,191.0,191.17128020705564,176.11829960003877,162.31943068152978,169.66127,176.11829960003877,169.66127014160156,bosque,red_residual,hurto,6.6612701416015625
UPZ38,Restrepo,Antonio Nariño,2026,3,2026-03,181.0,163.0,163.0,183.59237304820516,175.9374772287582,194.12648268605142,183.34341,175.9374772287582,183.34341430664062,bosque,red_residual,hurto,2.343414306640625
UPZ38,Restrepo,Antonio Nariño,2026,4,2026-04,186.0,181.0,181.0,182.4946904858278,177.6133185022395,180.09775284524284,180.57158,177.6133185022395,180.5715789794922,bosque,red_residual,hurto,-5.4284210205078125
UPZ38,Restrepo,Antonio Nariño,2026,5,2026-05,154.0,186.0,186.0,186.48729516761068,180.67304885648798,185.40266382979064,187.69313,180.67304885648798,187.69313049316406,bosque,red_residual,hurto,33.69313049316406
UPZ38,Restrepo,Antonio Nariño,2026,6,2026-06,179.0,154.0,154.0,172.73271631604524,164.51670361284357,158.68976746041324,162.00107,164.51670361284357,162.00106811523438,bosque,red_residual,hurto,-16.998931884765625
UPZ39,Quiroga,Rafael Uribe Uribe,2026,1,2026-01,181.0,145.0,145.0,166.83905056357582,153.99959823793728,137.49445911432377,154.74327,153.99959823793728,154.74327087402344,bosque,red_residual,hurto,-26.256729125976562
UPZ39,Quiroga,Rafael Uribe Uribe,2026,2,2026-02,175.0,181.0,181.0,157.29231027791968,169.2889287887658,130.1601545619921,149.13904,169.2889287887658,149.1390380859375,bosque,red_residual,hurto,-25.8609619140625
UPZ39,Quiroga,Rafael Uribe Uribe,2026,3,2026-03,171.0,175.0,175.0,166.08207222678422,174.451987393102,157.48341612689322,166.27913,174.451987393102,166.2791290283203,bosque,red_residual,hurto,-4.7208709716796875
UPZ39,Quiroga,Rafael Uribe Uribe,2026,4,2026-04,174.0,171.0,171.0,172.8027485866673,174.2059623853368,173.6036906089245,172.62862,174.2059623853368,172.6286163330078,bosque,red_residual,hurto,-1.3713836669921875
UPZ39,Quiroga,Rafael Uribe Uribe,2026,5,2026-05,153.0,174.0,174.0,175.82272780172937,172.32831953862225,181.24574226436363,178.38525,172.32831953862225,178.38525390625,bosque,red_residual,hurto,25.38525390625
UPZ39,Quiroga,Rafael Uribe Uribe,2026,6,2026-06,131.0,153.0,153.0,159.92852084458448,166.39388430394803,154.85290152649065,147.89719,166.39388430394803,147.89718627929688,bosque,red_residual,hurto,16.897186279296875
UPZ40,Ciudad Montes,Puente Aranda,2026,1,2026-01,192.0,140.0,140.0,168.8958466389909,167.55518250298104,173.7344469396138,166.11693,167.55518250298104,166.11692810058594,bosque,red_residual,hurto,-25.883071899414062
UPZ40,Ciudad Montes,Puente Aranda,2026,2,2026-02,196.0,192.0,192.0,174.83963230562108,186.24153385528825,147.11131421120504,166.56339,186.24153385528825,166.56338500976562,bosque,red_residual,hurto,-29.436614990234375
UPZ40,Ciudad Montes,Puente Aranda,2026,3,2026-03,148.0,196.0,196.0,179.09272333601194,188.78464794881998,172.99758108696474,179.0725,188.78464794881998,179.07249450683594,bosque,red_residual,hurto,31.072494506835938
UPZ40,Ciudad Montes,Puente Aranda,2026,4,2026-04,187.0,148.0,148.0,174.18551246535904,181.58929926771873,201.76788978630458,182.45207,181.58929926771873,182.4520721435547,bosque,red_residual,hurto,-4.5479278564453125
UPZ40,Ciudad Montes,Puente Aranda,2026,5,2026-05,190.0,187.0,187.0,184.47545746030522,185.9864158935517,198.24988053793047,191.65654,185.9864158935517,191.6565399169922,bosque,red_residual,hurto,1.6565399169921875
UPZ40,Ciudad Montes,Puente Aranda,2026,6,2026-06,159.0,190.0,190.0,178.42584000370212,177.79018079836914,183.12667763497254,178.40096,177.79018079836914,178.4009552001953,bosque,red_residual,hurto,19.400955200195312
UPZ41,Muzu,Puente Aranda,2026,1,2026-01,87.0,90.0,90.0,88.14089787918984,89.0832077419205,72.05268654386518,85.746574,89.0832077419205,85.74657440185547,bosque,red_residual,hurto,-1.2534255981445312
UPZ41,Muzu,Puente Aranda,2026,2,2026-02,81.0,87.0,87.0,79.5123209107191,87.28393485851292,52.60971666462328,70.06773,87.28393485851292,70.06773376464844,bosque,red_residual,hurto,-10.932266235351562
UPZ41,Muzu,Puente Aranda,2026,3,2026-03,112.0,81.0,81.0,85.25807785760688,87.45721033559524,82.08642891648175,85.70427,87.45721033559524,85.70426940917969,bosque,red_residual,hurto,-26.295730590820312
UPZ41,Muzu,Puente Aranda,2026,4,2026-04,94.0,112.0,112.0,98.79772216820814,99.62143769208406,95.73167969079478,101.92906,99.62143769208406,101.92906188964844,bosque,red_residual,hurto,7.9290618896484375
UPZ41,Muzu,Puente Aranda,2026,5,2026-05,81.0,94.0,94.0,101.90655724701756,96.22672845051474,107.70289678306327,100.82711,96.22672845051474,100.82711029052734,bosque,red_residual,hurto,19.827110290527344
UPZ41,Muzu,Puente Aranda,2026,6,2026-06,74.0,81.0,81.0,93.27018035397407,90.5943338621201,81.62206678573718,80.06183,90.5943338621201,80.06182861328125,bosque,red_residual,hurto,6.06182861328125
UPZ42,Venecia,Tunjuelito,2026,1,2026-01,179.0,175.0,175.0,171.96333294004745,161.05722979080898,122.24471560004432,140.1745,161.05722979080898,140.17449951171875,bosque,red_residual,hurto,-38.82550048828125
UPZ42,Venecia,Tunjuelito,2026,2,2026-02,126.0,179.0,179.0,174.6262573212423,166.87733824152843,155.14803370980846,153.77348,166.87733824152843,153.7734832763672,bosque,red_residual,hurto,27.773483276367188
UPZ42,Venecia,Tunjuelito,2026,3,2026-03,171.0,126.0,126.0,155.54049038510342,164.12331264738975,182.71717337871627,158.4357,164.12331264738975,158.43569946289062,bosque,red_residual,hurto,-12.564300537109375
UPZ42,Venecia,Tunjuelito,2026,4,2026-04,165.0,171.0,171.0,163.9699354159589,171.9462455936659,163.54571556566881,162.865,171.9462455936659,162.86500549316406,bosque,red_residual,hurto,-2.1349945068359375
UPZ42,Venecia,Tunjuelito,2026,5,2026-05,100.0,165.0,165.0,163.2343963380225,172.29045333308508,166.75237905148356,164.73425,172.29045333308508,164.7342529296875,bosque,red_residual,hurto,64.7342529296875
UPZ42,Venecia,Tunjuelito,2026,6,2026-06,128.0,100.0,100.0,139.7079406673888,131.23775508833228,148.39910507290432,118.1922,131.23775508833228,118.19219970703125,bosque,red_residual,hurto,-9.80780029296875
UPZ43,San Rafael,Puente Aranda,2026,1,2026-01,106.0,117.0,117.0,111.01900417366873,114.60630203093909,84.97895058659756,103.98281,114.60630203093909,103.9828109741211,bosque,red_residual,hurto,-2.0171890258789062
UPZ43,San Rafael,Puente Aranda,2026,2,2026-02,79.0,106.0,106.0,108.91857455556467,119.29440433200558,101.10397451502504,104.70685,119.29440433200558,104.70684814453125,bosque,red_residual,hurto,25.70684814453125
UPZ43,San Rafael,Puente Aranda,2026,3,2026-03,100.0,79.0,79.0,96.67533597178307,102.49160257075903,119.71677605608647,105.55792,102.49160257075903,105.55792236328125,bosque,red_residual,hurto,5.55792236328125
UPZ43,San Rafael,Puente Aranda,2026,4,2026-04,83.0,100.0,100.0,99.30224376623929,100.56606876052453,115.37353951122543,105.93545,100.56606876052453,105.9354476928711,bosque,red_residual,hurto,22.935447692871094
UPZ43,San Rafael,Puente Aranda,2026,5,2026-05,95.0,83.0,83.0,93.9112461922017,94.62340472635073,111.55389696829118,99.90116,94.62340472635073,99.90116119384766,bosque,red_residual,hurto,4.901161193847656
UPZ43,San Rafael,Puente Aranda,2026,6,2026-06,87.0,95.0,95.0,94.4673453251804,99.23351805155136,106.68112215974853,94.11371,99.23351805155136,94.11370849609375,bosque,red_residual,hurto,7.11370849609375
UPZ44,Americas,Kennedy,2026,1,2026-01,132.0,177.0,177.0,149.12775288886047,154.31293388854212,125.23530466095845,143.34628,154.31293388854212,143.34628295898438,bosque,red_residual,hurto,11.346282958984375
UPZ44,Americas,Kennedy,2026,2,2026-02,134.0,132.0,132.0,140.65848028644763,165.0377845416172,134.7830861196309,138.94275,165.0377845416172,138.9427490234375,bosque,red_residual,hurto,4.9427490234375
UPZ44,Americas,Kennedy,2026,3,2026-03,164.0,134.0,134.0,147.1804592821119,163.05992004057308,166.35799116048375,156.92357,163.05992004057308,156.92356872558594,bosque,red_residual,hurto,-7.0764312744140625
UPZ44,Americas,Kennedy,2026,4,2026-04,142.0,164.0,164.0,151.46574557619283,157.02364524127447,160.00074585374864,158.49875,157.02364524127447,158.49874877929688,bosque,red_residual,hurto,16.498748779296875
UPZ44,Americas,Kennedy,2026,5,2026-05,164.0,142.0,142.0,155.00036883278796,161.3157149524623,179.51353313372204,165.37326,161.3157149524623,165.37326049804688,bosque,red_residual,hurto,1.373260498046875
UPZ44,Americas,Kennedy,2026,6,2026-06,126.0,164.0,164.0,162.48957551324108,171.25554690757082,162.5815519828622,163.24467,171.25554690757082,163.2446746826172,bosque,red_residual,hurto,37.24467468261719
UPZ45,Carvajal,Kennedy,2026,1,2026-01,127.0,140.0,140.0,153.44791627383233,154.46300376808347,138.2177871927286,145.18323,154.46300376808347,145.1832275390625,bosque,red_residual,hurto,18.1832275390625
UPZ45,Carvajal,Kennedy,2026,2,2026-02,110.0,127.0,127.0,143.27489303900538,158.04618291496848,131.38045956806897,134.72572,158.04618291496848,134.72572326660156,bosque,red_residual,hurto,24.725723266601562
UPZ45,Carvajal,Kennedy,2026,3,2026-03,150.0,110.0,110.0,122.17930716875742,118.99201844349064,134.9872136101104,128.98886,118.99201844349064,128.98886108398438,bosque,red_residual,hurto,-21.011138916015625
UPZ45,Carvajal,Kennedy,2026,4,2026-04,143.0,150.0,150.0,133.85524264527842,143.11400714085414,130.9582994600157,137.65704,143.11400714085414,137.65704345703125,bosque,red_residual,hurto,-5.34295654296875
UPZ45,Carvajal,Kennedy,2026,5,2026-05,119.0,143.0,143.0,141.4855181800939,154.49436939466779,155.15183473182833,147.75589,154.49436939466779,147.75588989257812,bosque,red_residual,hurto,28.755889892578125
UPZ45,Carvajal,Kennedy,2026,6,2026-06,147.0,119.0,119.0,133.7614404141703,137.52781030140707,122.98290113321217,120.65175,137.52781030140707,120.65174865722656,bosque,red_residual,hurto,-26.348251342773438
UPZ46,Castilla,Kennedy,2026,1,2026-01,170.0,189.0,189.0,178.7335852633924,167.6887401369132,133.79462808338323,159.90256,167.6887401369132,159.90255737304688,bosque,red_residual,hurto,-10.097442626953125
UPZ46,Castilla,Kennedy,2026,2,2026-02,190.0,170.0,170.0,179.87449404919388,180.94803217828462,179.75139347832692,173.86092,180.94803217828462,173.8609161376953,bosque,red_residual,hurto,-16.139083862304688
UPZ46,Castilla,Kennedy,2026,3,2026-03,181.0,190.0,190.0,188.01161440631938,182.67557570972605,194.86302634406383,187.63638,182.67557570972605,187.63638305664062,bosque,red_residual,hurto,6.636383056640625
UPZ46,Castilla,Kennedy,2026,4,2026-04,178.0,181.0,181.0,186.30230648659037,181.12843533926602,194.94161482116425,190.86649,181.12843533926602,190.86648559570312,bosque,red_residual,hurto,12.866485595703125
UPZ46,Castilla,Kennedy,2026,5,2026-05,174.0,178.0,178.0,192.00952693992798,182.14959723942565,204.80119843677738,199.56497,182.14959723942565,199.56497192382812,bosque,red_residual,hurto,25.564971923828125
UPZ46,Castilla,Kennedy,2026,6,2026-06,163.0,174.0,174.0,183.31927982845343,180.14531582435498,167.6087370621303,176.40839,180.14531582435498,176.40838623046875,bosque,red_residual,hurto,13.40838623046875
UPZ49,Apogeo,Bosa,2026,1,2026-01,36.0,37.0,37.0,27.561734399556386,48.376481708229214,24.886905212044063,27.997227,48.376481708229214,27.99722671508789,bosque,red_residual,hurto,-8.00277328491211
UPZ49,Apogeo,Bosa,2026,2,2026-02,29.0,36.0,36.0,31.902647250783048,39.03274728870064,30.375395980199567,30.077545,39.03274728870064,30.077545166015625,bosque,red_residual,hurto,1.077545166015625
UPZ49,Apogeo,Bosa,2026,3,2026-03,32.0,29.0,29.0,37.213293483290386,34.46456031423434,38.55425978491633,36.708336,34.46456031423434,36.708335876464844,bosque,red_residual,hurto,4.708335876464844
UPZ49,Apogeo,Bosa,2026,4,2026-04,44.0,32.0,32.0,37.92042955872304,35.9954980327744,35.923091493788604,35.982105,35.9954980327744,35.98210525512695,bosque,red_residual,hurto,-8.017894744873047
UPZ49,Apogeo,Bosa,2026,5,2026-05,39.0,44.0,44.0,46.19526260153147,37.39410051157673,41.44822273836569,44.253002,37.39410051157673,44.25300216674805,bosque,red_residual,hurto,5.253002166748047
UPZ49,Apogeo,Bosa,2026,6,2026-06,36.0,39.0,39.0,42.862898454510116,39.24636867549328,43.78987472338259,37.40013,39.24636867549328,37.40013122558594,bosque,red_residual,hurto,1.4001312255859375
UPZ53,Marco Fidel Suarez,Rafael Uribe Uribe,2026,1,2026-01,79.0,73.0,73.0,64.49590221283844,74.35806332021434,61.857493769111116,63.47737,74.35806332021434,63.47737121582031,bosque,red_residual,hurto,-15.522628784179688
UPZ53,Marco Fidel Suarez,Rafael Uribe Uribe,2026,2,2026-02,57.0,79.0,79.0,70.00640590659799,75.46647826755873,58.705258797320326,64.19061,75.46647826755873,64.19061279296875,bosque,red_residual,hurto,7.19061279296875
UPZ53,Marco Fidel Suarez,Rafael Uribe Uribe,2026,3,2026-03,83.0,57.0,57.0,71.000854238503,74.0726939312328,86.45359489400816,77.339485,74.0726939312328,77.33948516845703,bosque,red_residual,hurto,-5.660514831542969
UPZ53,Marco Fidel Suarez,Rafael Uribe Uribe,2026,4,2026-04,54.0,83.0,83.0,79.78664429840182,75.98959178850033,82.08693661782505,85.26232,75.98959178850033,85.26232147216797,bosque,red_residual,hurto,31.26232147216797
UPZ53,Marco Fidel Suarez,Rafael Uribe Uribe,2026,5,2026-05,63.0,54.0,54.0,72.0057598047706,70.78079874954433,79.82591356419603,71.25082,70.78079874954433,71.25081634521484,bosque,red_residual,hurto,8.250816345214844
UPZ53,Marco Fidel Suarez,Rafael Uribe Uribe,2026,6,2026-06,52.0,63.0,63.0,70.52024846056375,72.64718058576301,70.79947727920073,63.67586,72.64718058576301,63.67586135864258,bosque,red_residual,hurto,11.675861358642578
UPZ54,Marruecos,Rafael Uribe Uribe,2026,1,2026-01,115.0,59.0,59.0,71.25548321161517,74.94547814227386,61.38090434489377,70.875114,74.94547814227386,70.87511444091797,bosque,red_residual,hurto,-44.12488555908203
UPZ54,Marruecos,Rafael Uribe Uribe,2026,2,2026-02,95.0,115.0,115.0,89.13360926743817,99.68239463093329,72.7839746555518,91.59517,99.68239463093329,91.59516906738281,bosque,red_residual,hurto,-3.4048309326171875
UPZ54,Marruecos,Rafael Uribe Uribe,2026,3,2026-03,98.0,95.0,95.0,93.83150671111316,90.65301351121609,92.49072696796176,97.02108,90.65301351121609,97.02108001708984,bosque,red_residual,hurto,-0.9789199829101562
UPZ54,Marruecos,Rafael Uribe Uribe,2026,4,2026-04,84.0,98.0,98.0,106.48615305211564,100.27945764633122,111.86254147421609,109.695694,100.27945764633122,109.69569396972656,bosque,red_residual,hurto,25.695693969726562
UPZ54,Marruecos,Rafael Uribe Uribe,2026,5,2026-05,79.0,84.0,84.0,100.10637851779127,86.67260401851894,106.75058927890349,101.13696,86.67260401851894,101.136962890625,bosque,red_residual,hurto,22.136962890625
UPZ54,Marruecos,Rafael Uribe Uribe,2026,6,2026-06,74.0,79.0,79.0,91.0690024988032,78.87078409065366,87.40561194908886,81.44927,78.87078409065366,81.44927215576172,bosque,red_residual,hurto,7.449272155761719
UPZ56,Danubio,Usme,2026,1,2026-01,20.0,40.0,40.0,33.09980166856252,50.373376086115584,25.417675951302346,34.13826,50.373376086115584,34.13825988769531,bosque,red_residual,hurto,14.138259887695312
UPZ56,Danubio,Usme,2026,2,2026-02,32.0,20.0,20.0,28.316962697586376,36.607285999730365,31.49246194806785,21.185795,36.607285999730365,21.185794830322266,bosque,red_residual,hurto,-10.814205169677734
UPZ56,Danubio,Usme,2026,3,2026-03,30.0,32.0,32.0,35.453803103029756,34.62487690136521,34.514871073033504,34.67172,34.62487690136521,34.67171859741211,bosque,red_residual,hurto,4.671718597412109
UPZ56,Danubio,Usme,2026,4,2026-04,39.0,30.0,30.0,34.113288464948795,32.99301088030546,32.17258555328934,32.478817,32.99301088030546,32.478816986083984,bosque,red_residual,hurto,-6.521183013916016
UPZ56,Danubio,Usme,2026,5,2026-05,20.0,39.0,39.0,45.13297362207891,36.891932062870154,40.728369150317356,41.274376,36.891932062870154,41.274375915527344,bosque,red_residual,hurto,21.274375915527344
UPZ56,Danubio,Usme,2026,6,2026-06,44.0,20.0,20.0,34.02730226764058,33.93899356372169,36.849307566182695,20.809723,33.93899356372169,20.809722900390625,bosque,red_residual,hurto,-23.190277099609375
UPZ62,Tunjuelito,Tunjuelito,2026,1,2026-01,79.0,69.0,69.0,56.12970693381586,66.87592630478117,53.47907131512545,47.61602,66.87592630478117,47.61602020263672,bosque,red_residual,hurto,-31.38397979736328
UPZ62,Tunjuelito,Tunjuelito,2026,2,2026-02,58.0,79.0,79.0,58.27962498042755,72.14436796198218,54.27481875818823,52.32879,72.14436796198218,52.32878875732422,bosque,red_residual,hurto,-5.671211242675781
UPZ62,Tunjuelito,Tunjuelito,2026,3,2026-03,62.0,58.0,58.0,66.33627904093385,69.94458294815246,88.07790837774387,69.82201,69.94458294815246,69.82200622558594,bosque,red_residual,hurto,7.8220062255859375
UPZ62,Tunjuelito,Tunjuelito,2026,4,2026-04,42.0,62.0,62.0,65.36423841410783,67.64843675867584,76.85711090281553,64.33535,67.64843675867584,64.3353500366211,bosque,red_residual,hurto,22.335350036621094
UPZ62,Tunjuelito,Tunjuelito,2026,5,2026-05,57.0,42.0,42.0,57.17035857433375,60.64845353646914,68.74984111407714,54.976578,60.64845353646914,54.97657775878906,bosque,red_residual,hurto,-2.0234222412109375
UPZ62,Tunjuelito,Tunjuelito,2026,6,2026-06,61.0,57.0,57.0,54.99760432857538,65.04398685490253,54.87800459734959,52.89994,65.04398685490253,52.899940490722656,bosque,red_residual,hurto,-8.100059509277344
UPZ65,Arborizadora,Ciudad Bolívar,2026,1,2026-01,83.0,84.0,84.0,93.55109403763151,95.72194032042775,82.22254135718565,88.711914,95.72194032042775,88.7119140625,bosque,red_residual,hurto,5.7119140625
UPZ65,Arborizadora,Ciudad Bolívar,2026,2,2026-02,76.0,83.0,83.0,85.11071105725189,86.0812157485388,80.06310106906747,84.29032,86.0812157485388,84.29032135009766,bosque,red_residual,hurto,8.290321350097656
UPZ65,Arborizadora,Ciudad Bolívar,2026,3,2026-03,107.0,76.0,76.0,81.72734615045133,84.00807702072855,91.20817636563002,92.05527,84.00807702072855,92.05526733398438,bosque,red_residual,hurto,-14.944732666015625
UPZ65,Arborizadora,Ciudad Bolívar,2026,4,2026-04,112.0,107.0,107.0,95.50021030392742,94.77569982903482,98.10328834694437,105.55862,94.77569982903482,105.5586166381836,bosque,red_residual,hurto,-6.441383361816406
UPZ65,Arborizadora,Ciudad Bolívar,2026,5,2026-05,88.0,112.0,112.0,108.97305725017446,100.7856636930826,114.32923129513408,119.36653,100.7856636930826,119.36653137207031,bosque,red_residual,hurto,31.366531372070312
UPZ65,Arborizadora,Ciudad Bolívar,2026,6,2026-06,78.0,88.0,88.0,102.9181531438544,96.28444954776504,102.62435802772268,97.36419,96.28444954776504,97.36418914794922,bosque,red_residual,hurto,19.36418914794922
UPZ72,Bolivia,Engativá,2026,1,2026-01,51.0,57.0,57.0,50.9603426448589,65.29755038616265,54.89507810750586,46.054283,65.29755038616265,46.054283142089844,bosque,red_residual,hurto,-4.945716857910156
UPZ72,Bolivia,Engativá,2026,2,2026-02,78.0,51.0,51.0,49.03316120017864,62.473478106106334,44.30534741258367,46.6702,62.473478106106334,46.67020034790039,bosque,red_residual,hurto,-31.32979965209961
UPZ72,Bolivia,Engativá,2026,3,2026-03,56.0,78.0,78.0,65.67387421809586,73.95448507090947,61.9715991378876,70.52174,73.95448507090947,70.52174377441406,bosque,red_residual,hurto,14.521743774414062
UPZ72,Bolivia,Engativá,2026,4,2026-04,75.0,56.0,56.0,63.50999267229231,66.8067285924595,67.88008410348299,64.56155,66.8067285924595,64.5615463256836,bosque,red_residual,hurto,-10.438453674316406
UPZ72,Bolivia,Engativá,2026,5,2026-05,55.0,75.0,75.0,77.3691210219415,77.66814142156291,76.61118171883555,77.22113,77.66814142156291,77.22113037109375,bosque,red_residual,hurto,22.22113037109375
UPZ72,Bolivia,Engativá,2026,6,2026-06,46.0,55.0,55.0,63.04965255682816,66.21974258208847,65.90887460860903,54.484478,66.21974258208847,54.48447799682617,bosque,red_residual,hurto,8.484477996826172
UPZ82,Patio Bonito,Kennedy,2026,1,2026-01,141.0,165.0,165.0,147.32398733599445,152.7772594498428,117.35979703225695,139.1925,152.7772594498428,139.1925048828125,bosque,red_residual,hurto,-1.8074951171875
UPZ82,Patio Bonito,Kennedy,2026,2,2026-02,131.0,141.0,141.0,140.78027975200493,165.9109195862482,131.3237591343775,139.43353,165.9109195862482,139.43353271484375,bosque,red_residual,hurto,8.43353271484375
UPZ82,Patio Bonito,Kennedy,2026,3,2026-03,148.0,131.0,131.0,143.58510274238932,158.08504465494462,158.10541957911366,154.98923,158.08504465494462,154.98922729492188,bosque,red_residual,hurto,6.989227294921875
UPZ82,Patio Bonito,Kennedy,2026,4,2026-04,115.0,148.0,148.0,144.09045902411034,157.53798968691032,155.433805780656,153.75764,157.53798968691032,153.7576446533203,bosque,red_residual,hurto,38.75764465332031
UPZ82,Patio Bonito,Kennedy,2026,5,2026-05,114.0,115.0,115.0,135.33786475487148,135.70073286398642,153.1745123621202,138.78015,135.70073286398642,138.7801513671875,bosque,red_residual,hurto,24.7801513671875
UPZ82,Patio Bonito,Kennedy,2026,6,2026-06,159.0,114.0,114.0,126.54049709636267,119.48276095343769,126.33082718586135,118.33511,119.48276095343769,118.33511352539062,bosque,red_residual,hurto,-40.664886474609375
UPZ83,Las Margaritas,Kennedy,2026,1,2026-01,20.0,18.0,18.0,11.741157061341397,42.96328249718393,12.560799395970221,12.754916,42.96328249718393,12.754916191101074,bosque,red_residual,hurto,-7.245083808898926
UPZ83,Las Margaritas,Kennedy,2026,2,2026-02,14.0,20.0,20.0,15.870784577177616,32.14924634831002,17.01418286881317,15.815964,32.14924634831002,15.815963745117188,bosque,red_residual,hurto,1.8159637451171875
UPZ83,Las Margaritas,Kennedy,2026,3,2026-03,33.0,14.0,14.0,20.700465928821103,28.766844645646096,22.54139297663425,19.313541,28.766844645646096,19.313541412353516,bosque,red_residual,hurto,-13.686458587646484
UPZ83,Las Margaritas,Kennedy,2026,4,2026-04,27.0,33.0,33.0,30.341208337833322,28.64128196743097,29.795963363485246,31.686947,28.64128196743097,31.686946868896484,bosque,red_residual,hurto,4.686946868896484
UPZ83,Las Margaritas,Kennedy,2026,5,2026-05,25.0,27.0,27.0,35.21516339836337,29.26758975594346,32.78297109490417,30.172974,29.26758975594346,30.1729736328125,bosque,red_residual,hurto,5.1729736328125
UPZ83,Las Margaritas,Kennedy,2026,6,2026-06,36.0,25.0,25.0,33.52423477577361,30.353442735572838,34.159300596111805,24.53871,30.353442735572838,24.53870964050293,bosque,red_residual,hurto,-11.46129035949707
UPZ85,Bosa Central,Bosa,2026,1,2026-01,214.0,265.0,265.0,228.90589481848994,211.42762700966543,188.7414161614814,215.27814,211.42762700966543,215.27813720703125,bosque,red_residual,hurto,1.27813720703125
UPZ85,Bosa Central,Bosa,2026,2,2026-02,249.0,214.0,214.0,222.06384361929221,220.10482023263086,217.46110633778449,219.13234,220.10482023263086,219.13233947753906,bosque,red_residual,hurto,-29.867660522460938
UPZ85,Bosa Central,Bosa,2026,3,2026-03,275.0,249.0,249.0,241.4817350055771,236.03823727270927,244.1050001182782,248.49821,236.03823727270927,248.4982147216797,bosque,red_residual,hurto,-26.501785278320312
UPZ85,Bosa Central,Bosa,2026,4,2026-04,220.0,275.0,275.0,251.21493075252226,241.57774124136373,251.4862129954171,255.96959,241.57774124136373,255.96958923339844,bosque,red_residual,hurto,35.96958923339844
UPZ85,Bosa Central,Bosa,2026,5,2026-05,212.0,220.0,220.0,247.53649316234956,228.09839659178968,268.85893614615003,261.0417,228.09839659178968,261.04168701171875,bosque,red_residual,hurto,49.04168701171875
UPZ85,Bosa Central,Bosa,2026,6,2026-06,238.0,212.0,212.0,231.4555508359395,223.46649005327097,228.73723752008823,226.48276,223.46649005327097,226.48275756835938,bosque,red_residual,hurto,-11.517242431640625
UPZ9,Verbenal,Usaquén,2026,1,2026-01,89.0,86.0,86.0,80.0503592517438,80.58981722356877,75.16394637990729,83.07705,80.58981722356877,83.0770492553711,bosque,red_residual,hurto,-5.922950744628906
UPZ9,Verbenal,Usaquén,2026,2,2026-02,90.0,89.0,89.0,77.52280335287266,82.61046160948888,63.92381108027337,73.66399,82.61046160948888,73.66398620605469,bosque,red_residual,hurto,-16.336013793945312
UPZ9,Verbenal,Usaquén,2026,3,2026-03,120.0,90.0,90.0,87.76442572356991,82.85601058351865,80.63371892149827,88.557304,82.85601058351865,88.55730438232422,bosque,red_residual,hurto,-31.44269561767578
UPZ9,Verbenal,Usaquén,2026,4,2026-04,103.0,120.0,120.0,103.89743517610228,98.8852487646507,96.74324364916654,106.11797,98.8852487646507,106.11797332763672,bosque,red_residual,hurto,3.1179733276367188
UPZ9,Verbenal,Usaquén,2026,5,2026-05,60.0,103.0,103.0,108.85643375371511,101.66978168301179,108.69398457079647,107.351715,101.66978168301179,107.35171508789062,bosque,red_residual,hurto,47.351715087890625
UPZ9,Verbenal,Usaquén,2026,6,2026-06,78.0,60.0,60.0,88.05339845769721,82.98408749225109,84.29989380346325,68.720924,82.98408749225109,68.7209243774414,bosque,red_residual,hurto,-9.279075622558594
UPZ91,Sagrado Corazon,Santa Fe,2026,1,2026-01,36.0,40.0,40.0,42.66243798443848,55.07910777970247,1.455576143144981,34.72531,55.07910777970247,34.725311279296875,bosque,red_residual,hurto,-1.274688720703125
UPZ91,Sagrado Corazon,Santa Fe,2026,2,2026-02,55.0,36.0,36.0,38.79159901332753,42.48981051193052,32.9271676494786,31.681343,42.48981051193052,31.68134307861328,bosque,red_residual,hurto,-23.31865692138672
UPZ91,Sagrado Corazon,Santa Fe,2026,3,2026-03,75.0,55.0,55.0,50.49708245262826,46.134880145724914,45.10258272871853,48.656574,46.134880145724914,48.65657424926758,bosque,red_residual,hurto,-26.343425750732422
UPZ91,Sagrado Corazon,Santa Fe,2026,4,2026-04,73.0,75.0,75.0,65.37137185564734,60.36691601380379,63.27785125924419,67.80039,60.36691601380379,67.8003921508789,bosque,red_residual,hurto,-5.199607849121094
UPZ91,Sagrado Corazon,Santa Fe,2026,5,2026-05,69.0,73.0,73.0,78.95446481895695,70.2655069202924,78.9452312363304,71.86959,70.2655069202924,71.86959075927734,bosque,red_residual,hurto,2.8695907592773438
UPZ91,Sagrado Corazon,Santa Fe,2026,6,2026-06,58.0,69.0,69.0,80.05728571952062,72.46085168063757,73.51426645600236,68.54761,72.46085168063757,68.547607421875,bosque,red_residual,hurto,10.547607421875
UPZ92,La Macarena,Santa Fe,2026,1,2026-01,27.0,14.0,14.0,14.31694244375015,33.031181500196794,0.0,7.2667384,33.031181500196794,7.266738414764404,bosque,red_residual,hurto,-19.733261585235596
UPZ92,La Macarena,Santa Fe,2026,2,2026-02,47.0,27.0,27.0,17.154548610205552,29.705780916395895,14.926527258994332,19.53172,29.705780916395895,19.531719207763672,bosque,red_residual,hurto,-27.468280792236328
UPZ92,La Macarena,Santa Fe,2026,3,2026-03,54.0,47.0,47.0,41.05797524156306,37.36629815367426,38.64930594041434,44.065105,37.36629815367426,44.06510543823242,bosque,red_residual,hurto,-9.934894561767578
UPZ92,La Macarena,Santa Fe,2026,4,2026-04,27.0,54.0,54.0,54.60722397828921,42.2985149375627,53.22561360275515,57.692585,42.2985149375627,57.69258499145508,bosque,red_residual,hurto,30.692584991455078
UPZ92,La Macarena,Santa Fe,2026,5,2026-05,22.0,27.0,27.0,53.63973073550392,36.29279847605776,47.2824091695184,45.611305,36.29279847605776,45.611305236816406,bosque,red_residual,hurto,23.611305236816406
UPZ92,La Macarena,Santa Fe,2026,6,2026-06,12.0,22.0,22.0,43.47365946157598,33.65405021030675,28.28188619611628,30.151474,33.65405021030675,30.151473999023438,bosque,red_residual,hurto,18.151473999023438
UPZ93,Las Nieves,Santa Fe,2026,1,2026-01,174.0,188.0,188.0,191.04359512491095,180.7551903828711,149.90619941547737,181.84418,180.7551903828711,181.84417724609375,bosque,red_residual,hurto,7.84417724609375
UPZ93,Las Nieves,Santa Fe,2026,2,2026-02,204.0,174.0,174.0,179.94663191133571,179.69041066675453,155.40161327694892,169.04291,179.69041066675453,169.04290771484375,bosque,red_residual,hurto,-34.95709228515625
UPZ93,Las Nieves,Santa Fe,2026,3,2026-03,247.0,204.0,204.0,192.47242366327782,197.41537689316084,194.82412628693405,194.80275,197.41537689316084,194.80274963378906,bosque,red_residual,hurto,-52.19725036621094
UPZ93,Las Nieves,Santa Fe,2026,4,2026-04,197.0,247.0,247.0,217.97314154327836,223.2493533738311,224.14382157580468,219.73216,223.2493533738311,219.73216247558594,bosque,red_residual,hurto,22.732162475585938
UPZ93,Las Nieves,Santa Fe,2026,5,2026-05,221.0,197.0,197.0,218.1881180426746,201.44687643967617,219.9480437214578,225.71436,201.44687643967617,225.71435546875,bosque,red_residual,hurto,4.71435546875
UPZ93,Las Nieves,Santa Fe,2026,6,2026-06,172.0,221.0,221.0,221.72082595159856,207.57132907574487,212.55001330234646,209.8786,207.57132907574487,209.87860107421875,bosque,red_residual,hurto,37.87860107421875
UPZ94,La Candelaria,Candelaria,2026,1,2026-01,48.0,58.0,58.0,38.3770474829399,59.041765376877656,0.0,49.78407,59.041765376877656,49.7840690612793,bosque,red_residual,hurto,1.7840690612792969
UPZ94,La Candelaria,Candelaria,2026,2,2026-02,67.0,48.0,48.0,38.34402252120273,57.12696318811335,38.94868899962442,45.211857,57.12696318811335,45.211856842041016,bosque,red_residual,hurto,-21.788143157958984
UPZ94,La Candelaria,Candelaria,2026,3,2026-03,68.0,67.0,67.0,54.14731894387353,63.54282084940341,61.320417891453346,65.72895,63.54282084940341,65.72895050048828,bosque,red_residual,hurto,-2.2710494995117188
UPZ94,La Candelaria,Candelaria,2026,4,2026-04,51.0,68.0,68.0,58.81928998349545,63.356412082639324,68.7299463227512,69.143234,63.356412082639324,69.14323425292969,bosque,red_residual,hurto,18.143234252929688
UPZ94,La Candelaria,Candelaria,2026,5,2026-05,40.0,51.0,51.0,59.38751762186946,61.061061112273066,70.27531449311732,59.122337,61.061061112273066,59.122337341308594,bosque,red_residual,hurto,19.122337341308594
UPZ94,La Candelaria,Candelaria,2026,6,2026-06,54.0,40.0,40.0,46.21144585872693,55.98986312724523,57.448086910705534,41.460438,55.98986312724523,41.4604377746582,bosque,red_residual,hurto,-12.539562225341797
UPZ95,Las Cruces,Santa Fe,2026,1,2026-01,45.0,52.0,52.0,49.439120249116,54.662907879837235,36.30471272471482,48.970062,54.662907879837235,48.970062255859375,bosque,red_residual,hurto,3.970062255859375
UPZ95,Las Cruces,Santa Fe,2026,2,2026-02,58.0,45.0,45.0,49.091659837023954,61.9200917673024,50.49535815225091,48.168644,61.9200917673024,48.168643951416016,bosque,red_residual,hurto,-9.831356048583984
UPZ95,Las Cruces,Santa Fe,2026,3,2026-03,57.0,58.0,58.0,56.12961646352426,62.98005328200532,58.96685833776706,62.198032,62.98005328200532,62.19803237915039,bosque,red_residual,hurto,5.198032379150391
UPZ95,Las Cruces,Santa Fe,2026,4,2026-04,52.0,57.0,57.0,58.300284719703356,63.62016163798705,64.5630507446564,63.047047,63.62016163798705,63.04704666137695,bosque,red_residual,hurto,11.047046661376953
UPZ95,Las Cruces,Santa Fe,2026,5,2026-05,41.0,52.0,52.0,63.481546030486626,63.62022240849467,63.7716846710363,63.840096,63.62022240849467,63.84009552001953,bosque,red_residual,hurto,22.84009552001953
UPZ95,Las Cruces,Santa Fe,2026,6,2026-06,57.0,41.0,41.0,53.210014531740015,54.4940650235356,49.432262670947175,44.963062,54.4940650235356,44.96306228637695,bosque,red_residual,hurto,-12.036937713623047
UPZ97,Chico Lago,Chapinero,2026,1,2026-01,220.0,270.0,270.0,276.8104514586248,254.20183320958972,269.2406660382047,265.52017,254.20183320958972,265.5201721191406,bosque,red_residual,hurto,45.520172119140625
UPZ97,Chico Lago,Chapinero,2026,2,2026-02,311.0,220.0,220.0,255.2899966582443,241.14943074380653,256.68734916423256,250.74619,241.14943074380653,250.74618530273438,bosque,red_residual,hurto,-60.253814697265625
UPZ97,Chico Lago,Chapinero,2026,3,2026-03,295.0,311.0,311.0,280.1535837159571,269.3459076472465,262.29395134554926,270.0559,269.3459076472465,270.055908203125,bosque,red_residual,hurto,-24.944091796875
UPZ97,Chico Lago,Chapinero,2026,4,2026-04,269.0,295.0,295.0,286.868205268485,271.1799037048681,277.01539260286415,279.95877,271.1799037048681,279.9587707519531,bosque,red_residual,hurto,10.958770751953125
UPZ97,Chico Lago,Chapinero,2026,5,2026-05,254.0,269.0,269.0,299.3677329601288,263.6632386893825,299.248268717305,296.34415,263.6632386893825,296.3441467285156,bosque,red_residual,hurto,42.344146728515625
UPZ97,Chico Lago,Chapinero,2026,6,2026-06,227.0,254.0,254.0,278.28259517907964,240.22566819221262,262.4903534120887,264.45648,240.22566819221262,264.45648193359375,bosque,red_residual,hurto,37.45648193359375
UPZ98,Los Alcázares,Barrios Unidos,2026,1,2026-01,301.0,278.0,278.0,274.78780397754554,243.1326567434581,260.879490090173,262.2077,243.1326567434581,262.20770263671875,bosque,red_residual,hurto,-38.79229736328125
UPZ98,Los Alcázares,Barrios Unidos,2026,2,2026-02,272.0,301.0,301.0,288.45751274149893,277.166452994083,261.2977271202489,276.7517,277.166452994083,276.751708984375,bosque,red_residual,hurto,4.751708984375
UPZ98,Los Alcázares,Barrios Unidos,2026,3,2026-03,330.0,272.0,272.0,281.09364743033404,263.7846031232066,273.8985890709466,279.047,263.7846031232066,279.0469970703125,bosque,red_residual,hurto,-50.9530029296875
UPZ98,Los Alcázares,Barrios Unidos,2026,4,2026-04,246.0,330.0,330.0,308.10165515957704,286.19600633262104,292.5525026293605,302.79608,286.19600633262104,302.79608154296875,bosque,red_residual,hurto,56.79608154296875
UPZ98,Los Alcázares,Barrios Unidos,2026,5,2026-05,204.0,246.0,246.0,282.61584502157314,260.99479112345364,295.8059533616712,289.58783,260.99479112345364,289.58782958984375,bosque,red_residual,hurto,85.58782958984375
UPZ98,Los Alcázares,Barrios Unidos,2026,6,2026-06,222.0,204.0,204.0,253.12564438613873,234.769933689956,259.61404053997137,247.45216,234.769933689956,247.45216369628906,bosque,red_residual,hurto,25.452163696289062
UPZ99,Chapinero,Chapinero,2026,1,2026-01,148.0,156.0,156.0,154.52732251813495,150.2664010865626,137.45954599203557,146.15695,150.2664010865626,146.15695190429688,bosque,red_residual,hurto,-1.843048095703125
UPZ99,Chapinero,Chapinero,2026,2,2026-02,141.0,148.0,148.0,152.89478793228665,151.2767785738246,139.85721335855507,150.04431,151.2767785738246,150.0443115234375,bosque,red_residual,hurto,9.0443115234375
UPZ99,Chapinero,Chapinero,2026,3,2026-03,201.0,141.0,141.0,151.46317795220352,147.92928893535296,158.26592466992787,154.93768,147.92928893535296,154.93768310546875,bosque,red_residual,hurto,-46.06231689453125
UPZ99,Chapinero,Chapinero,2026,4,2026-04,172.0,201.0,201.0,176.55669498952864,171.11573049265974,173.53668161343273,177.96106,171.11573049265974,177.9610595703125,bosque,red_residual,hurto,5.9610595703125
UPZ10,La Uribe,Usaquén,2026,1,2026-01,145.0,234.0,234.0,194.6367540943865,243.61967440553406,202.11331480886014,234.0579,243.61967440553406,202.11331480886014,bosque,mlp,violencia,57.11331480886014
UPZ10,La Uribe,Usaquén,2026,2,2026-02,194.0,145.0,145.0,173.82805614762174,175.87491152213295,134.3166168402836,145.1333,175.87491152213295,134.3166168402836,bosque,mlp,violencia,-59.68338315971641
UPZ10,La Uribe,Usaquén,2026,3,2026-03,194.0,194.0,194.0,193.28950408659597,197.9972270129606,228.77806399474557,194.24413,197.9972270129606,228.77806399474557,bosque,mlp,violencia,34.778063994745565
UPZ10,La Uribe,Usaquén,2026,4,2026-04,196.0,194.0,194.0,182.06844239786994,188.2042282248288,228.1120965739271,194.17223,188.2042282248288,228.1120965739271,bosque,mlp,violencia,32.11209657392709
UPZ10,La Uribe,Usaquén,2026,5,2026-05,179.0,196.0,196.0,214.044566007911,198.33986270541268,242.18229434303004,196.19415,198.33986270541268,242.18229434303004,bosque,mlp,violencia,63.18229434303004
UPZ10,La Uribe,Usaquén,2026,6,2026-06,196.0,179.0,179.0,190.12165849962446,190.93195062995156,188.68594555050302,179.01338,190.93195062995156,188.68594555050302,bosque,mlp,violencia,-7.314054449496979
UPZ100,Galerias,Teusaquillo,2026,1,2026-01,359.0,446.0,446.0,474.9003879182274,500.5881989631601,386.9023012399089,446.75574,500.5881989631601,386.9023012399089,bosque,mlp,violencia,27.902301239908923
UPZ100,Galerias,Teusaquillo,2026,2,2026-02,448.0,359.0,359.0,392.99028608300455,436.26887701206215,317.30111027371834,359.183,436.26887701206215,317.30111027371834,bosque,mlp,violencia,-130.69888972628166
UPZ100,Galerias,Teusaquillo,2026,3,2026-03,481.0,448.0,448.0,423.8218793532492,472.6981915382703,420.8866197470277,448.32462,472.6981915382703,420.8866197470277,bosque,mlp,violencia,-60.11338025297232
UPZ100,Galerias,Teusaquillo,2026,4,2026-04,518.0,481.0,481.0,440.20908080679425,486.5763437861828,460.18384880539946,481.27213,486.5763437861828,460.18384880539946,bosque,mlp,violencia,-57.816151194600536
UPZ100,Galerias,Teusaquillo,2026,5,2026-05,464.0,518.0,518.0,512.7520385455373,509.67335545589685,539.7303852017766,518.3187,509.67335545589685,539.7303852017766,bosque,mlp,violencia,75.73038520177658
UPZ100,Galerias,Teusaquillo,2026,6,2026-06,461.0,464.0,464.0,500.62830087558905,490.7465686629233,481.4345391534862,464.1591,490.7465686629233,481.4345391534862,bosque,mlp,violencia,20.434539153486185
UPZ101,Teusaquillo,Teusaquillo,2026,1,2026-01,285.0,301.0,301.0,331.5929054163071,334.7232029118869,344.12442380137884,301.8283,334.7232029118869,344.12442380137884,bosque,mlp,violencia,59.12442380137884
UPZ101,Teusaquillo,Teusaquillo,2026,2,2026-02,347.0,285.0,285.0,298.26929681967624,316.9391929359409,279.4076168498044,285.42853,316.9391929359409,279.4076168498044,bosque,mlp,violencia,-67.59238315019559
UPZ101,Teusaquillo,Teusaquillo,2026,3,2026-03,382.0,347.0,347.0,323.6905132259245,331.13667687302166,319.7078565430776,347.4684,331.13667687302166,319.7078565430776,bosque,mlp,violencia,-62.29214345692242
UPZ101,Teusaquillo,Teusaquillo,2026,4,2026-04,337.0,382.0,382.0,357.7939550670349,344.41385981594794,347.56881418748804,382.41827,344.41385981594794,347.56881418748804,bosque,mlp,violencia,10.568814187488044
UPZ101,Teusaquillo,Teusaquillo,2026,5,2026-05,364.0,337.0,337.0,388.3746110097347,349.8227628815443,388.06370610498516,337.46155,349.8227628815443,388.06370610498516,bosque,mlp,violencia,24.063706104985158
UPZ101,Teusaquillo,Teusaquillo,2026,6,2026-06,340.0,364.0,364.0,383.4699579406914,353.0645020271994,370.6486648004493,364.23404,353.0645020271994,370.6486648004493,bosque,mlp,violencia,30.648664800449296
UPZ102,La Sabana,Los Mártires,2026,1,2026-01,693.0,931.0,931.0,846.5509658969647,766.6369193711865,728.6056889953526,931.69495,766.6369193711865,728.6056889953526,bosque,mlp,violencia,35.60568899535258
UPZ102,La Sabana,Los Mártires,2026,2,2026-02,790.0,693.0,693.0,806.3131367557876,735.9075653858013,601.5914416197841,693.14764,735.9075653858013,601.5914416197841,bosque,mlp,violencia,-188.40855838021594
UPZ102,La Sabana,Los Mártires,2026,3,2026-03,890.0,790.0,790.0,803.1826776569015,761.4477400410802,714.735267495517,790.2357,761.4477400410802,714.735267495517,bosque,mlp,violencia,-175.26473250448305
UPZ102,La Sabana,Los Mártires,2026,4,2026-04,929.0,890.0,890.0,803.8375191938961,773.5488921431729,809.3190366505348,890.14813,773.5488921431729,809.3190366505348,bosque,mlp,violencia,-119.68096334946517
UPZ102,La Sabana,Los Mártires,2026,5,2026-05,866.0,929.0,929.0,897.5138915867972,823.2186838614768,889.5808162539986,929.1948,823.2186838614768,889.5808162539986,bosque,mlp,violencia,23.58081625399859
UPZ102,La Sabana,Los Mártires,2026,6,2026-06,748.0,866.0,866.0,897.0021496670979,833.0726864140403,841.3923352555215,865.90533,833.0726864140403,841.3923352555215,bosque,mlp,violencia,93.39233525552152
UPZ104,Parque Simon Bolivar - Can,Teusaquillo,2026,1,2026-01,73.0,83.0,83.0,65.01900125131533,161.19777255320403,43.71010347372603,84.01232,161.19777255320403,43.71010347372603,bosque,mlp,violencia,-29.28989652627397
UPZ104,Parque Simon Bolivar - Can,Teusaquillo,2026,2,2026-02,75.0,73.0,73.0,79.44887920671414,88.06067042249938,73.09461532743553,73.47553,88.06067042249938,73.09461532743553,bosque,mlp,violencia,-1.905384672564466
UPZ104,Parque Simon Bolivar - Can,Teusaquillo,2026,3,2026-03,104.0,75.0,75.0,98.34508167827477,91.70596212241442,81.35317322132998,75.593,91.70596212241442,81.35317322132998,bosque,mlp,violencia,-22.646826778670018
UPZ104,Parque Simon Bolivar - Can,Teusaquillo,2026,4,2026-04,91.0,104.0,104.0,104.94740047208796,106.0250297557081,118.74618083884042,104.47933,106.0250297557081,118.74618083884042,bosque,mlp,violencia,27.746180838840417
UPZ104,Parque Simon Bolivar - Can,Teusaquillo,2026,5,2026-05,72.0,91.0,91.0,121.9624730820745,93.4517606076677,134.73552425583156,91.46341,93.4517606076677,134.73552425583156,bosque,mlp,violencia,62.735524255831564
UPZ104,Parque Simon Bolivar - Can,Teusaquillo,2026,6,2026-06,72.0,72.0,72.0,95.13586372661541,105.06024618612226,90.76575284536506,72.11137,105.06024618612226,90.76575284536506,bosque,mlp,violencia,18.765752845365057
UPZ105,Jardin Botanico,Engativá,2026,1,2026-01,32.0,46.0,46.0,26.51749202266012,104.30112713127617,27.228121245771437,46.922043,104.30112713127617,27.228121245771437,bosque,mlp,violencia,-4.771878754228563
UPZ105,Jardin Botanico,Engativá,2026,2,2026-02,53.0,32.0,32.0,35.1493546420665,68.2833543793531,61.204073058016846,32.561485,68.2833543793531,61.204073058016846,bosque,mlp,violencia,8.204073058016846
UPZ105,Jardin Botanico,Engativá,2026,3,2026-03,28.0,53.0,53.0,55.98300808574294,72.01658600725712,56.92841896106237,53.60984,72.01658600725712,56.92841896106237,bosque,mlp,violencia,28.92841896106237
UPZ105,Jardin Botanico,Engativá,2026,4,2026-04,78.0,28.0,28.0,54.53270176820723,66.8990876646368,69.8666235170715,28.599401,66.8990876646368,69.8666235170715,bosque,mlp,violencia,-8.133376482928497
UPZ105,Jardin Botanico,Engativá,2026,5,2026-05,48.0,78.0,78.0,85.40707034661528,72.15942774108983,83.08026788357795,78.60414,72.15942774108983,83.08026788357795,bosque,mlp,violencia,35.080267883577946
UPZ105,Jardin Botanico,Engativá,2026,6,2026-06,44.0,48.0,48.0,72.78507054380788,69.83262376305998,55.62534442117195,48.424095,69.83262376305998,55.62534442117195,bosque,mlp,violencia,11.625344421171953
UPZ107,Quinta Paredes,Teusaquillo,2026,1,2026-01,143.0,151.0,151.0,153.77364921517398,175.3271901754351,156.24458015073552,151.89291,175.3271901754351,156.24458015073552,bosque,mlp,violencia,13.244580150735516
UPZ107,Quinta Paredes,Teusaquillo,2026,2,2026-02,193.0,143.0,143.0,152.94812567782787,165.99354402072217,180.77544906105203,143.51675,165.99354402072217,180.77544906105203,bosque,mlp,violencia,-12.22455093894797
UPZ107,Quinta Paredes,Teusaquillo,2026,3,2026-03,200.0,193.0,193.0,175.65220094052654,190.80779859457382,168.23341012736813,193.52473,190.80779859457382,168.23341012736813,bosque,mlp,violencia,-31.76658987263187
UPZ107,Quinta Paredes,Teusaquillo,2026,4,2026-04,230.0,200.0,200.0,192.30016612974413,195.01144862204364,201.95999469458965,200.44856,195.01144862204364,201.95999469458965,bosque,mlp,violencia,-28.040005305410347
UPZ107,Quinta Paredes,Teusaquillo,2026,5,2026-05,263.0,230.0,230.0,238.22696825233328,216.64799782391012,253.94705691388995,230.46996,216.64799782391012,253.94705691388995,bosque,mlp,violencia,-9.052943086110048
UPZ107,Quinta Paredes,Teusaquillo,2026,6,2026-06,161.0,263.0,263.0,246.59738132615465,236.67514900022866,275.7099002992701,263.23663,236.67514900022866,275.7099002992701,bosque,mlp,violencia,114.70990029927009
UPZ108,Zona Industrial,Puente Aranda,2026,1,2026-01,224.0,336.0,336.0,300.4496969158092,342.5390114269015,334.3794416916968,336.8964,342.5390114269015,334.3794416916968,bosque,mlp,violencia,110.3794416916968
UPZ108,Zona Industrial,Puente Aranda,2026,2,2026-02,255.0,224.0,224.0,280.64829472050803,266.85891118659407,235.47401542250884,224.21977,266.85891118659407,235.47401542250884,bosque,mlp,violencia,-19.52598457749116
UPZ108,Zona Industrial,Puente Aranda,2026,3,2026-03,291.0,255.0,255.0,282.58169624599157,282.55903531116354,309.5701718565962,255.32338,282.55903531116354,309.5701718565962,bosque,mlp,violencia,18.570171856596176
UPZ108,Zona Industrial,Puente Aranda,2026,4,2026-04,307.0,291.0,291.0,277.70140208681585,271.82097993364164,284.7984779464962,291.26108,271.82097993364164,284.7984779464962,bosque,mlp,violencia,-22.201522053503822
UPZ108,Zona Industrial,Puente Aranda,2026,5,2026-05,256.0,307.0,307.0,318.9676492789321,300.66903677842015,309.0227378595635,307.3211,300.66903677842015,309.0227378595635,bosque,mlp,violencia,53.022737859563506
UPZ108,Zona Industrial,Puente Aranda,2026,6,2026-06,269.0,256.0,256.0,300.5855881520443,272.73840798013003,284.02444329017294,256.15396,272.73840798013003,284.02444329017294,bosque,mlp,violencia,15.02444329017294
UPZ109,Ciudad Salitre Oriental,Teusaquillo,2026,1,2026-01,65.0,77.0,77.0,65.80113106401637,101.77944007944198,56.68561564268431,77.87089,101.77944007944198,56.68561564268431,bosque,mlp,violencia,-8.314384357315689
UPZ109,Ciudad Salitre Oriental,Teusaquillo,2026,2,2026-02,59.0,65.0,65.0,73.47802566724863,93.40736574054925,62.164929386768485,65.67472,93.40736574054925,62.164929386768485,bosque,mlp,violencia,3.1649293867684847
UPZ109,Ciudad Salitre Oriental,Teusaquillo,2026,3,2026-03,90.0,59.0,59.0,82.46482910861556,81.6176950808569,71.11972606583299,59.76576,81.6176950808569,71.11972606583299,bosque,mlp,violencia,-18.880273934167008
UPZ109,Ciudad Salitre Oriental,Teusaquillo,2026,4,2026-04,85.0,90.0,90.0,93.0505349183149,96.9380691180966,94.90877264745741,90.66957,96.9380691180966,94.90877264745741,bosque,mlp,violencia,9.908772647457411
UPZ109,Ciudad Salitre Oriental,Teusaquillo,2026,5,2026-05,56.0,85.0,85.0,114.22846732147565,90.05750566937822,112.31287552019201,85.684265,90.05750566937822,112.31287552019201,bosque,mlp,violencia,56.31287552019201
UPZ109,Ciudad Salitre Oriental,Teusaquillo,2026,6,2026-06,81.0,56.0,56.0,93.87024811344003,87.15064113571168,63.6851033573975,56.526978,87.15064113571168,63.6851033573975,bosque,mlp,violencia,-17.3148966426025
UPZ111,Puente Aranda,Puente Aranda,2026,1,2026-01,170.0,225.0,225.0,182.6788107009956,213.83613963316532,228.65946671834925,225.7685,213.83613963316532,228.65946671834925,bosque,mlp,violencia,58.65946671834925
UPZ111,Puente Aranda,Puente Aranda,2026,2,2026-02,162.0,170.0,170.0,192.07132692672616,183.08988782000574,165.61218666647994,170.44627,183.08988782000574,165.61218666647994,bosque,mlp,violencia,3.6121866664799427
UPZ111,Puente Aranda,Puente Aranda,2026,3,2026-03,187.0,162.0,162.0,190.43563334182483,171.30484827053226,196.01609127773156,162.54558,171.30484827053226,196.01609127773156,bosque,mlp,violencia,9.016091277731562
UPZ111,Puente Aranda,Puente Aranda,2026,4,2026-04,217.0,187.0,187.0,190.11518301856398,176.85595098084278,196.63858234310817,187.50117,176.85595098084278,196.63858234310817,bosque,mlp,violencia,-20.36141765689183
UPZ111,Puente Aranda,Puente Aranda,2026,5,2026-05,186.0,217.0,217.0,219.51156033131298,215.94630461313255,212.9566110316669,217.51984,215.94630461313255,212.9566110316669,bosque,mlp,violencia,26.95661103166691
UPZ111,Puente Aranda,Puente Aranda,2026,6,2026-06,165.0,186.0,186.0,209.30197217054211,180.55077799132766,197.71452086175103,186.33617,180.55077799132766,197.71452086175103,bosque,mlp,violencia,32.714520861751026
UPZ115,Capellania,Fontibón,2026,1,2026-01,106.0,146.0,146.0,108.98993705807004,157.1181367301053,79.78904268885869,146.42888,157.1181367301053,79.78904268885869,bosque,mlp,violencia,-26.210957311141314
UPZ115,Capellania,Fontibón,2026,2,2026-02,113.0,106.0,106.0,103.55928335625055,155.223236666398,51.69614051684633,106.344444,155.223236666398,51.69614051684633,bosque,mlp,violencia,-61.30385948315367
UPZ115,Capellania,Fontibón,2026,3,2026-03,114.0,113.0,113.0,129.0154114434385,128.7075024403255,148.34642315039378,113.46252,128.7075024403255,148.34642315039378,bosque,mlp,violencia,34.346423150393775
UPZ115,Capellania,Fontibón,2026,4,2026-04,123.0,114.0,114.0,123.37334787726553,129.5384273063121,141.97387351424695,114.41146,129.5384273063121,141.97387351424695,bosque,mlp,violencia,18.973873514246947
UPZ115,Capellania,Fontibón,2026,5,2026-05,108.0,123.0,123.0,140.91643983456618,132.4207661072725,166.26175257199995,123.41807,132.4207661072725,166.26175257199995,bosque,mlp,violencia,58.26175257199995
UPZ115,Capellania,Fontibón,2026,6,2026-06,128.0,108.0,108.0,126.81706679221048,142.9333220306155,131.6833224176364,108.20345,142.9333220306155,131.6833224176364,bosque,mlp,violencia,3.68332241763639
UPZ116,Alamos,Engativá,2026,1,2026-01,128.0,155.0,155.0,155.09583824331213,159.1322845478789,136.63876019252805,155.60512,159.1322845478789,136.63876019252805,bosque,mlp,violencia,8.638760192528053
UPZ116,Alamos,Engativá,2026,2,2026-02,171.0,128.0,128.0,144.9318819426801,142.80320547299877,139.52897720137648,128.54259,142.80320547299877,139.52897720137648,bosque,mlp,violencia,-31.471022798623522
UPZ116,Alamos,Engativá,2026,3,2026-03,137.0,171.0,171.0,163.92751268546118,153.41229986830774,172.80696131465405,171.6125,153.41229986830774,172.80696131465405,bosque,mlp,violencia,35.806961314654046
UPZ116,Alamos,Engativá,2026,4,2026-04,143.0,137.0,137.0,161.75429658253648,143.20050165479003,149.7947261166555,137.56628,143.20050165479003,149.7947261166555,bosque,mlp,violencia,6.794726116655511
UPZ116,Alamos,Engativá,2026,5,2026-05,140.0,143.0,143.0,179.7890279544248,147.76860979739237,153.66172836729672,143.59216,147.76860979739237,153.66172836729672,bosque,mlp,violencia,13.661728367296718
UPZ116,Alamos,Engativá,2026,6,2026-06,128.0,140.0,140.0,159.15284757368602,147.58482667963125,152.14209400541728,140.37895,147.58482667963125,152.14209400541728,bosque,mlp,violencia,24.142094005417277
UPZ12,Toberin,Usaquén,2026,1,2026-01,380.0,393.0,393.0,335.4061821122718,345.1998529020343,313.85582053999104,393.47516,345.1998529020343,313.85582053999104,bosque,mlp,violencia,-66.14417946000896
UPZ12,Toberin,Usaquén,2026,2,2026-02,304.0,380.0,380.0,362.43328652885447,354.8433549570133,330.14034093336016,380.41315,354.8433549570133,330.14034093336016,bosque,mlp,violencia,26.140340933360164
UPZ12,Toberin,Usaquén,2026,3,2026-03,353.0,304.0,304.0,368.6401659330627,346.6222037235329,406.19451419483676,304.5462,346.6222037235329,406.19451419483676,bosque,mlp,violencia,53.194514194836756
UPZ12,Toberin,Usaquén,2026,4,2026-04,334.0,353.0,353.0,365.83216151941593,332.4341583652209,403.7212229902403,353.4943,332.4341583652209,403.7212229902403,bosque,mlp,violencia,69.72122299024028
UPZ12,Toberin,Usaquén,2026,5,2026-05,426.0,334.0,334.0,363.08366857351916,335.06459067195175,414.28812518416106,334.52087,335.06459067195175,414.28812518416106,bosque,mlp,violencia,-11.71187481583894
UPZ12,Toberin,Usaquén,2026,6,2026-06,300.0,426.0,426.0,396.5103041910967,383.61893234691416,439.1895453842,426.31543,383.61893234691416,439.1895453842,bosque,mlp,violencia,139.18954538420002
UPZ13,Los Cedros,Usaquén,2026,1,2026-01,409.0,487.0,487.0,504.8222905747378,476.44847975558724,431.09350350616404,487.46368,476.44847975558724,431.09350350616404,bosque,mlp,violencia,22.09350350616404
UPZ13,Los Cedros,Usaquén,2026,2,2026-02,496.0,409.0,409.0,458.95769367514436,446.8488686013482,425.2842592195367,409.40878,446.8488686013482,425.2842592195367,bosque,mlp,violencia,-70.7157407804633
UPZ13,Los Cedros,Usaquén,2026,3,2026-03,483.0,496.0,496.0,480.0357726904766,464.23176707797717,492.24181659379104,496.49643,464.23176707797717,492.24181659379104,bosque,mlp,violencia,9.241816593791043
UPZ13,Los Cedros,Usaquén,2026,4,2026-04,472.0,483.0,483.0,483.4473111747394,463.74125021977903,515.4460986852202,483.44547,463.74125021977903,515.4460986852202,bosque,mlp,violencia,43.44609868522025
UPZ13,Los Cedros,Usaquén,2026,5,2026-05,496.0,472.0,472.0,515.8646693918996,466.7741011522642,556.5564467309379,472.48138,466.7741011522642,556.5564467309379,bosque,mlp,violencia,60.556446730937864
UPZ13,Los Cedros,Usaquén,2026,6,2026-06,451.0,496.0,496.0,506.832850367706,468.4587618687371,512.9746307277906,496.26337,468.4587618687371,512.9746307277906,bosque,mlp,violencia,61.974630727790554
UPZ15,Country Club,Usaquén,2026,1,2026-01,54.0,83.0,83.0,52.29083248030963,101.16549696673117,57.44524592174389,83.64011,101.16549696673117,57.44524592174389,bosque,mlp,violencia,3.44524592174389
UPZ15,Country Club,Usaquén,2026,2,2026-02,68.0,54.0,54.0,50.857210051380605,81.30178419978763,44.84903236550194,54.494583,81.30178419978763,44.84903236550194,bosque,mlp,violencia,-23.15096763449806
UPZ15,Country Club,Usaquén,2026,3,2026-03,87.0,68.0,68.0,71.1066458656735,94.5003514491472,81.47862298402868,68.55572,94.5003514491472,81.47862298402868,bosque,mlp,violencia,-5.521377015971325
UPZ15,Country Club,Usaquén,2026,4,2026-04,56.0,87.0,87.0,79.60350557643301,97.94864825398439,84.39418520587705,87.4872,97.94864825398439,84.39418520587705,bosque,mlp,violencia,28.39418520587705
UPZ15,Country Club,Usaquén,2026,5,2026-05,81.0,56.0,56.0,91.22330310768353,98.2189481540254,66.97689390859065,56.513897,98.2189481540254,66.97689390859065,bosque,mlp,violencia,-14.023106091409346
UPZ15,Country Club,Usaquén,2026,6,2026-06,39.0,81.0,81.0,84.02923368056543,90.84126447440207,92.19943472415807,81.32044,90.84126447440207,92.19943472415807,bosque,mlp,violencia,53.19943472415807
UPZ16,Santa Barbara,Usaquén,2026,1,2026-01,254.0,337.0,337.0,289.2525535961649,312.93016883424394,279.8835783683401,337.96936,312.93016883424394,279.8835783683401,bosque,mlp,violencia,25.883578368340125
UPZ16,Santa Barbara,Usaquén,2026,2,2026-02,317.0,254.0,254.0,290.40694682435685,300.3083937964356,319.93589479518386,254.42352,300.3083937964356,319.93589479518386,bosque,mlp,violencia,2.935894795183856
UPZ16,Santa Barbara,Usaquén,2026,3,2026-03,392.0,317.0,317.0,318.7601981287611,312.25860767035783,334.08274658290435,317.48895,312.25860767035783,334.08274658290435,bosque,mlp,violencia,-57.91725341709565
UPZ16,Santa Barbara,Usaquén,2026,4,2026-04,254.0,392.0,392.0,349.17152649143014,340.8718785651641,369.8043999019078,392.4586,340.8718785651641,369.8043999019078,bosque,mlp,violencia,115.8043999019078
UPZ16,Santa Barbara,Usaquén,2026,5,2026-05,307.0,254.0,254.0,350.4937239940843,321.3688890469193,388.0164641100938,254.43652,321.3688890469193,388.0164641100938,bosque,mlp,violencia,81.0164641100938
UPZ16,Santa Barbara,Usaquén,2026,6,2026-06,265.0,307.0,307.0,342.25939840131,329.19103063442515,323.03872529578456,307.32434,329.19103063442515,323.03872529578456,bosque,mlp,violencia,58.03872529578456
UPZ18,Britalia,Suba,2026,1,2026-01,314.0,362.0,362.0,350.80967113575497,335.7663011988173,265.51381214080817,362.61523,335.7663011988173,265.51381214080817,bosque,mlp,violencia,-48.48618785919183
UPZ18,Britalia,Suba,2026,2,2026-02,319.0,314.0,314.0,358.3591462938575,345.6935542219656,329.88458589169494,314.55795,345.6935542219656,329.88458589169494,bosque,mlp,violencia,10.88458589169494
UPZ18,Britalia,Suba,2026,3,2026-03,295.0,319.0,319.0,345.17482378950945,326.47352596712653,363.8909171692894,319.64963,326.47352596712653,363.8909171692894,bosque,mlp,violencia,68.89091716928942
UPZ18,Britalia,Suba,2026,4,2026-04,265.0,295.0,295.0,330.0283106603887,319.83305528625357,340.15930537605936,295.60873,319.83305528625357,340.15930537605936,bosque,mlp,violencia,75.15930537605936
UPZ18,Britalia,Suba,2026,5,2026-05,363.0,265.0,265.0,325.9803918560074,314.3791017765112,316.2233287204202,265.64206,314.3791017765112,316.2233287204202,bosque,mlp,violencia,-46.77667127957977
UPZ18,Britalia,Suba,2026,6,2026-06,290.0,363.0,363.0,338.5367317543926,330.2832613498426,360.3728586446488,363.45,330.2832613498426,360.3728586446488,bosque,mlp,violencia,70.37285864464877
UPZ20,La Alhambra,Suba,2026,1,2026-01,136.0,223.0,223.0,148.0868351737912,183.46542250654386,148.2146034115853,224.01337,183.46542250654386,148.2146034115853,bosque,mlp,violencia,12.214603411585301
UPZ20,La Alhambra,Suba,2026,2,2026-02,130.0,136.0,136.0,153.11511589462822,145.74650939473742,153.29459626476898,136.58943,145.74650939473742,153.29459626476898,bosque,mlp,violencia,23.294596264768984
UPZ20,La Alhambra,Suba,2026,3,2026-03,178.0,130.0,130.0,172.55693124347982,145.6092858683196,156.41617655558764,130.66573,145.6092858683196,156.41617655558764,bosque,mlp,violencia,-21.58382344441236
UPZ20,La Alhambra,Suba,2026,4,2026-04,139.0,178.0,178.0,169.87661519965707,143.60550373620066,161.44061614137482,178.61435,143.60550373620066,161.44061614137482,bosque,mlp,violencia,22.440616141374818
UPZ20,La Alhambra,Suba,2026,5,2026-05,135.0,139.0,139.0,179.98856193452298,137.53796238928493,153.04385422125722,139.62592,137.53796238928493,153.04385422125722,bosque,mlp,violencia,18.04385422125722
UPZ20,La Alhambra,Suba,2026,6,2026-06,127.0,135.0,135.0,170.99262726342994,142.39010334216724,138.94946563799326,135.44803,142.39010334216724,138.94946563799326,bosque,mlp,violencia,11.949465637993256
UPZ21,Los Andes,Barrios Unidos,2026,1,2026-01,176.0,213.0,213.0,198.5897553919208,232.43185690576738,230.19816830859898,214.1307,232.43185690576738,230.19816830859898,bosque,mlp,violencia,54.19816830859898
UPZ21,Los Andes,Barrios Unidos,2026,2,2026-02,182.0,176.0,176.0,186.15776590237613,221.4390817452205,168.0306994158003,176.46045,221.4390817452205,168.0306994158003,bosque,mlp,violencia,-13.969300584199686
UPZ21,Los Andes,Barrios Unidos,2026,3,2026-03,230.0,182.0,182.0,194.65319041356122,216.00316954186292,203.89550606904666,182.52457,216.00316954186292,203.89550606904666,bosque,mlp,violencia,-26.10449393095334
UPZ21,Los Andes,Barrios Unidos,2026,4,2026-04,247.0,230.0,230.0,210.99868009954224,236.03478291908078,198.9986721622996,230.46707,236.03478291908078,198.9986721622996,bosque,mlp,violencia,-48.00132783770039
UPZ21,Los Andes,Barrios Unidos,2026,5,2026-05,186.0,247.0,247.0,247.58483314169484,244.41322215620136,247.67855755659534,247.49629,244.41322215620136,247.67855755659534,bosque,mlp,violencia,61.67855755659534
UPZ21,Los Andes,Barrios Unidos,2026,6,2026-06,223.0,186.0,186.0,233.60922268002426,227.8328875205125,216.89530831695743,186.30757,227.8328875205125,216.89530831695743,bosque,mlp,violencia,-6.104691683042574
UPZ22,Doce de Octubre,Barrios Unidos,2026,1,2026-01,513.0,484.0,484.0,478.2458430835861,464.8412609245861,490.9045950902808,484.86493,464.8412609245861,490.9045950902808,bosque,mlp,violencia,-22.095404909719207
UPZ22,Doce de Octubre,Barrios Unidos,2026,2,2026-02,490.0,513.0,513.0,494.47179069452915,491.33691477277983,373.79272834885853,513.36414,491.33691477277983,373.79272834885853,bosque,mlp,violencia,-116.20727165114147
UPZ22,Doce de Octubre,Barrios Unidos,2026,3,2026-03,617.0,490.0,490.0,502.3353229257674,481.05264658187633,493.8582604563704,490.45822,481.05264658187633,493.8582604563704,bosque,mlp,violencia,-123.14173954362963
UPZ22,Doce de Octubre,Barrios Unidos,2026,4,2026-04,476.0,617.0,617.0,559.9665773155726,537.445174771382,571.0691677446572,617.3638,537.445174771382,571.0691677446572,bosque,mlp,violencia,95.0691677446572
UPZ22,Doce de Octubre,Barrios Unidos,2026,5,2026-05,441.0,476.0,476.0,553.50389250974,490.714642786619,613.9650265275777,476.41263,490.714642786619,613.9650265275777,bosque,mlp,violencia,172.96502652757772
UPZ22,Doce de Octubre,Barrios Unidos,2026,6,2026-06,444.0,441.0,441.0,523.037757108277,480.4319646428924,465.80550822204316,441.23065,480.4319646428924,465.80550822204316,bosque,mlp,violencia,21.80550822204316
UPZ24,Niza,Suba,2026,1,2026-01,312.0,333.0,333.0,302.9721065254789,353.6378496785006,271.8092638455475,333.7639,353.6378496785006,271.8092638455475,bosque,mlp,violencia,-40.19073615445251
UPZ24,Niza,Suba,2026,2,2026-02,346.0,312.0,312.0,307.7269805458176,322.5191122553091,210.11936694794412,312.3424,322.5191122553091,210.11936694794412,bosque,mlp,violencia,-135.88063305205588
UPZ24,Niza,Suba,2026,3,2026-03,420.0,346.0,346.0,335.68558565928265,330.93203173955806,321.83305883761005,346.43036,330.93203173955806,321.83305883761005,bosque,mlp,violencia,-98.16694116238995
UPZ24,Niza,Suba,2026,4,2026-04,314.0,420.0,420.0,373.2824585370644,362.5537221982306,376.5490601452401,420.339,362.5537221982306,376.5490601452401,bosque,mlp,violencia,62.549060145240105
UPZ24,Niza,Suba,2026,5,2026-05,331.0,314.0,314.0,380.38269523839807,353.8365377181686,419.3242255732694,314.40173,353.8365377181686,419.3242255732694,bosque,mlp,violencia,88.32422557326942
UPZ24,Niza,Suba,2026,6,2026-06,300.0,331.0,331.0,361.7282052806468,341.74042683435346,358.7755888005348,331.13925,341.74042683435346,358.7755888005348,bosque,mlp,violencia,58.77558880053482
UPZ25,La Floresta,Suba,2026,1,2026-01,109.0,138.0,138.0,124.0403698299715,149.87637492165442,138.59354551104363,139.03334,149.87637492165442,138.59354551104363,bosque,mlp,violencia,29.59354551104363
UPZ25,La Floresta,Suba,2026,2,2026-02,98.0,109.0,109.0,126.24072564247984,140.4805816309894,140.42689535356448,109.56889,140.4805816309894,140.42689535356448,bosque,mlp,violencia,42.426895353564475
UPZ25,La Floresta,Suba,2026,3,2026-03,126.0,98.0,98.0,125.13021512276498,142.48182684668544,156.89338815807255,98.65332,142.48182684668544,156.89338815807255,bosque,mlp,violencia,30.893388158072554
UPZ25,La Floresta,Suba,2026,4,2026-04,125.0,126.0,126.0,130.7342255708466,148.91731571529303,159.61668902141668,126.59285,148.91731571529303,159.61668902141668,bosque,mlp,violencia,34.616689021416676
UPZ25,La Floresta,Suba,2026,5,2026-05,125.0,125.0,125.0,147.7396500660522,146.62448445904892,147.73015853206203,125.60496,146.62448445904892,147.73015853206203,bosque,mlp,violencia,22.730158532062035
UPZ25,La Floresta,Suba,2026,6,2026-06,120.0,125.0,125.0,146.9549185449829,146.39124416331794,136.64128258187012,125.44024,146.39124416331794,136.64128258187012,bosque,mlp,violencia,16.641282581870115
UPZ26,Las Ferias,Engativá,2026,1,2026-01,806.0,902.0,902.0,967.0372432525953,801.3446808989617,704.0759120490235,902.4704,801.3446808989617,704.0759120490235,bosque,mlp,violencia,-101.92408795097651
UPZ26,Las Ferias,Engativá,2026,2,2026-02,899.0,806.0,806.0,858.2548027172892,806.0639872760374,616.7008199799476,806.1958,806.0639872760374,616.7008199799476,bosque,mlp,violencia,-282.2991800200524
UPZ26,Las Ferias,Engativá,2026,3,2026-03,1068.0,899.0,899.0,870.7512835800414,835.0131373640852,852.2852711077144,899.29504,835.0131373640852,852.2852711077144,bosque,mlp,violencia,-215.71472889228562
UPZ26,Las Ferias,Engativá,2026,4,2026-04,937.0,1068.0,1068.0,940.7153924421705,886.7073616183104,985.9610197877971,1068.211,886.7073616183104,985.9610197877971,bosque,mlp,violencia,48.96101978779711
UPZ26,Las Ferias,Engativá,2026,5,2026-05,888.0,937.0,937.0,985.6057557920624,872.3624415453642,1096.1263748465442,937.25604,872.3624415453642,1096.1263748465442,bosque,mlp,violencia,208.1263748465442
UPZ26,Las Ferias,Engativá,2026,6,2026-06,790.0,888.0,888.0,963.2300362583771,894.2907701513917,926.9303736644843,887.9843,894.2907701513917,926.9303736644843,bosque,mlp,violencia,136.93037366448425
UPZ27,Suba,Suba,2026,1,2026-01,887.0,1093.0,1093.0,1090.153057318627,1059.0396451158429,868.0347024606855,1092.9624,1059.0396451158429,868.0347024606855,bosque,mlp,violencia,-18.96529753931452
UPZ27,Suba,Suba,2026,2,2026-02,978.0,887.0,887.0,1024.9142199852972,988.9682241588833,944.671829753039,887.0287,988.9682241588833,944.671829753039,bosque,mlp,violencia,-33.32817024696101
UPZ27,Suba,Suba,2026,3,2026-03,1177.0,978.0,978.0,997.6162308045963,1031.791133814502,1060.1296101523058,978.176,1031.791133814502,1060.1296101523058,bosque,mlp,violencia,-116.87038984769424
UPZ27,Suba,Suba,2026,4,2026-04,974.0,1177.0,1177.0,1042.214395815798,1039.3342788297418,1066.7592065720487,1177.0468,1039.3342788297418,1066.7592065720487,bosque,mlp,violencia,92.7592065720487
UPZ27,Suba,Suba,2026,5,2026-05,978.0,974.0,974.0,1066.4161955629093,1027.830167660473,1238.4225130435034,974.1282,1027.830167660473,1238.4225130435034,bosque,mlp,violencia,260.4225130435034
UPZ27,Suba,Suba,2026,6,2026-06,1017.0,978.0,978.0,1053.7968256901704,983.827504515592,1009.9364274871659,977.83124,983.827504515592,1009.9364274871659,bosque,mlp,violencia,-7.063572512834071
UPZ28,El Rincón,Suba,2026,1,2026-01,2086.0,2877.0,2877.0,2721.4269117834306,1626.5049740409524,2347.5857826185147,2876.3616,1626.5049740409524,2347.5857826185147,bosque,mlp,violencia,261.5857826185147
UPZ28,El Rincón,Suba,2026,2,2026-02,2206.0,2086.0,2086.0,2524.9916728591675,2097.3133291735553,2291.67021548385,2086.1082,2097.3133291735553,2291.67021548385,bosque,mlp,violencia,85.67021548384992
UPZ28,El Rincón,Suba,2026,3,2026-03,2464.0,2206.0,2206.0,2405.6940562377677,2125.361871022224,2436.987901499222,2206.231,2125.361871022224,2436.987901499222,bosque,mlp,violencia,-27.012098500777938
UPZ28,El Rincón,Suba,2026,4,2026-04,2433.0,2464.0,2464.0,2298.5138763378677,2225.5040556726767,2351.926844099846,2464.0867,2225.5040556726767,2351.926844099846,bosque,mlp,violencia,-81.07315590015378
UPZ28,El Rincón,Suba,2026,5,2026-05,2155.0,2433.0,2433.0,2419.1730487832465,2193.475939346368,2597.4156791120326,2433.1423,2193.475939346368,2597.4156791120326,bosque,mlp,violencia,442.41567911203265
UPZ28,El Rincón,Suba,2026,6,2026-06,2131.0,2155.0,2155.0,2369.1438767675595,2170.8580119401813,2239.034952535561,2154.879,2170.8580119401813,2239.034952535561,bosque,mlp,violencia,108.03495253556093
UPZ30,Boyacá Real,Engativá,2026,1,2026-01,795.0,970.0,970.0,959.3282975448698,755.9886598467795,717.0280734563204,970.0401,755.9886598467795,717.0280734563204,bosque,mlp,violencia,-77.97192654367961
UPZ30,Boyacá Real,Engativá,2026,2,2026-02,925.0,795.0,795.0,904.7281707186306,830.7711152380091,733.6306573863505,795.1766,830.7711152380091,733.6306573863505,bosque,mlp,violencia,-191.36934261364945
UPZ30,Boyacá Real,Engativá,2026,3,2026-03,999.0,925.0,925.0,916.8315856026404,885.0205119865103,966.8259535335241,925.3045,885.0205119865103,966.8259535335241,bosque,mlp,violencia,-32.17404646647594
UPZ30,Boyacá Real,Engativá,2026,4,2026-04,892.0,999.0,999.0,936.6535725983454,892.2627281177661,1023.1238240493678,999.2239,892.2627281177661,1023.1238240493678,bosque,mlp,violencia,131.12382404936784
UPZ30,Boyacá Real,Engativá,2026,5,2026-05,907.0,892.0,892.0,972.9443259602681,888.1481993245203,1090.7854257561382,892.2837,888.1481993245203,1090.7854257561382,bosque,mlp,violencia,183.78542575613824
UPZ30,Boyacá Real,Engativá,2026,6,2026-06,849.0,907.0,907.0,955.1803195174338,878.70257084177,934.5167750918347,907.0129,878.70257084177,934.5167750918347,bosque,mlp,violencia,85.51677509183469
UPZ33,Sosiego,San Cristóbal,2026,1,2026-01,380.0,468.0,468.0,432.79234338863677,465.3188741464662,382.0946151137648,468.04376,465.3188741464662,382.0946151137648,bosque,mlp,violencia,2.094615113764803
UPZ33,Sosiego,San Cristóbal,2026,2,2026-02,362.0,380.0,380.0,418.7895892459693,427.3178365210417,380.017288664612,380.17328,427.3178365210417,380.017288664612,bosque,mlp,violencia,18.01728866461201
UPZ33,Sosiego,San Cristóbal,2026,3,2026-03,458.0,362.0,362.0,411.5250856987331,400.7521664420546,455.8983429637832,362.27573,400.7521664420546,455.8983429637832,bosque,mlp,violencia,-2.1016570362168068
UPZ33,Sosiego,San Cristóbal,2026,4,2026-04,454.0,458.0,458.0,418.4734673344303,421.78762536962483,432.18132767730833,458.23383,421.78762536962483,432.18132767730833,bosque,mlp,violencia,-21.81867232269167
UPZ33,Sosiego,San Cristóbal,2026,5,2026-05,368.0,454.0,454.0,454.4408371830121,446.796626830787,478.90995381255715,454.26132,446.796626830787,478.90995381255715,bosque,mlp,violencia,110.90995381255715
UPZ33,Sosiego,San Cristóbal,2026,6,2026-06,340.0,368.0,368.0,437.95337626366165,414.71359053607125,413.31814224949096,368.0566,414.71359053607125,413.31814224949096,bosque,mlp,violencia,73.31814224949096
UPZ34,20 de Julio,San Cristóbal,2026,1,2026-01,603.0,847.0,847.0,741.7062286542493,721.3993760560732,587.4190618773421,846.9103,721.3993760560732,587.4190618773421,bosque,mlp,violencia,-15.580938122657926
UPZ34,20 de Julio,San Cristóbal,2026,2,2026-02,661.0,603.0,603.0,701.9877217977687,689.8594582695996,630.8017419971399,602.9085,689.8594582695996,630.8017419971399,bosque,mlp,violencia,-30.198258002860143
UPZ34,20 de Julio,San Cristóbal,2026,3,2026-03,769.0,661.0,661.0,710.8470471574169,697.3278706636884,787.6997784575584,661.0639,697.3278706636884,787.6997784575584,bosque,mlp,violencia,18.69977845755841
UPZ34,20 de Julio,San Cristóbal,2026,4,2026-04,567.0,769.0,769.0,696.6581171297328,701.671924723333,707.2561352336246,768.97626,701.671924723333,707.2561352336246,bosque,mlp,violencia,140.2561352336246
UPZ34,20 de Julio,San Cristóbal,2026,5,2026-05,693.0,567.0,567.0,682.7379252276471,662.6143231612214,771.8902890612992,567.0331,662.6143231612214,771.8902890612992,bosque,mlp,violencia,78.8902890612992
UPZ34,20 de Julio,San Cristóbal,2026,6,2026-06,617.0,693.0,693.0,687.8248967056957,681.4496995892657,722.419509873213,692.75397,681.4496995892657,722.419509873213,bosque,mlp,violencia,105.41950987321297
UPZ35,Ciudad Jardin,Antonio Nariño,2026,1,2026-01,173.0,215.0,215.0,193.20698978463105,231.55205493117396,176.2731024619971,215.27344,231.55205493117396,176.2731024619971,bosque,mlp,violencia,3.273102461997098
UPZ35,Ciudad Jardin,Antonio Nariño,2026,2,2026-02,199.0,173.0,173.0,178.9237820511682,205.43929732610167,125.25394247766613,173.05937,205.43929732610167,125.25394247766613,bosque,mlp,violencia,-73.74605752233387
UPZ35,Ciudad Jardin,Antonio Nariño,2026,3,2026-03,225.0,199.0,199.0,203.1228069457012,216.76361512815717,197.5905826823165,199.17563,216.76361512815717,197.5905826823165,bosque,mlp,violencia,-27.409417317683506
UPZ35,Ciudad Jardin,Antonio Nariño,2026,4,2026-04,196.0,225.0,225.0,212.4017404818676,218.0071426115051,189.44447859691988,225.11072,218.0071426115051,189.44447859691988,bosque,mlp,violencia,-6.555521403080121
UPZ35,Ciudad Jardin,Antonio Nariño,2026,5,2026-05,201.0,196.0,196.0,231.87046195878182,214.80794344512947,226.1631705270864,196.16754,214.80794344512947,226.1631705270864,bosque,mlp,violencia,25.163170527086407
UPZ35,Ciudad Jardin,Antonio Nariño,2026,6,2026-06,215.0,201.0,201.0,216.14708237270122,214.4503624044088,215.22396067238566,200.92471,214.4503624044088,215.22396067238566,bosque,mlp,violencia,0.2239606723856582
UPZ36,San Jose,Rafael Uribe Uribe,2026,1,2026-01,350.0,454.0,454.0,406.69966703481464,457.25343120532204,317.4706815967437,454.03165,457.25343120532204,317.4706815967437,bosque,mlp,violencia,-32.5293184032563
UPZ36,San Jose,Rafael Uribe Uribe,2026,2,2026-02,375.0,350.0,350.0,386.8355337762671,406.49034921362295,311.89049492528505,350.00348,406.49034921362295,311.89049492528505,bosque,mlp,violencia,-63.109505074714946
UPZ36,San Jose,Rafael Uribe Uribe,2026,3,2026-03,430.0,375.0,375.0,400.3137075783332,396.4508554583642,406.0081542663726,375.11783,396.4508554583642,406.0081542663726,bosque,mlp,violencia,-23.991845733627372
UPZ36,San Jose,Rafael Uribe Uribe,2026,4,2026-04,436.0,430.0,430.0,399.4762574350919,414.4148088018446,380.999401605328,430.03006,414.4148088018446,380.999401605328,bosque,mlp,violencia,-55.00059839467201
UPZ36,San Jose,Rafael Uribe Uribe,2026,5,2026-05,389.0,436.0,436.0,441.8504018203244,433.71925952443183,437.9449103410689,436.07944,433.71925952443183,437.9449103410689,bosque,mlp,violencia,48.94491034106892
UPZ36,San Jose,Rafael Uribe Uribe,2026,6,2026-06,380.0,389.0,389.0,426.7453114105813,421.797872443712,417.94427939870036,388.84628,421.797872443712,417.94427939870036,bosque,mlp,violencia,37.94427939870036
UPZ38,Restrepo,Antonio Nariño,2026,1,2026-01,525.0,727.0,727.0,693.0662507641391,641.9672146614819,462.26062618357116,727.0973,641.9672146614819,462.26062618357116,bosque,mlp,violencia,-62.73937381642884
UPZ38,Restrepo,Antonio Nariño,2026,2,2026-02,595.0,525.0,525.0,632.3336113665164,578.691056435609,523.2609018374081,525.0251,578.691056435609,523.2609018374081,bosque,mlp,violencia,-71.73909816259186
UPZ38,Restrepo,Antonio Nariño,2026,3,2026-03,696.0,595.0,595.0,623.8422479974306,599.5089323277695,622.4671133194034,595.15375,599.5089323277695,622.4671133194034,bosque,mlp,violencia,-73.53288668059656
UPZ38,Restrepo,Antonio Nariño,2026,4,2026-04,558.0,696.0,696.0,626.638541759759,620.5748264700483,613.0101187177262,696.0847,620.5748264700483,613.0101187177262,bosque,mlp,violencia,55.010118717726186
UPZ38,Restrepo,Antonio Nariño,2026,5,2026-05,563.0,558.0,558.0,641.1306250325772,598.3992987101809,668.7743850724582,558.1459,598.3992987101809,668.7743850724582,bosque,mlp,violencia,105.77438507245824
UPZ38,Restrepo,Antonio Nariño,2026,6,2026-06,590.0,563.0,563.0,613.2532353567935,594.7072679350716,584.2835874606266,562.88605,594.7072679350716,584.2835874606266,bosque,mlp,violencia,-5.716412539373437
UPZ39,Quiroga,Rafael Uribe Uribe,2026,1,2026-01,730.0,1014.0,1014.0,960.3316244167875,784.313304923216,693.5493233222758,1013.858,784.313304923216,693.5493233222758,bosque,mlp,violencia,-36.45067667772423
UPZ39,Quiroga,Rafael Uribe Uribe,2026,2,2026-02,879.0,730.0,730.0,859.5478317467969,833.5818093859806,656.3313874178376,730.11084,833.5818093859806,656.3313874178376,bosque,mlp,violencia,-222.66861258216238
UPZ39,Quiroga,Rafael Uribe Uribe,2026,3,2026-03,1043.0,879.0,879.0,873.2667664846318,858.8170601458428,843.1047760103049,879.2695,858.8170601458428,843.1047760103049,bosque,mlp,violencia,-199.89522398969507
UPZ39,Quiroga,Rafael Uribe Uribe,2026,4,2026-04,843.0,1043.0,1043.0,893.6111839131584,873.2550232203608,874.3071453838629,1043.1603,873.2550232203608,874.3071453838629,bosque,mlp,violencia,31.307145383862917
UPZ39,Quiroga,Rafael Uribe Uribe,2026,5,2026-05,843.0,843.0,843.0,928.6338683226459,858.4408863536313,962.5466518693793,843.1645,858.4408863536313,962.5466518693793,bosque,mlp,violencia,119.54665186937928
UPZ39,Quiroga,Rafael Uribe Uribe,2026,6,2026-06,737.0,843.0,843.0,896.7919898110724,858.5424528776463,861.503991752385,842.86957,858.5424528776463,861.503991752385,bosque,mlp,violencia,124.50399175238499
UPZ40,Ciudad Montes,Puente Aranda,2026,1,2026-01,560.0,781.0,781.0,698.7795553937699,710.8068618098308,472.8891506593502,781.169,710.8068618098308,472.8891506593502,bosque,mlp,violencia,-87.11084934064979
UPZ40,Ciudad Montes,Puente Aranda,2026,2,2026-02,587.0,560.0,560.0,646.0522444537171,650.4902432446805,538.0885201476776,560.2148,650.4902432446805,538.0885201476776,bosque,mlp,violencia,-48.91147985232237
UPZ40,Ciudad Montes,Puente Aranda,2026,3,2026-03,697.0,587.0,587.0,645.1988013255054,653.0155575357877,703.2889591615707,587.289,653.0155575357877,703.2889591615707,bosque,mlp,violencia,6.288959161570688
UPZ40,Ciudad Montes,Puente Aranda,2026,4,2026-04,552.0,697.0,697.0,630.6154323515411,667.7484294287141,677.9609145425507,697.19977,667.7484294287141,677.9609145425507,bosque,mlp,violencia,125.96091454255065
UPZ40,Ciudad Montes,Puente Aranda,2026,5,2026-05,607.0,552.0,552.0,632.1679349330627,643.8419833658826,718.9351512542752,552.2602,643.8419833658826,718.9351512542752,bosque,mlp,violencia,111.93515125427518
UPZ40,Ciudad Montes,Puente Aranda,2026,6,2026-06,552.0,607.0,607.0,625.9593478627085,653.3007321611001,630.386724629368,607.0073,653.3007321611001,630.386724629368,bosque,mlp,violencia,78.38672462936802
UPZ41,Muzu,Puente Aranda,2026,1,2026-01,309.0,384.0,384.0,361.6195335619347,401.0993835840194,216.12886720267713,384.11948,401.0993835840194,216.12886720267713,bosque,mlp,violencia,-92.87113279732287
UPZ41,Muzu,Puente Aranda,2026,2,2026-02,334.0,309.0,309.0,336.8624492621597,353.33533870172766,269.951543144756,309.12546,353.33533870172766,269.951543144756,bosque,mlp,violencia,-64.04845685524401
UPZ41,Muzu,Puente Aranda,2026,3,2026-03,394.0,334.0,334.0,335.3888064263207,362.75874960350336,366.21949682109766,334.22934,362.75874960350336,366.21949682109766,bosque,mlp,violencia,-27.780503178902336
UPZ41,Muzu,Puente Aranda,2026,4,2026-04,372.0,394.0,394.0,347.80372897747515,374.0407345151364,366.97139450839813,394.1727,374.0407345151364,366.97139450839813,bosque,mlp,violencia,-5.028605491601866
UPZ41,Muzu,Puente Aranda,2026,5,2026-05,331.0,372.0,372.0,380.33388233898665,380.1110562347255,404.0950725726531,372.22165,380.1110562347255,404.0950725726531,bosque,mlp,violencia,73.09507257265312
UPZ41,Muzu,Puente Aranda,2026,6,2026-06,294.0,331.0,331.0,355.37632368749223,361.70468875199555,350.4281633485935,330.9458,361.70468875199555,350.4281633485935,bosque,mlp,violencia,56.4281633485935
UPZ42,Venecia,Tunjuelito,2026,1,2026-01,850.0,1077.0,1077.0,1026.187564053167,909.0684664511651,836.9257612418229,1076.713,909.0684664511651,836.9257612418229,bosque,mlp,violencia,-13.074238758177103
UPZ42,Venecia,Tunjuelito,2026,2,2026-02,878.0,850.0,850.0,953.3598308393578,883.7198143074219,866.1358792047498,849.9643,883.7198143074219,866.1358792047498,bosque,mlp,violencia,-11.864120795250187
UPZ42,Venecia,Tunjuelito,2026,3,2026-03,1051.0,878.0,878.0,948.5685163967828,922.544845903167,1006.4135301952074,878.1203,922.544845903167,1006.4135301952074,bosque,mlp,violencia,-44.586469804792614
UPZ42,Venecia,Tunjuelito,2026,4,2026-04,955.0,1051.0,1051.0,955.127200648483,942.1504612065228,945.6700648479416,1051.0565,942.1504612065228,945.6700648479416,bosque,mlp,violencia,-9.329935152058397
UPZ42,Venecia,Tunjuelito,2026,5,2026-05,900.0,955.0,955.0,994.1425411852176,947.1091540755974,1039.5945492967946,955.088,947.1091540755974,1039.5945492967946,bosque,mlp,violencia,139.59454929679464
UPZ42,Venecia,Tunjuelito,2026,6,2026-06,743.0,900.0,900.0,981.0016904328199,929.622240190849,987.01196803316,899.8351,929.622240190849,987.01196803316,bosque,mlp,violencia,244.01196803315997
UPZ43,San Rafael,Puente Aranda,2026,1,2026-01,415.0,598.0,598.0,548.0588308584258,579.6389497782851,340.66961717711945,598.3039,579.6389497782851,340.66961717711945,bosque,mlp,violencia,-74.33038282288055
UPZ43,San Rafael,Puente Aranda,2026,2,2026-02,434.0,415.0,415.0,504.17834773097957,505.32054881484146,442.50125772171685,415.10446,505.32054881484146,442.50125772171685,bosque,mlp,violencia,8.501257721716854
UPZ43,San Rafael,Puente Aranda,2026,3,2026-03,466.0,434.0,434.0,479.52100021134555,485.66417230577633,525.3670199836619,434.23743,485.66417230577633,525.3670199836619,bosque,mlp,violencia,59.36701998366186
UPZ43,San Rafael,Puente Aranda,2026,4,2026-04,444.0,466.0,466.0,450.98337725440183,487.7308117138048,481.85873175176783,466.18524,487.7308117138048,481.85873175176783,bosque,mlp,violencia,37.858731751767834
UPZ43,San Rafael,Puente Aranda,2026,5,2026-05,440.0,444.0,444.0,470.842890968403,484.97897182831406,479.7961574771337,444.20953,484.97897182831406,479.7961574771337,bosque,mlp,violencia,39.796157477133704
UPZ43,San Rafael,Puente Aranda,2026,6,2026-06,426.0,440.0,440.0,452.41352415340657,474.5742983586429,461.02443723189924,439.95114,474.5742983586429,461.02443723189924,bosque,mlp,violencia,35.02443723189924
UPZ44,Americas,Kennedy,2026,1,2026-01,457.0,627.0,627.0,613.3320583831303,568.0434589910128,532.3551584658654,627.21716,568.0434589910128,532.3551584658654,bosque,mlp,violencia,75.35515846586543
UPZ44,Americas,Kennedy,2026,2,2026-02,515.0,457.0,457.0,544.1843004911532,545.4993784910142,514.6790474822949,457.2944,545.4993784910142,514.6790474822949,bosque,mlp,violencia,-0.32095251770510913
UPZ44,Americas,Kennedy,2026,3,2026-03,643.0,515.0,515.0,542.3063294491543,535.5285142874201,564.6081375180275,515.3719,535.5285142874201,564.6081375180275,bosque,mlp,violencia,-78.39186248197245
UPZ44,Americas,Kennedy,2026,4,2026-04,613.0,643.0,643.0,562.2109728553905,585.9901130691346,589.1836883693254,643.29675,585.9901130691346,589.1836883693254,bosque,mlp,violencia,-23.81631163067459
UPZ44,Americas,Kennedy,2026,5,2026-05,575.0,613.0,613.0,624.8561750424424,610.8836124510448,671.725331870619,613.3297,610.8836124510448,671.725331870619,bosque,mlp,violencia,96.72533187061902
UPZ44,Americas,Kennedy,2026,6,2026-06,557.0,575.0,575.0,625.7970654975727,612.3124305731351,608.254790006538,575.0982,612.3124305731351,608.254790006538,bosque,mlp,violencia,51.254790006537974
UPZ45,Carvajal,Kennedy,2026,1,2026-01,652.0,877.0,877.0,813.2542180490889,715.0418366787335,607.2087929723506,877.0046,715.0418366787335,607.2087929723506,bosque,mlp,violencia,-44.79120702764942
UPZ45,Carvajal,Kennedy,2026,2,2026-02,744.0,652.0,652.0,744.9287658499545,701.5859713919061,577.7185962032723,652.09485,701.5859713919061,577.7185962032723,bosque,mlp,violencia,-166.28140379672766
UPZ45,Carvajal,Kennedy,2026,3,2026-03,922.0,744.0,744.0,760.9205548576813,742.9730196250079,783.8266142151746,744.21075,742.9730196250079,783.8266142151746,bosque,mlp,violencia,-138.17338578482543
UPZ45,Carvajal,Kennedy,2026,4,2026-04,717.0,922.0,922.0,791.8228708217971,769.9009781481734,825.8233716653812,922.0912,769.9009781481734,825.8233716653812,bosque,mlp,violencia,108.82337166538116
UPZ45,Carvajal,Kennedy,2026,5,2026-05,782.0,717.0,717.0,812.3699658241901,742.162389017627,931.4928259969696,717.1918,742.162389017627,931.4928259969696,bosque,mlp,violencia,149.4928259969696
UPZ45,Carvajal,Kennedy,2026,6,2026-06,661.0,782.0,782.0,809.3525203190952,752.1892378540748,800.933192700415,781.88165,752.1892378540748,800.933192700415,bosque,mlp,violencia,139.93319270041502
UPZ46,Castilla,Kennedy,2026,1,2026-01,751.0,1148.0,1148.0,971.3587934530115,813.1521036259593,823.0449476405638,1147.9467,813.1521036259593,823.0449476405638,bosque,mlp,violencia,72.0449476405638
UPZ46,Castilla,Kennedy,2026,2,2026-02,759.0,751.0,751.0,915.5598060638288,812.4068419205364,880.7636778691835,751.1801,812.4068419205364,880.7636778691835,bosque,mlp,violencia,121.76367786918354
UPZ46,Castilla,Kennedy,2026,3,2026-03,966.0,759.0,759.0,900.746255913171,825.2241258204751,997.7085756131758,759.2819,825.2241258204751,997.7085756131758,bosque,mlp,violencia,31.708575613175753
UPZ46,Castilla,Kennedy,2026,4,2026-04,800.0,966.0,966.0,863.6275764881868,823.2109329864471,905.5482915876461,966.1969,823.2109329864471,905.5482915876461,bosque,mlp,violencia,105.54829158764608
UPZ46,Castilla,Kennedy,2026,5,2026-05,848.0,800.0,800.0,880.2021949930768,806.211765875782,975.8577141629366,800.25525,806.211765875782,975.8577141629366,bosque,mlp,violencia,127.85771416293665
UPZ46,Castilla,Kennedy,2026,6,2026-06,820.0,848.0,848.0,899.1356654760489,829.0481276952114,863.2482173830907,848.03577,829.0481276952114,863.2482173830907,bosque,mlp,violencia,43.24821738309072
UPZ49,Apogeo,Bosa,2026,1,2026-01,217.0,244.0,244.0,224.92585965949752,296.4902481997489,58.30660138277784,244.09592,296.4902481997489,58.30660138277784,bosque,mlp,violencia,-158.69339861722216
UPZ49,Apogeo,Bosa,2026,2,2026-02,226.0,217.0,217.0,218.96241207048763,241.70854815864467,199.35674326606178,217.0651,241.70854815864467,199.35674326606178,bosque,mlp,violencia,-26.643256733938216
UPZ49,Apogeo,Bosa,2026,3,2026-03,258.0,226.0,226.0,242.7974753033295,237.73610824679054,264.721640126091,226.1942,237.73610824679054,264.721640126091,bosque,mlp,violencia,6.7216401260910175
UPZ49,Apogeo,Bosa,2026,4,2026-04,243.0,258.0,258.0,252.59672555310027,238.5821977588922,225.58681345706867,258.1398,238.5821977588922,225.58681345706867,bosque,mlp,violencia,-17.413186542931328
UPZ49,Apogeo,Bosa,2026,5,2026-05,229.0,243.0,243.0,271.9681366128823,240.67493020784678,258.3406344547385,243.1794,240.67493020784678,258.3406344547385,bosque,mlp,violencia,29.340634454738506
UPZ49,Apogeo,Bosa,2026,6,2026-06,242.0,229.0,229.0,254.70660896352496,238.96563113259447,256.152262769342,228.9497,238.96563113259447,256.152262769342,bosque,mlp,violencia,14.152262769341974
UPZ53,Marco Fidel Suarez,Rafael Uribe Uribe,2026,1,2026-01,537.0,670.0,670.0,605.1219984958378,592.6840242483462,519.8786852722667,670.01917,592.6840242483462,519.8786852722667,bosque,mlp,violencia,-17.121314727733306
UPZ53,Marco Fidel Suarez,Rafael Uribe Uribe,2026,2,2026-02,493.0,537.0,537.0,583.0262568584009,592.2173654954355,493.30962104234357,537.07623,592.2173654954355,493.30962104234357,bosque,mlp,violencia,0.309621042343565
UPZ53,Marco Fidel Suarez,Rafael Uribe Uribe,2026,3,2026-03,611.0,493.0,493.0,574.806663317699,583.4309255304349,651.993139360207,493.22076,583.4309255304349,651.993139360207,bosque,mlp,violencia,40.99313936020701
UPZ53,Marco Fidel Suarez,Rafael Uribe Uribe,2026,4,2026-04,592.0,611.0,611.0,567.5778752733913,582.6419482393899,610.9518744995988,611.1468,582.6419482393899,610.9518744995988,bosque,mlp,violencia,18.95187449959883
UPZ53,Marco Fidel Suarez,Rafael Uribe Uribe,2026,5,2026-05,553.0,592.0,592.0,596.3182808277558,594.0734687819713,637.8027183665138,592.18835,594.0734687819713,637.8027183665138,bosque,mlp,violencia,84.80271836651377
UPZ53,Marco Fidel Suarez,Rafael Uribe Uribe,2026,6,2026-06,522.0,553.0,553.0,596.8030859999994,608.9157681265298,607.4650719648566,552.9392,608.9157681265298,607.4650719648566,bosque,mlp,violencia,85.46507196485663
UPZ54,Marruecos,Rafael Uribe Uribe,2026,1,2026-01,661.0,801.0,801.0,707.4700654705961,678.533112059411,510.0180602197819,800.92865,678.533112059411,510.0180602197819,bosque,mlp,violencia,-150.9819397802181
UPZ54,Marruecos,Rafael Uribe Uribe,2026,2,2026-02,692.0,661.0,661.0,681.8494557325567,694.7304327287391,551.1327985354282,661.1534,694.7304327287391,551.1327985354282,bosque,mlp,violencia,-140.86720146457185
UPZ54,Marruecos,Rafael Uribe Uribe,2026,3,2026-03,758.0,692.0,692.0,727.816211603112,709.4890827893967,756.3123438244332,692.2965,709.4890827893967,756.3123438244332,bosque,mlp,violencia,-1.687656175566758
UPZ54,Marruecos,Rafael Uribe Uribe,2026,4,2026-04,746.0,758.0,758.0,723.5923535952252,709.437390281681,765.384478938766,758.20935,709.437390281681,765.384478938766,bosque,mlp,violencia,19.38447893876605
UPZ54,Marruecos,Rafael Uribe Uribe,2026,5,2026-05,683.0,746.0,746.0,765.1709836617417,726.4212745334346,820.8297184755176,746.15546,726.4212745334346,820.8297184755176,bosque,mlp,violencia,137.82971847551755
UPZ54,Marruecos,Rafael Uribe Uribe,2026,6,2026-06,676.0,683.0,683.0,745.101107593488,734.0577978184498,781.6374904085851,682.9316,734.0577978184498,781.6374904085851,bosque,mlp,violencia,105.63749040858511
UPZ56,Danubio,Usme,2026,1,2026-01,285.0,330.0,330.0,314.20340387195927,381.53425300019757,131.19931798811888,330.06052,381.53425300019757,131.19931798811888,bosque,mlp,violencia,-153.80068201188112
UPZ56,Danubio,Usme,2026,2,2026-02,240.0,285.0,285.0,298.6517443693583,312.3064092401046,264.830131804874,285.00272,312.3064092401046,264.830131804874,bosque,mlp,violencia,24.830131804873986
UPZ56,Danubio,Usme,2026,3,2026-03,357.0,240.0,240.0,296.9774303072385,269.60594801346843,320.62777873019184,240.15988,269.60594801346843,320.62777873019184,bosque,mlp,violencia,-36.372221269808165
UPZ56,Danubio,Usme,2026,4,2026-04,272.0,357.0,357.0,317.81031849700173,313.0363157975251,267.00707938872483,357.1098,313.0363157975251,267.00707938872483,bosque,mlp,violencia,-4.992920611275167
UPZ56,Danubio,Usme,2026,5,2026-05,306.0,272.0,272.0,321.05165739262753,284.76045091703713,308.0491012398247,272.15332,284.76045091703713,308.0491012398247,bosque,mlp,violencia,2.049101239824722
UPZ56,Danubio,Usme,2026,6,2026-06,281.0,306.0,306.0,329.4248658647751,306.2898806205603,347.2054782468015,305.8958,306.2898806205603,347.2054782468015,bosque,mlp,violencia,66.20547824680148
UPZ62,Tunjuelito,Tunjuelito,2026,1,2026-01,320.0,482.0,482.0,377.0463602768693,437.8407095165015,47.7519160795365,481.5692,437.8407095165015,47.7519160795365,bosque,mlp,violencia,-272.2480839204635
UPZ62,Tunjuelito,Tunjuelito,2026,2,2026-02,392.0,320.0,320.0,346.52260488862714,384.47767145349803,177.48519726337585,319.97473,384.47767145349803,177.48519726337585,bosque,mlp,violencia,-214.51480273662415
UPZ62,Tunjuelito,Tunjuelito,2026,3,2026-03,431.0,392.0,392.0,392.2040061655955,415.16880236238785,469.88437014263917,392.19635,415.16880236238785,469.88437014263917,bosque,mlp,violencia,38.88437014263917
UPZ62,Tunjuelito,Tunjuelito,2026,4,2026-04,363.0,431.0,431.0,377.38351666084645,410.00044114161614,393.96754571264967,431.0471,410.00044114161614,393.96754571264967,bosque,mlp,violencia,30.967545712649667
UPZ62,Tunjuelito,Tunjuelito,2026,5,2026-05,356.0,363.0,363.0,403.43337791981713,401.4077927314529,450.64097970636385,363.1137,401.4077927314529,450.64097970636385,bosque,mlp,violencia,94.64097970636385
UPZ62,Tunjuelito,Tunjuelito,2026,6,2026-06,351.0,356.0,356.0,378.2147308562289,401.53425008599066,368.75572257869186,355.831,401.53425008599066,368.75572257869186,bosque,mlp,violencia,17.75572257869186
UPZ65,Arborizadora,Ciudad Bolívar,2026,1,2026-01,471.0,598.0,598.0,534.3929407328477,506.7008962123713,451.39246573413243,598.17334,506.7008962123713,451.39246573413243,bosque,mlp,violencia,-19.60753426586757
UPZ65,Arborizadora,Ciudad Bolívar,2026,2,2026-02,473.0,471.0,471.0,501.955755209592,479.3955640957075,418.5711599601394,471.23636,479.3955640957075,418.5711599601394,bosque,mlp,violencia,-54.428840039860575
UPZ65,Arborizadora,Ciudad Bolívar,2026,3,2026-03,598.0,473.0,473.0,520.6090179431093,490.1615447308887,554.2865357707425,473.32208,490.1615447308887,554.2865357707425,bosque,mlp,violencia,-43.71346422925751
UPZ65,Arborizadora,Ciudad Bolívar,2026,4,2026-04,487.0,598.0,598.0,533.5577797940618,542.8395529983231,599.213274124049,598.22766,542.8395529983231,599.213274124049,bosque,mlp,violencia,112.21327412404901
UPZ65,Arborizadora,Ciudad Bolívar,2026,5,2026-05,494.0,487.0,487.0,547.0008415964921,497.3703298750026,608.096151346187,487.28592,497.3703298750026,608.096151346187,bosque,mlp,violencia,114.09615134618696
UPZ65,Arborizadora,Ciudad Bolívar,2026,6,2026-06,452.0,494.0,494.0,537.9764564279641,503.1595183469641,528.602493927983,494.0581,503.1595183469641,528.602493927983,bosque,mlp,violencia,76.602493927983
UPZ72,Bolivia,Engativá,2026,1,2026-01,280.0,262.0,262.0,272.39191313027334,291.2228004083457,288.5808238723095,262.11716,291.2228004083457,288.5808238723095,bosque,mlp,violencia,8.580823872309509
UPZ72,Bolivia,Engativá,2026,2,2026-02,251.0,280.0,280.0,272.5977012715246,289.63971212041037,210.9852693833144,280.16995,289.63971212041037,210.9852693833144,bosque,mlp,violencia,-40.0147306166856
UPZ72,Bolivia,Engativá,2026,3,2026-03,313.0,251.0,251.0,268.14988760793653,276.32553956675986,319.1668036932861,251.2765,276.32553956675986,319.1668036932861,bosque,mlp,violencia,6.166803693286113
UPZ72,Bolivia,Engativá,2026,4,2026-04,260.0,313.0,313.0,293.77982484361667,291.6127165032196,302.4999802069453,313.2143,291.6127165032196,302.4999802069453,bosque,mlp,violencia,42.49998020694528
UPZ72,Bolivia,Engativá,2026,5,2026-05,291.0,260.0,260.0,296.15539300676187,282.0677058705011,312.952783298451,260.2499,282.0677058705011,312.952783298451,bosque,mlp,violencia,21.95278329845098
UPZ72,Bolivia,Engativá,2026,6,2026-06,275.0,291.0,291.0,295.8927742036006,292.3598571058315,303.67058133039353,291.03207,292.3598571058315,303.67058133039353,bosque,mlp,violencia,28.67058133039353
UPZ82,Patio Bonito,Kennedy,2026,1,2026-01,1176.0,1725.0,1725.0,1558.2721255695333,1363.7546218639518,1324.406852361999,1724.706,1363.7546218639518,1324.406852361999,bosque,mlp,violencia,148.40685236199897
UPZ82,Patio Bonito,Kennedy,2026,2,2026-02,1283.0,1176.0,1176.0,1441.1350370074947,1358.1344659340164,1312.0379284072433,1176.2683,1358.1344659340164,1312.0379284072433,bosque,mlp,violencia,29.03792840724327
UPZ82,Patio Bonito,Kennedy,2026,3,2026-03,1456.0,1283.0,1283.0,1407.531240243065,1376.8405660726341,1460.8376507600506,1283.3793,1376.8405660726341,1460.8376507600506,bosque,mlp,violencia,4.837650760050565
UPZ82,Patio Bonito,Kennedy,2026,4,2026-04,1270.0,1456.0,1456.0,1340.450245790959,1335.7485015453396,1394.9056020144508,1456.3219,1335.7485015453396,1394.9056020144508,bosque,mlp,violencia,124.90560201445078
UPZ82,Patio Bonito,Kennedy,2026,5,2026-05,1225.0,1270.0,1270.0,1370.2012068145664,1331.6712364104426,1467.351020474631,1270.3726,1331.6712364104426,1467.351020474631,bosque,mlp,violencia,242.351020474631
UPZ82,Patio Bonito,Kennedy,2026,6,2026-06,1251.0,1225.0,1225.0,1336.8495085782417,1343.8487606452231,1261.0601614473712,1225.0424,1343.8487606452231,1261.0601614473712,bosque,mlp,violencia,10.060161447371229
UPZ83,Las Margaritas,Kennedy,2026,1,2026-01,118.0,136.0,136.0,118.27567619676455,243.48044501411263,0.0,136.037,243.48044501411263,0.0,bosque,mlp,violencia,-118.0
UPZ83,Las Margaritas,Kennedy,2026,2,2026-02,111.0,118.0,118.0,110.90313792295848,161.08480241925835,78.03597437674323,118.073784,161.08480241925835,78.03597437674323,bosque,mlp,violencia,-32.964025623256774
UPZ83,Las Margaritas,Kennedy,2026,3,2026-03,139.0,111.0,111.0,134.799427794422,145.15655461679935,155.55738779645822,111.19684,145.15655461679935,155.55738779645822,bosque,mlp,violencia,16.557387796458215
UPZ83,Las Margaritas,Kennedy,2026,4,2026-04,105.0,139.0,139.0,143.586244375437,133.32167211743658,115.62343479205626,139.14113,133.32167211743658,115.62343479205626,bosque,mlp,violencia,10.623434792056258
UPZ83,Las Margaritas,Kennedy,2026,5,2026-05,135.0,105.0,105.0,149.88799748419348,143.91776763775442,138.2145916774641,105.19567,143.91776763775442,138.2145916774641,bosque,mlp,violencia,3.2145916774641137
UPZ83,Las Margaritas,Kennedy,2026,6,2026-06,115.0,135.0,135.0,145.39438938830074,144.30700094510803,148.19753569696655,135.00554,144.30700094510803,148.19753569696655,bosque,mlp,violencia,33.197535696966554
UPZ85,Bosa Central,Bosa,2026,1,2026-01,1754.0,2031.0,2031.0,2001.6077992592452,1446.9812250152218,1631.4948941500518,2030.5833,1446.9812250152218,1631.4948941500518,bosque,mlp,violencia,-122.50510584994822
UPZ85,Bosa Central,Bosa,2026,2,2026-02,1805.0,1754.0,1754.0,1923.8088587178495,1675.1949905539143,1696.382136760695,1754.1163,1675.1949905539143,1696.382136760695,bosque,mlp,violencia,-108.61786323930505
UPZ85,Bosa Central,Bosa,2026,3,2026-03,1953.0,1805.0,1805.0,1883.7352499911012,1762.2573271225574,1925.9275133531064,1805.2767,1762.2573271225574,1925.9275133531064,bosque,mlp,violencia,-27.072486646893594
UPZ85,Bosa Central,Bosa,2026,4,2026-04,1816.0,1953.0,1953.0,1875.7020873155116,1758.1848207323917,1953.4481314945601,1953.1855,1758.1848207323917,1953.4481314945601,bosque,mlp,violencia,137.44813149456013
UPZ85,Bosa Central,Bosa,2026,5,2026-05,1848.0,1816.0,1816.0,1900.2012631578227,1756.3680539752615,2043.463851318473,1816.2473,1756.3680539752615,2043.463851318473,bosque,mlp,violencia,195.46385131847296
UPZ85,Bosa Central,Bosa,2026,6,2026-06,1719.0,1848.0,1848.0,1899.8957262851332,1732.470451521098,1893.8956247397446,1847.9989,1732.470451521098,1893.8956247397446,bosque,mlp,violencia,174.89562473974456
UPZ9,Verbenal,Usaquén,2026,1,2026-01,719.0,941.0,941.0,820.1539732433375,698.3784236978947,704.4659051993392,941.1977,698.3784236978947,704.4659051993392,bosque,mlp,violencia,-14.534094800660796
UPZ9,Verbenal,Usaquén,2026,2,2026-02,706.0,719.0,719.0,777.6001411809673,725.6073029117338,537.7579405036722,719.08923,725.6073029117338,537.7579405036722,bosque,mlp,violencia,-168.24205949632778
UPZ9,Verbenal,Usaquén,2026,3,2026-03,841.0,706.0,706.0,787.754825390504,711.5822074877944,791.3225457128074,706.2659,711.5822074877944,791.3225457128074,bosque,mlp,violencia,-49.67745428719263
UPZ9,Verbenal,Usaquén,2026,4,2026-04,741.0,841.0,841.0,769.284923985672,738.7463243276469,813.8326907651052,841.13837,738.7463243276469,813.8326907651052,bosque,mlp,violencia,72.83269076510521
UPZ9,Verbenal,Usaquén,2026,5,2026-05,784.0,741.0,741.0,782.5909570000983,734.333193479117,851.3735286130667,741.1928,734.333193479117,851.3735286130667,bosque,mlp,violencia,67.3735286130667
UPZ9,Verbenal,Usaquén,2026,6,2026-06,705.0,784.0,784.0,793.5028803982495,751.8632398066774,786.0493612652092,783.9405,751.8632398066774,786.0493612652092,bosque,mlp,violencia,81.0493612652092
UPZ91,Sagrado Corazon,Santa Fe,2026,1,2026-01,139.0,170.0,170.0,132.64668898888277,230.8774352449782,133.13433433238075,171.23503,230.8774352449782,133.13433433238075,bosque,mlp,violencia,-5.865665667619254
UPZ91,Sagrado Corazon,Santa Fe,2026,2,2026-02,164.0,139.0,139.0,160.27085084511208,158.63832276799764,168.90418267726722,139.67412,158.63832276799764,168.90418267726722,bosque,mlp,violencia,4.904182677267215
UPZ91,Sagrado Corazon,Santa Fe,2026,3,2026-03,205.0,164.0,164.0,172.2138861964233,153.98315838224198,147.1244263089022,164.71278,153.98315838224198,147.1244263089022,bosque,mlp,violencia,-57.8755736910978
UPZ91,Sagrado Corazon,Santa Fe,2026,4,2026-04,175.0,205.0,205.0,190.34461808326427,177.97433790378955,164.91745556365152,205.6628,177.97433790378955,164.91745556365152,bosque,mlp,violencia,-10.082544436348485
UPZ91,Sagrado Corazon,Santa Fe,2026,5,2026-05,171.0,175.0,175.0,211.5987093110325,171.3436807234745,168.20825267157213,175.67162,171.3436807234745,168.20825267157213,bosque,mlp,violencia,-2.791747328427874
UPZ91,Sagrado Corazon,Santa Fe,2026,6,2026-06,172.0,171.0,171.0,207.44906892983283,171.563356865211,158.17043977938295,171.59393,171.563356865211,158.17043977938295,bosque,mlp,violencia,-13.829560220617054
UPZ92,La Macarena,Santa Fe,2026,1,2026-01,93.0,116.0,116.0,98.3064622547434,202.96871988858234,34.24024396428696,116.54774,202.96871988858234,34.24024396428696,bosque,mlp,violencia,-58.75975603571304
UPZ92,La Macarena,Santa Fe,2026,2,2026-02,109.0,93.0,93.0,89.50170342950446,120.21317089509667,97.85209190157676,93.367935,120.21317089509667,97.85209190157676,bosque,mlp,violencia,-11.147908098423244
UPZ92,La Macarena,Santa Fe,2026,3,2026-03,106.0,109.0,109.0,129.4508644671398,131.39800636805785,117.78021437790694,109.43003,131.39800636805785,117.78021437790694,bosque,mlp,violencia,11.780214377906944
UPZ92,La Macarena,Santa Fe,2026,4,2026-04,73.0,106.0,106.0,129.44002822506656,127.06246955132114,134.10509498326812,106.413,127.06246955132114,134.10509498326812,bosque,mlp,violencia,61.10509498326812
UPZ92,La Macarena,Santa Fe,2026,5,2026-05,146.0,73.0,73.0,132.7861253371957,117.76271969654728,135.7484917118785,73.43738,117.76271969654728,135.7484917118785,bosque,mlp,violencia,-10.2515082881215
UPZ92,La Macarena,Santa Fe,2026,6,2026-06,103.0,146.0,146.0,141.12340578663662,143.67555744369605,152.28745974445667,146.28706,143.67555744369605,152.28745974445667,bosque,mlp,violencia,49.28745974445667
UPZ93,Las Nieves,Santa Fe,2026,1,2026-01,510.0,650.0,650.0,586.4384797091155,597.1430943749422,578.2399348847983,650.7166,597.1430943749422,578.2399348847983,bosque,mlp,violencia,68.23993488479834
UPZ93,Las Nieves,Santa Fe,2026,2,2026-02,619.0,510.0,510.0,564.846828003407,559.2235272351104,441.6891005349781,510.1171,559.2235272351104,441.6891005349781,bosque,mlp,violencia,-177.31089946502192
UPZ93,Las Nieves,Santa Fe,2026,3,2026-03,622.0,619.0,619.0,597.4681221544005,605.3306267117499,590.5959137839434,619.3235,605.3306267117499,590.5959137839434,bosque,mlp,violencia,-31.404086216056612
UPZ93,Las Nieves,Santa Fe,2026,4,2026-04,569.0,622.0,622.0,593.4654234432797,610.510547750033,649.992112510914,622.27203,610.510547750033,649.992112510914,bosque,mlp,violencia,80.99211251091401
UPZ93,Las Nieves,Santa Fe,2026,5,2026-05,672.0,569.0,569.0,617.7381789337956,591.9368631742024,639.2485747242492,569.27185,591.9368631742024,639.2485747242492,bosque,mlp,violencia,-32.75142527575076
UPZ93,Las Nieves,Santa Fe,2026,6,2026-06,535.0,672.0,672.0,623.4885298525592,620.6709056335308,639.4357541450778,671.9871,620.6709056335308,639.4357541450778,bosque,mlp,violencia,104.4357541450778
UPZ94,La Candelaria,Candelaria,2026,1,2026-01,212.0,249.0,249.0,175.5896713159779,237.77805922652152,181.68263998374294,249.61095,237.77805922652152,181.68263998374294,bosque,mlp,violencia,-30.317360016257055
UPZ94,La Candelaria,Candelaria,2026,2,2026-02,209.0,212.0,212.0,187.85648365037804,235.71738211734177,173.54766023388183,212.07788,235.71738211734177,173.54766023388183,bosque,mlp,violencia,-35.45233976611817
UPZ94,La Candelaria,Candelaria,2026,3,2026-03,270.0,209.0,209.0,201.2361286454285,233.9577648750691,257.11327223872644,209.18977,233.9577648750691,257.11327223872644,bosque,mlp,violencia,-12.886727761273562
UPZ94,La Candelaria,Candelaria,2026,4,2026-04,244.0,270.0,270.0,216.6197112369154,242.73585568053582,279.38397189200765,270.13403,242.73585568053582,279.38397189200765,bosque,mlp,violencia,35.38397189200765
UPZ94,La Candelaria,Candelaria,2026,5,2026-05,279.0,244.0,244.0,233.56220863018956,239.58628996204862,279.45267295889965,244.12329,239.58628996204862,279.45267295889965,bosque,mlp,violencia,0.45267295889965453
UPZ94,La Candelaria,Candelaria,2026,6,2026-06,175.0,279.0,279.0,244.81560403221312,260.48942124123926,299.8032824343234,278.93988,260.48942124123926,299.8032824343234,bosque,mlp,violencia,124.80328243432342
UPZ95,Las Cruces,Santa Fe,2026,1,2026-01,208.0,205.0,205.0,198.1475742937002,211.69590096573324,166.61591979876414,205.4214,211.69590096573324,166.61591979876414,bosque,mlp,violencia,-41.38408020123586
UPZ95,Las Cruces,Santa Fe,2026,2,2026-02,205.0,208.0,208.0,199.18258821712226,221.66905300844624,160.83293902665795,208.1531,221.66905300844624,160.83293902665795,bosque,mlp,violencia,-44.167060973342046
UPZ95,Las Cruces,Santa Fe,2026,3,2026-03,257.0,205.0,205.0,213.01993019881422,225.59977887512335,199.25072433954492,205.28181,225.59977887512335,199.25072433954492,bosque,mlp,violencia,-57.74927566045508
UPZ95,Las Cruces,Santa Fe,2026,4,2026-04,209.0,257.0,257.0,234.68337811986245,238.73009109450064,232.105349057667,257.20612,238.73009109450064,232.105349057667,bosque,mlp,violencia,23.105349057667013
UPZ95,Las Cruces,Santa Fe,2026,5,2026-05,199.0,209.0,209.0,244.327629862065,231.31422520459827,250.55636347358143,209.20403,231.31422520459827,250.55636347358143,bosque,mlp,violencia,51.55636347358143
UPZ95,Las Cruces,Santa Fe,2026,6,2026-06,220.0,199.0,199.0,229.45810292093634,226.95356325718421,218.23028160451628,199.01822,226.95356325718421,218.23028160451628,bosque,mlp,violencia,-1.7697183954837215
UPZ97,Chico Lago,Chapinero,2026,1,2026-01,454.0,516.0,516.0,533.1581508391167,532.3047540953255,512.0657515828051,517.1361,532.3047540953255,512.0657515828051,bosque,mlp,violencia,58.06575158280509
UPZ97,Chico Lago,Chapinero,2026,2,2026-02,599.0,454.0,454.0,511.5448800484033,485.5368684501595,505.625561126848,454.45496,485.5368684501595,505.625561126848,bosque,mlp,violencia,-93.37443887315197
UPZ97,Chico Lago,Chapinero,2026,3,2026-03,640.0,599.0,599.0,552.5398913108237,539.3282142984907,534.0138359937449,599.5124,539.3282142984907,534.0138359937449,bosque,mlp,violencia,-105.98616400625508
UPZ97,Chico Lago,Chapinero,2026,4,2026-04,551.0,640.0,640.0,602.3094110075872,570.1756695870239,590.4659949651747,640.51245,570.1756695870239,590.4659949651747,bosque,mlp,violencia,39.46599496517467
UPZ97,Chico Lago,Chapinero,2026,5,2026-05,600.0,551.0,551.0,639.3339477583672,559.7711568099177,667.4334216155218,551.55945,559.7711568099177,667.4334216155218,bosque,mlp,violencia,67.43342161552175
UPZ97,Chico Lago,Chapinero,2026,6,2026-06,443.0,600.0,600.0,636.1872069724193,575.9954619107076,576.3860704009847,600.3871,575.9954619107076,576.3860704009847,bosque,mlp,violencia,133.38607040098475
UPZ98,Los Alcázares,Barrios Unidos,2026,1,2026-01,548.0,730.0,730.0,685.957362295173,663.4253567649769,619.6896632327135,730.9813,663.4253567649769,619.6896632327135,bosque,mlp,violencia,71.68966323271354
UPZ98,Los Alcázares,Barrios Unidos,2026,2,2026-02,636.0,548.0,548.0,656.0210737692207,611.6343350141327,608.3770409606187,548.38354,611.6343350141327,608.3770409606187,bosque,mlp,violencia,-27.62295903938127
UPZ98,Los Alcázares,Barrios Unidos,2026,3,2026-03,661.0,636.0,636.0,649.320583298278,601.2614769597791,649.3944178487384,636.4468,601.2614769597791,649.3944178487384,bosque,mlp,violencia,-11.605582151261615
UPZ98,Los Alcázares,Barrios Unidos,2026,4,2026-04,643.0,661.0,661.0,636.3657625351507,607.7824179458506,643.9539909494342,661.41205,607.7824179458506,643.9539909494342,bosque,mlp,violencia,0.9539909494342282
UPZ98,Los Alcázares,Barrios Unidos,2026,5,2026-05,625.0,643.0,643.0,679.0356832819108,607.9149094556182,701.9497562141419,643.4367,607.9149094556182,701.9497562141419,bosque,mlp,violencia,76.94975621414187
UPZ98,Los Alcázares,Barrios Unidos,2026,6,2026-06,585.0,625.0,625.0,661.8998521191048,625.6297889590813,645.2120105936636,625.2914,625.6297889590813,645.2120105936636,bosque,mlp,violencia,60.21201059366365
UPZ99,Chapinero,Chapinero,2026,1,2026-01,311.0,474.0,474.0,502.6974967277224,447.09990742254706,355.267185805673,474.65518,447.09990742254706,355.267185805673,bosque,mlp,violencia,44.26718580567302
UPZ99,Chapinero,Chapinero,2026,2,2026-02,514.0,311.0,311.0,433.6941536666115,432.62336969937894,496.80056213932164,311.33377,432.62336969937894,496.80056213932164,bosque,mlp,violencia,-17.19943786067836
UPZ99,Chapinero,Chapinero,2026,3,2026-03,485.0,514.0,514.0,460.04934855191254,474.71106745454193,432.8128258479785,514.4291,474.71106745454193,432.8128258479785,bosque,mlp,violencia,-52.1871741520215
UPZ99,Chapinero,Chapinero,2026,4,2026-04,492.0,485.0,485.0,465.2129781187464,477.0636573406188,514.8568333172127,485.37177,477.0636573406188,514.8568333172127,bosque,mlp,violencia,22.856833317212704
