upz_id,cod_localidad,localidad,anio,mes,upz_nuse_hurto,upz_nuse_orden_publico,upz_nuse_otros,upz_nuse_violencia,upz_nuse_total,poblacion_localidad,dai_total,dai_hurto_personas,ir_total,indice_seguridad_nocturna_2019
UPZ10,01,USAQUÉN,2023,1,29.0,141.0,217.0,125.0,512.0,585076.0,9046.0,4968.0,39367.0,41.7932881111111
UPZ10,01,USAQUÉN,2023,2,39.0,130.0,204.0,141.0,514.0,585076.0,9046.0,4968.0,39367.0,41.7932881111111
UPZ10,01,USAQUÉN,2023,3,31.0,146.0,211.0,194.0,582.0,585076.0,9046.0,4968.0,39367.0,41.7932881111111
UPZ10,01,USAQUÉN,2023,4,32.0,171.0,203.0,185.0,591.0,585076.0,9046.0,4968.0,39367.0,41.7932881111111
UPZ10,01,USAQUÉN,2023,5,43.0,159.0,271.0,230.0,703.0,585076.0,9046.0,4968.0,39367.0,41.7932881111111
UPZ10,01,USAQUÉN,2023,6,33.0,183.0,197.0,157.0,570.0,585076.0,9046.0,4968.0,39367.0,41.7932881111111
UPZ10,01,USAQUÉN,2023,7,28.0,178.0,242.0,142.0,590.0,585076.0,9046.0,4968.0,39367.0,41.7932881111111
UPZ10,01,USAQUÉN,2023,8,26.0,127.0,198.0,129.0,480.0,585076.0,9046.0,4968.0,39367.0,41.7932881111111
UPZ10,01,USAQUÉN,2023,9,26.0,173.0,220.0,170.0,589.0,585076.0,9046.0,4968.0,39367.0,41.7932881111111
UPZ10,01,USAQUÉN,2023,10,38.0,191.0,212.0,168.0,609.0,585076.0,9046.0,4968.0,39367.0,41.7932881111111
UPZ10,01,USAQUÉN,2023,11,38.0,223.0,233.0,154.0,648.0,585076.0,9046.0,4968.0,39367.0,41.7932881111111
UPZ10,01,USAQUÉN,2023,12,27.0,170.0,309.0,146.0,652.0,585076.0,9046.0,4968.0,39367.0,41.7932881111111
UPZ9,01,USAQUÉN,2023,1,70.0,666.0,536.0,702.0,1974.0,585076.0,9046.0,4968.0,39367.0,41.7932881111111
UPZ9,01,USAQUÉN,2023,2,88.0,664.0,647.0,678.0,2077.0,585076.0,9046.0,4968.0,39367.0,41.7932881111111
UPZ9,01,USAQUÉN,2023,3,70.0,582.0,573.0,661.0,1886.0,585076.0,9046.0,4968.0,39367.0,41.7932881111111
UPZ9,01,USAQUÉN,2023,4,89.0,863.0,642.0,717.0,2311.0,585076.0,9046.0,4968.0,39367.0,41.7932881111111
UPZ9,01,USAQUÉN,2023,5,96.0,992.0,771.0,875.0,2734.0,585076.0,9046.0,4968.0,39367.0,41.7932881111111
UPZ9,01,USAQUÉN,2023,6,72.0,830.0,607.0,694.0,2203.0,585076.0,9046.0,4968.0,39367.0,41.7932881111111
UPZ9,01,USAQUÉN,2023,7,78.0,803.0,672.0,584.0,2137.0,585076.0,9046.0,4968.0,39367.0,41.7932881111111
UPZ9,01,USAQUÉN,2023,8,73.0,727.0,519.0,557.0,1876.0,585076.0,9046.0,4968.0,39367.0,41.7932881111111
UPZ9,01,USAQUÉN,2023,9,85.0,784.0,676.0,583.0,2128.0,585076.0,9046.0,4968.0,39367.0,41.7932881111111
UPZ9,01,USAQUÉN,2023,10,66.0,744.0,667.0,755.0,2232.0,585076.0,9046.0,4968.0,39367.0,41.7932881111111
UPZ9,01,USAQUÉN,2023,11,84.0,808.0,554.0,828.0,2274.0,585076.0,9046.0,4968.0,39367.0,41.7932881111111
UPZ9,01,USAQUÉN,2023,12,90.0,858.0,735.0,862.0,2545.0,585076.0,9046.0,4968.0,39367.0,41.7932881111111
UPZ12,01,USAQUÉN,2023,1,84.0,400.0,402.0,259.0,1145.0,585076.0,9046.0,4968.0,39367.0,41.7932881111111
UPZ12,01,USAQUÉN,2023,2,56.0,385.0,446.0,325.0,1212.0,585076.0,9046.0,4968.0,39367.0,41.7932881111111
UPZ12,01,USAQUÉN,2023,3,69.0,363.0,495.0,313.0,1240.0,585076.0,9046.0,4968.0,39367.0,41.7932881111111
UPZ12,01,USAQUÉN,2023,4,74.0,369.0,463.0,273.0,1179.0,585076.0,9046.0,4968.0,39367.0,41.7932881111111
UPZ12,01,USAQUÉN,2023,5,84.0,438.0,484.0,353.0,1359.0,585076.0,9046.0,4968.0,39367.0,41.7932881111111
UPZ12,01,USAQUÉN,2023,6,74.0,466.0,483.0,273.0,1296.0,585076.0,9046.0,4968.0,39367.0,41.7932881111111
UPZ12,01,USAQUÉN,2023,7,76.0,433.0,467.0,331.0,1307.0,585076.0,9046.0,4968.0,39367.0,41.7932881111111
UPZ12,01,USAQUÉN,2023,8,75.0,348.0,442.0,280.0,1145.0,585076.0,9046.0,4968.0,39367.0,41.7932881111111
UPZ12,01,USAQUÉN,2023,9,74.0,450.0,512.0,285.0,1321.0,585076.0,9046.0,4968.0,39367.0,41.7932881111111
UPZ12,01,USAQUÉN,2023,10,70.0,429.0,546.0,274.0,1319.0,585076.0,9046.0,4968.0,39367.0,41.7932881111111
UPZ12,01,USAQUÉN,2023,11,75.0,414.0,433.0,324.0,1246.0,585076.0,9046.0,4968.0,39367.0,41.7932881111111
UPZ12,01,USAQUÉN,2023,12,79.0,565.0,560.0,375.0,1579.0,585076.0,9046.0,4968.0,39367.0,41.7932881111111
UPZ18,11,SUBA,2023,1,81.0,322.0,404.0,286.0,1093.0,1241362.0,20751.0,10547.0,91018.0,40.380222
UPZ18,11,SUBA,2023,2,79.0,328.0,449.0,290.0,1146.0,1241362.0,20751.0,10547.0,91018.0,40.380222
UPZ18,11,SUBA,2023,3,85.0,410.0,446.0,333.0,1274.0,1241362.0,20751.0,10547.0,91018.0,40.380222
UPZ18,11,SUBA,2023,4,92.0,443.0,417.0,314.0,1266.0,1241362.0,20751.0,10547.0,91018.0,40.380222
UPZ18,11,SUBA,2023,5,81.0,476.0,519.0,338.0,1414.0,1241362.0,20751.0,10547.0,91018.0,40.380222
UPZ18,11,SUBA,2023,6,64.0,380.0,469.0,315.0,1228.0,1241362.0,20751.0,10547.0,91018.0,40.380222
UPZ18,11,SUBA,2023,7,90.0,398.0,439.0,228.0,1155.0,1241362.0,20751.0,10547.0,91018.0,40.380222
UPZ18,11,SUBA,2023,8,61.0,302.0,448.0,238.0,1049.0,1241362.0,20751.0,10547.0,91018.0,40.380222
UPZ18,11,SUBA,2023,9,79.0,394.0,394.0,306.0,1173.0,1241362.0,20751.0,10547.0,91018.0,40.380222
UPZ18,11,SUBA,2023,10,79.0,418.0,524.0,319.0,1340.0,1241362.0,20751.0,10547.0,91018.0,40.380222
UPZ18,11,SUBA,2023,11,82.0,400.0,541.0,345.0,1368.0,1241362.0,20751.0,10547.0,91018.0,40.380222
UPZ18,11,SUBA,2023,12,78.0,447.0,539.0,360.0,1424.0,1241362.0,20751.0,10547.0,91018.0,40.380222
UPZ13,01,USAQUÉN,2023,1,175.0,692.0,837.0,346.0,2050.0,585076.0,9046.0,4968.0,39367.0,41.7932881111111
UPZ13,01,USAQUÉN,2023,2,151.0,642.0,850.0,382.0,2025.0,585076.0,9046.0,4968.0,39367.0,41.7932881111111
UPZ13,01,USAQUÉN,2023,3,203.0,720.0,881.0,468.0,2272.0,585076.0,9046.0,4968.0,39367.0,41.7932881111111
UPZ13,01,USAQUÉN,2023,4,211.0,795.0,904.0,476.0,2386.0,585076.0,9046.0,4968.0,39367.0,41.7932881111111
UPZ13,01,USAQUÉN,2023,5,203.0,859.0,1036.0,495.0,2593.0,585076.0,9046.0,4968.0,39367.0,41.7932881111111
UPZ13,01,USAQUÉN,2023,6,200.0,740.0,968.0,484.0,2392.0,585076.0,9046.0,4968.0,39367.0,41.7932881111111
UPZ13,01,USAQUÉN,2023,7,192.0,850.0,971.0,416.0,2429.0,585076.0,9046.0,4968.0,39367.0,41.7932881111111
UPZ13,01,USAQUÉN,2023,8,175.0,757.0,841.0,403.0,2176.0,585076.0,9046.0,4968.0,39367.0,41.7932881111111
UPZ13,01,USAQUÉN,2023,9,161.0,921.0,1188.0,516.0,2786.0,585076.0,9046.0,4968.0,39367.0,41.7932881111111
UPZ13,01,USAQUÉN,2023,10,169.0,913.0,1023.0,544.0,2649.0,585076.0,9046.0,4968.0,39367.0,41.7932881111111
UPZ13,01,USAQUÉN,2023,11,183.0,711.0,976.0,539.0,2409.0,585076.0,9046.0,4968.0,39367.0,41.7932881111111
UPZ13,01,USAQUÉN,2023,12,177.0,698.0,1188.0,513.0,2576.0,585076.0,9046.0,4968.0,39367.0,41.7932881111111
UPZ15,01,USAQUÉN,2023,1,24.0,77.0,154.0,62.0,317.0,585076.0,9046.0,4968.0,39367.0,41.7932881111111
UPZ15,01,USAQUÉN,2023,2,41.0,93.0,182.0,59.0,375.0,585076.0,9046.0,4968.0,39367.0,41.7932881111111
UPZ15,01,USAQUÉN,2023,3,33.0,108.0,159.0,81.0,381.0,585076.0,9046.0,4968.0,39367.0,41.7932881111111
UPZ15,01,USAQUÉN,2023,4,33.0,140.0,179.0,68.0,420.0,585076.0,9046.0,4968.0,39367.0,41.7932881111111
UPZ15,01,USAQUÉN,2023,5,42.0,103.0,206.0,86.0,437.0,585076.0,9046.0,4968.0,39367.0,41.7932881111111
UPZ15,01,USAQUÉN,2023,6,35.0,164.0,175.0,67.0,441.0,585076.0,9046.0,4968.0,39367.0,41.7932881111111
UPZ15,01,USAQUÉN,2023,7,42.0,110.0,171.0,57.0,380.0,585076.0,9046.0,4968.0,39367.0,41.7932881111111
UPZ15,01,USAQUÉN,2023,8,28.0,110.0,140.0,57.0,335.0,585076.0,9046.0,4968.0,39367.0,41.7932881111111
UPZ15,01,USAQUÉN,2023,9,30.0,151.0,181.0,82.0,444.0,585076.0,9046.0,4968.0,39367.0,41.7932881111111
UPZ15,01,USAQUÉN,2023,10,31.0,142.0,175.0,63.0,411.0,585076.0,9046.0,4968.0,39367.0,41.7932881111111
UPZ15,01,USAQUÉN,2023,11,30.0,101.0,178.0,66.0,375.0,585076.0,9046.0,4968.0,39367.0,41.7932881111111
UPZ15,01,USAQUÉN,2023,12,39.0,93.0,188.0,77.0,397.0,585076.0,9046.0,4968.0,39367.0,41.7932881111111
UPZ16,01,USAQUÉN,2023,1,149.0,554.0,747.0,342.0,1792.0,585076.0,9046.0,4968.0,39367.0,41.7932881111111
UPZ16,01,USAQUÉN,2023,2,142.0,532.0,803.0,297.0,1774.0,585076.0,9046.0,4968.0,39367.0,41.7932881111111
UPZ16,01,USAQUÉN,2023,3,156.0,579.0,837.0,327.0,1899.0,585076.0,9046.0,4968.0,39367.0,41.7932881111111
UPZ16,01,USAQUÉN,2023,4,166.0,586.0,868.0,323.0,1943.0,585076.0,9046.0,4968.0,39367.0,41.7932881111111
UPZ16,01,USAQUÉN,2023,5,177.0,701.0,889.0,414.0,2181.0,585076.0,9046.0,4968.0,39367.0,41.7932881111111
UPZ16,01,USAQUÉN,2023,6,158.0,596.0,779.0,308.0,1841.0,585076.0,9046.0,4968.0,39367.0,41.7932881111111
UPZ16,01,USAQUÉN,2023,7,161.0,664.0,815.0,319.0,1959.0,585076.0,9046.0,4968.0,39367.0,41.7932881111111
UPZ16,01,USAQUÉN,2023,8,134.0,580.0,727.0,235.0,1676.0,585076.0,9046.0,4968.0,39367.0,41.7932881111111
UPZ16,01,USAQUÉN,2023,9,174.0,717.0,889.0,314.0,2094.0,585076.0,9046.0,4968.0,39367.0,41.7932881111111
UPZ16,01,USAQUÉN,2023,10,172.0,693.0,869.0,293.0,2027.0,585076.0,9046.0,4968.0,39367.0,41.7932881111111
UPZ16,01,USAQUÉN,2023,11,170.0,592.0,870.0,331.0,1963.0,585076.0,9046.0,4968.0,39367.0,41.7932881111111
UPZ16,01,USAQUÉN,2023,12,173.0,729.0,1025.0,305.0,2232.0,585076.0,9046.0,4968.0,39367.0,41.7932881111111
UPZ97,02,CHAPINERO,2023,1,194.0,709.0,979.0,405.0,2287.0,162013.0,14078.0,8844.0,20085.0,42.201468444444444
UPZ97,02,CHAPINERO,2023,2,238.0,1117.0,1269.0,446.0,3070.0,162013.0,14078.0,8844.0,20085.0,42.201468444444444
UPZ97,02,CHAPINERO,2023,3,259.0,971.0,1215.0,469.0,2914.0,162013.0,14078.0,8844.0,20085.0,42.201468444444444
UPZ97,02,CHAPINERO,2023,4,229.0,863.0,1124.0,468.0,2684.0,162013.0,14078.0,8844.0,20085.0,42.201468444444444
UPZ97,02,CHAPINERO,2023,5,252.0,1038.0,1288.0,487.0,3065.0,162013.0,14078.0,8844.0,20085.0,42.201468444444444
UPZ97,02,CHAPINERO,2023,6,273.0,889.0,1147.0,458.0,2767.0,162013.0,14078.0,8844.0,20085.0,42.201468444444444
UPZ97,02,CHAPINERO,2023,7,239.0,848.0,1087.0,401.0,2575.0,162013.0,14078.0,8844.0,20085.0,42.201468444444444
UPZ97,02,CHAPINERO,2023,8,182.0,702.0,931.0,421.0,2236.0,162013.0,14078.0,8844.0,20085.0,42.201468444444444
UPZ97,02,CHAPINERO,2023,9,272.0,918.0,1271.0,433.0,2894.0,162013.0,14078.0,8844.0,20085.0,42.201468444444444
UPZ97,02,CHAPINERO,2023,10,233.0,1017.0,1316.0,485.0,3051.0,162013.0,14078.0,8844.0,20085.0,42.201468444444444
UPZ97,02,CHAPINERO,2023,11,237.0,952.0,1208.0,480.0,2877.0,162013.0,14078.0,8844.0,20085.0,42.201468444444444
UPZ97,02,CHAPINERO,2023,12,191.0,1223.0,1180.0,497.0,3091.0,162013.0,14078.0,8844.0,20085.0,42.201468444444444
UPZ27,11,SUBA,2023,1,148.0,751.0,943.0,866.0,2708.0,1241362.0,20751.0,10547.0,91018.0,40.380222
UPZ27,11,SUBA,2023,2,109.0,881.0,998.0,855.0,2843.0,1241362.0,20751.0,10547.0,91018.0,40.380222
UPZ27,11,SUBA,2023,3,158.0,871.0,942.0,910.0,2881.0,1241362.0,20751.0,10547.0,91018.0,40.380222
UPZ27,11,SUBA,2023,4,172.0,1071.0,1006.0,1039.0,3288.0,1241362.0,20751.0,10547.0,91018.0,40.380222
UPZ27,11,SUBA,2023,5,141.0,1075.0,1074.0,1066.0,3356.0,1241362.0,20751.0,10547.0,91018.0,40.380222
UPZ27,11,SUBA,2023,6,132.0,904.0,924.0,977.0,2937.0,1241362.0,20751.0,10547.0,91018.0,40.380222
UPZ27,11,SUBA,2023,7,182.0,965.0,974.0,783.0,2904.0,1241362.0,20751.0,10547.0,91018.0,40.380222
UPZ27,11,SUBA,2023,8,127.0,792.0,836.0,751.0,2506.0,1241362.0,20751.0,10547.0,91018.0,40.380222
UPZ27,11,SUBA,2023,9,139.0,1078.0,1090.0,964.0,3271.0,1241362.0,20751.0,10547.0,91018.0,40.380222
UPZ27,11,SUBA,2023,10,145.0,1044.0,992.0,918.0,3099.0,1241362.0,20751.0,10547.0,91018.0,40.380222
UPZ27,11,SUBA,2023,11,162.0,1141.0,990.0,1108.0,3401.0,1241362.0,20751.0,10547.0,91018.0,40.380222
UPZ27,11,SUBA,2023,12,141.0,1062.0,1037.0,1050.0,3290.0,1241362.0,20751.0,10547.0,91018.0,40.380222
UPZ28,11,SUBA,2023,1,304.0,1913.0,1524.0,1822.0,5563.0,1241362.0,20751.0,10547.0,91018.0,40.380222
UPZ28,11,SUBA,2023,2,220.0,1775.0,1590.0,1809.0,5394.0,1241362.0,20751.0,10547.0,91018.0,40.380222
UPZ28,11,SUBA,2023,3,287.0,1726.0,1502.0,1853.0,5368.0,1241362.0,20751.0,10547.0,91018.0,40.380222
UPZ28,11,SUBA,2023,4,312.0,2108.0,1731.0,2340.0,6491.0,1241362.0,20751.0,10547.0,91018.0,40.380222
UPZ28,11,SUBA,2023,5,364.0,2370.0,1877.0,2304.0,6915.0,1241362.0,20751.0,10547.0,91018.0,40.380222
UPZ28,11,SUBA,2023,6,290.0,2243.0,1524.0,2285.0,6342.0,1241362.0,20751.0,10547.0,91018.0,40.380222
UPZ28,11,SUBA,2023,7,323.0,2360.0,1593.0,1928.0,6204.0,1241362.0,20751.0,10547.0,91018.0,40.380222
UPZ28,11,SUBA,2023,8,247.0,2023.0,1423.0,1853.0,5546.0,1241362.0,20751.0,10547.0,91018.0,40.380222
UPZ28,11,SUBA,2023,9,288.0,2150.0,1818.0,2079.0,6335.0,1241362.0,20751.0,10547.0,91018.0,40.380222
UPZ28,11,SUBA,2023,10,271.0,2084.0,1875.0,2242.0,6472.0,1241362.0,20751.0,10547.0,91018.0,40.380222
UPZ28,11,SUBA,2023,11,309.0,2319.0,1731.0,2208.0,6567.0,1241362.0,20751.0,10547.0,91018.0,40.380222
UPZ28,11,SUBA,2023,12,282.0,2600.0,1991.0,2691.0,7564.0,1241362.0,20751.0,10547.0,91018.0,40.380222
UPZ24,11,SUBA,2023,1,139.0,462.0,642.0,284.0,1527.0,1241362.0,20751.0,10547.0,91018.0,40.380222
UPZ24,11,SUBA,2023,2,105.0,486.0,742.0,300.0,1633.0,1241362.0,20751.0,10547.0,91018.0,40.380222
UPZ24,11,SUBA,2023,3,93.0,430.0,700.0,279.0,1502.0,1241362.0,20751.0,10547.0,91018.0,40.380222
UPZ24,11,SUBA,2023,4,98.0,518.0,675.0,315.0,1606.0,1241362.0,20751.0,10547.0,91018.0,40.380222
UPZ24,11,SUBA,2023,5,96.0,457.0,764.0,355.0,1672.0,1241362.0,20751.0,10547.0,91018.0,40.380222
UPZ24,11,SUBA,2023,6,85.0,533.0,759.0,350.0,1727.0,1241362.0,20751.0,10547.0,91018.0,40.380222
UPZ24,11,SUBA,2023,7,102.0,535.0,649.0,311.0,1597.0,1241362.0,20751.0,10547.0,91018.0,40.380222
UPZ24,11,SUBA,2023,8,104.0,437.0,624.0,286.0,1451.0,1241362.0,20751.0,10547.0,91018.0,40.380222
UPZ24,11,SUBA,2023,9,109.0,495.0,713.0,320.0,1637.0,1241362.0,20751.0,10547.0,91018.0,40.380222
UPZ24,11,SUBA,2023,10,88.0,590.0,763.0,360.0,1801.0,1241362.0,20751.0,10547.0,91018.0,40.380222
UPZ24,11,SUBA,2023,11,133.0,511.0,785.0,317.0,1746.0,1241362.0,20751.0,10547.0,91018.0,40.380222
UPZ24,11,SUBA,2023,12,113.0,557.0,743.0,389.0,1802.0,1241362.0,20751.0,10547.0,91018.0,40.380222
UPZ25,11,SUBA,2023,1,54.0,192.0,395.0,139.0,780.0,1241362.0,20751.0,10547.0,91018.0,40.380222
UPZ25,11,SUBA,2023,2,55.0,216.0,309.0,133.0,713.0,1241362.0,20751.0,10547.0,91018.0,40.380222
UPZ25,11,SUBA,2023,3,35.0,199.0,255.0,116.0,605.0,1241362.0,20751.0,10547.0,91018.0,40.380222
UPZ25,11,SUBA,2023,4,57.0,215.0,284.0,168.0,724.0,1241362.0,20751.0,10547.0,91018.0,40.380222
UPZ25,11,SUBA,2023,5,39.0,240.0,329.0,132.0,740.0,1241362.0,20751.0,10547.0,91018.0,40.380222
UPZ25,11,SUBA,2023,6,62.0,254.0,289.0,121.0,726.0,1241362.0,20751.0,10547.0,91018.0,40.380222
UPZ25,11,SUBA,2023,7,49.0,226.0,371.0,128.0,774.0,1241362.0,20751.0,10547.0,91018.0,40.380222
UPZ25,11,SUBA,2023,8,48.0,160.0,259.0,123.0,590.0,1241362.0,20751.0,10547.0,91018.0,40.380222
UPZ25,11,SUBA,2023,9,60.0,172.0,286.0,144.0,662.0,1241362.0,20751.0,10547.0,91018.0,40.380222
UPZ25,11,SUBA,2023,10,36.0,167.0,383.0,161.0,747.0,1241362.0,20751.0,10547.0,91018.0,40.380222
UPZ25,11,SUBA,2023,11,54.0,228.0,295.0,151.0,728.0,1241362.0,20751.0,10547.0,91018.0,40.380222
UPZ25,11,SUBA,2023,12,51.0,200.0,334.0,136.0,721.0,1241362.0,20751.0,10547.0,91018.0,40.380222
UPZ20,11,SUBA,2023,1,63.0,226.0,367.0,126.0,782.0,1241362.0,20751.0,10547.0,91018.0,40.380222
UPZ20,11,SUBA,2023,2,64.0,241.0,350.0,160.0,815.0,1241362.0,20751.0,10547.0,91018.0,40.380222
UPZ20,11,SUBA,2023,3,62.0,282.0,352.0,170.0,866.0,1241362.0,20751.0,10547.0,91018.0,40.380222
UPZ20,11,SUBA,2023,4,65.0,322.0,381.0,140.0,908.0,1241362.0,20751.0,10547.0,91018.0,40.380222
UPZ20,11,SUBA,2023,5,67.0,345.0,373.0,175.0,960.0,1241362.0,20751.0,10547.0,91018.0,40.380222
UPZ20,11,SUBA,2023,6,74.0,279.0,370.0,146.0,869.0,1241362.0,20751.0,10547.0,91018.0,40.380222
UPZ20,11,SUBA,2023,7,77.0,346.0,347.0,108.0,878.0,1241362.0,20751.0,10547.0,91018.0,40.380222
UPZ20,11,SUBA,2023,8,57.0,226.0,348.0,145.0,776.0,1241362.0,20751.0,10547.0,91018.0,40.380222
UPZ20,11,SUBA,2023,9,68.0,204.0,403.0,169.0,844.0,1241362.0,20751.0,10547.0,91018.0,40.380222
UPZ20,11,SUBA,2023,10,62.0,244.0,391.0,146.0,843.0,1241362.0,20751.0,10547.0,91018.0,40.380222
UPZ20,11,SUBA,2023,11,67.0,218.0,381.0,125.0,791.0,1241362.0,20751.0,10547.0,91018.0,40.380222
UPZ20,11,SUBA,2023,12,61.0,257.0,345.0,136.0,799.0,1241362.0,20751.0,10547.0,91018.0,40.380222
UPZ21,12,BARRIOS UNIDOS,2023,1,89.0,256.0,419.0,217.0,981.0,136020.0,7060.0,4200.0,18888.0,39.80123933333333
UPZ21,12,BARRIOS UNIDOS,2023,2,101.0,333.0,487.0,282.0,1203.0,136020.0,7060.0,4200.0,18888.0,39.80123933333333
UPZ21,12,BARRIOS UNIDOS,2023,3,89.0,258.0,540.0,210.0,1097.0,136020.0,7060.0,4200.0,18888.0,39.80123933333333
UPZ21,12,BARRIOS UNIDOS,2023,4,73.0,292.0,483.0,216.0,1064.0,136020.0,7060.0,4200.0,18888.0,39.80123933333333
UPZ21,12,BARRIOS UNIDOS,2023,5,83.0,301.0,517.0,222.0,1123.0,136020.0,7060.0,4200.0,18888.0,39.80123933333333
UPZ21,12,BARRIOS UNIDOS,2023,6,67.0,305.0,422.0,254.0,1048.0,136020.0,7060.0,4200.0,18888.0,39.80123933333333
UPZ21,12,BARRIOS UNIDOS,2023,7,100.0,304.0,442.0,206.0,1052.0,136020.0,7060.0,4200.0,18888.0,39.80123933333333
UPZ21,12,BARRIOS UNIDOS,2023,8,61.0,231.0,379.0,193.0,864.0,136020.0,7060.0,4200.0,18888.0,39.80123933333333
UPZ21,12,BARRIOS UNIDOS,2023,9,63.0,289.0,435.0,208.0,995.0,136020.0,7060.0,4200.0,18888.0,39.80123933333333
UPZ21,12,BARRIOS UNIDOS,2023,10,79.0,349.0,538.0,201.0,1167.0,136020.0,7060.0,4200.0,18888.0,39.80123933333333
UPZ21,12,BARRIOS UNIDOS,2023,11,74.0,308.0,499.0,208.0,1089.0,136020.0,7060.0,4200.0,18888.0,39.80123933333333
UPZ21,12,BARRIOS UNIDOS,2023,12,91.0,324.0,495.0,276.0,1186.0,136020.0,7060.0,4200.0,18888.0,39.80123933333333
UPZ72,10,ENGATIVÁ,2023,1,73.0,295.0,422.0,293.0,1083.0,830505.0,17846.0,9318.0,77148.0,43.08297155555556
UPZ72,10,ENGATIVÁ,2023,2,80.0,276.0,430.0,250.0,1036.0,830505.0,17846.0,9318.0,77148.0,43.08297155555556
UPZ72,10,ENGATIVÁ,2023,3,100.0,257.0,403.0,334.0,1094.0,830505.0,17846.0,9318.0,77148.0,43.08297155555556
UPZ72,10,ENGATIVÁ,2023,4,61.0,284.0,427.0,321.0,1093.0,830505.0,17846.0,9318.0,77148.0,43.08297155555556
UPZ72,10,ENGATIVÁ,2023,5,79.0,279.0,415.0,255.0,1028.0,830505.0,17846.0,9318.0,77148.0,43.08297155555556
UPZ72,10,ENGATIVÁ,2023,6,78.0,270.0,410.0,309.0,1067.0,830505.0,17846.0,9318.0,77148.0,43.08297155555556
UPZ72,10,ENGATIVÁ,2023,7,86.0,301.0,420.0,251.0,1058.0,830505.0,17846.0,9318.0,77148.0,43.08297155555556
UPZ72,10,ENGATIVÁ,2023,8,79.0,237.0,370.0,259.0,945.0,830505.0,17846.0,9318.0,77148.0,43.08297155555556
UPZ72,10,ENGATIVÁ,2023,9,65.0,341.0,386.0,277.0,1069.0,830505.0,17846.0,9318.0,77148.0,43.08297155555556
UPZ72,10,ENGATIVÁ,2023,10,89.0,247.0,479.0,334.0,1149.0,830505.0,17846.0,9318.0,77148.0,43.08297155555556
UPZ72,10,ENGATIVÁ,2023,11,79.0,251.0,370.0,241.0,941.0,830505.0,17846.0,9318.0,77148.0,43.08297155555556
UPZ72,10,ENGATIVÁ,2023,12,71.0,305.0,443.0,301.0,1120.0,830505.0,17846.0,9318.0,77148.0,43.08297155555556
UPZ30,10,ENGATIVÁ,2023,1,203.0,829.0,965.0,719.0,2716.0,830505.0,17846.0,9318.0,77148.0,43.08297155555556
UPZ30,10,ENGATIVÁ,2023,2,162.0,1468.0,1052.0,794.0,3476.0,830505.0,17846.0,9318.0,77148.0,43.08297155555556
UPZ30,10,ENGATIVÁ,2023,3,208.0,1506.0,1018.0,856.0,3588.0,830505.0,17846.0,9318.0,77148.0,43.08297155555556
UPZ30,10,ENGATIVÁ,2023,4,215.0,1746.0,1062.0,856.0,3879.0,830505.0,17846.0,9318.0,77148.0,43.08297155555556
UPZ30,10,ENGATIVÁ,2023,5,188.0,1324.0,1065.0,862.0,3439.0,830505.0,17846.0,9318.0,77148.0,43.08297155555556
UPZ30,10,ENGATIVÁ,2023,6,182.0,1059.0,1124.0,911.0,3276.0,830505.0,17846.0,9318.0,77148.0,43.08297155555556
UPZ30,10,ENGATIVÁ,2023,7,220.0,1036.0,1018.0,773.0,3047.0,830505.0,17846.0,9318.0,77148.0,43.08297155555556
UPZ30,10,ENGATIVÁ,2023,8,163.0,721.0,1021.0,720.0,2625.0,830505.0,17846.0,9318.0,77148.0,43.08297155555556
UPZ30,10,ENGATIVÁ,2023,9,192.0,1092.0,999.0,806.0,3089.0,830505.0,17846.0,9318.0,77148.0,43.08297155555556
UPZ30,10,ENGATIVÁ,2023,10,216.0,962.0,1083.0,923.0,3184.0,830505.0,17846.0,9318.0,77148.0,43.08297155555556
UPZ30,10,ENGATIVÁ,2023,11,233.0,931.0,1181.0,888.0,3233.0,830505.0,17846.0,9318.0,77148.0,43.08297155555556
UPZ30,10,ENGATIVÁ,2023,12,182.0,1059.0,1206.0,882.0,3329.0,830505.0,17846.0,9318.0,77148.0,43.08297155555556
UPZ26,10,ENGATIVÁ,2023,1,301.0,986.0,1001.0,672.0,2960.0,830505.0,17846.0,9318.0,77148.0,43.08297155555556
UPZ26,10,ENGATIVÁ,2023,2,298.0,1005.0,1101.0,847.0,3251.0,830505.0,17846.0,9318.0,77148.0,43.08297155555556
UPZ26,10,ENGATIVÁ,2023,3,346.0,961.0,991.0,808.0,3106.0,830505.0,17846.0,9318.0,77148.0,43.08297155555556
UPZ26,10,ENGATIVÁ,2023,4,255.0,1123.0,1079.0,847.0,3304.0,830505.0,17846.0,9318.0,77148.0,43.08297155555556
UPZ26,10,ENGATIVÁ,2023,5,313.0,1156.0,1179.0,892.0,3540.0,830505.0,17846.0,9318.0,77148.0,43.08297155555556
UPZ26,10,ENGATIVÁ,2023,6,270.0,1167.0,1118.0,998.0,3553.0,830505.0,17846.0,9318.0,77148.0,43.08297155555556
UPZ26,10,ENGATIVÁ,2023,7,308.0,1174.0,1204.0,720.0,3406.0,830505.0,17846.0,9318.0,77148.0,43.08297155555556
UPZ26,10,ENGATIVÁ,2023,8,250.0,941.0,1061.0,753.0,3005.0,830505.0,17846.0,9318.0,77148.0,43.08297155555556
UPZ26,10,ENGATIVÁ,2023,9,230.0,1005.0,968.0,764.0,2967.0,830505.0,17846.0,9318.0,77148.0,43.08297155555556
UPZ26,10,ENGATIVÁ,2023,10,288.0,1078.0,1254.0,914.0,3534.0,830505.0,17846.0,9318.0,77148.0,43.08297155555556
UPZ26,10,ENGATIVÁ,2023,11,281.0,1007.0,1095.0,906.0,3289.0,830505.0,17846.0,9318.0,77148.0,43.08297155555556
UPZ26,10,ENGATIVÁ,2023,12,258.0,1211.0,1280.0,975.0,3724.0,830505.0,17846.0,9318.0,77148.0,43.08297155555556
UPZ22,12,BARRIOS UNIDOS,2023,1,116.0,536.0,522.0,413.0,1587.0,136020.0,7060.0,4200.0,18888.0,39.80123933333333
UPZ22,12,BARRIOS UNIDOS,2023,2,129.0,632.0,584.0,392.0,1737.0,136020.0,7060.0,4200.0,18888.0,39.80123933333333
UPZ22,12,BARRIOS UNIDOS,2023,3,152.0,600.0,720.0,456.0,1928.0,136020.0,7060.0,4200.0,18888.0,39.80123933333333
UPZ22,12,BARRIOS UNIDOS,2023,4,157.0,644.0,695.0,441.0,1937.0,136020.0,7060.0,4200.0,18888.0,39.80123933333333
UPZ22,12,BARRIOS UNIDOS,2023,5,119.0,682.0,637.0,491.0,1929.0,136020.0,7060.0,4200.0,18888.0,39.80123933333333
UPZ22,12,BARRIOS UNIDOS,2023,6,109.0,624.0,722.0,446.0,1901.0,136020.0,7060.0,4200.0,18888.0,39.80123933333333
UPZ22,12,BARRIOS UNIDOS,2023,7,125.0,620.0,612.0,464.0,1821.0,136020.0,7060.0,4200.0,18888.0,39.80123933333333
UPZ22,12,BARRIOS UNIDOS,2023,8,127.0,559.0,549.0,368.0,1603.0,136020.0,7060.0,4200.0,18888.0,39.80123933333333
UPZ22,12,BARRIOS UNIDOS,2023,9,126.0,648.0,618.0,571.0,1963.0,136020.0,7060.0,4200.0,18888.0,39.80123933333333
UPZ22,12,BARRIOS UNIDOS,2023,10,136.0,711.0,680.0,490.0,2017.0,136020.0,7060.0,4200.0,18888.0,39.80123933333333
UPZ22,12,BARRIOS UNIDOS,2023,11,144.0,695.0,528.0,478.0,1845.0,136020.0,7060.0,4200.0,18888.0,39.80123933333333
UPZ22,12,BARRIOS UNIDOS,2023,12,154.0,705.0,677.0,484.0,2020.0,136020.0,7060.0,4200.0,18888.0,39.80123933333333
UPZ98,12,BARRIOS UNIDOS,2023,1,210.0,731.0,965.0,458.0,2364.0,136020.0,7060.0,4200.0,18888.0,39.80123933333333
UPZ98,12,BARRIOS UNIDOS,2023,2,190.0,1028.0,1026.0,553.0,2797.0,136020.0,7060.0,4200.0,18888.0,39.80123933333333
UPZ98,12,BARRIOS UNIDOS,2023,3,266.0,891.0,1144.0,617.0,2918.0,136020.0,7060.0,4200.0,18888.0,39.80123933333333
UPZ98,12,BARRIOS UNIDOS,2023,4,242.0,1040.0,1070.0,615.0,2967.0,136020.0,7060.0,4200.0,18888.0,39.80123933333333
UPZ98,12,BARRIOS UNIDOS,2023,5,247.0,1212.0,1195.0,680.0,3334.0,136020.0,7060.0,4200.0,18888.0,39.80123933333333
UPZ98,12,BARRIOS UNIDOS,2023,6,215.0,946.0,1004.0,689.0,2854.0,136020.0,7060.0,4200.0,18888.0,39.80123933333333
UPZ98,12,BARRIOS UNIDOS,2023,7,208.0,1046.0,1020.0,590.0,2864.0,136020.0,7060.0,4200.0,18888.0,39.80123933333333
UPZ98,12,BARRIOS UNIDOS,2023,8,181.0,838.0,778.0,482.0,2279.0,136020.0,7060.0,4200.0,18888.0,39.80123933333333
UPZ98,12,BARRIOS UNIDOS,2023,9,208.0,1078.0,1125.0,583.0,2994.0,136020.0,7060.0,4200.0,18888.0,39.80123933333333
UPZ98,12,BARRIOS UNIDOS,2023,10,216.0,964.0,1201.0,584.0,2965.0,136020.0,7060.0,4200.0,18888.0,39.80123933333333
UPZ98,12,BARRIOS UNIDOS,2023,11,222.0,1005.0,1080.0,682.0,2989.0,136020.0,7060.0,4200.0,18888.0,39.80123933333333
UPZ98,12,BARRIOS UNIDOS,2023,12,216.0,1060.0,1073.0,606.0,2955.0,136020.0,7060.0,4200.0,18888.0,39.80123933333333
UPZ83,08,KENNEDY,2023,1,25.0,58.0,177.0,104.0,364.0,1093721.0,20265.0,10284.0,91855.0,42.087377222222216
UPZ83,08,KENNEDY,2023,2,32.0,49.0,157.0,127.0,365.0,1093721.0,20265.0,10284.0,91855.0,42.087377222222216
UPZ83,08,KENNEDY,2023,3,30.0,58.0,224.0,116.0,428.0,1093721.0,20265.0,10284.0,91855.0,42.087377222222216
UPZ83,08,KENNEDY,2023,4,32.0,90.0,179.0,158.0,459.0,1093721.0,20265.0,10284.0,91855.0,42.087377222222216
UPZ83,08,KENNEDY,2023,5,24.0,72.0,169.0,148.0,413.0,1093721.0,20265.0,10284.0,91855.0,42.087377222222216
UPZ83,08,KENNEDY,2023,6,35.0,61.0,168.0,131.0,395.0,1093721.0,20265.0,10284.0,91855.0,42.087377222222216
UPZ83,08,KENNEDY,2023,7,28.0,46.0,204.0,89.0,367.0,1093721.0,20265.0,10284.0,91855.0,42.087377222222216
UPZ83,08,KENNEDY,2023,8,27.0,44.0,155.0,95.0,321.0,1093721.0,20265.0,10284.0,91855.0,42.087377222222216
UPZ83,08,KENNEDY,2023,9,26.0,101.0,201.0,140.0,468.0,1093721.0,20265.0,10284.0,91855.0,42.087377222222216
UPZ83,08,KENNEDY,2023,10,23.0,80.0,175.0,169.0,447.0,1093721.0,20265.0,10284.0,91855.0,42.087377222222216
UPZ83,08,KENNEDY,2023,11,19.0,56.0,182.0,108.0,365.0,1093721.0,20265.0,10284.0,91855.0,42.087377222222216
UPZ83,08,KENNEDY,2023,12,45.0,91.0,206.0,194.0,536.0,1093721.0,20265.0,10284.0,91855.0,42.087377222222216
UPZ82,08,KENNEDY,2023,1,150.0,775.0,804.0,1173.0,2902.0,1093721.0,20265.0,10284.0,91855.0,42.087377222222216
UPZ82,08,KENNEDY,2023,2,147.0,996.0,856.0,1261.0,3260.0,1093721.0,20265.0,10284.0,91855.0,42.087377222222216
UPZ82,08,KENNEDY,2023,3,171.0,949.0,1076.0,1340.0,3536.0,1093721.0,20265.0,10284.0,91855.0,42.087377222222216
UPZ82,08,KENNEDY,2023,4,230.0,1293.0,910.0,1325.0,3758.0,1093721.0,20265.0,10284.0,91855.0,42.087377222222216
UPZ82,08,KENNEDY,2023,5,215.0,1216.0,998.0,1344.0,3773.0,1093721.0,20265.0,10284.0,91855.0,42.087377222222216
UPZ82,08,KENNEDY,2023,6,160.0,1034.0,946.0,1306.0,3446.0,1093721.0,20265.0,10284.0,91855.0,42.087377222222216
UPZ82,08,KENNEDY,2023,7,170.0,1079.0,884.0,1073.0,3206.0,1093721.0,20265.0,10284.0,91855.0,42.087377222222216
UPZ82,08,KENNEDY,2023,8,152.0,740.0,771.0,1052.0,2715.0,1093721.0,20265.0,10284.0,91855.0,42.087377222222216
UPZ82,08,KENNEDY,2023,9,137.0,1008.0,903.0,1291.0,3339.0,1093721.0,20265.0,10284.0,91855.0,42.087377222222216
UPZ82,08,KENNEDY,2023,10,188.0,1034.0,989.0,1225.0,3436.0,1093721.0,20265.0,10284.0,91855.0,42.087377222222216
UPZ82,08,KENNEDY,2023,11,154.0,1028.0,891.0,1351.0,3424.0,1093721.0,20265.0,10284.0,91855.0,42.087377222222216
UPZ82,08,KENNEDY,2023,12,160.0,1168.0,984.0,1587.0,3899.0,1093721.0,20265.0,10284.0,91855.0,42.087377222222216
UPZ46,08,KENNEDY,2023,1,186.0,746.0,806.0,644.0,2382.0,1093721.0,20265.0,10284.0,91855.0,42.087377222222216
UPZ46,08,KENNEDY,2023,2,170.0,826.0,974.0,681.0,2651.0,1093721.0,20265.0,10284.0,91855.0,42.087377222222216
UPZ46,08,KENNEDY,2023,3,171.0,815.0,892.0,742.0,2620.0,1093721.0,20265.0,10284.0,91855.0,42.087377222222216
UPZ46,08,KENNEDY,2023,4,204.0,1093.0,965.0,841.0,3103.0,1093721.0,20265.0,10284.0,91855.0,42.087377222222216
UPZ46,08,KENNEDY,2023,5,197.0,1140.0,1171.0,828.0,3336.0,1093721.0,20265.0,10284.0,91855.0,42.087377222222216
UPZ46,08,KENNEDY,2023,6,166.0,991.0,941.0,745.0,2843.0,1093721.0,20265.0,10284.0,91855.0,42.087377222222216
UPZ46,08,KENNEDY,2023,7,201.0,1172.0,1027.0,644.0,3044.0,1093721.0,20265.0,10284.0,91855.0,42.087377222222216
UPZ46,08,KENNEDY,2023,8,147.0,718.0,833.0,618.0,2316.0,1093721.0,20265.0,10284.0,91855.0,42.087377222222216
UPZ46,08,KENNEDY,2023,9,162.0,971.0,1036.0,792.0,2961.0,1093721.0,20265.0,10284.0,91855.0,42.087377222222216
UPZ46,08,KENNEDY,2023,10,209.0,991.0,1146.0,902.0,3248.0,1093721.0,20265.0,10284.0,91855.0,42.087377222222216
UPZ46,08,KENNEDY,2023,11,225.0,1030.0,1066.0,739.0,3060.0,1093721.0,20265.0,10284.0,91855.0,42.087377222222216
UPZ46,08,KENNEDY,2023,12,173.0,1025.0,1216.0,875.0,3289.0,1093721.0,20265.0,10284.0,91855.0,42.087377222222216
UPZ44,08,KENNEDY,2023,1,151.0,545.0,735.0,445.0,1876.0,1093721.0,20265.0,10284.0,91855.0,42.087377222222216
UPZ44,08,KENNEDY,2023,2,193.0,581.0,760.0,464.0,1998.0,1093721.0,20265.0,10284.0,91855.0,42.087377222222216
UPZ44,08,KENNEDY,2023,3,186.0,587.0,744.0,521.0,2038.0,1093721.0,20265.0,10284.0,91855.0,42.087377222222216
UPZ44,08,KENNEDY,2023,4,244.0,632.0,806.0,649.0,2331.0,1093721.0,20265.0,10284.0,91855.0,42.087377222222216
UPZ44,08,KENNEDY,2023,5,267.0,725.0,854.0,688.0,2534.0,1093721.0,20265.0,10284.0,91855.0,42.087377222222216
UPZ44,08,KENNEDY,2023,6,226.0,694.0,784.0,649.0,2353.0,1093721.0,20265.0,10284.0,91855.0,42.087377222222216
UPZ44,08,KENNEDY,2023,7,189.0,701.0,772.0,501.0,2163.0,1093721.0,20265.0,10284.0,91855.0,42.087377222222216
UPZ44,08,KENNEDY,2023,8,160.0,498.0,718.0,493.0,1869.0,1093721.0,20265.0,10284.0,91855.0,42.087377222222216
UPZ44,08,KENNEDY,2023,9,141.0,617.0,799.0,567.0,2124.0,1093721.0,20265.0,10284.0,91855.0,42.087377222222216
UPZ44,08,KENNEDY,2023,10,198.0,683.0,888.0,600.0,2369.0,1093721.0,20265.0,10284.0,91855.0,42.087377222222216
UPZ44,08,KENNEDY,2023,11,170.0,591.0,852.0,566.0,2179.0,1093721.0,20265.0,10284.0,91855.0,42.087377222222216
UPZ44,08,KENNEDY,2023,12,191.0,629.0,917.0,682.0,2419.0,1093721.0,20265.0,10284.0,91855.0,42.087377222222216
UPZ43,16,PUENTE ARANDA,2023,1,111.0,420.0,605.0,391.0,1527.0,249697.0,7879.0,4201.0,23914.0,41.012262222222226
UPZ43,16,PUENTE ARANDA,2023,2,92.0,552.0,574.0,491.0,1709.0,249697.0,7879.0,4201.0,23914.0,41.012262222222226
UPZ43,16,PUENTE ARANDA,2023,3,126.0,577.0,603.0,454.0,1760.0,249697.0,7879.0,4201.0,23914.0,41.012262222222226
UPZ43,16,PUENTE ARANDA,2023,4,115.0,686.0,578.0,508.0,1887.0,249697.0,7879.0,4201.0,23914.0,41.012262222222226
UPZ43,16,PUENTE ARANDA,2023,5,144.0,718.0,640.0,493.0,1995.0,249697.0,7879.0,4201.0,23914.0,41.012262222222226
UPZ43,16,PUENTE ARANDA,2023,6,117.0,707.0,639.0,491.0,1954.0,249697.0,7879.0,4201.0,23914.0,41.012262222222226
UPZ43,16,PUENTE ARANDA,2023,7,146.0,664.0,578.0,396.0,1784.0,249697.0,7879.0,4201.0,23914.0,41.012262222222226
UPZ43,16,PUENTE ARANDA,2023,8,114.0,486.0,560.0,416.0,1576.0,249697.0,7879.0,4201.0,23914.0,41.012262222222226
UPZ43,16,PUENTE ARANDA,2023,9,134.0,704.0,738.0,522.0,2098.0,249697.0,7879.0,4201.0,23914.0,41.012262222222226
UPZ43,16,PUENTE ARANDA,2023,10,117.0,728.0,635.0,489.0,1969.0,249697.0,7879.0,4201.0,23914.0,41.012262222222226
UPZ43,16,PUENTE ARANDA,2023,11,156.0,613.0,718.0,469.0,1956.0,249697.0,7879.0,4201.0,23914.0,41.012262222222226
UPZ43,16,PUENTE ARANDA,2023,12,149.0,752.0,696.0,692.0,2289.0,249697.0,7879.0,4201.0,23914.0,41.012262222222226
UPZ111,16,PUENTE ARANDA,2023,1,64.0,173.0,311.0,140.0,688.0,249697.0,7879.0,4201.0,23914.0,41.012262222222226
UPZ111,16,PUENTE ARANDA,2023,2,45.0,197.0,415.0,170.0,827.0,249697.0,7879.0,4201.0,23914.0,41.012262222222226
UPZ111,16,PUENTE ARANDA,2023,3,51.0,178.0,374.0,157.0,760.0,249697.0,7879.0,4201.0,23914.0,41.012262222222226
UPZ111,16,PUENTE ARANDA,2023,4,61.0,227.0,330.0,188.0,806.0,249697.0,7879.0,4201.0,23914.0,41.012262222222226
UPZ111,16,PUENTE ARANDA,2023,5,59.0,201.0,423.0,159.0,842.0,249697.0,7879.0,4201.0,23914.0,41.012262222222226
UPZ111,16,PUENTE ARANDA,2023,6,50.0,213.0,375.0,177.0,815.0,249697.0,7879.0,4201.0,23914.0,41.012262222222226
UPZ111,16,PUENTE ARANDA,2023,7,58.0,214.0,352.0,149.0,773.0,249697.0,7879.0,4201.0,23914.0,41.012262222222226
UPZ111,16,PUENTE ARANDA,2023,8,40.0,123.0,325.0,136.0,624.0,249697.0,7879.0,4201.0,23914.0,41.012262222222226
UPZ111,16,PUENTE ARANDA,2023,9,48.0,181.0,409.0,161.0,799.0,249697.0,7879.0,4201.0,23914.0,41.012262222222226
UPZ111,16,PUENTE ARANDA,2023,10,63.0,206.0,419.0,150.0,838.0,249697.0,7879.0,4201.0,23914.0,41.012262222222226
UPZ111,16,PUENTE ARANDA,2023,11,65.0,226.0,442.0,201.0,934.0,249697.0,7879.0,4201.0,23914.0,41.012262222222226
UPZ111,16,PUENTE ARANDA,2023,12,115.0,260.0,509.0,201.0,1085.0,249697.0,7879.0,4201.0,23914.0,41.012262222222226
UPZ115,09,FONTIBÓN,2023,1,52.0,137.0,190.0,75.0,454.0,385154.0,9312.0,5001.0,29456.0,38.790278777777786
UPZ115,09,FONTIBÓN,2023,2,42.0,108.0,207.0,78.0,435.0,385154.0,9312.0,5001.0,29456.0,38.790278777777786
UPZ115,09,FONTIBÓN,2023,3,51.0,98.0,213.0,90.0,452.0,385154.0,9312.0,5001.0,29456.0,38.790278777777786
UPZ115,09,FONTIBÓN,2023,4,39.0,138.0,190.0,84.0,451.0,385154.0,9312.0,5001.0,29456.0,38.790278777777786
UPZ115,09,FONTIBÓN,2023,5,29.0,171.0,267.0,122.0,589.0,385154.0,9312.0,5001.0,29456.0,38.790278777777786
UPZ115,09,FONTIBÓN,2023,6,42.0,151.0,220.0,135.0,548.0,385154.0,9312.0,5001.0,29456.0,38.790278777777786
UPZ115,09,FONTIBÓN,2023,7,32.0,118.0,191.0,113.0,454.0,385154.0,9312.0,5001.0,29456.0,38.790278777777786
UPZ115,09,FONTIBÓN,2023,8,22.0,158.0,172.0,94.0,446.0,385154.0,9312.0,5001.0,29456.0,38.790278777777786
UPZ115,09,FONTIBÓN,2023,9,41.0,139.0,204.0,113.0,497.0,385154.0,9312.0,5001.0,29456.0,38.790278777777786
UPZ115,09,FONTIBÓN,2023,10,30.0,121.0,231.0,110.0,492.0,385154.0,9312.0,5001.0,29456.0,38.790278777777786
UPZ115,09,FONTIBÓN,2023,11,33.0,107.0,173.0,76.0,389.0,385154.0,9312.0,5001.0,29456.0,38.790278777777786
UPZ115,09,FONTIBÓN,2023,12,32.0,131.0,232.0,112.0,507.0,385154.0,9312.0,5001.0,29456.0,38.790278777777786
UPZ116,10,ENGATIVÁ,2023,1,49.0,153.0,315.0,116.0,633.0,830505.0,17846.0,9318.0,77148.0,43.08297155555556
UPZ116,10,ENGATIVÁ,2023,2,42.0,128.0,303.0,140.0,613.0,830505.0,17846.0,9318.0,77148.0,43.08297155555556
UPZ116,10,ENGATIVÁ,2023,3,65.0,137.0,365.0,119.0,686.0,830505.0,17846.0,9318.0,77148.0,43.08297155555556
UPZ116,10,ENGATIVÁ,2023,4,47.0,126.0,331.0,92.0,596.0,830505.0,17846.0,9318.0,77148.0,43.08297155555556
UPZ116,10,ENGATIVÁ,2023,5,52.0,154.0,378.0,156.0,740.0,830505.0,17846.0,9318.0,77148.0,43.08297155555556
UPZ116,10,ENGATIVÁ,2023,6,49.0,151.0,279.0,179.0,658.0,830505.0,17846.0,9318.0,77148.0,43.08297155555556
UPZ116,10,ENGATIVÁ,2023,7,38.0,168.0,290.0,136.0,632.0,830505.0,17846.0,9318.0,77148.0,43.08297155555556
UPZ116,10,ENGATIVÁ,2023,8,37.0,137.0,275.0,127.0,576.0,830505.0,17846.0,9318.0,77148.0,43.08297155555556
UPZ116,10,ENGATIVÁ,2023,9,60.0,135.0,374.0,175.0,744.0,830505.0,17846.0,9318.0,77148.0,43.08297155555556
UPZ116,10,ENGATIVÁ,2023,10,53.0,195.0,319.0,152.0,719.0,830505.0,17846.0,9318.0,77148.0,43.08297155555556
UPZ116,10,ENGATIVÁ,2023,11,51.0,144.0,334.0,168.0,697.0,830505.0,17846.0,9318.0,77148.0,43.08297155555556
UPZ116,10,ENGATIVÁ,2023,12,46.0,167.0,386.0,127.0,726.0,830505.0,17846.0,9318.0,77148.0,43.08297155555556
UPZ105,10,ENGATIVÁ,2023,1,29.0,25.0,109.0,36.0,199.0,830505.0,17846.0,9318.0,77148.0,43.08297155555556
UPZ105,10,ENGATIVÁ,2023,2,11.0,20.0,112.0,31.0,174.0,830505.0,17846.0,9318.0,77148.0,43.08297155555556
UPZ105,10,ENGATIVÁ,2023,3,23.0,45.0,111.0,37.0,216.0,830505.0,17846.0,9318.0,77148.0,43.08297155555556
UPZ105,10,ENGATIVÁ,2023,4,8.0,27.0,99.0,39.0,173.0,830505.0,17846.0,9318.0,77148.0,43.08297155555556
UPZ105,10,ENGATIVÁ,2023,5,22.0,27.0,122.0,42.0,213.0,830505.0,17846.0,9318.0,77148.0,43.08297155555556
UPZ105,10,ENGATIVÁ,2023,6,18.0,45.0,100.0,44.0,207.0,830505.0,17846.0,9318.0,77148.0,43.08297155555556
UPZ105,10,ENGATIVÁ,2023,7,24.0,58.0,105.0,46.0,233.0,830505.0,17846.0,9318.0,77148.0,43.08297155555556
UPZ105,10,ENGATIVÁ,2023,8,16.0,25.0,107.0,48.0,196.0,830505.0,17846.0,9318.0,77148.0,43.08297155555556
UPZ105,10,ENGATIVÁ,2023,9,17.0,40.0,100.0,42.0,199.0,830505.0,17846.0,9318.0,77148.0,43.08297155555556
UPZ105,10,ENGATIVÁ,2023,10,19.0,49.0,108.0,49.0,225.0,830505.0,17846.0,9318.0,77148.0,43.08297155555556
UPZ105,10,ENGATIVÁ,2023,11,15.0,60.0,159.0,36.0,270.0,830505.0,17846.0,9318.0,77148.0,43.08297155555556
UPZ105,10,ENGATIVÁ,2023,12,20.0,45.0,139.0,55.0,259.0,830505.0,17846.0,9318.0,77148.0,43.08297155555556
UPZ104,13,TEUSAQUILLO,2023,1,34.0,71.0,148.0,57.0,310.0,154555.0,10667.0,6631.0,18152.0,42.044905888888884
UPZ104,13,TEUSAQUILLO,2023,2,20.0,72.0,200.0,62.0,354.0,154555.0,10667.0,6631.0,18152.0,42.044905888888884
UPZ104,13,TEUSAQUILLO,2023,3,25.0,98.0,218.0,66.0,407.0,154555.0,10667.0,6631.0,18152.0,42.044905888888884
UPZ104,13,TEUSAQUILLO,2023,4,31.0,95.0,174.0,47.0,347.0,154555.0,10667.0,6631.0,18152.0,42.044905888888884
UPZ104,13,TEUSAQUILLO,2023,5,39.0,69.0,172.0,59.0,339.0,154555.0,10667.0,6631.0,18152.0,42.044905888888884
UPZ104,13,TEUSAQUILLO,2023,6,26.0,101.0,228.0,71.0,426.0,154555.0,10667.0,6631.0,18152.0,42.044905888888884
UPZ104,13,TEUSAQUILLO,2023,7,29.0,87.0,173.0,48.0,337.0,154555.0,10667.0,6631.0,18152.0,42.044905888888884
UPZ104,13,TEUSAQUILLO,2023,8,28.0,67.0,154.0,71.0,320.0,154555.0,10667.0,6631.0,18152.0,42.044905888888884
UPZ104,13,TEUSAQUILLO,2023,9,24.0,62.0,187.0,55.0,328.0,154555.0,10667.0,6631.0,18152.0,42.044905888888884
UPZ104,13,TEUSAQUILLO,2023,10,25.0,88.0,234.0,66.0,413.0,154555.0,10667.0,6631.0,18152.0,42.044905888888884
UPZ104,13,TEUSAQUILLO,2023,11,41.0,70.0,221.0,51.0,383.0,154555.0,10667.0,6631.0,18152.0,42.044905888888884
UPZ104,13,TEUSAQUILLO,2023,12,23.0,71.0,206.0,80.0,380.0,154555.0,10667.0,6631.0,18152.0,42.044905888888884
UPZ109,13,TEUSAQUILLO,2023,1,34.0,87.0,212.0,71.0,404.0,154555.0,10667.0,6631.0,18152.0,42.044905888888884
UPZ109,13,TEUSAQUILLO,2023,2,32.0,115.0,204.0,72.0,423.0,154555.0,10667.0,6631.0,18152.0,42.044905888888884
UPZ109,13,TEUSAQUILLO,2023,3,36.0,149.0,267.0,85.0,537.0,154555.0,10667.0,6631.0,18152.0,42.044905888888884
UPZ109,13,TEUSAQUILLO,2023,4,25.0,102.0,209.0,86.0,422.0,154555.0,10667.0,6631.0,18152.0,42.044905888888884
UPZ109,13,TEUSAQUILLO,2023,5,30.0,108.0,267.0,81.0,486.0,154555.0,10667.0,6631.0,18152.0,42.044905888888884
UPZ109,13,TEUSAQUILLO,2023,6,31.0,131.0,258.0,102.0,522.0,154555.0,10667.0,6631.0,18152.0,42.044905888888884
UPZ109,13,TEUSAQUILLO,2023,7,32.0,98.0,209.0,86.0,425.0,154555.0,10667.0,6631.0,18152.0,42.044905888888884
UPZ109,13,TEUSAQUILLO,2023,8,17.0,102.0,180.0,63.0,362.0,154555.0,10667.0,6631.0,18152.0,42.044905888888884
UPZ109,13,TEUSAQUILLO,2023,9,31.0,76.0,201.0,88.0,396.0,154555.0,10667.0,6631.0,18152.0,42.044905888888884
UPZ109,13,TEUSAQUILLO,2023,10,20.0,113.0,287.0,99.0,519.0,154555.0,10667.0,6631.0,18152.0,42.044905888888884
UPZ109,13,TEUSAQUILLO,2023,11,23.0,74.0,249.0,80.0,426.0,154555.0,10667.0,6631.0,18152.0,42.044905888888884
UPZ109,13,TEUSAQUILLO,2023,12,32.0,141.0,243.0,81.0,497.0,154555.0,10667.0,6631.0,18152.0,42.044905888888884
UPZ107,13,TEUSAQUILLO,2023,1,78.0,231.0,331.0,153.0,793.0,154555.0,10667.0,6631.0,18152.0,42.044905888888884
UPZ107,13,TEUSAQUILLO,2023,2,87.0,261.0,410.0,139.0,897.0,154555.0,10667.0,6631.0,18152.0,42.044905888888884
UPZ107,13,TEUSAQUILLO,2023,3,77.0,305.0,350.0,181.0,913.0,154555.0,10667.0,6631.0,18152.0,42.044905888888884
UPZ107,13,TEUSAQUILLO,2023,4,114.0,274.0,421.0,166.0,975.0,154555.0,10667.0,6631.0,18152.0,42.044905888888884
UPZ107,13,TEUSAQUILLO,2023,5,76.0,375.0,411.0,184.0,1046.0,154555.0,10667.0,6631.0,18152.0,42.044905888888884
UPZ107,13,TEUSAQUILLO,2023,6,84.0,341.0,465.0,223.0,1113.0,154555.0,10667.0,6631.0,18152.0,42.044905888888884
UPZ107,13,TEUSAQUILLO,2023,7,105.0,281.0,393.0,154.0,933.0,154555.0,10667.0,6631.0,18152.0,42.044905888888884
UPZ107,13,TEUSAQUILLO,2023,8,87.0,273.0,313.0,144.0,817.0,154555.0,10667.0,6631.0,18152.0,42.044905888888884
UPZ107,13,TEUSAQUILLO,2023,9,73.0,264.0,371.0,166.0,874.0,154555.0,10667.0,6631.0,18152.0,42.044905888888884
UPZ107,13,TEUSAQUILLO,2023,10,76.0,287.0,431.0,174.0,968.0,154555.0,10667.0,6631.0,18152.0,42.044905888888884
UPZ107,13,TEUSAQUILLO,2023,11,92.0,300.0,401.0,179.0,972.0,154555.0,10667.0,6631.0,18152.0,42.044905888888884
UPZ107,13,TEUSAQUILLO,2023,12,81.0,268.0,402.0,234.0,985.0,154555.0,10667.0,6631.0,18152.0,42.044905888888884
UPZ101,13,TEUSAQUILLO,2023,1,155.0,412.0,536.0,232.0,1335.0,154555.0,10667.0,6631.0,18152.0,42.044905888888884
UPZ101,13,TEUSAQUILLO,2023,2,121.0,455.0,564.0,290.0,1430.0,154555.0,10667.0,6631.0,18152.0,42.044905888888884
UPZ101,13,TEUSAQUILLO,2023,3,151.0,519.0,645.0,287.0,1602.0,154555.0,10667.0,6631.0,18152.0,42.044905888888884
UPZ101,13,TEUSAQUILLO,2023,4,143.0,548.0,561.0,304.0,1556.0,154555.0,10667.0,6631.0,18152.0,42.044905888888884
UPZ101,13,TEUSAQUILLO,2023,5,147.0,584.0,670.0,316.0,1717.0,154555.0,10667.0,6631.0,18152.0,42.044905888888884
UPZ101,13,TEUSAQUILLO,2023,6,138.0,615.0,485.0,248.0,1486.0,154555.0,10667.0,6631.0,18152.0,42.044905888888884
UPZ101,13,TEUSAQUILLO,2023,7,173.0,540.0,468.0,254.0,1435.0,154555.0,10667.0,6631.0,18152.0,42.044905888888884
UPZ101,13,TEUSAQUILLO,2023,8,124.0,531.0,583.0,270.0,1508.0,154555.0,10667.0,6631.0,18152.0,42.044905888888884
UPZ101,13,TEUSAQUILLO,2023,9,128.0,605.0,604.0,313.0,1650.0,154555.0,10667.0,6631.0,18152.0,42.044905888888884
UPZ101,13,TEUSAQUILLO,2023,10,133.0,663.0,729.0,284.0,1809.0,154555.0,10667.0,6631.0,18152.0,42.044905888888884
UPZ101,13,TEUSAQUILLO,2023,11,166.0,718.0,623.0,359.0,1866.0,154555.0,10667.0,6631.0,18152.0,42.044905888888884
UPZ101,13,TEUSAQUILLO,2023,12,137.0,571.0,584.0,303.0,1595.0,154555.0,10667.0,6631.0,18152.0,42.044905888888884
UPZ92,03,SANTA FE,2023,1,32.0,130.0,156.0,96.0,414.0,112336.0,8551.0,4944.0,15669.0,40.005426111111106
UPZ92,03,SANTA FE,2023,2,25.0,139.0,119.0,72.0,355.0,112336.0,8551.0,4944.0,15669.0,40.005426111111106
UPZ92,03,SANTA FE,2023,3,32.0,137.0,137.0,83.0,389.0,112336.0,8551.0,4944.0,15669.0,40.005426111111106
UPZ92,03,SANTA FE,2023,4,18.0,176.0,140.0,143.0,477.0,112336.0,8551.0,4944.0,15669.0,40.005426111111106
UPZ92,03,SANTA FE,2023,5,32.0,144.0,165.0,131.0,472.0,112336.0,8551.0,4944.0,15669.0,40.005426111111106
UPZ92,03,SANTA FE,2023,6,26.0,131.0,138.0,106.0,401.0,112336.0,8551.0,4944.0,15669.0,40.005426111111106
UPZ92,03,SANTA FE,2023,7,22.0,139.0,201.0,101.0,463.0,112336.0,8551.0,4944.0,15669.0,40.005426111111106
UPZ92,03,SANTA FE,2023,8,22.0,109.0,189.0,59.0,379.0,112336.0,8551.0,4944.0,15669.0,40.005426111111106
UPZ92,03,SANTA FE,2023,9,20.0,109.0,152.0,70.0,351.0,112336.0,8551.0,4944.0,15669.0,40.005426111111106
UPZ92,03,SANTA FE,2023,10,28.0,146.0,183.0,78.0,435.0,112336.0,8551.0,4944.0,15669.0,40.005426111111106
UPZ92,03,SANTA FE,2023,11,27.0,123.0,144.0,139.0,433.0,112336.0,8551.0,4944.0,15669.0,40.005426111111106
UPZ92,03,SANTA FE,2023,12,23.0,103.0,167.0,107.0,400.0,112336.0,8551.0,4944.0,15669.0,40.005426111111106
UPZ49,07,BOSA,2023,1,30.0,229.0,302.0,165.0,726.0,752229.0,9902.0,4163.0,61922.0,39.788368000000006
UPZ49,07,BOSA,2023,2,44.0,258.0,289.0,233.0,824.0,752229.0,9902.0,4163.0,61922.0,39.788368000000006
UPZ49,07,BOSA,2023,3,40.0,245.0,291.0,212.0,788.0,752229.0,9902.0,4163.0,61922.0,39.788368000000006
UPZ49,07,BOSA,2023,4,26.0,286.0,276.0,205.0,793.0,752229.0,9902.0,4163.0,61922.0,39.788368000000006
UPZ49,07,BOSA,2023,5,28.0,314.0,313.0,249.0,904.0,752229.0,9902.0,4163.0,61922.0,39.788368000000006
UPZ49,07,BOSA,2023,6,31.0,255.0,274.0,186.0,746.0,752229.0,9902.0,4163.0,61922.0,39.788368000000006
UPZ49,07,BOSA,2023,7,26.0,260.0,258.0,212.0,756.0,752229.0,9902.0,4163.0,61922.0,39.788368000000006
UPZ49,07,BOSA,2023,8,26.0,174.0,210.0,140.0,550.0,752229.0,9902.0,4163.0,61922.0,39.788368000000006
UPZ49,07,BOSA,2023,9,25.0,184.0,300.0,221.0,730.0,752229.0,9902.0,4163.0,61922.0,39.788368000000006
UPZ49,07,BOSA,2023,10,24.0,225.0,318.0,180.0,747.0,752229.0,9902.0,4163.0,61922.0,39.788368000000006
UPZ49,07,BOSA,2023,11,26.0,140.0,235.0,154.0,555.0,752229.0,9902.0,4163.0,61922.0,39.788368000000006
UPZ49,07,BOSA,2023,12,30.0,270.0,321.0,216.0,837.0,752229.0,9902.0,4163.0,61922.0,39.788368000000006
UPZ65,19,CIUDAD BOLÍVAR,2023,1,104.0,433.0,485.0,377.0,1399.0,669467.0,11982.0,4199.0,55499.0,40.28282411111111
UPZ65,19,CIUDAD BOLÍVAR,2023,2,131.0,419.0,471.0,455.0,1476.0,669467.0,11982.0,4199.0,55499.0,40.28282411111111
UPZ65,19,CIUDAD BOLÍVAR,2023,3,99.0,425.0,461.0,382.0,1367.0,669467.0,11982.0,4199.0,55499.0,40.28282411111111
UPZ65,19,CIUDAD BOLÍVAR,2023,4,119.0,557.0,510.0,510.0,1696.0,669467.0,11982.0,4199.0,55499.0,40.28282411111111
UPZ65,19,CIUDAD BOLÍVAR,2023,5,118.0,615.0,578.0,504.0,1815.0,669467.0,11982.0,4199.0,55499.0,40.28282411111111
UPZ65,19,CIUDAD BOLÍVAR,2023,6,135.0,571.0,518.0,515.0,1739.0,669467.0,11982.0,4199.0,55499.0,40.28282411111111
UPZ65,19,CIUDAD BOLÍVAR,2023,7,128.0,536.0,495.0,421.0,1580.0,669467.0,11982.0,4199.0,55499.0,40.28282411111111
UPZ65,19,CIUDAD BOLÍVAR,2023,8,74.0,314.0,399.0,367.0,1154.0,669467.0,11982.0,4199.0,55499.0,40.28282411111111
UPZ65,19,CIUDAD BOLÍVAR,2023,9,123.0,461.0,549.0,442.0,1575.0,669467.0,11982.0,4199.0,55499.0,40.28282411111111
UPZ65,19,CIUDAD BOLÍVAR,2023,10,80.0,454.0,502.0,542.0,1578.0,669467.0,11982.0,4199.0,55499.0,40.28282411111111
UPZ65,19,CIUDAD BOLÍVAR,2023,11,112.0,432.0,475.0,397.0,1416.0,669467.0,11982.0,4199.0,55499.0,40.28282411111111
UPZ65,19,CIUDAD BOLÍVAR,2023,12,112.0,509.0,534.0,539.0,1694.0,669467.0,11982.0,4199.0,55499.0,40.28282411111111
UPZ45,08,KENNEDY,2023,1,130.0,593.0,781.0,528.0,2032.0,1093721.0,20265.0,10284.0,91855.0,42.087377222222216
UPZ45,08,KENNEDY,2023,2,162.0,711.0,867.0,665.0,2405.0,1093721.0,20265.0,10284.0,91855.0,42.087377222222216
UPZ45,08,KENNEDY,2023,3,170.0,795.0,998.0,682.0,2645.0,1093721.0,20265.0,10284.0,91855.0,42.087377222222216
UPZ45,08,KENNEDY,2023,4,193.0,964.0,970.0,802.0,2929.0,1093721.0,20265.0,10284.0,91855.0,42.087377222222216
UPZ45,08,KENNEDY,2023,5,142.0,927.0,844.0,689.0,2602.0,1093721.0,20265.0,10284.0,91855.0,42.087377222222216
UPZ45,08,KENNEDY,2023,6,182.0,869.0,983.0,598.0,2632.0,1093721.0,20265.0,10284.0,91855.0,42.087377222222216
UPZ45,08,KENNEDY,2023,7,170.0,781.0,912.0,554.0,2417.0,1093721.0,20265.0,10284.0,91855.0,42.087377222222216
UPZ45,08,KENNEDY,2023,8,131.0,649.0,697.0,564.0,2041.0,1093721.0,20265.0,10284.0,91855.0,42.087377222222216
UPZ45,08,KENNEDY,2023,9,167.0,697.0,895.0,765.0,2524.0,1093721.0,20265.0,10284.0,91855.0,42.087377222222216
UPZ45,08,KENNEDY,2023,10,180.0,688.0,877.0,637.0,2382.0,1093721.0,20265.0,10284.0,91855.0,42.087377222222216
UPZ45,08,KENNEDY,2023,11,172.0,720.0,778.0,801.0,2471.0,1093721.0,20265.0,10284.0,91855.0,42.087377222222216
UPZ45,08,KENNEDY,2023,12,143.0,811.0,1023.0,736.0,2713.0,1093721.0,20265.0,10284.0,91855.0,42.087377222222216
UPZ41,16,PUENTE ARANDA,2023,1,116.0,387.0,528.0,267.0,1298.0,249697.0,7879.0,4201.0,23914.0,41.012262222222226
UPZ41,16,PUENTE ARANDA,2023,2,101.0,415.0,497.0,357.0,1370.0,249697.0,7879.0,4201.0,23914.0,41.012262222222226
UPZ41,16,PUENTE ARANDA,2023,3,109.0,425.0,435.0,332.0,1301.0,249697.0,7879.0,4201.0,23914.0,41.012262222222226
UPZ41,16,PUENTE ARANDA,2023,4,112.0,524.0,523.0,362.0,1521.0,249697.0,7879.0,4201.0,23914.0,41.012262222222226
UPZ41,16,PUENTE ARANDA,2023,5,110.0,541.0,493.0,440.0,1584.0,249697.0,7879.0,4201.0,23914.0,41.012262222222226
UPZ41,16,PUENTE ARANDA,2023,6,100.0,531.0,468.0,335.0,1434.0,249697.0,7879.0,4201.0,23914.0,41.012262222222226
UPZ41,16,PUENTE ARANDA,2023,7,110.0,420.0,442.0,266.0,1238.0,249697.0,7879.0,4201.0,23914.0,41.012262222222226
UPZ41,16,PUENTE ARANDA,2023,8,106.0,391.0,361.0,308.0,1166.0,249697.0,7879.0,4201.0,23914.0,41.012262222222226
UPZ41,16,PUENTE ARANDA,2023,9,116.0,468.0,424.0,349.0,1357.0,249697.0,7879.0,4201.0,23914.0,41.012262222222226
UPZ41,16,PUENTE ARANDA,2023,10,127.0,545.0,509.0,363.0,1544.0,249697.0,7879.0,4201.0,23914.0,41.012262222222226
UPZ41,16,PUENTE ARANDA,2023,11,124.0,528.0,564.0,362.0,1578.0,249697.0,7879.0,4201.0,23914.0,41.012262222222226
UPZ41,16,PUENTE ARANDA,2023,12,110.0,598.0,554.0,415.0,1677.0,249697.0,7879.0,4201.0,23914.0,41.012262222222226
UPZ40,16,PUENTE ARANDA,2023,1,154.0,765.0,772.0,502.0,2193.0,249697.0,7879.0,4201.0,23914.0,41.012262222222226
UPZ40,16,PUENTE ARANDA,2023,2,144.0,674.0,745.0,486.0,2049.0,249697.0,7879.0,4201.0,23914.0,41.012262222222226
UPZ40,16,PUENTE ARANDA,2023,3,179.0,698.0,701.0,576.0,2154.0,249697.0,7879.0,4201.0,23914.0,41.012262222222226
UPZ40,16,PUENTE ARANDA,2023,4,191.0,829.0,756.0,584.0,2360.0,249697.0,7879.0,4201.0,23914.0,41.012262222222226
UPZ40,16,PUENTE ARANDA,2023,5,179.0,845.0,746.0,578.0,2348.0,249697.0,7879.0,4201.0,23914.0,41.012262222222226
UPZ40,16,PUENTE ARANDA,2023,6,227.0,869.0,745.0,608.0,2449.0,249697.0,7879.0,4201.0,23914.0,41.012262222222226
UPZ40,16,PUENTE ARANDA,2023,7,201.0,809.0,723.0,522.0,2255.0,249697.0,7879.0,4201.0,23914.0,41.012262222222226
UPZ40,16,PUENTE ARANDA,2023,8,188.0,704.0,615.0,440.0,1947.0,249697.0,7879.0,4201.0,23914.0,41.012262222222226
UPZ40,16,PUENTE ARANDA,2023,9,159.0,831.0,917.0,603.0,2510.0,249697.0,7879.0,4201.0,23914.0,41.012262222222226
UPZ40,16,PUENTE ARANDA,2023,10,192.0,895.0,855.0,614.0,2556.0,249697.0,7879.0,4201.0,23914.0,41.012262222222226
UPZ40,16,PUENTE ARANDA,2023,11,216.0,936.0,841.0,633.0,2626.0,249697.0,7879.0,4201.0,23914.0,41.012262222222226
UPZ40,16,PUENTE ARANDA,2023,12,200.0,1123.0,974.0,692.0,2989.0,249697.0,7879.0,4201.0,23914.0,41.012262222222226
UPZ85,07,BOSA,2023,1,190.0,1171.0,1190.0,1446.0,3997.0,752229.0,9902.0,4163.0,61922.0,39.788368000000006
UPZ85,07,BOSA,2023,2,199.0,1162.0,1353.0,1598.0,4312.0,752229.0,9902.0,4163.0,61922.0,39.788368000000006
UPZ85,07,BOSA,2023,3,246.0,1197.0,1493.0,1587.0,4523.0,752229.0,9902.0,4163.0,61922.0,39.788368000000006
UPZ85,07,BOSA,2023,4,286.0,1422.0,1341.0,1788.0,4837.0,752229.0,9902.0,4163.0,61922.0,39.788368000000006
UPZ85,07,BOSA,2023,5,296.0,1661.0,1485.0,1967.0,5409.0,752229.0,9902.0,4163.0,61922.0,39.788368000000006
UPZ85,07,BOSA,2023,6,260.0,1544.0,1444.0,1896.0,5144.0,752229.0,9902.0,4163.0,61922.0,39.788368000000006
UPZ85,07,BOSA,2023,7,286.0,1564.0,1435.0,1611.0,4896.0,752229.0,9902.0,4163.0,61922.0,39.788368000000006
UPZ85,07,BOSA,2023,8,233.0,1226.0,1371.0,1610.0,4440.0,752229.0,9902.0,4163.0,61922.0,39.788368000000006
UPZ85,07,BOSA,2023,9,265.0,1451.0,1418.0,1776.0,4910.0,752229.0,9902.0,4163.0,61922.0,39.788368000000006
UPZ85,07,BOSA,2023,10,301.0,1462.0,1583.0,1736.0,5082.0,752229.0,9902.0,4163.0,61922.0,39.788368000000006
UPZ85,07,BOSA,2023,11,266.0,1395.0,1386.0,1577.0,4624.0,752229.0,9902.0,4163.0,61922.0,39.788368000000006
UPZ85,07,BOSA,2023,12,253.0,1520.0,1439.0,1767.0,4979.0,752229.0,9902.0,4163.0,61922.0,39.788368000000006
UPZ100,13,TEUSAQUILLO,2023,1,146.0,623.0,745.0,373.0,1887.0,154555.0,10667.0,6631.0,18152.0,42.044905888888884
UPZ100,13,TEUSAQUILLO,2023,2,158.0,709.0,865.0,480.0,2212.0,154555.0,10667.0,6631.0,18152.0,42.044905888888884
UPZ100,13,TEUSAQUILLO,2023,3,148.0,827.0,815.0,541.0,2331.0,154555.0,10667.0,6631.0,18152.0,42.044905888888884
UPZ100,13,TEUSAQUILLO,2023,4,193.0,887.0,787.0,511.0,2378.0,154555.0,10667.0,6631.0,18152.0,42.044905888888884
UPZ100,13,TEUSAQUILLO,2023,5,199.0,778.0,845.0,563.0,2385.0,154555.0,10667.0,6631.0,18152.0,42.044905888888884
UPZ100,13,TEUSAQUILLO,2023,6,159.0,841.0,866.0,542.0,2408.0,154555.0,10667.0,6631.0,18152.0,42.044905888888884
UPZ100,13,TEUSAQUILLO,2023,7,177.0,769.0,787.0,425.0,2158.0,154555.0,10667.0,6631.0,18152.0,42.044905888888884
UPZ100,13,TEUSAQUILLO,2023,8,134.0,668.0,743.0,398.0,1943.0,154555.0,10667.0,6631.0,18152.0,42.044905888888884
UPZ100,13,TEUSAQUILLO,2023,9,146.0,872.0,904.0,479.0,2401.0,154555.0,10667.0,6631.0,18152.0,42.044905888888884
UPZ100,13,TEUSAQUILLO,2023,10,165.0,958.0,1006.0,459.0,2588.0,154555.0,10667.0,6631.0,18152.0,42.044905888888884
UPZ100,13,TEUSAQUILLO,2023,11,177.0,790.0,815.0,477.0,2259.0,154555.0,10667.0,6631.0,18152.0,42.044905888888884
UPZ100,13,TEUSAQUILLO,2023,12,145.0,746.0,836.0,474.0,2201.0,154555.0,10667.0,6631.0,18152.0,42.044905888888884
UPZ102,14,LOS MÁRTIRES,2023,1,240.0,860.0,1071.0,556.0,2727.0,75278.0,6895.0,3875.0,16510.0,41.75165722222223
UPZ102,14,LOS MÁRTIRES,2023,2,270.0,951.0,1122.0,697.0,3040.0,75278.0,6895.0,3875.0,16510.0,41.75165722222223
UPZ102,14,LOS MÁRTIRES,2023,3,279.0,924.0,1346.0,632.0,3181.0,75278.0,6895.0,3875.0,16510.0,41.75165722222223
UPZ102,14,LOS MÁRTIRES,2023,4,266.0,1057.0,1159.0,664.0,3146.0,75278.0,6895.0,3875.0,16510.0,41.75165722222223
UPZ102,14,LOS MÁRTIRES,2023,5,312.0,1109.0,1319.0,669.0,3409.0,75278.0,6895.0,3875.0,16510.0,41.75165722222223
UPZ102,14,LOS MÁRTIRES,2023,6,292.0,1157.0,1177.0,675.0,3301.0,75278.0,6895.0,3875.0,16510.0,41.75165722222223
UPZ102,14,LOS MÁRTIRES,2023,7,284.0,1107.0,1269.0,582.0,3242.0,75278.0,6895.0,3875.0,16510.0,41.75165722222223
UPZ102,14,LOS MÁRTIRES,2023,8,264.0,887.0,1056.0,582.0,2789.0,75278.0,6895.0,3875.0,16510.0,41.75165722222223
UPZ102,14,LOS MÁRTIRES,2023,9,301.0,1030.0,1266.0,786.0,3383.0,75278.0,6895.0,3875.0,16510.0,41.75165722222223
UPZ102,14,LOS MÁRTIRES,2023,10,306.0,1038.0,1368.0,748.0,3460.0,75278.0,6895.0,3875.0,16510.0,41.75165722222223
UPZ102,14,LOS MÁRTIRES,2023,11,270.0,1033.0,1365.0,732.0,3400.0,75278.0,6895.0,3875.0,16510.0,41.75165722222223
UPZ102,14,LOS MÁRTIRES,2023,12,269.0,1287.0,1582.0,907.0,4045.0,75278.0,6895.0,3875.0,16510.0,41.75165722222223
UPZ108,16,PUENTE ARANDA,2023,1,71.0,248.0,728.0,221.0,1268.0,249697.0,7879.0,4201.0,23914.0,41.012262222222226
UPZ108,16,PUENTE ARANDA,2023,2,93.0,306.0,874.0,253.0,1526.0,249697.0,7879.0,4201.0,23914.0,41.012262222222226
UPZ108,16,PUENTE ARANDA,2023,3,94.0,314.0,840.0,294.0,1542.0,249697.0,7879.0,4201.0,23914.0,41.012262222222226
UPZ108,16,PUENTE ARANDA,2023,4,57.0,191.0,781.0,239.0,1268.0,249697.0,7879.0,4201.0,23914.0,41.012262222222226
UPZ108,16,PUENTE ARANDA,2023,5,88.0,225.0,852.0,215.0,1380.0,249697.0,7879.0,4201.0,23914.0,41.012262222222226
UPZ108,16,PUENTE ARANDA,2023,6,72.0,253.0,676.0,223.0,1224.0,249697.0,7879.0,4201.0,23914.0,41.012262222222226
UPZ108,16,PUENTE ARANDA,2023,7,94.0,305.0,785.0,200.0,1384.0,249697.0,7879.0,4201.0,23914.0,41.012262222222226
UPZ108,16,PUENTE ARANDA,2023,8,72.0,238.0,629.0,217.0,1156.0,249697.0,7879.0,4201.0,23914.0,41.012262222222226
UPZ108,16,PUENTE ARANDA,2023,9,71.0,245.0,736.0,238.0,1290.0,249697.0,7879.0,4201.0,23914.0,41.012262222222226
UPZ108,16,PUENTE ARANDA,2023,10,93.0,262.0,819.0,241.0,1415.0,249697.0,7879.0,4201.0,23914.0,41.012262222222226
UPZ108,16,PUENTE ARANDA,2023,11,82.0,243.0,764.0,244.0,1333.0,249697.0,7879.0,4201.0,23914.0,41.012262222222226
UPZ108,16,PUENTE ARANDA,2023,12,77.0,261.0,972.0,292.0,1602.0,249697.0,7879.0,4201.0,23914.0,41.012262222222226
UPZ42,06,TUNJUELITO,2023,1,150.0,729.0,969.0,805.0,2653.0,175922.0,2872.0,1373.0,15475.0,42.47902622222223
UPZ42,06,TUNJUELITO,2023,2,148.0,838.0,1024.0,823.0,2833.0,175922.0,2872.0,1373.0,15475.0,42.47902622222223
UPZ42,06,TUNJUELITO,2023,3,180.0,786.0,1033.0,859.0,2858.0,175922.0,2872.0,1373.0,15475.0,42.47902622222223
UPZ42,06,TUNJUELITO,2023,4,121.0,883.0,1152.0,929.0,3085.0,175922.0,2872.0,1373.0,15475.0,42.47902622222223
UPZ42,06,TUNJUELITO,2023,5,207.0,1079.0,1160.0,1114.0,3560.0,175922.0,2872.0,1373.0,15475.0,42.47902622222223
UPZ42,06,TUNJUELITO,2023,6,190.0,923.0,1112.0,1057.0,3282.0,175922.0,2872.0,1373.0,15475.0,42.47902622222223
UPZ42,06,TUNJUELITO,2023,7,175.0,864.0,1082.0,784.0,2905.0,175922.0,2872.0,1373.0,15475.0,42.47902622222223
UPZ42,06,TUNJUELITO,2023,8,172.0,795.0,901.0,849.0,2717.0,175922.0,2872.0,1373.0,15475.0,42.47902622222223
UPZ42,06,TUNJUELITO,2023,9,207.0,884.0,1246.0,986.0,3323.0,175922.0,2872.0,1373.0,15475.0,42.47902622222223
UPZ42,06,TUNJUELITO,2023,10,202.0,905.0,1158.0,983.0,3248.0,175922.0,2872.0,1373.0,15475.0,42.47902622222223
UPZ42,06,TUNJUELITO,2023,11,174.0,974.0,1153.0,876.0,3177.0,175922.0,2872.0,1373.0,15475.0,42.47902622222223
UPZ42,06,TUNJUELITO,2023,12,168.0,1098.0,1345.0,1086.0,3697.0,175922.0,2872.0,1373.0,15475.0,42.47902622222223
UPZ62,06,TUNJUELITO,2023,1,57.0,292.0,344.0,294.0,987.0,175922.0,2872.0,1373.0,15475.0,42.47902622222223
UPZ62,06,TUNJUELITO,2023,2,54.0,359.0,393.0,299.0,1105.0,175922.0,2872.0,1373.0,15475.0,42.47902622222223
UPZ62,06,TUNJUELITO,2023,3,63.0,299.0,325.0,333.0,1020.0,175922.0,2872.0,1373.0,15475.0,42.47902622222223
UPZ62,06,TUNJUELITO,2023,4,71.0,342.0,354.0,385.0,1152.0,175922.0,2872.0,1373.0,15475.0,42.47902622222223
UPZ62,06,TUNJUELITO,2023,5,67.0,387.0,359.0,373.0,1186.0,175922.0,2872.0,1373.0,15475.0,42.47902622222223
UPZ62,06,TUNJUELITO,2023,6,51.0,307.0,335.0,365.0,1058.0,175922.0,2872.0,1373.0,15475.0,42.47902622222223
UPZ62,06,TUNJUELITO,2023,7,55.0,343.0,319.0,290.0,1007.0,175922.0,2872.0,1373.0,15475.0,42.47902622222223
UPZ62,06,TUNJUELITO,2023,8,41.0,304.0,320.0,349.0,1014.0,175922.0,2872.0,1373.0,15475.0,42.47902622222223
UPZ62,06,TUNJUELITO,2023,9,68.0,459.0,362.0,324.0,1213.0,175922.0,2872.0,1373.0,15475.0,42.47902622222223
UPZ62,06,TUNJUELITO,2023,10,61.0,595.0,381.0,421.0,1458.0,175922.0,2872.0,1373.0,15475.0,42.47902622222223
UPZ62,06,TUNJUELITO,2023,11,60.0,386.0,299.0,398.0,1143.0,175922.0,2872.0,1373.0,15475.0,42.47902622222223
UPZ62,06,TUNJUELITO,2023,12,56.0,525.0,432.0,496.0,1509.0,175922.0,2872.0,1373.0,15475.0,42.47902622222223
UPZ56,05,USME,2023,1,39.0,142.0,279.0,247.0,707.0,391852.0,4824.0,1842.0,32838.0,25.858706111111115
UPZ56,05,USME,2023,2,39.0,150.0,287.0,242.0,718.0,391852.0,4824.0,1842.0,32838.0,25.858706111111115
UPZ56,05,USME,2023,3,34.0,184.0,342.0,324.0,884.0,391852.0,4824.0,1842.0,32838.0,25.858706111111115
UPZ56,05,USME,2023,4,35.0,270.0,268.0,319.0,892.0,391852.0,4824.0,1842.0,32838.0,25.858706111111115
UPZ56,05,USME,2023,5,44.0,215.0,274.0,320.0,853.0,391852.0,4824.0,1842.0,32838.0,25.858706111111115
UPZ56,05,USME,2023,6,46.0,167.0,295.0,287.0,795.0,391852.0,4824.0,1842.0,32838.0,25.858706111111115
UPZ56,05,USME,2023,7,42.0,175.0,250.0,247.0,714.0,391852.0,4824.0,1842.0,32838.0,25.858706111111115
UPZ56,05,USME,2023,8,36.0,141.0,226.0,255.0,658.0,391852.0,4824.0,1842.0,32838.0,25.858706111111115
UPZ56,05,USME,2023,9,35.0,201.0,224.0,278.0,738.0,391852.0,4824.0,1842.0,32838.0,25.858706111111115
UPZ56,05,USME,2023,10,30.0,206.0,333.0,291.0,860.0,391852.0,4824.0,1842.0,32838.0,25.858706111111115
UPZ56,05,USME,2023,11,41.0,228.0,253.0,356.0,878.0,391852.0,4824.0,1842.0,32838.0,25.858706111111115
UPZ56,05,USME,2023,12,36.0,246.0,246.0,342.0,870.0,391852.0,4824.0,1842.0,32838.0,25.858706111111115
UPZ54,18,RAFAEL URIBE URIBE,2023,1,54.0,422.0,456.0,582.0,1514.0,375730.0,6888.0,3281.0,36108.0,40.15385066666667
UPZ54,18,RAFAEL URIBE URIBE,2023,2,63.0,333.0,454.0,614.0,1464.0,375730.0,6888.0,3281.0,36108.0,40.15385066666667
UPZ54,18,RAFAEL URIBE URIBE,2023,3,80.0,345.0,526.0,559.0,1510.0,375730.0,6888.0,3281.0,36108.0,40.15385066666667
UPZ54,18,RAFAEL URIBE URIBE,2023,4,87.0,493.0,593.0,604.0,1777.0,375730.0,6888.0,3281.0,36108.0,40.15385066666667
UPZ54,18,RAFAEL URIBE URIBE,2023,5,98.0,571.0,456.0,700.0,1825.0,375730.0,6888.0,3281.0,36108.0,40.15385066666667
UPZ54,18,RAFAEL URIBE URIBE,2023,6,89.0,506.0,517.0,730.0,1842.0,375730.0,6888.0,3281.0,36108.0,40.15385066666667
UPZ54,18,RAFAEL URIBE URIBE,2023,7,99.0,540.0,515.0,625.0,1779.0,375730.0,6888.0,3281.0,36108.0,40.15385066666667
UPZ54,18,RAFAEL URIBE URIBE,2023,8,79.0,385.0,468.0,501.0,1433.0,375730.0,6888.0,3281.0,36108.0,40.15385066666667
UPZ54,18,RAFAEL URIBE URIBE,2023,9,64.0,553.0,540.0,575.0,1732.0,375730.0,6888.0,3281.0,36108.0,40.15385066666667
UPZ54,18,RAFAEL URIBE URIBE,2023,10,75.0,487.0,560.0,676.0,1798.0,375730.0,6888.0,3281.0,36108.0,40.15385066666667
UPZ54,18,RAFAEL URIBE URIBE,2023,11,68.0,562.0,532.0,679.0,1841.0,375730.0,6888.0,3281.0,36108.0,40.15385066666667
UPZ54,18,RAFAEL URIBE URIBE,2023,12,75.0,573.0,542.0,720.0,1910.0,375730.0,6888.0,3281.0,36108.0,40.15385066666667
UPZ53,18,RAFAEL URIBE URIBE,2023,1,74.0,323.0,429.0,436.0,1262.0,375730.0,6888.0,3281.0,36108.0,40.15385066666667
UPZ53,18,RAFAEL URIBE URIBE,2023,2,61.0,327.0,374.0,443.0,1205.0,375730.0,6888.0,3281.0,36108.0,40.15385066666667
UPZ53,18,RAFAEL URIBE URIBE,2023,3,69.0,317.0,330.0,420.0,1136.0,375730.0,6888.0,3281.0,36108.0,40.15385066666667
UPZ53,18,RAFAEL URIBE URIBE,2023,4,65.0,479.0,339.0,547.0,1430.0,375730.0,6888.0,3281.0,36108.0,40.15385066666667
UPZ53,18,RAFAEL URIBE URIBE,2023,5,64.0,519.0,367.0,563.0,1513.0,375730.0,6888.0,3281.0,36108.0,40.15385066666667
UPZ53,18,RAFAEL URIBE URIBE,2023,6,82.0,451.0,371.0,586.0,1490.0,375730.0,6888.0,3281.0,36108.0,40.15385066666667
UPZ53,18,RAFAEL URIBE URIBE,2023,7,68.0,543.0,378.0,438.0,1427.0,375730.0,6888.0,3281.0,36108.0,40.15385066666667
UPZ53,18,RAFAEL URIBE URIBE,2023,8,51.0,270.0,341.0,347.0,1009.0,375730.0,6888.0,3281.0,36108.0,40.15385066666667
UPZ53,18,RAFAEL URIBE URIBE,2023,9,58.0,373.0,404.0,429.0,1264.0,375730.0,6888.0,3281.0,36108.0,40.15385066666667
UPZ53,18,RAFAEL URIBE URIBE,2023,10,70.0,520.0,441.0,486.0,1517.0,375730.0,6888.0,3281.0,36108.0,40.15385066666667
UPZ53,18,RAFAEL URIBE URIBE,2023,11,73.0,480.0,378.0,531.0,1462.0,375730.0,6888.0,3281.0,36108.0,40.15385066666667
UPZ53,18,RAFAEL URIBE URIBE,2023,12,59.0,389.0,378.0,560.0,1386.0,375730.0,6888.0,3281.0,36108.0,40.15385066666667
UPZ39,18,RAFAEL URIBE URIBE,2023,1,149.0,696.0,912.0,712.0,2469.0,375730.0,6888.0,3281.0,36108.0,40.15385066666667
UPZ39,18,RAFAEL URIBE URIBE,2023,2,147.0,731.0,867.0,741.0,2486.0,375730.0,6888.0,3281.0,36108.0,40.15385066666667
UPZ39,18,RAFAEL URIBE URIBE,2023,3,172.0,796.0,848.0,765.0,2581.0,375730.0,6888.0,3281.0,36108.0,40.15385066666667
UPZ39,18,RAFAEL URIBE URIBE,2023,4,189.0,898.0,985.0,856.0,2928.0,375730.0,6888.0,3281.0,36108.0,40.15385066666667
UPZ39,18,RAFAEL URIBE URIBE,2023,5,191.0,1052.0,995.0,960.0,3198.0,375730.0,6888.0,3281.0,36108.0,40.15385066666667
UPZ39,18,RAFAEL URIBE URIBE,2023,6,147.0,929.0,888.0,735.0,2699.0,375730.0,6888.0,3281.0,36108.0,40.15385066666667
UPZ39,18,RAFAEL URIBE URIBE,2023,7,181.0,933.0,836.0,757.0,2707.0,375730.0,6888.0,3281.0,36108.0,40.15385066666667
UPZ39,18,RAFAEL URIBE URIBE,2023,8,154.0,787.0,802.0,690.0,2433.0,375730.0,6888.0,3281.0,36108.0,40.15385066666667
UPZ39,18,RAFAEL URIBE URIBE,2023,9,166.0,1031.0,870.0,811.0,2878.0,375730.0,6888.0,3281.0,36108.0,40.15385066666667
UPZ39,18,RAFAEL URIBE URIBE,2023,10,171.0,1069.0,1017.0,891.0,3148.0,375730.0,6888.0,3281.0,36108.0,40.15385066666667
UPZ39,18,RAFAEL URIBE URIBE,2023,11,184.0,897.0,866.0,913.0,2860.0,375730.0,6888.0,3281.0,36108.0,40.15385066666667
UPZ39,18,RAFAEL URIBE URIBE,2023,12,135.0,1023.0,929.0,926.0,3013.0,375730.0,6888.0,3281.0,36108.0,40.15385066666667
UPZ36,18,RAFAEL URIBE URIBE,2023,1,94.0,370.0,369.0,362.0,1195.0,375730.0,6888.0,3281.0,36108.0,40.15385066666667
UPZ36,18,RAFAEL URIBE URIBE,2023,2,75.0,446.0,449.0,391.0,1361.0,375730.0,6888.0,3281.0,36108.0,40.15385066666667
UPZ36,18,RAFAEL URIBE URIBE,2023,3,102.0,363.0,466.0,392.0,1323.0,375730.0,6888.0,3281.0,36108.0,40.15385066666667
UPZ36,18,RAFAEL URIBE URIBE,2023,4,125.0,413.0,508.0,390.0,1436.0,375730.0,6888.0,3281.0,36108.0,40.15385066666667
UPZ36,18,RAFAEL URIBE URIBE,2023,5,121.0,528.0,467.0,420.0,1536.0,375730.0,6888.0,3281.0,36108.0,40.15385066666667
UPZ36,18,RAFAEL URIBE URIBE,2023,6,84.0,360.0,407.0,383.0,1234.0,375730.0,6888.0,3281.0,36108.0,40.15385066666667
UPZ36,18,RAFAEL URIBE URIBE,2023,7,87.0,381.0,475.0,362.0,1305.0,375730.0,6888.0,3281.0,36108.0,40.15385066666667
UPZ36,18,RAFAEL URIBE URIBE,2023,8,102.0,351.0,440.0,291.0,1184.0,375730.0,6888.0,3281.0,36108.0,40.15385066666667
UPZ36,18,RAFAEL URIBE URIBE,2023,9,95.0,487.0,455.0,378.0,1415.0,375730.0,6888.0,3281.0,36108.0,40.15385066666667
UPZ36,18,RAFAEL URIBE URIBE,2023,10,111.0,539.0,492.0,380.0,1522.0,375730.0,6888.0,3281.0,36108.0,40.15385066666667
UPZ36,18,RAFAEL URIBE URIBE,2023,11,95.0,408.0,418.0,386.0,1307.0,375730.0,6888.0,3281.0,36108.0,40.15385066666667
UPZ36,18,RAFAEL URIBE URIBE,2023,12,84.0,448.0,443.0,460.0,1435.0,375730.0,6888.0,3281.0,36108.0,40.15385066666667
UPZ38,15,ANTONIO NARIÑO,2023,1,191.0,743.0,1003.0,557.0,2494.0,78536.0,3662.0,2030.0,11936.0,41.394650222222225
UPZ38,15,ANTONIO NARIÑO,2023,2,147.0,808.0,956.0,596.0,2507.0,78536.0,3662.0,2030.0,11936.0,41.394650222222225
UPZ38,15,ANTONIO NARIÑO,2023,3,154.0,834.0,930.0,540.0,2458.0,78536.0,3662.0,2030.0,11936.0,41.394650222222225
UPZ38,15,ANTONIO NARIÑO,2023,4,226.0,928.0,968.0,646.0,2768.0,78536.0,3662.0,2030.0,11936.0,41.394650222222225
UPZ38,15,ANTONIO NARIÑO,2023,5,209.0,999.0,954.0,652.0,2814.0,78536.0,3662.0,2030.0,11936.0,41.394650222222225
UPZ38,15,ANTONIO NARIÑO,2023,6,195.0,863.0,893.0,610.0,2561.0,78536.0,3662.0,2030.0,11936.0,41.394650222222225
UPZ38,15,ANTONIO NARIÑO,2023,7,194.0,890.0,977.0,544.0,2605.0,78536.0,3662.0,2030.0,11936.0,41.394650222222225
UPZ38,15,ANTONIO NARIÑO,2023,8,168.0,709.0,756.0,507.0,2140.0,78536.0,3662.0,2030.0,11936.0,41.394650222222225
UPZ38,15,ANTONIO NARIÑO,2023,9,195.0,928.0,855.0,664.0,2642.0,78536.0,3662.0,2030.0,11936.0,41.394650222222225
UPZ38,15,ANTONIO NARIÑO,2023,10,174.0,919.0,910.0,671.0,2674.0,78536.0,3662.0,2030.0,11936.0,41.394650222222225
UPZ38,15,ANTONIO NARIÑO,2023,11,207.0,806.0,904.0,591.0,2508.0,78536.0,3662.0,2030.0,11936.0,41.394650222222225
UPZ38,15,ANTONIO NARIÑO,2023,12,191.0,1075.0,1092.0,715.0,3073.0,78536.0,3662.0,2030.0,11936.0,41.394650222222225
UPZ35,15,ANTONIO NARIÑO,2023,1,49.0,232.0,244.0,192.0,717.0,78536.0,3662.0,2030.0,11936.0,41.394650222222225
UPZ35,15,ANTONIO NARIÑO,2023,2,61.0,292.0,280.0,188.0,821.0,78536.0,3662.0,2030.0,11936.0,41.394650222222225
UPZ35,15,ANTONIO NARIÑO,2023,3,63.0,315.0,340.0,191.0,909.0,78536.0,3662.0,2030.0,11936.0,41.394650222222225
UPZ35,15,ANTONIO NARIÑO,2023,4,66.0,403.0,328.0,221.0,1018.0,78536.0,3662.0,2030.0,11936.0,41.394650222222225
UPZ35,15,ANTONIO NARIÑO,2023,5,84.0,431.0,365.0,184.0,1064.0,78536.0,3662.0,2030.0,11936.0,41.394650222222225
UPZ35,15,ANTONIO NARIÑO,2023,6,90.0,334.0,327.0,227.0,978.0,78536.0,3662.0,2030.0,11936.0,41.394650222222225
UPZ35,15,ANTONIO NARIÑO,2023,7,58.0,360.0,333.0,174.0,925.0,78536.0,3662.0,2030.0,11936.0,41.394650222222225
UPZ35,15,ANTONIO NARIÑO,2023,8,91.0,263.0,299.0,184.0,837.0,78536.0,3662.0,2030.0,11936.0,41.394650222222225
UPZ35,15,ANTONIO NARIÑO,2023,9,77.0,316.0,296.0,238.0,927.0,78536.0,3662.0,2030.0,11936.0,41.394650222222225
UPZ35,15,ANTONIO NARIÑO,2023,10,96.0,293.0,317.0,217.0,923.0,78536.0,3662.0,2030.0,11936.0,41.394650222222225
UPZ35,15,ANTONIO NARIÑO,2023,11,85.0,305.0,327.0,213.0,930.0,78536.0,3662.0,2030.0,11936.0,41.394650222222225
UPZ35,15,ANTONIO NARIÑO,2023,12,84.0,320.0,391.0,210.0,1005.0,78536.0,3662.0,2030.0,11936.0,41.394650222222225
UPZ95,03,SANTA FE,2023,1,47.0,124.0,234.0,242.0,647.0,112336.0,8551.0,4944.0,15669.0,40.005426111111106
UPZ95,03,SANTA FE,2023,2,54.0,173.0,238.0,218.0,683.0,112336.0,8551.0,4944.0,15669.0,40.005426111111106
UPZ95,03,SANTA FE,2023,3,66.0,192.0,230.0,227.0,715.0,112336.0,8551.0,4944.0,15669.0,40.005426111111106
UPZ95,03,SANTA FE,2023,4,72.0,293.0,234.0,255.0,854.0,112336.0,8551.0,4944.0,15669.0,40.005426111111106
UPZ95,03,SANTA FE,2023,5,71.0,273.0,270.0,247.0,861.0,112336.0,8551.0,4944.0,15669.0,40.005426111111106
UPZ95,03,SANTA FE,2023,6,87.0,247.0,247.0,218.0,799.0,112336.0,8551.0,4944.0,15669.0,40.005426111111106
UPZ95,03,SANTA FE,2023,7,87.0,225.0,279.0,240.0,831.0,112336.0,8551.0,4944.0,15669.0,40.005426111111106
UPZ95,03,SANTA FE,2023,8,78.0,152.0,193.0,173.0,596.0,112336.0,8551.0,4944.0,15669.0,40.005426111111106
UPZ95,03,SANTA FE,2023,9,100.0,193.0,240.0,256.0,789.0,112336.0,8551.0,4944.0,15669.0,40.005426111111106
UPZ95,03,SANTA FE,2023,10,93.0,211.0,286.0,269.0,859.0,112336.0,8551.0,4944.0,15669.0,40.005426111111106
UPZ95,03,SANTA FE,2023,11,80.0,230.0,245.0,236.0,791.0,112336.0,8551.0,4944.0,15669.0,40.005426111111106
UPZ95,03,SANTA FE,2023,12,73.0,197.0,299.0,259.0,828.0,112336.0,8551.0,4944.0,15669.0,40.005426111111106
UPZ93,03,SANTA FE,2023,1,158.0,508.0,643.0,424.0,1733.0,112336.0,8551.0,4944.0,15669.0,40.005426111111106
UPZ93,03,SANTA FE,2023,2,146.0,537.0,766.0,461.0,1910.0,112336.0,8551.0,4944.0,15669.0,40.005426111111106
UPZ93,03,SANTA FE,2023,3,193.0,612.0,795.0,499.0,2099.0,112336.0,8551.0,4944.0,15669.0,40.005426111111106
UPZ93,03,SANTA FE,2023,4,211.0,598.0,751.0,526.0,2086.0,112336.0,8551.0,4944.0,15669.0,40.005426111111106
UPZ93,03,SANTA FE,2023,5,199.0,681.0,859.0,613.0,2352.0,112336.0,8551.0,4944.0,15669.0,40.005426111111106
UPZ93,03,SANTA FE,2023,6,178.0,595.0,677.0,433.0,1883.0,112336.0,8551.0,4944.0,15669.0,40.005426111111106
UPZ93,03,SANTA FE,2023,7,173.0,610.0,744.0,463.0,1990.0,112336.0,8551.0,4944.0,15669.0,40.005426111111106
UPZ93,03,SANTA FE,2023,8,125.0,566.0,666.0,410.0,1767.0,112336.0,8551.0,4944.0,15669.0,40.005426111111106
UPZ93,03,SANTA FE,2023,9,196.0,622.0,743.0,551.0,2112.0,112336.0,8551.0,4944.0,15669.0,40.005426111111106
UPZ93,03,SANTA FE,2023,10,219.0,694.0,891.0,569.0,2373.0,112336.0,8551.0,4944.0,15669.0,40.005426111111106
UPZ93,03,SANTA FE,2023,11,227.0,663.0,885.0,664.0,2439.0,112336.0,8551.0,4944.0,15669.0,40.005426111111106
UPZ93,03,SANTA FE,2023,12,184.0,723.0,935.0,673.0,2515.0,112336.0,8551.0,4944.0,15669.0,40.005426111111106
UPZ91,03,SANTA FE,2023,1,40.0,186.0,290.0,152.0,668.0,112336.0,8551.0,4944.0,15669.0,40.005426111111106
UPZ91,03,SANTA FE,2023,2,50.0,210.0,367.0,141.0,768.0,112336.0,8551.0,4944.0,15669.0,40.005426111111106
UPZ91,03,SANTA FE,2023,3,47.0,224.0,376.0,172.0,819.0,112336.0,8551.0,4944.0,15669.0,40.005426111111106
UPZ91,03,SANTA FE,2023,4,62.0,216.0,341.0,156.0,775.0,112336.0,8551.0,4944.0,15669.0,40.005426111111106
UPZ91,03,SANTA FE,2023,5,64.0,228.0,350.0,171.0,813.0,112336.0,8551.0,4944.0,15669.0,40.005426111111106
UPZ91,03,SANTA FE,2023,6,45.0,191.0,369.0,120.0,725.0,112336.0,8551.0,4944.0,15669.0,40.005426111111106
UPZ91,03,SANTA FE,2023,7,39.0,179.0,336.0,122.0,676.0,112336.0,8551.0,4944.0,15669.0,40.005426111111106
UPZ91,03,SANTA FE,2023,8,36.0,159.0,371.0,118.0,684.0,112336.0,8551.0,4944.0,15669.0,40.005426111111106
UPZ91,03,SANTA FE,2023,9,41.0,247.0,409.0,152.0,849.0,112336.0,8551.0,4944.0,15669.0,40.005426111111106
UPZ91,03,SANTA FE,2023,10,43.0,187.0,405.0,150.0,785.0,112336.0,8551.0,4944.0,15669.0,40.005426111111106
UPZ91,03,SANTA FE,2023,11,50.0,201.0,385.0,133.0,769.0,112336.0,8551.0,4944.0,15669.0,40.005426111111106
UPZ91,03,SANTA FE,2023,12,37.0,196.0,332.0,151.0,716.0,112336.0,8551.0,4944.0,15669.0,40.005426111111106
UPZ99,02,CHAPINERO,2023,1,123.0,464.0,541.0,271.0,1399.0,162013.0,14078.0,8844.0,20085.0,42.201468444444444
UPZ99,02,CHAPINERO,2023,2,137.0,554.0,661.0,388.0,1740.0,162013.0,14078.0,8844.0,20085.0,42.201468444444444
UPZ99,02,CHAPINERO,2023,3,140.0,715.0,731.0,416.0,2002.0,162013.0,14078.0,8844.0,20085.0,42.201468444444444
UPZ99,02,CHAPINERO,2023,4,142.0,752.0,738.0,406.0,2038.0,162013.0,14078.0,8844.0,20085.0,42.201468444444444
UPZ99,02,CHAPINERO,2023,5,150.0,694.0,756.0,409.0,2009.0,162013.0,14078.0,8844.0,20085.0,42.201468444444444
UPZ99,02,CHAPINERO,2023,6,109.0,613.0,655.0,378.0,1755.0,162013.0,14078.0,8844.0,20085.0,42.201468444444444
UPZ99,02,CHAPINERO,2023,7,157.0,664.0,663.0,389.0,1873.0,162013.0,14078.0,8844.0,20085.0,42.201468444444444
UPZ99,02,CHAPINERO,2023,8,112.0,611.0,569.0,392.0,1684.0,162013.0,14078.0,8844.0,20085.0,42.201468444444444
UPZ99,02,CHAPINERO,2023,9,120.0,688.0,794.0,479.0,2081.0,162013.0,14078.0,8844.0,20085.0,42.201468444444444
UPZ99,02,CHAPINERO,2023,10,132.0,720.0,755.0,454.0,2061.0,162013.0,14078.0,8844.0,20085.0,42.201468444444444
UPZ99,02,CHAPINERO,2023,11,142.0,671.0,670.0,423.0,1906.0,162013.0,14078.0,8844.0,20085.0,42.201468444444444
UPZ99,02,CHAPINERO,2023,12,101.0,758.0,613.0,409.0,1881.0,162013.0,14078.0,8844.0,20085.0,42.201468444444444
UPZ34,04,SAN CRISTÓBAL,2023,1,124.0,565.0,655.0,659.0,2003.0,394434.0,6040.0,2314.0,37735.0,39.46668344444444
UPZ34,04,SAN CRISTÓBAL,2023,2,131.0,603.0,647.0,627.0,2008.0,394434.0,6040.0,2314.0,37735.0,39.46668344444444
UPZ34,04,SAN CRISTÓBAL,2023,3,128.0,692.0,653.0,715.0,2188.0,394434.0,6040.0,2314.0,37735.0,39.46668344444444
UPZ34,04,SAN CRISTÓBAL,2023,4,138.0,896.0,673.0,723.0,2430.0,394434.0,6040.0,2314.0,37735.0,39.46668344444444
UPZ34,04,SAN CRISTÓBAL,2023,5,144.0,748.0,714.0,766.0,2372.0,394434.0,6040.0,2314.0,37735.0,39.46668344444444
UPZ34,04,SAN CRISTÓBAL,2023,6,114.0,604.0,714.0,641.0,2073.0,394434.0,6040.0,2314.0,37735.0,39.46668344444444
UPZ34,04,SAN CRISTÓBAL,2023,7,141.0,610.0,748.0,613.0,2112.0,394434.0,6040.0,2314.0,37735.0,39.46668344444444
UPZ34,04,SAN CRISTÓBAL,2023,8,107.0,433.0,670.0,522.0,1732.0,394434.0,6040.0,2314.0,37735.0,39.46668344444444
UPZ34,04,SAN CRISTÓBAL,2023,9,129.0,588.0,660.0,712.0,2089.0,394434.0,6040.0,2314.0,37735.0,39.46668344444444
UPZ34,04,SAN CRISTÓBAL,2023,10,163.0,644.0,799.0,706.0,2312.0,394434.0,6040.0,2314.0,37735.0,39.46668344444444
UPZ34,04,SAN CRISTÓBAL,2023,11,136.0,577.0,712.0,683.0,2108.0,394434.0,6040.0,2314.0,37735.0,39.46668344444444
UPZ34,04,SAN CRISTÓBAL,2023,12,120.0,532.0,742.0,729.0,2123.0,394434.0,6040.0,2314.0,37735.0,39.46668344444444
UPZ33,04,SAN CRISTÓBAL,2023,1,72.0,303.0,392.0,357.0,1124.0,394434.0,6040.0,2314.0,37735.0,39.46668344444444
UPZ33,04,SAN CRISTÓBAL,2023,2,80.0,282.0,456.0,357.0,1175.0,394434.0,6040.0,2314.0,37735.0,39.46668344444444
UPZ33,04,SAN CRISTÓBAL,2023,3,79.0,344.0,487.0,338.0,1248.0,394434.0,6040.0,2314.0,37735.0,39.46668344444444
UPZ33,04,SAN CRISTÓBAL,2023,4,85.0,367.0,398.0,383.0,1233.0,394434.0,6040.0,2314.0,37735.0,39.46668344444444
UPZ33,04,SAN CRISTÓBAL,2023,5,92.0,377.0,474.0,414.0,1357.0,394434.0,6040.0,2314.0,37735.0,39.46668344444444
UPZ33,04,SAN CRISTÓBAL,2023,6,100.0,350.0,388.0,345.0,1183.0,394434.0,6040.0,2314.0,37735.0,39.46668344444444
UPZ33,04,SAN CRISTÓBAL,2023,7,91.0,375.0,428.0,299.0,1193.0,394434.0,6040.0,2314.0,37735.0,39.46668344444444
UPZ33,04,SAN CRISTÓBAL,2023,8,78.0,314.0,387.0,348.0,1127.0,394434.0,6040.0,2314.0,37735.0,39.46668344444444
UPZ33,04,SAN CRISTÓBAL,2023,9,65.0,373.0,428.0,370.0,1236.0,394434.0,6040.0,2314.0,37735.0,39.46668344444444
UPZ33,04,SAN CRISTÓBAL,2023,10,110.0,302.0,399.0,336.0,1147.0,394434.0,6040.0,2314.0,37735.0,39.46668344444444
UPZ33,04,SAN CRISTÓBAL,2023,11,111.0,330.0,420.0,400.0,1261.0,394434.0,6040.0,2314.0,37735.0,39.46668344444444
UPZ33,04,SAN CRISTÓBAL,2023,12,80.0,329.0,492.0,391.0,1292.0,394434.0,6040.0,2314.0,37735.0,39.46668344444444
UPZ94,17,CANDELARIA,2023,1,42.0,247.0,377.0,166.0,832.0,16782.0,1173.0,625.0,3126.0,39.161125222222225
UPZ94,17,CANDELARIA,2023,2,59.0,286.0,393.0,227.0,965.0,16782.0,1173.0,625.0,3126.0,39.161125222222225
UPZ94,17,CANDELARIA,2023,3,50.0,317.0,413.0,217.0,997.0,16782.0,1173.0,625.0,3126.0,39.161125222222225
UPZ94,17,CANDELARIA,2023,4,58.0,327.0,399.0,260.0,1044.0,16782.0,1173.0,625.0,3126.0,39.161125222222225
UPZ94,17,CANDELARIA,2023,5,55.0,408.0,473.0,263.0,1199.0,16782.0,1173.0,625.0,3126.0,39.161125222222225
UPZ94,17,CANDELARIA,2023,6,53.0,314.0,421.0,240.0,1028.0,16782.0,1173.0,625.0,3126.0,39.161125222222225
UPZ94,17,CANDELARIA,2023,7,67.0,393.0,365.0,229.0,1054.0,16782.0,1173.0,625.0,3126.0,39.161125222222225
UPZ94,17,CANDELARIA,2023,8,43.0,289.0,296.0,197.0,825.0,16782.0,1173.0,625.0,3126.0,39.161125222222225
UPZ94,17,CANDELARIA,2023,9,53.0,336.0,396.0,228.0,1013.0,16782.0,1173.0,625.0,3126.0,39.161125222222225
UPZ94,17,CANDELARIA,2023,10,55.0,335.0,449.0,200.0,1039.0,16782.0,1173.0,625.0,3126.0,39.161125222222225
UPZ94,17,CANDELARIA,2023,11,45.0,292.0,405.0,220.0,962.0,16782.0,1173.0,625.0,3126.0,39.161125222222225
UPZ94,17,CANDELARIA,2023,12,48.0,305.0,402.0,256.0,1011.0,16782.0,1173.0,625.0,3126.0,39.161125222222225
UPZ10,01,USAQUÉN,2024,1,21.0,133.0,190.0,102.0,446.0,586366.0,9684.0,4757.0,36626.0,41.7932881111111
UPZ10,01,USAQUÉN,2024,2,46.0,209.0,330.0,156.0,741.0,586366.0,9684.0,4757.0,36626.0,41.7932881111111
UPZ10,01,USAQUÉN,2024,3,21.0,166.0,221.0,126.0,534.0,586366.0,9684.0,4757.0,36626.0,41.7932881111111
UPZ10,01,USAQUÉN,2024,4,20.0,103.0,188.0,72.0,383.0,586366.0,9684.0,4757.0,36626.0,41.7932881111111
UPZ10,01,USAQUÉN,2024,5,28.0,188.0,265.0,143.0,624.0,586366.0,9684.0,4757.0,36626.0,41.7932881111111
UPZ10,01,USAQUÉN,2024,6,63.0,178.0,278.0,176.0,695.0,586366.0,9684.0,4757.0,36626.0,41.7932881111111
UPZ10,01,USAQUÉN,2024,7,45.0,186.0,211.0,198.0,640.0,586366.0,9684.0,4757.0,36626.0,41.7932881111111
UPZ10,01,USAQUÉN,2024,8,37.0,206.0,277.0,163.0,683.0,586366.0,9684.0,4757.0,36626.0,41.7932881111111
UPZ10,01,USAQUÉN,2024,9,40.0,232.0,246.0,252.0,770.0,586366.0,9684.0,4757.0,36626.0,41.7932881111111
UPZ10,01,USAQUÉN,2024,10,44.0,203.0,305.0,163.0,715.0,586366.0,9684.0,4757.0,36626.0,41.7932881111111
UPZ10,01,USAQUÉN,2024,11,28.0,180.0,344.0,148.0,700.0,586366.0,9684.0,4757.0,36626.0,41.7932881111111
UPZ10,01,USAQUÉN,2024,12,41.0,209.0,277.0,147.0,674.0,586366.0,9684.0,4757.0,36626.0,41.7932881111111
UPZ9,01,USAQUÉN,2024,1,69.0,544.0,364.0,431.0,1408.0,586366.0,9684.0,4757.0,36626.0,41.7932881111111
UPZ9,01,USAQUÉN,2024,2,82.0,737.0,736.0,652.0,2207.0,586366.0,9684.0,4757.0,36626.0,41.7932881111111
UPZ9,01,USAQUÉN,2024,3,70.0,696.0,496.0,573.0,1835.0,586366.0,9684.0,4757.0,36626.0,41.7932881111111
UPZ9,01,USAQUÉN,2024,4,76.0,397.0,437.0,474.0,1384.0,586366.0,9684.0,4757.0,36626.0,41.7932881111111
UPZ9,01,USAQUÉN,2024,5,81.0,736.0,553.0,725.0,2095.0,586366.0,9684.0,4757.0,36626.0,41.7932881111111
UPZ9,01,USAQUÉN,2024,6,102.0,773.0,590.0,815.0,2280.0,586366.0,9684.0,4757.0,36626.0,41.7932881111111
UPZ9,01,USAQUÉN,2024,7,93.0,749.0,663.0,703.0,2208.0,586366.0,9684.0,4757.0,36626.0,41.7932881111111
UPZ9,01,USAQUÉN,2024,8,67.0,668.0,607.0,745.0,2087.0,586366.0,9684.0,4757.0,36626.0,41.7932881111111
UPZ9,01,USAQUÉN,2024,9,83.0,897.0,727.0,780.0,2487.0,586366.0,9684.0,4757.0,36626.0,41.7932881111111
UPZ9,01,USAQUÉN,2024,10,108.0,796.0,742.0,773.0,2419.0,586366.0,9684.0,4757.0,36626.0,41.7932881111111
UPZ9,01,USAQUÉN,2024,11,94.0,832.0,778.0,726.0,2430.0,586366.0,9684.0,4757.0,36626.0,41.7932881111111
UPZ9,01,USAQUÉN,2024,12,92.0,1162.0,767.0,990.0,3011.0,586366.0,9684.0,4757.0,36626.0,41.7932881111111
UPZ12,01,USAQUÉN,2024,1,30.0,289.0,320.0,193.0,832.0,586366.0,9684.0,4757.0,36626.0,41.7932881111111
UPZ12,01,USAQUÉN,2024,2,63.0,358.0,485.0,284.0,1190.0,586366.0,9684.0,4757.0,36626.0,41.7932881111111
UPZ12,01,USAQUÉN,2024,3,71.0,358.0,424.0,310.0,1163.0,586366.0,9684.0,4757.0,36626.0,41.7932881111111
UPZ12,01,USAQUÉN,2024,4,47.0,286.0,358.0,233.0,924.0,586366.0,9684.0,4757.0,36626.0,41.7932881111111
UPZ12,01,USAQUÉN,2024,5,84.0,412.0,443.0,359.0,1298.0,586366.0,9684.0,4757.0,36626.0,41.7932881111111
UPZ12,01,USAQUÉN,2024,6,73.0,408.0,493.0,365.0,1339.0,586366.0,9684.0,4757.0,36626.0,41.7932881111111
UPZ12,01,USAQUÉN,2024,7,73.0,448.0,465.0,366.0,1352.0,586366.0,9684.0,4757.0,36626.0,41.7932881111111
UPZ12,01,USAQUÉN,2024,8,68.0,434.0,434.0,359.0,1295.0,586366.0,9684.0,4757.0,36626.0,41.7932881111111
UPZ12,01,USAQUÉN,2024,9,80.0,447.0,557.0,446.0,1530.0,586366.0,9684.0,4757.0,36626.0,41.7932881111111
UPZ12,01,USAQUÉN,2024,10,81.0,440.0,509.0,305.0,1335.0,586366.0,9684.0,4757.0,36626.0,41.7932881111111
UPZ12,01,USAQUÉN,2024,11,70.0,433.0,584.0,330.0,1417.0,586366.0,9684.0,4757.0,36626.0,41.7932881111111
UPZ12,01,USAQUÉN,2024,12,89.0,529.0,530.0,380.0,1528.0,586366.0,9684.0,4757.0,36626.0,41.7932881111111
UPZ18,11,SUBA,2024,1,51.0,253.0,354.0,223.0,881.0,1247542.0,16654.0,7455.0,87728.0,40.380222
UPZ18,11,SUBA,2024,2,75.0,330.0,515.0,306.0,1226.0,1247542.0,16654.0,7455.0,87728.0,40.380222
UPZ18,11,SUBA,2024,3,33.0,373.0,358.0,280.0,1044.0,1247542.0,16654.0,7455.0,87728.0,40.380222
UPZ18,11,SUBA,2024,4,38.0,232.0,279.0,216.0,765.0,1247542.0,16654.0,7455.0,87728.0,40.380222
UPZ18,11,SUBA,2024,5,69.0,473.0,474.0,314.0,1330.0,1247542.0,16654.0,7455.0,87728.0,40.380222
UPZ18,11,SUBA,2024,6,73.0,438.0,376.0,359.0,1246.0,1247542.0,16654.0,7455.0,87728.0,40.380222
UPZ18,11,SUBA,2024,7,81.0,518.0,470.0,378.0,1447.0,1247542.0,16654.0,7455.0,87728.0,40.380222
UPZ18,11,SUBA,2024,8,64.0,466.0,483.0,357.0,1370.0,1247542.0,16654.0,7455.0,87728.0,40.380222
UPZ18,11,SUBA,2024,9,95.0,499.0,530.0,309.0,1433.0,1247542.0,16654.0,7455.0,87728.0,40.380222
UPZ18,11,SUBA,2024,10,83.0,409.0,521.0,312.0,1325.0,1247542.0,16654.0,7455.0,87728.0,40.380222
UPZ18,11,SUBA,2024,11,78.0,440.0,502.0,306.0,1326.0,1247542.0,16654.0,7455.0,87728.0,40.380222
UPZ18,11,SUBA,2024,12,104.0,586.0,489.0,401.0,1580.0,1247542.0,16654.0,7455.0,87728.0,40.380222
UPZ13,01,USAQUÉN,2024,1,109.0,450.0,665.0,374.0,1598.0,586366.0,9684.0,4757.0,36626.0,41.7932881111111
UPZ13,01,USAQUÉN,2024,2,153.0,778.0,1038.0,477.0,2446.0,586366.0,9684.0,4757.0,36626.0,41.7932881111111
UPZ13,01,USAQUÉN,2024,3,92.0,654.0,785.0,372.0,1903.0,586366.0,9684.0,4757.0,36626.0,41.7932881111111
UPZ13,01,USAQUÉN,2024,4,117.0,518.0,600.0,299.0,1534.0,586366.0,9684.0,4757.0,36626.0,41.7932881111111
UPZ13,01,USAQUÉN,2024,5,127.0,845.0,1014.0,466.0,2452.0,586366.0,9684.0,4757.0,36626.0,41.7932881111111
UPZ13,01,USAQUÉN,2024,6,150.0,836.0,916.0,466.0,2368.0,586366.0,9684.0,4757.0,36626.0,41.7932881111111
UPZ13,01,USAQUÉN,2024,7,166.0,731.0,901.0,443.0,2241.0,586366.0,9684.0,4757.0,36626.0,41.7932881111111
UPZ13,01,USAQUÉN,2024,8,160.0,844.0,861.0,433.0,2298.0,586366.0,9684.0,4757.0,36626.0,41.7932881111111
UPZ13,01,USAQUÉN,2024,9,154.0,816.0,1028.0,442.0,2440.0,586366.0,9684.0,4757.0,36626.0,41.7932881111111
UPZ13,01,USAQUÉN,2024,10,177.0,729.0,970.0,476.0,2352.0,586366.0,9684.0,4757.0,36626.0,41.7932881111111
UPZ13,01,USAQUÉN,2024,11,178.0,727.0,1225.0,429.0,2559.0,586366.0,9684.0,4757.0,36626.0,41.7932881111111
UPZ13,01,USAQUÉN,2024,12,166.0,912.0,1181.0,478.0,2737.0,586366.0,9684.0,4757.0,36626.0,41.7932881111111
UPZ15,01,USAQUÉN,2024,1,25.0,85.0,131.0,29.0,270.0,586366.0,9684.0,4757.0,36626.0,41.7932881111111
UPZ15,01,USAQUÉN,2024,2,29.0,96.0,206.0,92.0,423.0,586366.0,9684.0,4757.0,36626.0,41.7932881111111
UPZ15,01,USAQUÉN,2024,3,18.0,90.0,131.0,55.0,294.0,586366.0,9684.0,4757.0,36626.0,41.7932881111111
UPZ15,01,USAQUÉN,2024,4,11.0,70.0,128.0,51.0,260.0,586366.0,9684.0,4757.0,36626.0,41.7932881111111
UPZ15,01,USAQUÉN,2024,5,26.0,93.0,232.0,61.0,412.0,586366.0,9684.0,4757.0,36626.0,41.7932881111111
UPZ15,01,USAQUÉN,2024,6,23.0,105.0,232.0,52.0,412.0,586366.0,9684.0,4757.0,36626.0,41.7932881111111
UPZ15,01,USAQUÉN,2024,7,15.0,119.0,176.0,70.0,380.0,586366.0,9684.0,4757.0,36626.0,41.7932881111111
UPZ15,01,USAQUÉN,2024,8,25.0,110.0,151.0,69.0,355.0,586366.0,9684.0,4757.0,36626.0,41.7932881111111
UPZ15,01,USAQUÉN,2024,9,17.0,112.0,173.0,69.0,371.0,586366.0,9684.0,4757.0,36626.0,41.7932881111111
UPZ15,01,USAQUÉN,2024,10,21.0,100.0,182.0,74.0,377.0,586366.0,9684.0,4757.0,36626.0,41.7932881111111
UPZ15,01,USAQUÉN,2024,11,27.0,110.0,178.0,55.0,370.0,586366.0,9684.0,4757.0,36626.0,41.7932881111111
UPZ15,01,USAQUÉN,2024,12,21.0,130.0,219.0,64.0,434.0,586366.0,9684.0,4757.0,36626.0,41.7932881111111
UPZ16,01,USAQUÉN,2024,1,117.0,385.0,522.0,211.0,1235.0,586366.0,9684.0,4757.0,36626.0,41.7932881111111
UPZ16,01,USAQUÉN,2024,2,161.0,576.0,754.0,318.0,1809.0,586366.0,9684.0,4757.0,36626.0,41.7932881111111
UPZ16,01,USAQUÉN,2024,3,109.0,581.0,649.0,253.0,1592.0,586366.0,9684.0,4757.0,36626.0,41.7932881111111
UPZ16,01,USAQUÉN,2024,4,99.0,381.0,530.0,199.0,1209.0,586366.0,9684.0,4757.0,36626.0,41.7932881111111
UPZ16,01,USAQUÉN,2024,5,158.0,677.0,870.0,331.0,2036.0,586366.0,9684.0,4757.0,36626.0,41.7932881111111
UPZ16,01,USAQUÉN,2024,6,173.0,679.0,723.0,366.0,1941.0,586366.0,9684.0,4757.0,36626.0,41.7932881111111
UPZ16,01,USAQUÉN,2024,7,139.0,691.0,811.0,325.0,1966.0,586366.0,9684.0,4757.0,36626.0,41.7932881111111
UPZ16,01,USAQUÉN,2024,8,139.0,637.0,716.0,280.0,1772.0,586366.0,9684.0,4757.0,36626.0,41.7932881111111
UPZ16,01,USAQUÉN,2024,9,172.0,702.0,953.0,339.0,2166.0,586366.0,9684.0,4757.0,36626.0,41.7932881111111
UPZ16,01,USAQUÉN,2024,10,164.0,722.0,902.0,386.0,2174.0,586366.0,9684.0,4757.0,36626.0,41.7932881111111
UPZ16,01,USAQUÉN,2024,11,152.0,616.0,864.0,254.0,1886.0,586366.0,9684.0,4757.0,36626.0,41.7932881111111
UPZ16,01,USAQUÉN,2024,12,184.0,788.0,788.0,305.0,2065.0,586366.0,9684.0,4757.0,36626.0,41.7932881111111
UPZ97,02,CHAPINERO,2024,1,150.0,488.0,684.0,264.0,1586.0,161696.0,10950.0,6608.0,19315.0,42.201468444444444
UPZ97,02,CHAPINERO,2024,2,220.0,813.0,1252.0,447.0,2732.0,161696.0,10950.0,6608.0,19315.0,42.201468444444444
UPZ97,02,CHAPINERO,2024,3,204.0,680.0,917.0,411.0,2212.0,161696.0,10950.0,6608.0,19315.0,42.201468444444444
UPZ97,02,CHAPINERO,2024,4,111.0,545.0,737.0,295.0,1688.0,161696.0,10950.0,6608.0,19315.0,42.201468444444444
UPZ97,02,CHAPINERO,2024,5,252.0,885.0,1177.0,546.0,2860.0,161696.0,10950.0,6608.0,19315.0,42.201468444444444
UPZ97,02,CHAPINERO,2024,6,229.0,965.0,1096.0,498.0,2788.0,161696.0,10950.0,6608.0,19315.0,42.201468444444444
UPZ97,02,CHAPINERO,2024,7,243.0,913.0,1095.0,488.0,2739.0,161696.0,10950.0,6608.0,19315.0,42.201468444444444
UPZ97,02,CHAPINERO,2024,8,254.0,835.0,1062.0,464.0,2615.0,161696.0,10950.0,6608.0,19315.0,42.201468444444444
UPZ97,02,CHAPINERO,2024,9,243.0,864.0,1210.0,525.0,2842.0,161696.0,10950.0,6608.0,19315.0,42.201468444444444
UPZ97,02,CHAPINERO,2024,10,279.0,887.0,1328.0,483.0,2977.0,161696.0,10950.0,6608.0,19315.0,42.201468444444444
UPZ97,02,CHAPINERO,2024,11,259.0,740.0,1240.0,505.0,2744.0,161696.0,10950.0,6608.0,19315.0,42.201468444444444
UPZ97,02,CHAPINERO,2024,12,214.0,819.0,1190.0,502.0,2725.0,161696.0,10950.0,6608.0,19315.0,42.201468444444444
UPZ27,11,SUBA,2024,1,103.0,757.0,675.0,670.0,2205.0,1247542.0,16654.0,7455.0,87728.0,40.380222
UPZ27,11,SUBA,2024,2,165.0,991.0,976.0,1044.0,3176.0,1247542.0,16654.0,7455.0,87728.0,40.380222
UPZ27,11,SUBA,2024,3,102.0,993.0,862.0,880.0,2837.0,1247542.0,16654.0,7455.0,87728.0,40.380222
UPZ27,11,SUBA,2024,4,98.0,643.0,652.0,627.0,2020.0,1247542.0,16654.0,7455.0,87728.0,40.380222
UPZ27,11,SUBA,2024,5,139.0,990.0,963.0,1003.0,3095.0,1247542.0,16654.0,7455.0,87728.0,40.380222
UPZ27,11,SUBA,2024,6,157.0,1132.0,1043.0,1216.0,3548.0,1247542.0,16654.0,7455.0,87728.0,40.380222
UPZ27,11,SUBA,2024,7,190.0,1040.0,1077.0,1061.0,3368.0,1247542.0,16654.0,7455.0,87728.0,40.380222
UPZ27,11,SUBA,2024,8,140.0,1075.0,998.0,896.0,3109.0,1247542.0,16654.0,7455.0,87728.0,40.380222
UPZ27,11,SUBA,2024,9,124.0,1189.0,1122.0,1095.0,3530.0,1247542.0,16654.0,7455.0,87728.0,40.380222
UPZ27,11,SUBA,2024,10,192.0,1126.0,1092.0,1191.0,3601.0,1247542.0,16654.0,7455.0,87728.0,40.380222
UPZ27,11,SUBA,2024,11,146.0,1106.0,1128.0,1119.0,3499.0,1247542.0,16654.0,7455.0,87728.0,40.380222
UPZ27,11,SUBA,2024,12,168.0,1502.0,1158.0,1246.0,4074.0,1247542.0,16654.0,7455.0,87728.0,40.380222
UPZ28,11,SUBA,2024,1,197.0,1652.0,1170.0,1615.0,4634.0,1247542.0,16654.0,7455.0,87728.0,40.380222
UPZ28,11,SUBA,2024,2,284.0,2089.0,1872.0,2158.0,6403.0,1247542.0,16654.0,7455.0,87728.0,40.380222
UPZ28,11,SUBA,2024,3,289.0,1965.0,1444.0,2047.0,5745.0,1247542.0,16654.0,7455.0,87728.0,40.380222
UPZ28,11,SUBA,2024,4,189.0,1311.0,1055.0,1215.0,3770.0,1247542.0,16654.0,7455.0,87728.0,40.380222
UPZ28,11,SUBA,2024,5,317.0,2162.0,1603.0,2137.0,6219.0,1247542.0,16654.0,7455.0,87728.0,40.380222
UPZ28,11,SUBA,2024,6,327.0,2206.0,1678.0,2329.0,6540.0,1247542.0,16654.0,7455.0,87728.0,40.380222
UPZ28,11,SUBA,2024,7,313.0,2466.0,1699.0,2516.0,6994.0,1247542.0,16654.0,7455.0,87728.0,40.380222
UPZ28,11,SUBA,2024,8,307.0,2396.0,1556.0,2243.0,6502.0,1247542.0,16654.0,7455.0,87728.0,40.380222
UPZ28,11,SUBA,2024,9,311.0,2699.0,1684.0,2280.0,6974.0,1247542.0,16654.0,7455.0,87728.0,40.380222
UPZ28,11,SUBA,2024,10,309.0,2487.0,1708.0,2425.0,6929.0,1247542.0,16654.0,7455.0,87728.0,40.380222
UPZ28,11,SUBA,2024,11,288.0,2257.0,1655.0,2156.0,6356.0,1247542.0,16654.0,7455.0,87728.0,40.380222
UPZ28,11,SUBA,2024,12,326.0,3223.0,2078.0,2776.0,8403.0,1247542.0,16654.0,7455.0,87728.0,40.380222
UPZ24,11,SUBA,2024,1,70.0,336.0,490.0,229.0,1125.0,1247542.0,16654.0,7455.0,87728.0,40.380222
UPZ24,11,SUBA,2024,2,100.0,618.0,729.0,350.0,1797.0,1247542.0,16654.0,7455.0,87728.0,40.380222
UPZ24,11,SUBA,2024,3,88.0,415.0,559.0,282.0,1344.0,1247542.0,16654.0,7455.0,87728.0,40.380222
UPZ24,11,SUBA,2024,4,52.0,291.0,502.0,206.0,1051.0,1247542.0,16654.0,7455.0,87728.0,40.380222
UPZ24,11,SUBA,2024,5,87.0,442.0,664.0,342.0,1535.0,1247542.0,16654.0,7455.0,87728.0,40.380222
UPZ24,11,SUBA,2024,6,70.0,503.0,676.0,343.0,1592.0,1247542.0,16654.0,7455.0,87728.0,40.380222
UPZ24,11,SUBA,2024,7,102.0,534.0,780.0,332.0,1748.0,1247542.0,16654.0,7455.0,87728.0,40.380222
UPZ24,11,SUBA,2024,8,100.0,521.0,685.0,362.0,1668.0,1247542.0,16654.0,7455.0,87728.0,40.380222
UPZ24,11,SUBA,2024,9,100.0,544.0,811.0,369.0,1824.0,1247542.0,16654.0,7455.0,87728.0,40.380222
UPZ24,11,SUBA,2024,10,113.0,520.0,722.0,399.0,1754.0,1247542.0,16654.0,7455.0,87728.0,40.380222
UPZ24,11,SUBA,2024,11,126.0,389.0,778.0,319.0,1612.0,1247542.0,16654.0,7455.0,87728.0,40.380222
UPZ24,11,SUBA,2024,12,97.0,666.0,882.0,386.0,2031.0,1247542.0,16654.0,7455.0,87728.0,40.380222
UPZ25,11,SUBA,2024,1,21.0,146.0,220.0,100.0,487.0,1247542.0,16654.0,7455.0,87728.0,40.380222
UPZ25,11,SUBA,2024,2,44.0,207.0,302.0,154.0,707.0,1247542.0,16654.0,7455.0,87728.0,40.380222
UPZ25,11,SUBA,2024,3,62.0,169.0,239.0,111.0,581.0,1247542.0,16654.0,7455.0,87728.0,40.380222
UPZ25,11,SUBA,2024,4,25.0,132.0,189.0,70.0,416.0,1247542.0,16654.0,7455.0,87728.0,40.380222
UPZ25,11,SUBA,2024,5,45.0,196.0,277.0,153.0,671.0,1247542.0,16654.0,7455.0,87728.0,40.380222
UPZ25,11,SUBA,2024,6,44.0,176.0,262.0,140.0,622.0,1247542.0,16654.0,7455.0,87728.0,40.380222
UPZ25,11,SUBA,2024,7,45.0,193.0,315.0,114.0,667.0,1247542.0,16654.0,7455.0,87728.0,40.380222
UPZ25,11,SUBA,2024,8,62.0,239.0,268.0,138.0,707.0,1247542.0,16654.0,7455.0,87728.0,40.380222
UPZ25,11,SUBA,2024,9,39.0,197.0,292.0,127.0,655.0,1247542.0,16654.0,7455.0,87728.0,40.380222
UPZ25,11,SUBA,2024,10,64.0,242.0,317.0,121.0,744.0,1247542.0,16654.0,7455.0,87728.0,40.380222
UPZ25,11,SUBA,2024,11,46.0,199.0,321.0,114.0,680.0,1247542.0,16654.0,7455.0,87728.0,40.380222
UPZ25,11,SUBA,2024,12,52.0,226.0,380.0,151.0,809.0,1247542.0,16654.0,7455.0,87728.0,40.380222
UPZ20,11,SUBA,2024,1,44.0,156.0,248.0,81.0,529.0,1247542.0,16654.0,7455.0,87728.0,40.380222
UPZ20,11,SUBA,2024,2,53.0,290.0,423.0,122.0,888.0,1247542.0,16654.0,7455.0,87728.0,40.380222
UPZ20,11,SUBA,2024,3,45.0,262.0,352.0,126.0,785.0,1247542.0,16654.0,7455.0,87728.0,40.380222
UPZ20,11,SUBA,2024,4,35.0,130.0,312.0,97.0,574.0,1247542.0,16654.0,7455.0,87728.0,40.380222
UPZ20,11,SUBA,2024,5,59.0,229.0,354.0,116.0,758.0,1247542.0,16654.0,7455.0,87728.0,40.380222
UPZ20,11,SUBA,2024,6,65.0,231.0,391.0,114.0,801.0,1247542.0,16654.0,7455.0,87728.0,40.380222
UPZ20,11,SUBA,2024,7,54.0,203.0,322.0,146.0,725.0,1247542.0,16654.0,7455.0,87728.0,40.380222
UPZ20,11,SUBA,2024,8,56.0,210.0,293.0,122.0,681.0,1247542.0,16654.0,7455.0,87728.0,40.380222
UPZ20,11,SUBA,2024,9,60.0,276.0,412.0,133.0,881.0,1247542.0,16654.0,7455.0,87728.0,40.380222
UPZ20,11,SUBA,2024,10,41.0,263.0,387.0,151.0,842.0,1247542.0,16654.0,7455.0,87728.0,40.380222
UPZ20,11,SUBA,2024,11,61.0,248.0,429.0,118.0,856.0,1247542.0,16654.0,7455.0,87728.0,40.380222
UPZ20,11,SUBA,2024,12,77.0,242.0,352.0,98.0,769.0,1247542.0,16654.0,7455.0,87728.0,40.380222
UPZ21,12,BARRIOS UNIDOS,2024,1,39.0,181.0,297.0,154.0,671.0,135762.0,5910.0,3111.0,18015.0,39.80123933333333
UPZ21,12,BARRIOS UNIDOS,2024,2,103.0,368.0,516.0,292.0,1279.0,135762.0,5910.0,3111.0,18015.0,39.80123933333333
UPZ21,12,BARRIOS UNIDOS,2024,3,68.0,269.0,347.0,203.0,887.0,135762.0,5910.0,3111.0,18015.0,39.80123933333333
UPZ21,12,BARRIOS UNIDOS,2024,4,54.0,299.0,315.0,191.0,859.0,135762.0,5910.0,3111.0,18015.0,39.80123933333333
UPZ21,12,BARRIOS UNIDOS,2024,5,81.0,299.0,437.0,250.0,1067.0,135762.0,5910.0,3111.0,18015.0,39.80123933333333
UPZ21,12,BARRIOS UNIDOS,2024,6,78.0,302.0,476.0,244.0,1100.0,135762.0,5910.0,3111.0,18015.0,39.80123933333333
UPZ21,12,BARRIOS UNIDOS,2024,7,66.0,308.0,431.0,231.0,1036.0,135762.0,5910.0,3111.0,18015.0,39.80123933333333
UPZ21,12,BARRIOS UNIDOS,2024,8,85.0,286.0,406.0,203.0,980.0,135762.0,5910.0,3111.0,18015.0,39.80123933333333
UPZ21,12,BARRIOS UNIDOS,2024,9,57.0,372.0,443.0,243.0,1115.0,135762.0,5910.0,3111.0,18015.0,39.80123933333333
UPZ21,12,BARRIOS UNIDOS,2024,10,71.0,267.0,429.0,250.0,1017.0,135762.0,5910.0,3111.0,18015.0,39.80123933333333
UPZ21,12,BARRIOS UNIDOS,2024,11,74.0,329.0,510.0,212.0,1125.0,135762.0,5910.0,3111.0,18015.0,39.80123933333333
UPZ21,12,BARRIOS UNIDOS,2024,12,74.0,369.0,422.0,204.0,1069.0,135762.0,5910.0,3111.0,18015.0,39.80123933333333
UPZ72,10,ENGATIVÁ,2024,1,57.0,196.0,322.0,183.0,758.0,831376.0,14546.0,6993.0,67606.0,43.08297155555556
UPZ72,10,ENGATIVÁ,2024,2,81.0,336.0,366.0,265.0,1048.0,831376.0,14546.0,6993.0,67606.0,43.08297155555556
UPZ72,10,ENGATIVÁ,2024,3,85.0,249.0,354.0,259.0,947.0,831376.0,14546.0,6993.0,67606.0,43.08297155555556
UPZ72,10,ENGATIVÁ,2024,4,64.0,203.0,302.0,176.0,745.0,831376.0,14546.0,6993.0,67606.0,43.08297155555556
UPZ72,10,ENGATIVÁ,2024,5,77.0,251.0,397.0,284.0,1009.0,831376.0,14546.0,6993.0,67606.0,43.08297155555556
UPZ72,10,ENGATIVÁ,2024,6,60.0,242.0,397.0,301.0,1000.0,831376.0,14546.0,6993.0,67606.0,43.08297155555556
UPZ72,10,ENGATIVÁ,2024,7,92.0,294.0,425.0,311.0,1122.0,831376.0,14546.0,6993.0,67606.0,43.08297155555556
UPZ72,10,ENGATIVÁ,2024,8,91.0,332.0,438.0,221.0,1082.0,831376.0,14546.0,6993.0,67606.0,43.08297155555556
UPZ72,10,ENGATIVÁ,2024,9,97.0,348.0,462.0,281.0,1188.0,831376.0,14546.0,6993.0,67606.0,43.08297155555556
UPZ72,10,ENGATIVÁ,2024,10,104.0,393.0,457.0,328.0,1282.0,831376.0,14546.0,6993.0,67606.0,43.08297155555556
UPZ72,10,ENGATIVÁ,2024,11,90.0,255.0,531.0,306.0,1182.0,831376.0,14546.0,6993.0,67606.0,43.08297155555556
UPZ72,10,ENGATIVÁ,2024,12,81.0,269.0,521.0,249.0,1120.0,831376.0,14546.0,6993.0,67606.0,43.08297155555556
UPZ30,10,ENGATIVÁ,2024,1,136.0,577.0,705.0,614.0,2032.0,831376.0,14546.0,6993.0,67606.0,43.08297155555556
UPZ30,10,ENGATIVÁ,2024,2,175.0,915.0,1013.0,756.0,2859.0,831376.0,14546.0,6993.0,67606.0,43.08297155555556
UPZ30,10,ENGATIVÁ,2024,3,182.0,858.0,842.0,755.0,2637.0,831376.0,14546.0,6993.0,67606.0,43.08297155555556
UPZ30,10,ENGATIVÁ,2024,4,133.0,577.0,604.0,599.0,1913.0,831376.0,14546.0,6993.0,67606.0,43.08297155555556
UPZ30,10,ENGATIVÁ,2024,5,183.0,977.0,1098.0,869.0,3127.0,831376.0,14546.0,6993.0,67606.0,43.08297155555556
UPZ30,10,ENGATIVÁ,2024,6,207.0,999.0,1075.0,890.0,3171.0,831376.0,14546.0,6993.0,67606.0,43.08297155555556
UPZ30,10,ENGATIVÁ,2024,7,226.0,1047.0,1058.0,966.0,3297.0,831376.0,14546.0,6993.0,67606.0,43.08297155555556
UPZ30,10,ENGATIVÁ,2024,8,223.0,1016.0,1022.0,859.0,3120.0,831376.0,14546.0,6993.0,67606.0,43.08297155555556
UPZ30,10,ENGATIVÁ,2024,9,222.0,986.0,1197.0,902.0,3307.0,831376.0,14546.0,6993.0,67606.0,43.08297155555556
UPZ30,10,ENGATIVÁ,2024,10,267.0,1062.0,1220.0,978.0,3527.0,831376.0,14546.0,6993.0,67606.0,43.08297155555556
UPZ30,10,ENGATIVÁ,2024,11,197.0,1122.0,1143.0,845.0,3307.0,831376.0,14546.0,6993.0,67606.0,43.08297155555556
UPZ30,10,ENGATIVÁ,2024,12,196.0,1629.0,1190.0,1106.0,4121.0,831376.0,14546.0,6993.0,67606.0,43.08297155555556
UPZ26,10,ENGATIVÁ,2024,1,207.0,768.0,738.0,534.0,2247.0,831376.0,14546.0,6993.0,67606.0,43.08297155555556
UPZ26,10,ENGATIVÁ,2024,2,263.0,946.0,1055.0,799.0,3063.0,831376.0,14546.0,6993.0,67606.0,43.08297155555556
UPZ26,10,ENGATIVÁ,2024,3,226.0,998.0,914.0,756.0,2894.0,831376.0,14546.0,6993.0,67606.0,43.08297155555556
UPZ26,10,ENGATIVÁ,2024,4,133.0,542.0,637.0,477.0,1789.0,831376.0,14546.0,6993.0,67606.0,43.08297155555556
UPZ26,10,ENGATIVÁ,2024,5,281.0,1020.0,1081.0,802.0,3184.0,831376.0,14546.0,6993.0,67606.0,43.08297155555556
UPZ26,10,ENGATIVÁ,2024,6,257.0,1042.0,1124.0,913.0,3336.0,831376.0,14546.0,6993.0,67606.0,43.08297155555556
UPZ26,10,ENGATIVÁ,2024,7,333.0,1190.0,1191.0,909.0,3623.0,831376.0,14546.0,6993.0,67606.0,43.08297155555556
UPZ26,10,ENGATIVÁ,2024,8,256.0,1010.0,1017.0,792.0,3075.0,831376.0,14546.0,6993.0,67606.0,43.08297155555556
UPZ26,10,ENGATIVÁ,2024,9,273.0,1113.0,981.0,990.0,3357.0,831376.0,14546.0,6993.0,67606.0,43.08297155555556
UPZ26,10,ENGATIVÁ,2024,10,290.0,1188.0,1161.0,967.0,3606.0,831376.0,14546.0,6993.0,67606.0,43.08297155555556
UPZ26,10,ENGATIVÁ,2024,11,250.0,1233.0,1268.0,921.0,3672.0,831376.0,14546.0,6993.0,67606.0,43.08297155555556
UPZ26,10,ENGATIVÁ,2024,12,260.0,1498.0,1428.0,1047.0,4233.0,831376.0,14546.0,6993.0,67606.0,43.08297155555556
UPZ22,12,BARRIOS UNIDOS,2024,1,94.0,509.0,384.0,295.0,1282.0,135762.0,5910.0,3111.0,18015.0,39.80123933333333
UPZ22,12,BARRIOS UNIDOS,2024,2,134.0,604.0,619.0,431.0,1788.0,135762.0,5910.0,3111.0,18015.0,39.80123933333333
UPZ22,12,BARRIOS UNIDOS,2024,3,112.0,599.0,451.0,417.0,1579.0,135762.0,5910.0,3111.0,18015.0,39.80123933333333
UPZ22,12,BARRIOS UNIDOS,2024,4,91.0,440.0,384.0,215.0,1130.0,135762.0,5910.0,3111.0,18015.0,39.80123933333333
UPZ22,12,BARRIOS UNIDOS,2024,5,166.0,759.0,671.0,533.0,2129.0,135762.0,5910.0,3111.0,18015.0,39.80123933333333
UPZ22,12,BARRIOS UNIDOS,2024,6,162.0,893.0,547.0,560.0,2162.0,135762.0,5910.0,3111.0,18015.0,39.80123933333333
UPZ22,12,BARRIOS UNIDOS,2024,7,145.0,717.0,605.0,493.0,1960.0,135762.0,5910.0,3111.0,18015.0,39.80123933333333
UPZ22,12,BARRIOS UNIDOS,2024,8,147.0,675.0,626.0,456.0,1904.0,135762.0,5910.0,3111.0,18015.0,39.80123933333333
UPZ22,12,BARRIOS UNIDOS,2024,9,132.0,664.0,649.0,493.0,1938.0,135762.0,5910.0,3111.0,18015.0,39.80123933333333
UPZ22,12,BARRIOS UNIDOS,2024,10,149.0,723.0,677.0,536.0,2085.0,135762.0,5910.0,3111.0,18015.0,39.80123933333333
UPZ22,12,BARRIOS UNIDOS,2024,11,124.0,729.0,639.0,467.0,1959.0,135762.0,5910.0,3111.0,18015.0,39.80123933333333
UPZ22,12,BARRIOS UNIDOS,2024,12,139.0,943.0,704.0,495.0,2281.0,135762.0,5910.0,3111.0,18015.0,39.80123933333333
UPZ98,12,BARRIOS UNIDOS,2024,1,133.0,607.0,684.0,430.0,1854.0,135762.0,5910.0,3111.0,18015.0,39.80123933333333
UPZ98,12,BARRIOS UNIDOS,2024,2,199.0,962.0,1050.0,627.0,2838.0,135762.0,5910.0,3111.0,18015.0,39.80123933333333
UPZ98,12,BARRIOS UNIDOS,2024,3,187.0,795.0,896.0,521.0,2399.0,135762.0,5910.0,3111.0,18015.0,39.80123933333333
UPZ98,12,BARRIOS UNIDOS,2024,4,144.0,579.0,701.0,367.0,1791.0,135762.0,5910.0,3111.0,18015.0,39.80123933333333
UPZ98,12,BARRIOS UNIDOS,2024,5,247.0,1074.0,1035.0,589.0,2945.0,135762.0,5910.0,3111.0,18015.0,39.80123933333333
UPZ98,12,BARRIOS UNIDOS,2024,6,224.0,967.0,992.0,620.0,2803.0,135762.0,5910.0,3111.0,18015.0,39.80123933333333
UPZ98,12,BARRIOS UNIDOS,2024,7,245.0,971.0,1012.0,600.0,2828.0,135762.0,5910.0,3111.0,18015.0,39.80123933333333
UPZ98,12,BARRIOS UNIDOS,2024,8,214.0,981.0,1019.0,556.0,2770.0,135762.0,5910.0,3111.0,18015.0,39.80123933333333
UPZ98,12,BARRIOS UNIDOS,2024,9,211.0,1075.0,1211.0,604.0,3101.0,135762.0,5910.0,3111.0,18015.0,39.80123933333333
UPZ98,12,BARRIOS UNIDOS,2024,10,278.0,1113.0,1267.0,695.0,3353.0,135762.0,5910.0,3111.0,18015.0,39.80123933333333
UPZ98,12,BARRIOS UNIDOS,2024,11,246.0,943.0,1058.0,682.0,2929.0,135762.0,5910.0,3111.0,18015.0,39.80123933333333
UPZ98,12,BARRIOS UNIDOS,2024,12,249.0,1299.0,1384.0,659.0,3591.0,135762.0,5910.0,3111.0,18015.0,39.80123933333333
UPZ83,08,KENNEDY,2024,1,20.0,24.0,94.0,86.0,224.0,1099572.0,16488.0,6891.0,83977.0,42.087377222222216
UPZ83,08,KENNEDY,2024,2,34.0,56.0,156.0,114.0,360.0,1099572.0,16488.0,6891.0,83977.0,42.087377222222216
UPZ83,08,KENNEDY,2024,3,26.0,70.0,151.0,176.0,423.0,1099572.0,16488.0,6891.0,83977.0,42.087377222222216
UPZ83,08,KENNEDY,2024,4,21.0,29.0,101.0,69.0,220.0,1099572.0,16488.0,6891.0,83977.0,42.087377222222216
UPZ83,08,KENNEDY,2024,5,33.0,63.0,163.0,140.0,399.0,1099572.0,16488.0,6891.0,83977.0,42.087377222222216
UPZ83,08,KENNEDY,2024,6,16.0,69.0,152.0,101.0,338.0,1099572.0,16488.0,6891.0,83977.0,42.087377222222216
UPZ83,08,KENNEDY,2024,7,34.0,65.0,181.0,167.0,447.0,1099572.0,16488.0,6891.0,83977.0,42.087377222222216
UPZ83,08,KENNEDY,2024,8,24.0,83.0,155.0,105.0,367.0,1099572.0,16488.0,6891.0,83977.0,42.087377222222216
UPZ83,08,KENNEDY,2024,9,36.0,74.0,136.0,118.0,364.0,1099572.0,16488.0,6891.0,83977.0,42.087377222222216
UPZ83,08,KENNEDY,2024,10,29.0,50.0,164.0,126.0,369.0,1099572.0,16488.0,6891.0,83977.0,42.087377222222216
UPZ83,08,KENNEDY,2024,11,26.0,48.0,219.0,117.0,410.0,1099572.0,16488.0,6891.0,83977.0,42.087377222222216
UPZ83,08,KENNEDY,2024,12,21.0,68.0,204.0,168.0,461.0,1099572.0,16488.0,6891.0,83977.0,42.087377222222216
UPZ82,08,KENNEDY,2024,1,92.0,562.0,649.0,848.0,2151.0,1099572.0,16488.0,6891.0,83977.0,42.087377222222216
UPZ82,08,KENNEDY,2024,2,137.0,887.0,938.0,1205.0,3167.0,1099572.0,16488.0,6891.0,83977.0,42.087377222222216
UPZ82,08,KENNEDY,2024,3,138.0,971.0,806.0,1246.0,3161.0,1099572.0,16488.0,6891.0,83977.0,42.087377222222216
UPZ82,08,KENNEDY,2024,4,90.0,587.0,639.0,876.0,2192.0,1099572.0,16488.0,6891.0,83977.0,42.087377222222216
UPZ82,08,KENNEDY,2024,5,138.0,917.0,967.0,1293.0,3315.0,1099572.0,16488.0,6891.0,83977.0,42.087377222222216
UPZ82,08,KENNEDY,2024,6,135.0,1037.0,927.0,1361.0,3460.0,1099572.0,16488.0,6891.0,83977.0,42.087377222222216
UPZ82,08,KENNEDY,2024,7,154.0,992.0,920.0,1424.0,3490.0,1099572.0,16488.0,6891.0,83977.0,42.087377222222216
UPZ82,08,KENNEDY,2024,8,163.0,999.0,874.0,1212.0,3248.0,1099572.0,16488.0,6891.0,83977.0,42.087377222222216
UPZ82,08,KENNEDY,2024,9,166.0,1047.0,867.0,1449.0,3529.0,1099572.0,16488.0,6891.0,83977.0,42.087377222222216
UPZ82,08,KENNEDY,2024,10,170.0,946.0,861.0,1409.0,3386.0,1099572.0,16488.0,6891.0,83977.0,42.087377222222216
UPZ82,08,KENNEDY,2024,11,141.0,935.0,930.0,1181.0,3187.0,1099572.0,16488.0,6891.0,83977.0,42.087377222222216
UPZ82,08,KENNEDY,2024,12,158.0,1275.0,1043.0,1577.0,4053.0,1099572.0,16488.0,6891.0,83977.0,42.087377222222216
UPZ46,08,KENNEDY,2024,1,104.0,680.0,666.0,491.0,1941.0,1099572.0,16488.0,6891.0,83977.0,42.087377222222216
UPZ46,08,KENNEDY,2024,2,189.0,999.0,1091.0,841.0,3120.0,1099572.0,16488.0,6891.0,83977.0,42.087377222222216
UPZ46,08,KENNEDY,2024,3,130.0,865.0,906.0,685.0,2586.0,1099572.0,16488.0,6891.0,83977.0,42.087377222222216
UPZ46,08,KENNEDY,2024,4,121.0,632.0,739.0,544.0,2036.0,1099572.0,16488.0,6891.0,83977.0,42.087377222222216
UPZ46,08,KENNEDY,2024,5,172.0,973.0,1052.0,743.0,2940.0,1099572.0,16488.0,6891.0,83977.0,42.087377222222216
UPZ46,08,KENNEDY,2024,6,167.0,972.0,1014.0,904.0,3057.0,1099572.0,16488.0,6891.0,83977.0,42.087377222222216
UPZ46,08,KENNEDY,2024,7,161.0,1089.0,920.0,837.0,3007.0,1099572.0,16488.0,6891.0,83977.0,42.087377222222216
UPZ46,08,KENNEDY,2024,8,166.0,1186.0,934.0,695.0,2981.0,1099572.0,16488.0,6891.0,83977.0,42.087377222222216
UPZ46,08,KENNEDY,2024,9,189.0,1111.0,1108.0,848.0,3256.0,1099572.0,16488.0,6891.0,83977.0,42.087377222222216
UPZ46,08,KENNEDY,2024,10,222.0,1097.0,1086.0,814.0,3219.0,1099572.0,16488.0,6891.0,83977.0,42.087377222222216
UPZ46,08,KENNEDY,2024,11,156.0,810.0,1030.0,752.0,2748.0,1099572.0,16488.0,6891.0,83977.0,42.087377222222216
UPZ46,08,KENNEDY,2024,12,193.0,1318.0,1163.0,852.0,3526.0,1099572.0,16488.0,6891.0,83977.0,42.087377222222216
UPZ44,08,KENNEDY,2024,1,131.0,361.0,537.0,291.0,1320.0,1099572.0,16488.0,6891.0,83977.0,42.087377222222216
UPZ44,08,KENNEDY,2024,2,200.0,681.0,783.0,525.0,2189.0,1099572.0,16488.0,6891.0,83977.0,42.087377222222216
UPZ44,08,KENNEDY,2024,3,168.0,523.0,676.0,479.0,1846.0,1099572.0,16488.0,6891.0,83977.0,42.087377222222216
UPZ44,08,KENNEDY,2024,4,137.0,390.0,550.0,333.0,1410.0,1099572.0,16488.0,6891.0,83977.0,42.087377222222216
UPZ44,08,KENNEDY,2024,5,177.0,671.0,847.0,609.0,2304.0,1099572.0,16488.0,6891.0,83977.0,42.087377222222216
UPZ44,08,KENNEDY,2024,6,192.0,671.0,904.0,618.0,2385.0,1099572.0,16488.0,6891.0,83977.0,42.087377222222216
UPZ44,08,KENNEDY,2024,7,161.0,664.0,893.0,605.0,2323.0,1099572.0,16488.0,6891.0,83977.0,42.087377222222216
UPZ44,08,KENNEDY,2024,8,201.0,762.0,841.0,509.0,2313.0,1099572.0,16488.0,6891.0,83977.0,42.087377222222216
UPZ44,08,KENNEDY,2024,9,212.0,710.0,862.0,603.0,2387.0,1099572.0,16488.0,6891.0,83977.0,42.087377222222216
UPZ44,08,KENNEDY,2024,10,230.0,644.0,861.0,640.0,2375.0,1099572.0,16488.0,6891.0,83977.0,42.087377222222216
UPZ44,08,KENNEDY,2024,11,175.0,630.0,904.0,639.0,2348.0,1099572.0,16488.0,6891.0,83977.0,42.087377222222216
UPZ44,08,KENNEDY,2024,12,197.0,767.0,970.0,636.0,2570.0,1099572.0,16488.0,6891.0,83977.0,42.087377222222216
UPZ43,16,PUENTE ARANDA,2024,1,102.0,420.0,412.0,317.0,1251.0,249697.0,6160.0,3123.0,26239.0,41.012262222222226
UPZ43,16,PUENTE ARANDA,2024,2,128.0,678.0,701.0,560.0,2067.0,249697.0,6160.0,3123.0,26239.0,41.012262222222226
UPZ43,16,PUENTE ARANDA,2024,3,129.0,635.0,451.0,459.0,1674.0,249697.0,6160.0,3123.0,26239.0,41.012262222222226
UPZ43,16,PUENTE ARANDA,2024,4,111.0,452.0,420.0,378.0,1361.0,249697.0,6160.0,3123.0,26239.0,41.012262222222226
UPZ43,16,PUENTE ARANDA,2024,5,166.0,766.0,765.0,571.0,2268.0,249697.0,6160.0,3123.0,26239.0,41.012262222222226
UPZ43,16,PUENTE ARANDA,2024,6,170.0,890.0,688.0,584.0,2332.0,249697.0,6160.0,3123.0,26239.0,41.012262222222226
UPZ43,16,PUENTE ARANDA,2024,7,184.0,898.0,775.0,674.0,2531.0,249697.0,6160.0,3123.0,26239.0,41.012262222222226
UPZ43,16,PUENTE ARANDA,2024,8,176.0,843.0,669.0,693.0,2381.0,249697.0,6160.0,3123.0,26239.0,41.012262222222226
UPZ43,16,PUENTE ARANDA,2024,9,210.0,751.0,819.0,572.0,2352.0,249697.0,6160.0,3123.0,26239.0,41.012262222222226
UPZ43,16,PUENTE ARANDA,2024,10,203.0,734.0,716.0,587.0,2240.0,249697.0,6160.0,3123.0,26239.0,41.012262222222226
UPZ43,16,PUENTE ARANDA,2024,11,191.0,697.0,738.0,558.0,2184.0,249697.0,6160.0,3123.0,26239.0,41.012262222222226
UPZ43,16,PUENTE ARANDA,2024,12,190.0,854.0,918.0,651.0,2613.0,249697.0,6160.0,3123.0,26239.0,41.012262222222226
UPZ111,16,PUENTE ARANDA,2024,1,32.0,152.0,222.0,98.0,504.0,249697.0,6160.0,3123.0,26239.0,41.012262222222226
UPZ111,16,PUENTE ARANDA,2024,2,57.0,220.0,362.0,161.0,800.0,249697.0,6160.0,3123.0,26239.0,41.012262222222226
UPZ111,16,PUENTE ARANDA,2024,3,52.0,180.0,323.0,173.0,728.0,249697.0,6160.0,3123.0,26239.0,41.012262222222226
UPZ111,16,PUENTE ARANDA,2024,4,59.0,144.0,279.0,150.0,632.0,249697.0,6160.0,3123.0,26239.0,41.012262222222226
UPZ111,16,PUENTE ARANDA,2024,5,68.0,233.0,454.0,211.0,966.0,249697.0,6160.0,3123.0,26239.0,41.012262222222226
UPZ111,16,PUENTE ARANDA,2024,6,83.0,226.0,427.0,198.0,934.0,249697.0,6160.0,3123.0,26239.0,41.012262222222226
UPZ111,16,PUENTE ARANDA,2024,7,89.0,241.0,477.0,173.0,980.0,249697.0,6160.0,3123.0,26239.0,41.012262222222226
UPZ111,16,PUENTE ARANDA,2024,8,69.0,210.0,441.0,207.0,927.0,249697.0,6160.0,3123.0,26239.0,41.012262222222226
UPZ111,16,PUENTE ARANDA,2024,9,79.0,249.0,425.0,188.0,941.0,249697.0,6160.0,3123.0,26239.0,41.012262222222226
UPZ111,16,PUENTE ARANDA,2024,10,62.0,198.0,484.0,248.0,992.0,249697.0,6160.0,3123.0,26239.0,41.012262222222226
UPZ111,16,PUENTE ARANDA,2024,11,88.0,241.0,387.0,161.0,877.0,249697.0,6160.0,3123.0,26239.0,41.012262222222226
UPZ111,16,PUENTE ARANDA,2024,12,70.0,253.0,546.0,237.0,1106.0,249697.0,6160.0,3123.0,26239.0,41.012262222222226
UPZ115,09,FONTIBÓN,2024,1,22.0,59.0,135.0,52.0,268.0,385603.0,9218.0,4735.0,26856.0,38.790278777777786
UPZ115,09,FONTIBÓN,2024,2,27.0,118.0,193.0,106.0,444.0,385603.0,9218.0,4735.0,26856.0,38.790278777777786
UPZ115,09,FONTIBÓN,2024,3,31.0,98.0,159.0,86.0,374.0,385603.0,9218.0,4735.0,26856.0,38.790278777777786
UPZ115,09,FONTIBÓN,2024,4,23.0,104.0,136.0,51.0,314.0,385603.0,9218.0,4735.0,26856.0,38.790278777777786
UPZ115,09,FONTIBÓN,2024,5,37.0,158.0,200.0,105.0,500.0,385603.0,9218.0,4735.0,26856.0,38.790278777777786
UPZ115,09,FONTIBÓN,2024,6,33.0,105.0,160.0,130.0,428.0,385603.0,9218.0,4735.0,26856.0,38.790278777777786
UPZ115,09,FONTIBÓN,2024,7,39.0,116.0,233.0,134.0,522.0,385603.0,9218.0,4735.0,26856.0,38.790278777777786
UPZ115,09,FONTIBÓN,2024,8,36.0,108.0,163.0,87.0,394.0,385603.0,9218.0,4735.0,26856.0,38.790278777777786
UPZ115,09,FONTIBÓN,2024,9,28.0,160.0,308.0,119.0,615.0,385603.0,9218.0,4735.0,26856.0,38.790278777777786
UPZ115,09,FONTIBÓN,2024,10,50.0,150.0,196.0,109.0,505.0,385603.0,9218.0,4735.0,26856.0,38.790278777777786
UPZ115,09,FONTIBÓN,2024,11,24.0,106.0,206.0,106.0,442.0,385603.0,9218.0,4735.0,26856.0,38.790278777777786
UPZ115,09,FONTIBÓN,2024,12,56.0,144.0,236.0,163.0,599.0,385603.0,9218.0,4735.0,26856.0,38.790278777777786
UPZ116,10,ENGATIVÁ,2024,1,33.0,111.0,210.0,85.0,439.0,831376.0,14546.0,6993.0,67606.0,43.08297155555556
UPZ116,10,ENGATIVÁ,2024,2,50.0,161.0,350.0,134.0,695.0,831376.0,14546.0,6993.0,67606.0,43.08297155555556
UPZ116,10,ENGATIVÁ,2024,3,41.0,177.0,274.0,132.0,624.0,831376.0,14546.0,6993.0,67606.0,43.08297155555556
UPZ116,10,ENGATIVÁ,2024,4,31.0,101.0,201.0,78.0,411.0,831376.0,14546.0,6993.0,67606.0,43.08297155555556
UPZ116,10,ENGATIVÁ,2024,5,69.0,177.0,351.0,118.0,715.0,831376.0,14546.0,6993.0,67606.0,43.08297155555556
UPZ116,10,ENGATIVÁ,2024,6,63.0,160.0,313.0,145.0,681.0,831376.0,14546.0,6993.0,67606.0,43.08297155555556
UPZ116,10,ENGATIVÁ,2024,7,68.0,193.0,358.0,139.0,758.0,831376.0,14546.0,6993.0,67606.0,43.08297155555556
UPZ116,10,ENGATIVÁ,2024,8,49.0,133.0,346.0,110.0,638.0,831376.0,14546.0,6993.0,67606.0,43.08297155555556
UPZ116,10,ENGATIVÁ,2024,9,66.0,126.0,400.0,123.0,715.0,831376.0,14546.0,6993.0,67606.0,43.08297155555556
UPZ116,10,ENGATIVÁ,2024,10,70.0,157.0,404.0,130.0,761.0,831376.0,14546.0,6993.0,67606.0,43.08297155555556
UPZ116,10,ENGATIVÁ,2024,11,58.0,194.0,346.0,123.0,721.0,831376.0,14546.0,6993.0,67606.0,43.08297155555556
UPZ116,10,ENGATIVÁ,2024,12,57.0,210.0,469.0,184.0,920.0,831376.0,14546.0,6993.0,67606.0,43.08297155555556
UPZ105,10,ENGATIVÁ,2024,1,14.0,26.0,81.0,19.0,140.0,831376.0,14546.0,6993.0,67606.0,43.08297155555556
UPZ105,10,ENGATIVÁ,2024,2,16.0,32.0,98.0,40.0,186.0,831376.0,14546.0,6993.0,67606.0,43.08297155555556
UPZ105,10,ENGATIVÁ,2024,3,14.0,44.0,94.0,26.0,178.0,831376.0,14546.0,6993.0,67606.0,43.08297155555556
UPZ105,10,ENGATIVÁ,2024,4,13.0,38.0,63.0,23.0,137.0,831376.0,14546.0,6993.0,67606.0,43.08297155555556
UPZ105,10,ENGATIVÁ,2024,5,16.0,43.0,90.0,60.0,209.0,831376.0,14546.0,6993.0,67606.0,43.08297155555556
UPZ105,10,ENGATIVÁ,2024,6,17.0,49.0,135.0,55.0,256.0,831376.0,14546.0,6993.0,67606.0,43.08297155555556
UPZ105,10,ENGATIVÁ,2024,7,17.0,41.0,126.0,48.0,232.0,831376.0,14546.0,6993.0,67606.0,43.08297155555556
UPZ105,10,ENGATIVÁ,2024,8,22.0,50.0,141.0,51.0,264.0,831376.0,14546.0,6993.0,67606.0,43.08297155555556
UPZ105,10,ENGATIVÁ,2024,9,21.0,38.0,139.0,41.0,239.0,831376.0,14546.0,6993.0,67606.0,43.08297155555556
UPZ105,10,ENGATIVÁ,2024,10,27.0,31.0,156.0,50.0,264.0,831376.0,14546.0,6993.0,67606.0,43.08297155555556
UPZ105,10,ENGATIVÁ,2024,11,25.0,40.0,133.0,72.0,270.0,831376.0,14546.0,6993.0,67606.0,43.08297155555556
UPZ105,10,ENGATIVÁ,2024,12,27.0,64.0,126.0,54.0,271.0,831376.0,14546.0,6993.0,67606.0,43.08297155555556
UPZ104,13,TEUSAQUILLO,2024,1,16.0,39.0,143.0,48.0,246.0,155013.0,7745.0,4250.0,16698.0,42.044905888888884
UPZ104,13,TEUSAQUILLO,2024,2,30.0,51.0,186.0,58.0,325.0,155013.0,7745.0,4250.0,16698.0,42.044905888888884
UPZ104,13,TEUSAQUILLO,2024,3,20.0,82.0,187.0,58.0,347.0,155013.0,7745.0,4250.0,16698.0,42.044905888888884
UPZ104,13,TEUSAQUILLO,2024,4,21.0,42.0,96.0,63.0,222.0,155013.0,7745.0,4250.0,16698.0,42.044905888888884
UPZ104,13,TEUSAQUILLO,2024,5,31.0,81.0,195.0,99.0,406.0,155013.0,7745.0,4250.0,16698.0,42.044905888888884
UPZ104,13,TEUSAQUILLO,2024,6,21.0,87.0,229.0,60.0,397.0,155013.0,7745.0,4250.0,16698.0,42.044905888888884
UPZ104,13,TEUSAQUILLO,2024,7,21.0,71.0,156.0,51.0,299.0,155013.0,7745.0,4250.0,16698.0,42.044905888888884
UPZ104,13,TEUSAQUILLO,2024,8,29.0,66.0,191.0,66.0,352.0,155013.0,7745.0,4250.0,16698.0,42.044905888888884
UPZ104,13,TEUSAQUILLO,2024,9,28.0,107.0,205.0,68.0,408.0,155013.0,7745.0,4250.0,16698.0,42.044905888888884
UPZ104,13,TEUSAQUILLO,2024,10,35.0,92.0,252.0,63.0,442.0,155013.0,7745.0,4250.0,16698.0,42.044905888888884
UPZ104,13,TEUSAQUILLO,2024,11,31.0,90.0,239.0,78.0,438.0,155013.0,7745.0,4250.0,16698.0,42.044905888888884
UPZ104,13,TEUSAQUILLO,2024,12,30.0,86.0,183.0,64.0,363.0,155013.0,7745.0,4250.0,16698.0,42.044905888888884
UPZ109,13,TEUSAQUILLO,2024,1,12.0,66.0,118.0,40.0,236.0,155013.0,7745.0,4250.0,16698.0,42.044905888888884
UPZ109,13,TEUSAQUILLO,2024,2,14.0,126.0,196.0,66.0,402.0,155013.0,7745.0,4250.0,16698.0,42.044905888888884
UPZ109,13,TEUSAQUILLO,2024,3,24.0,99.0,165.0,85.0,373.0,155013.0,7745.0,4250.0,16698.0,42.044905888888884
UPZ109,13,TEUSAQUILLO,2024,4,19.0,70.0,134.0,41.0,264.0,155013.0,7745.0,4250.0,16698.0,42.044905888888884
UPZ109,13,TEUSAQUILLO,2024,5,23.0,110.0,198.0,69.0,400.0,155013.0,7745.0,4250.0,16698.0,42.044905888888884
UPZ109,13,TEUSAQUILLO,2024,6,18.0,108.0,190.0,63.0,379.0,155013.0,7745.0,4250.0,16698.0,42.044905888888884
UPZ109,13,TEUSAQUILLO,2024,7,43.0,80.0,232.0,88.0,443.0,155013.0,7745.0,4250.0,16698.0,42.044905888888884
UPZ109,13,TEUSAQUILLO,2024,8,22.0,105.0,180.0,63.0,370.0,155013.0,7745.0,4250.0,16698.0,42.044905888888884
UPZ109,13,TEUSAQUILLO,2024,9,32.0,102.0,245.0,72.0,451.0,155013.0,7745.0,4250.0,16698.0,42.044905888888884
UPZ109,13,TEUSAQUILLO,2024,10,30.0,132.0,268.0,75.0,505.0,155013.0,7745.0,4250.0,16698.0,42.044905888888884
UPZ109,13,TEUSAQUILLO,2024,11,31.0,107.0,246.0,92.0,476.0,155013.0,7745.0,4250.0,16698.0,42.044905888888884
UPZ109,13,TEUSAQUILLO,2024,12,33.0,150.0,251.0,89.0,523.0,155013.0,7745.0,4250.0,16698.0,42.044905888888884
UPZ107,13,TEUSAQUILLO,2024,1,62.0,167.0,239.0,107.0,575.0,155013.0,7745.0,4250.0,16698.0,42.044905888888884
UPZ107,13,TEUSAQUILLO,2024,2,81.0,302.0,316.0,210.0,909.0,155013.0,7745.0,4250.0,16698.0,42.044905888888884
UPZ107,13,TEUSAQUILLO,2024,3,85.0,234.0,329.0,163.0,811.0,155013.0,7745.0,4250.0,16698.0,42.044905888888884
UPZ107,13,TEUSAQUILLO,2024,4,42.0,179.0,269.0,100.0,590.0,155013.0,7745.0,4250.0,16698.0,42.044905888888884
UPZ107,13,TEUSAQUILLO,2024,5,112.0,357.0,390.0,185.0,1044.0,155013.0,7745.0,4250.0,16698.0,42.044905888888884
UPZ107,13,TEUSAQUILLO,2024,6,80.0,251.0,354.0,172.0,857.0,155013.0,7745.0,4250.0,16698.0,42.044905888888884
UPZ107,13,TEUSAQUILLO,2024,7,88.0,290.0,373.0,147.0,898.0,155013.0,7745.0,4250.0,16698.0,42.044905888888884
UPZ107,13,TEUSAQUILLO,2024,8,89.0,250.0,395.0,160.0,894.0,155013.0,7745.0,4250.0,16698.0,42.044905888888884
UPZ107,13,TEUSAQUILLO,2024,9,94.0,263.0,425.0,191.0,973.0,155013.0,7745.0,4250.0,16698.0,42.044905888888884
UPZ107,13,TEUSAQUILLO,2024,10,79.0,278.0,404.0,181.0,942.0,155013.0,7745.0,4250.0,16698.0,42.044905888888884
UPZ107,13,TEUSAQUILLO,2024,11,59.0,241.0,472.0,169.0,941.0,155013.0,7745.0,4250.0,16698.0,42.044905888888884
UPZ107,13,TEUSAQUILLO,2024,12,78.0,324.0,381.0,200.0,983.0,155013.0,7745.0,4250.0,16698.0,42.044905888888884
UPZ101,13,TEUSAQUILLO,2024,1,108.0,450.0,441.0,193.0,1192.0,155013.0,7745.0,4250.0,16698.0,42.044905888888884
UPZ101,13,TEUSAQUILLO,2024,2,136.0,521.0,606.0,315.0,1578.0,155013.0,7745.0,4250.0,16698.0,42.044905888888884
UPZ101,13,TEUSAQUILLO,2024,3,109.0,433.0,495.0,295.0,1332.0,155013.0,7745.0,4250.0,16698.0,42.044905888888884
UPZ101,13,TEUSAQUILLO,2024,4,84.0,355.0,444.0,214.0,1097.0,155013.0,7745.0,4250.0,16698.0,42.044905888888884
UPZ101,13,TEUSAQUILLO,2024,5,156.0,593.0,643.0,334.0,1726.0,155013.0,7745.0,4250.0,16698.0,42.044905888888884
UPZ101,13,TEUSAQUILLO,2024,6,158.0,585.0,587.0,358.0,1688.0,155013.0,7745.0,4250.0,16698.0,42.044905888888884
UPZ101,13,TEUSAQUILLO,2024,7,160.0,617.0,613.0,340.0,1730.0,155013.0,7745.0,4250.0,16698.0,42.044905888888884
UPZ101,13,TEUSAQUILLO,2024,8,121.0,589.0,541.0,336.0,1587.0,155013.0,7745.0,4250.0,16698.0,42.044905888888884
UPZ101,13,TEUSAQUILLO,2024,9,150.0,554.0,619.0,331.0,1654.0,155013.0,7745.0,4250.0,16698.0,42.044905888888884
UPZ101,13,TEUSAQUILLO,2024,10,170.0,796.0,682.0,370.0,2018.0,155013.0,7745.0,4250.0,16698.0,42.044905888888884
UPZ101,13,TEUSAQUILLO,2024,11,130.0,708.0,619.0,386.0,1843.0,155013.0,7745.0,4250.0,16698.0,42.044905888888884
UPZ101,13,TEUSAQUILLO,2024,12,198.0,832.0,671.0,388.0,2089.0,155013.0,7745.0,4250.0,16698.0,42.044905888888884
UPZ92,03,SANTA FE,2024,1,14.0,80.0,111.0,51.0,256.0,112939.0,7325.0,4303.0,15880.0,40.005426111111106
UPZ92,03,SANTA FE,2024,2,30.0,138.0,222.0,119.0,509.0,112939.0,7325.0,4303.0,15880.0,40.005426111111106
UPZ92,03,SANTA FE,2024,3,26.0,149.0,153.0,63.0,391.0,112939.0,7325.0,4303.0,15880.0,40.005426111111106
UPZ92,03,SANTA FE,2024,4,9.0,95.0,137.0,64.0,305.0,112939.0,7325.0,4303.0,15880.0,40.005426111111106
UPZ92,03,SANTA FE,2024,5,28.0,186.0,183.0,87.0,484.0,112939.0,7325.0,4303.0,15880.0,40.005426111111106
UPZ92,03,SANTA FE,2024,6,27.0,137.0,140.0,90.0,394.0,112939.0,7325.0,4303.0,15880.0,40.005426111111106
UPZ92,03,SANTA FE,2024,7,25.0,125.0,131.0,106.0,387.0,112939.0,7325.0,4303.0,15880.0,40.005426111111106
UPZ92,03,SANTA FE,2024,8,20.0,183.0,201.0,141.0,545.0,112939.0,7325.0,4303.0,15880.0,40.005426111111106
UPZ92,03,SANTA FE,2024,9,24.0,147.0,222.0,100.0,493.0,112939.0,7325.0,4303.0,15880.0,40.005426111111106
UPZ92,03,SANTA FE,2024,10,27.0,149.0,242.0,116.0,534.0,112939.0,7325.0,4303.0,15880.0,40.005426111111106
UPZ92,03,SANTA FE,2024,11,38.0,130.0,188.0,130.0,486.0,112939.0,7325.0,4303.0,15880.0,40.005426111111106
UPZ92,03,SANTA FE,2024,12,24.0,190.0,221.0,146.0,581.0,112939.0,7325.0,4303.0,15880.0,40.005426111111106
UPZ49,07,BOSA,2024,1,22.0,146.0,231.0,186.0,585.0,760580.0,8110.0,2941.0,53267.0,39.788368000000006
UPZ49,07,BOSA,2024,2,25.0,169.0,271.0,184.0,649.0,760580.0,8110.0,2941.0,53267.0,39.788368000000006
UPZ49,07,BOSA,2024,3,27.0,195.0,262.0,180.0,664.0,760580.0,8110.0,2941.0,53267.0,39.788368000000006
UPZ49,07,BOSA,2024,4,28.0,132.0,153.0,105.0,418.0,760580.0,8110.0,2941.0,53267.0,39.788368000000006
UPZ49,07,BOSA,2024,5,37.0,194.0,288.0,184.0,703.0,760580.0,8110.0,2941.0,53267.0,39.788368000000006
UPZ49,07,BOSA,2024,6,32.0,187.0,303.0,197.0,719.0,760580.0,8110.0,2941.0,53267.0,39.788368000000006
UPZ49,07,BOSA,2024,7,47.0,197.0,313.0,205.0,762.0,760580.0,8110.0,2941.0,53267.0,39.788368000000006
UPZ49,07,BOSA,2024,8,36.0,193.0,272.0,244.0,745.0,760580.0,8110.0,2941.0,53267.0,39.788368000000006
UPZ49,07,BOSA,2024,9,20.0,252.0,434.0,222.0,928.0,760580.0,8110.0,2941.0,53267.0,39.788368000000006
UPZ49,07,BOSA,2024,10,34.0,252.0,332.0,280.0,898.0,760580.0,8110.0,2941.0,53267.0,39.788368000000006
UPZ49,07,BOSA,2024,11,41.0,228.0,345.0,191.0,805.0,760580.0,8110.0,2941.0,53267.0,39.788368000000006
UPZ49,07,BOSA,2024,12,47.0,311.0,393.0,254.0,1005.0,760580.0,8110.0,2941.0,53267.0,39.788368000000006
UPZ65,19,CIUDAD BOLÍVAR,2024,1,69.0,327.0,414.0,260.0,1070.0,677540.0,9279.0,2873.0,52156.0,40.28282411111111
UPZ65,19,CIUDAD BOLÍVAR,2024,2,104.0,386.0,523.0,400.0,1413.0,677540.0,9279.0,2873.0,52156.0,40.28282411111111
UPZ65,19,CIUDAD BOLÍVAR,2024,3,77.0,361.0,382.0,383.0,1203.0,677540.0,9279.0,2873.0,52156.0,40.28282411111111
UPZ65,19,CIUDAD BOLÍVAR,2024,4,54.0,322.0,267.0,272.0,915.0,677540.0,9279.0,2873.0,52156.0,40.28282411111111
UPZ65,19,CIUDAD BOLÍVAR,2024,5,121.0,515.0,555.0,403.0,1594.0,677540.0,9279.0,2873.0,52156.0,40.28282411111111
UPZ65,19,CIUDAD BOLÍVAR,2024,6,87.0,462.0,565.0,537.0,1651.0,677540.0,9279.0,2873.0,52156.0,40.28282411111111
UPZ65,19,CIUDAD BOLÍVAR,2024,7,92.0,479.0,526.0,497.0,1594.0,677540.0,9279.0,2873.0,52156.0,40.28282411111111
UPZ65,19,CIUDAD BOLÍVAR,2024,8,82.0,538.0,551.0,457.0,1628.0,677540.0,9279.0,2873.0,52156.0,40.28282411111111
UPZ65,19,CIUDAD BOLÍVAR,2024,9,91.0,474.0,686.0,508.0,1759.0,677540.0,9279.0,2873.0,52156.0,40.28282411111111
UPZ65,19,CIUDAD BOLÍVAR,2024,10,116.0,446.0,579.0,495.0,1636.0,677540.0,9279.0,2873.0,52156.0,40.28282411111111
UPZ65,19,CIUDAD BOLÍVAR,2024,11,108.0,472.0,526.0,457.0,1563.0,677540.0,9279.0,2873.0,52156.0,40.28282411111111
UPZ65,19,CIUDAD BOLÍVAR,2024,12,79.0,602.0,573.0,538.0,1792.0,677540.0,9279.0,2873.0,52156.0,40.28282411111111
UPZ45,08,KENNEDY,2024,1,111.0,507.0,555.0,407.0,1580.0,1099572.0,16488.0,6891.0,83977.0,42.087377222222216
UPZ45,08,KENNEDY,2024,2,149.0,678.0,832.0,722.0,2381.0,1099572.0,16488.0,6891.0,83977.0,42.087377222222216
UPZ45,08,KENNEDY,2024,3,125.0,630.0,776.0,673.0,2204.0,1099572.0,16488.0,6891.0,83977.0,42.087377222222216
UPZ45,08,KENNEDY,2024,4,108.0,399.0,538.0,545.0,1590.0,1099572.0,16488.0,6891.0,83977.0,42.087377222222216
UPZ45,08,KENNEDY,2024,5,168.0,880.0,905.0,790.0,2743.0,1099572.0,16488.0,6891.0,83977.0,42.087377222222216
UPZ45,08,KENNEDY,2024,6,177.0,898.0,883.0,865.0,2823.0,1099572.0,16488.0,6891.0,83977.0,42.087377222222216
UPZ45,08,KENNEDY,2024,7,166.0,760.0,849.0,744.0,2519.0,1099572.0,16488.0,6891.0,83977.0,42.087377222222216
UPZ45,08,KENNEDY,2024,8,159.0,803.0,816.0,678.0,2456.0,1099572.0,16488.0,6891.0,83977.0,42.087377222222216
UPZ45,08,KENNEDY,2024,9,163.0,688.0,983.0,810.0,2644.0,1099572.0,16488.0,6891.0,83977.0,42.087377222222216
UPZ45,08,KENNEDY,2024,10,203.0,711.0,1065.0,775.0,2754.0,1099572.0,16488.0,6891.0,83977.0,42.087377222222216
UPZ45,08,KENNEDY,2024,11,143.0,732.0,1047.0,746.0,2668.0,1099572.0,16488.0,6891.0,83977.0,42.087377222222216
UPZ45,08,KENNEDY,2024,12,159.0,910.0,1020.0,900.0,2989.0,1099572.0,16488.0,6891.0,83977.0,42.087377222222216
UPZ41,16,PUENTE ARANDA,2024,1,86.0,364.0,318.0,203.0,971.0,249697.0,6160.0,3123.0,26239.0,41.012262222222226
UPZ41,16,PUENTE ARANDA,2024,2,120.0,542.0,528.0,367.0,1557.0,249697.0,6160.0,3123.0,26239.0,41.012262222222226
UPZ41,16,PUENTE ARANDA,2024,3,93.0,417.0,415.0,340.0,1265.0,249697.0,6160.0,3123.0,26239.0,41.012262222222226
UPZ41,16,PUENTE ARANDA,2024,4,57.0,345.0,394.0,250.0,1046.0,249697.0,6160.0,3123.0,26239.0,41.012262222222226
UPZ41,16,PUENTE ARANDA,2024,5,109.0,545.0,634.0,389.0,1677.0,249697.0,6160.0,3123.0,26239.0,41.012262222222226
UPZ41,16,PUENTE ARANDA,2024,6,124.0,560.0,643.0,431.0,1758.0,249697.0,6160.0,3123.0,26239.0,41.012262222222226
UPZ41,16,PUENTE ARANDA,2024,7,116.0,676.0,667.0,371.0,1830.0,249697.0,6160.0,3123.0,26239.0,41.012262222222226
UPZ41,16,PUENTE ARANDA,2024,8,100.0,539.0,641.0,437.0,1717.0,249697.0,6160.0,3123.0,26239.0,41.012262222222226
UPZ41,16,PUENTE ARANDA,2024,9,82.0,501.0,714.0,400.0,1697.0,249697.0,6160.0,3123.0,26239.0,41.012262222222226
UPZ41,16,PUENTE ARANDA,2024,10,132.0,578.0,871.0,417.0,1998.0,249697.0,6160.0,3123.0,26239.0,41.012262222222226
UPZ41,16,PUENTE ARANDA,2024,11,147.0,480.0,844.0,405.0,1876.0,249697.0,6160.0,3123.0,26239.0,41.012262222222226
UPZ41,16,PUENTE ARANDA,2024,12,116.0,665.0,901.0,417.0,2099.0,249697.0,6160.0,3123.0,26239.0,41.012262222222226
UPZ40,16,PUENTE ARANDA,2024,8,239.0,942.0,812.0,688.0,2681.0,249697.0,6160.0,3123.0,26239.0,41.012262222222226
UPZ85,07,BOSA,2024,1,140.0,955.0,994.0,977.0,3066.0,760580.0,8110.0,2941.0,53267.0,39.788368000000006
UPZ85,07,BOSA,2024,2,204.0,1244.0,1434.0,1501.0,4383.0,760580.0,8110.0,2941.0,53267.0,39.788368000000006
UPZ85,07,BOSA,2024,3,168.0,1108.0,1208.0,1580.0,4064.0,760580.0,8110.0,2941.0,53267.0,39.788368000000006
UPZ85,07,BOSA,2024,4,139.0,785.0,825.0,1044.0,2793.0,760580.0,8110.0,2941.0,53267.0,39.788368000000006
UPZ85,07,BOSA,2024,5,192.0,1241.0,1491.0,1563.0,4487.0,760580.0,8110.0,2941.0,53267.0,39.788368000000006
UPZ85,07,BOSA,2024,6,235.0,1409.0,1444.0,1570.0,4658.0,760580.0,8110.0,2941.0,53267.0,39.788368000000006
UPZ85,07,BOSA,2024,7,223.0,1142.0,1518.0,1677.0,4560.0,760580.0,8110.0,2941.0,53267.0,39.788368000000006
UPZ85,07,BOSA,2024,8,233.0,1264.0,1259.0,1703.0,4459.0,760580.0,8110.0,2941.0,53267.0,39.788368000000006
UPZ85,07,BOSA,2024,9,255.0,1443.0,1544.0,1805.0,5047.0,760580.0,8110.0,2941.0,53267.0,39.788368000000006
UPZ85,07,BOSA,2024,10,307.0,1383.0,1416.0,1756.0,4862.0,760580.0,8110.0,2941.0,53267.0,39.788368000000006
UPZ85,07,BOSA,2024,11,197.0,1228.0,1408.0,1675.0,4508.0,760580.0,8110.0,2941.0,53267.0,39.788368000000006
UPZ85,07,BOSA,2024,12,255.0,1848.0,1509.0,2093.0,5705.0,760580.0,8110.0,2941.0,53267.0,39.788368000000006
UPZ100,13,TEUSAQUILLO,2024,1,96.0,530.0,571.0,287.0,1484.0,155013.0,7745.0,4250.0,16698.0,42.044905888888884
UPZ100,13,TEUSAQUILLO,2024,2,158.0,656.0,711.0,513.0,2038.0,155013.0,7745.0,4250.0,16698.0,42.044905888888884
UPZ100,13,TEUSAQUILLO,2024,3,121.0,578.0,702.0,445.0,1846.0,155013.0,7745.0,4250.0,16698.0,42.044905888888884
UPZ100,13,TEUSAQUILLO,2024,4,121.0,568.0,548.0,349.0,1586.0,155013.0,7745.0,4250.0,16698.0,42.044905888888884
UPZ100,13,TEUSAQUILLO,2024,5,177.0,882.0,911.0,510.0,2480.0,155013.0,7745.0,4250.0,16698.0,42.044905888888884
UPZ100,13,TEUSAQUILLO,2024,6,130.0,764.0,853.0,488.0,2235.0,155013.0,7745.0,4250.0,16698.0,42.044905888888884
UPZ100,13,TEUSAQUILLO,2024,7,156.0,830.0,883.0,431.0,2300.0,155013.0,7745.0,4250.0,16698.0,42.044905888888884
UPZ100,13,TEUSAQUILLO,2024,8,143.0,760.0,706.0,469.0,2078.0,155013.0,7745.0,4250.0,16698.0,42.044905888888884
UPZ100,13,TEUSAQUILLO,2024,9,191.0,940.0,768.0,535.0,2434.0,155013.0,7745.0,4250.0,16698.0,42.044905888888884
UPZ100,13,TEUSAQUILLO,2024,10,180.0,812.0,903.0,464.0,2359.0,155013.0,7745.0,4250.0,16698.0,42.044905888888884
UPZ100,13,TEUSAQUILLO,2024,11,178.0,911.0,913.0,525.0,2527.0,155013.0,7745.0,4250.0,16698.0,42.044905888888884
UPZ100,13,TEUSAQUILLO,2024,12,186.0,986.0,840.0,488.0,2500.0,155013.0,7745.0,4250.0,16698.0,42.044905888888884
UPZ102,14,LOS MÁRTIRES,2024,1,162.0,668.0,755.0,354.0,1939.0,75403.0,15595.0,8492.0,15973.0,41.75165722222223
UPZ102,14,LOS MÁRTIRES,2024,2,271.0,984.0,1143.0,698.0,3096.0,75403.0,15595.0,8492.0,15973.0,41.75165722222223
UPZ102,14,LOS MÁRTIRES,2024,3,233.0,719.0,892.0,582.0,2426.0,75403.0,15595.0,8492.0,15973.0,41.75165722222223
UPZ102,14,LOS MÁRTIRES,2024,4,228.0,493.0,755.0,459.0,1935.0,75403.0,15595.0,8492.0,15973.0,41.75165722222223
UPZ102,14,LOS MÁRTIRES,2024,5,324.0,1019.0,1142.0,797.0,3282.0,75403.0,15595.0,8492.0,15973.0,41.75165722222223
UPZ102,14,LOS MÁRTIRES,2024,6,332.0,1266.0,1218.0,839.0,3655.0,75403.0,15595.0,8492.0,15973.0,41.75165722222223
UPZ102,14,LOS MÁRTIRES,2024,7,315.0,1125.0,1247.0,745.0,3432.0,75403.0,15595.0,8492.0,15973.0,41.75165722222223
UPZ102,14,LOS MÁRTIRES,2024,8,275.0,1033.0,1091.0,740.0,3139.0,75403.0,15595.0,8492.0,15973.0,41.75165722222223
UPZ102,14,LOS MÁRTIRES,2024,9,280.0,1019.0,1306.0,775.0,3380.0,75403.0,15595.0,8492.0,15973.0,41.75165722222223
UPZ102,14,LOS MÁRTIRES,2024,10,330.0,1212.0,1428.0,789.0,3759.0,75403.0,15595.0,8492.0,15973.0,41.75165722222223
UPZ102,14,LOS MÁRTIRES,2024,11,322.0,953.0,1596.0,738.0,3609.0,75403.0,15595.0,8492.0,15973.0,41.75165722222223
UPZ102,14,LOS MÁRTIRES,2024,12,317.0,1468.0,1537.0,983.0,4305.0,75403.0,15595.0,8492.0,15973.0,41.75165722222223
UPZ108,16,PUENTE ARANDA,2024,1,61.0,144.0,577.0,157.0,939.0,249697.0,6160.0,3123.0,26239.0,41.012262222222226
UPZ108,16,PUENTE ARANDA,2024,2,109.0,250.0,842.0,270.0,1471.0,249697.0,6160.0,3123.0,26239.0,41.012262222222226
UPZ108,16,PUENTE ARANDA,2024,3,84.0,218.0,668.0,187.0,1157.0,249697.0,6160.0,3123.0,26239.0,41.012262222222226
UPZ108,16,PUENTE ARANDA,2024,4,66.0,177.0,538.0,187.0,968.0,249697.0,6160.0,3123.0,26239.0,41.012262222222226
UPZ108,16,PUENTE ARANDA,2024,5,122.0,233.0,838.0,228.0,1421.0,249697.0,6160.0,3123.0,26239.0,41.012262222222226
UPZ108,16,PUENTE ARANDA,2024,6,105.0,301.0,803.0,330.0,1539.0,249697.0,6160.0,3123.0,26239.0,41.012262222222226
UPZ108,16,PUENTE ARANDA,2024,7,122.0,242.0,778.0,311.0,1453.0,249697.0,6160.0,3123.0,26239.0,41.012262222222226
UPZ108,16,PUENTE ARANDA,2024,8,98.0,257.0,740.0,250.0,1345.0,249697.0,6160.0,3123.0,26239.0,41.012262222222226
UPZ108,16,PUENTE ARANDA,2024,9,111.0,204.0,891.0,233.0,1439.0,249697.0,6160.0,3123.0,26239.0,41.012262222222226
UPZ108,16,PUENTE ARANDA,2024,10,140.0,300.0,1045.0,260.0,1745.0,249697.0,6160.0,3123.0,26239.0,41.012262222222226
UPZ108,16,PUENTE ARANDA,2024,11,142.0,249.0,932.0,270.0,1593.0,249697.0,6160.0,3123.0,26239.0,41.012262222222226
UPZ108,16,PUENTE ARANDA,2024,12,150.0,323.0,934.0,258.0,1665.0,249697.0,6160.0,3123.0,26239.0,41.012262222222226
UPZ40,16,PUENTE ARANDA,2024,1,117.0,502.0,630.0,431.0,1680.0,249697.0,6160.0,3123.0,26239.0,41.012262222222226
UPZ40,16,PUENTE ARANDA,2024,2,174.0,910.0,835.0,706.0,2625.0,249697.0,6160.0,3123.0,26239.0,41.012262222222226
UPZ40,16,PUENTE ARANDA,2024,3,161.0,798.0,792.0,534.0,2285.0,249697.0,6160.0,3123.0,26239.0,41.012262222222226
UPZ40,16,PUENTE ARANDA,2024,4,135.0,559.0,589.0,448.0,1731.0,249697.0,6160.0,3123.0,26239.0,41.012262222222226
UPZ40,16,PUENTE ARANDA,2024,5,205.0,932.0,925.0,645.0,2707.0,249697.0,6160.0,3123.0,26239.0,41.012262222222226
UPZ40,16,PUENTE ARANDA,2024,6,217.0,957.0,856.0,743.0,2773.0,249697.0,6160.0,3123.0,26239.0,41.012262222222226
UPZ40,16,PUENTE ARANDA,2024,7,209.0,1127.0,881.0,776.0,2993.0,249697.0,6160.0,3123.0,26239.0,41.012262222222226
UPZ40,16,PUENTE ARANDA,2024,9,245.0,1172.0,916.0,722.0,3055.0,249697.0,6160.0,3123.0,26239.0,41.012262222222226
UPZ40,16,PUENTE ARANDA,2024,10,252.0,948.0,986.0,685.0,2871.0,249697.0,6160.0,3123.0,26239.0,41.012262222222226
UPZ40,16,PUENTE ARANDA,2024,11,249.0,1002.0,921.0,713.0,2885.0,249697.0,6160.0,3123.0,26239.0,41.012262222222226
UPZ40,16,PUENTE ARANDA,2024,12,239.0,1387.0,1115.0,818.0,3559.0,249697.0,6160.0,3123.0,26239.0,41.012262222222226
UPZ42,06,TUNJUELITO,2024,1,143.0,737.0,836.0,594.0,2310.0,175728.0,2908.0,1301.0,16086.0,42.47902622222223
UPZ42,06,TUNJUELITO,2024,2,181.0,749.0,1127.0,921.0,2978.0,175728.0,2908.0,1301.0,16086.0,42.47902622222223
UPZ42,06,TUNJUELITO,2024,3,145.0,805.0,875.0,908.0,2733.0,175728.0,2908.0,1301.0,16086.0,42.47902622222223
UPZ42,06,TUNJUELITO,2024,4,136.0,583.0,701.0,557.0,1977.0,175728.0,2908.0,1301.0,16086.0,42.47902622222223
UPZ42,06,TUNJUELITO,2024,5,200.0,847.0,1092.0,977.0,3116.0,175728.0,2908.0,1301.0,16086.0,42.47902622222223
UPZ42,06,TUNJUELITO,2024,6,206.0,907.0,1091.0,1006.0,3210.0,175728.0,2908.0,1301.0,16086.0,42.47902622222223
UPZ42,06,TUNJUELITO,2024,7,187.0,1077.0,1164.0,1049.0,3477.0,175728.0,2908.0,1301.0,16086.0,42.47902622222223
UPZ42,06,TUNJUELITO,2024,8,136.0,875.0,1143.0,913.0,3067.0,175728.0,2908.0,1301.0,16086.0,42.47902622222223
UPZ42,06,TUNJUELITO,2024,9,155.0,1023.0,1281.0,1040.0,3499.0,175728.0,2908.0,1301.0,16086.0,42.47902622222223
UPZ42,06,TUNJUELITO,2024,10,211.0,971.0,1340.0,965.0,3487.0,175728.0,2908.0,1301.0,16086.0,42.47902622222223
UPZ42,06,TUNJUELITO,2024,11,188.0,966.0,1242.0,953.0,3349.0,175728.0,2908.0,1301.0,16086.0,42.47902622222223
UPZ42,06,TUNJUELITO,2024,12,156.0,1246.0,1468.0,1121.0,3991.0,175728.0,2908.0,1301.0,16086.0,42.47902622222223
UPZ62,06,TUNJUELITO,2024,1,44.0,291.0,241.0,226.0,802.0,175728.0,2908.0,1301.0,16086.0,42.47902622222223
UPZ62,06,TUNJUELITO,2024,2,59.0,359.0,331.0,347.0,1096.0,175728.0,2908.0,1301.0,16086.0,42.47902622222223
UPZ62,06,TUNJUELITO,2024,3,58.0,353.0,303.0,377.0,1091.0,175728.0,2908.0,1301.0,16086.0,42.47902622222223
UPZ62,06,TUNJUELITO,2024,4,55.0,278.0,250.0,245.0,828.0,175728.0,2908.0,1301.0,16086.0,42.47902622222223
UPZ62,06,TUNJUELITO,2024,5,97.0,497.0,350.0,488.0,1432.0,175728.0,2908.0,1301.0,16086.0,42.47902622222223
UPZ62,06,TUNJUELITO,2024,6,91.0,465.0,417.0,544.0,1517.0,175728.0,2908.0,1301.0,16086.0,42.47902622222223
UPZ62,06,TUNJUELITO,2024,7,65.0,459.0,472.0,525.0,1521.0,175728.0,2908.0,1301.0,16086.0,42.47902622222223
UPZ62,06,TUNJUELITO,2024,8,73.0,363.0,390.0,415.0,1241.0,175728.0,2908.0,1301.0,16086.0,42.47902622222223
UPZ62,06,TUNJUELITO,2024,9,81.0,395.0,430.0,483.0,1389.0,175728.0,2908.0,1301.0,16086.0,42.47902622222223
UPZ62,06,TUNJUELITO,2024,10,69.0,366.0,362.0,495.0,1292.0,175728.0,2908.0,1301.0,16086.0,42.47902622222223
UPZ62,06,TUNJUELITO,2024,11,81.0,366.0,419.0,460.0,1326.0,175728.0,2908.0,1301.0,16086.0,42.47902622222223
UPZ62,06,TUNJUELITO,2024,12,66.0,536.0,437.0,524.0,1563.0,175728.0,2908.0,1301.0,16086.0,42.47902622222223
UPZ56,05,USME,2024,1,19.0,166.0,314.0,215.0,714.0,395664.0,4429.0,1381.0,31779.0,25.858706111111115
UPZ56,05,USME,2024,2,31.0,168.0,329.0,264.0,792.0,395664.0,4429.0,1381.0,31779.0,25.858706111111115
UPZ56,05,USME,2024,3,20.0,150.0,257.0,253.0,680.0,395664.0,4429.0,1381.0,31779.0,25.858706111111115
UPZ56,05,USME,2024,4,13.0,94.0,173.0,154.0,434.0,395664.0,4429.0,1381.0,31779.0,25.858706111111115
UPZ56,05,USME,2024,5,29.0,193.0,258.0,318.0,798.0,395664.0,4429.0,1381.0,31779.0,25.858706111111115
UPZ56,05,USME,2024,6,29.0,201.0,294.0,298.0,822.0,395664.0,4429.0,1381.0,31779.0,25.858706111111115
UPZ56,05,USME,2024,7,30.0,185.0,347.0,286.0,848.0,395664.0,4429.0,1381.0,31779.0,25.858706111111115
UPZ56,05,USME,2024,8,31.0,195.0,231.0,282.0,739.0,395664.0,4429.0,1381.0,31779.0,25.858706111111115
UPZ56,05,USME,2024,9,32.0,215.0,345.0,274.0,866.0,395664.0,4429.0,1381.0,31779.0,25.858706111111115
UPZ56,05,USME,2024,10,48.0,225.0,343.0,327.0,943.0,395664.0,4429.0,1381.0,31779.0,25.858706111111115
UPZ56,05,USME,2024,11,42.0,179.0,277.0,269.0,767.0,395664.0,4429.0,1381.0,31779.0,25.858706111111115
UPZ56,05,USME,2024,12,38.0,265.0,325.0,307.0,935.0,395664.0,4429.0,1381.0,31779.0,25.858706111111115
UPZ54,18,RAFAEL URIBE URIBE,2024,1,73.0,327.0,414.0,386.0,1200.0,375542.0,5346.0,1989.0,35339.0,40.15385066666667
UPZ54,18,RAFAEL URIBE URIBE,2024,2,76.0,472.0,513.0,610.0,1671.0,375542.0,5346.0,1989.0,35339.0,40.15385066666667
UPZ54,18,RAFAEL URIBE URIBE,2024,3,73.0,468.0,401.0,556.0,1498.0,375542.0,5346.0,1989.0,35339.0,40.15385066666667
UPZ54,18,RAFAEL URIBE URIBE,2024,4,51.0,297.0,354.0,441.0,1143.0,375542.0,5346.0,1989.0,35339.0,40.15385066666667
UPZ54,18,RAFAEL URIBE URIBE,2024,5,91.0,586.0,439.0,612.0,1728.0,375542.0,5346.0,1989.0,35339.0,40.15385066666667
UPZ54,18,RAFAEL URIBE URIBE,2024,6,109.0,644.0,524.0,710.0,1987.0,375542.0,5346.0,1989.0,35339.0,40.15385066666667
UPZ54,18,RAFAEL URIBE URIBE,2024,7,93.0,543.0,464.0,775.0,1875.0,375542.0,5346.0,1989.0,35339.0,40.15385066666667
UPZ54,18,RAFAEL URIBE URIBE,2024,8,82.0,485.0,490.0,677.0,1734.0,375542.0,5346.0,1989.0,35339.0,40.15385066666667
UPZ54,18,RAFAEL URIBE URIBE,2024,9,82.0,609.0,869.0,788.0,2348.0,375542.0,5346.0,1989.0,35339.0,40.15385066666667
UPZ54,18,RAFAEL URIBE URIBE,2024,10,115.0,573.0,562.0,687.0,1937.0,375542.0,5346.0,1989.0,35339.0,40.15385066666667
UPZ54,18,RAFAEL URIBE URIBE,2024,11,166.0,553.0,591.0,688.0,1998.0,375542.0,5346.0,1989.0,35339.0,40.15385066666667
UPZ54,18,RAFAEL URIBE URIBE,2024,12,95.0,707.0,664.0,845.0,2311.0,375542.0,5346.0,1989.0,35339.0,40.15385066666667
UPZ53,18,RAFAEL URIBE URIBE,2024,1,54.0,279.0,285.0,364.0,982.0,375542.0,5346.0,1989.0,35339.0,40.15385066666667
UPZ53,18,RAFAEL URIBE URIBE,2024,2,72.0,371.0,439.0,463.0,1345.0,375542.0,5346.0,1989.0,35339.0,40.15385066666667
UPZ53,18,RAFAEL URIBE URIBE,2024,3,84.0,368.0,345.0,544.0,1341.0,375542.0,5346.0,1989.0,35339.0,40.15385066666667
UPZ53,18,RAFAEL URIBE URIBE,2024,4,40.0,211.0,364.0,294.0,909.0,375542.0,5346.0,1989.0,35339.0,40.15385066666667
UPZ53,18,RAFAEL URIBE URIBE,2024,5,77.0,408.0,404.0,483.0,1372.0,375542.0,5346.0,1989.0,35339.0,40.15385066666667
UPZ53,18,RAFAEL URIBE URIBE,2024,6,68.0,449.0,438.0,558.0,1513.0,375542.0,5346.0,1989.0,35339.0,40.15385066666667
UPZ53,18,RAFAEL URIBE URIBE,2024,7,85.0,464.0,347.0,584.0,1480.0,375542.0,5346.0,1989.0,35339.0,40.15385066666667
UPZ53,18,RAFAEL URIBE URIBE,2024,8,77.0,508.0,392.0,489.0,1466.0,375542.0,5346.0,1989.0,35339.0,40.15385066666667
UPZ53,18,RAFAEL URIBE URIBE,2024,9,59.0,543.0,507.0,590.0,1699.0,375542.0,5346.0,1989.0,35339.0,40.15385066666667
UPZ53,18,RAFAEL URIBE URIBE,2024,10,89.0,425.0,416.0,498.0,1428.0,375542.0,5346.0,1989.0,35339.0,40.15385066666667
UPZ53,18,RAFAEL URIBE URIBE,2024,11,65.0,430.0,413.0,538.0,1446.0,375542.0,5346.0,1989.0,35339.0,40.15385066666667
UPZ53,18,RAFAEL URIBE URIBE,2024,12,65.0,515.0,384.0,649.0,1613.0,375542.0,5346.0,1989.0,35339.0,40.15385066666667
UPZ39,18,RAFAEL URIBE URIBE,2024,1,121.0,661.0,713.0,481.0,1976.0,375542.0,5346.0,1989.0,35339.0,40.15385066666667
UPZ39,18,RAFAEL URIBE URIBE,2024,2,168.0,869.0,853.0,758.0,2648.0,375542.0,5346.0,1989.0,35339.0,40.15385066666667
UPZ39,18,RAFAEL URIBE URIBE,2024,3,175.0,716.0,731.0,760.0,2382.0,375542.0,5346.0,1989.0,35339.0,40.15385066666667
UPZ39,18,RAFAEL URIBE URIBE,2024,4,114.0,549.0,735.0,507.0,1905.0,375542.0,5346.0,1989.0,35339.0,40.15385066666667
UPZ39,18,RAFAEL URIBE URIBE,2024,5,194.0,979.0,1010.0,796.0,2979.0,375542.0,5346.0,1989.0,35339.0,40.15385066666667
UPZ39,18,RAFAEL URIBE URIBE,2024,6,230.0,903.0,823.0,921.0,2877.0,375542.0,5346.0,1989.0,35339.0,40.15385066666667
UPZ39,18,RAFAEL URIBE URIBE,2024,7,223.0,821.0,953.0,776.0,2773.0,375542.0,5346.0,1989.0,35339.0,40.15385066666667
UPZ39,18,RAFAEL URIBE URIBE,2024,8,177.0,789.0,920.0,795.0,2681.0,375542.0,5346.0,1989.0,35339.0,40.15385066666667
UPZ39,18,RAFAEL URIBE URIBE,2024,9,206.0,953.0,1086.0,993.0,3238.0,375542.0,5346.0,1989.0,35339.0,40.15385066666667
UPZ39,18,RAFAEL URIBE URIBE,2024,10,252.0,958.0,944.0,932.0,3086.0,375542.0,5346.0,1989.0,35339.0,40.15385066666667
UPZ39,18,RAFAEL URIBE URIBE,2024,11,201.0,776.0,884.0,803.0,2664.0,375542.0,5346.0,1989.0,35339.0,40.15385066666667
UPZ39,18,RAFAEL URIBE URIBE,2024,12,206.0,1064.0,1044.0,932.0,3246.0,375542.0,5346.0,1989.0,35339.0,40.15385066666667
UPZ36,18,RAFAEL URIBE URIBE,2024,1,57.0,259.0,346.0,204.0,866.0,375542.0,5346.0,1989.0,35339.0,40.15385066666667
UPZ36,18,RAFAEL URIBE URIBE,2024,2,81.0,423.0,410.0,391.0,1305.0,375542.0,5346.0,1989.0,35339.0,40.15385066666667
UPZ36,18,RAFAEL URIBE URIBE,2024,3,100.0,370.0,400.0,318.0,1188.0,375542.0,5346.0,1989.0,35339.0,40.15385066666667
UPZ36,18,RAFAEL URIBE URIBE,2024,4,71.0,259.0,312.0,231.0,873.0,375542.0,5346.0,1989.0,35339.0,40.15385066666667
UPZ36,18,RAFAEL URIBE URIBE,2024,5,91.0,527.0,423.0,420.0,1461.0,375542.0,5346.0,1989.0,35339.0,40.15385066666667
UPZ36,18,RAFAEL URIBE URIBE,2024,6,108.0,479.0,528.0,441.0,1556.0,375542.0,5346.0,1989.0,35339.0,40.15385066666667
UPZ36,18,RAFAEL URIBE URIBE,2024,7,128.0,417.0,471.0,414.0,1430.0,375542.0,5346.0,1989.0,35339.0,40.15385066666667
UPZ36,18,RAFAEL URIBE URIBE,2024,8,120.0,484.0,402.0,361.0,1367.0,375542.0,5346.0,1989.0,35339.0,40.15385066666667
UPZ36,18,RAFAEL URIBE URIBE,2024,9,101.0,458.0,507.0,413.0,1479.0,375542.0,5346.0,1989.0,35339.0,40.15385066666667
UPZ36,18,RAFAEL URIBE URIBE,2024,10,122.0,446.0,453.0,400.0,1421.0,375542.0,5346.0,1989.0,35339.0,40.15385066666667
UPZ36,18,RAFAEL URIBE URIBE,2024,11,99.0,443.0,424.0,292.0,1258.0,375542.0,5346.0,1989.0,35339.0,40.15385066666667
UPZ36,18,RAFAEL URIBE URIBE,2024,12,84.0,605.0,520.0,509.0,1718.0,375542.0,5346.0,1989.0,35339.0,40.15385066666667
UPZ38,15,ANTONIO NARIÑO,2024,1,97.0,589.0,578.0,398.0,1662.0,77987.0,2822.0,1362.0,11195.0,41.394650222222225
UPZ38,15,ANTONIO NARIÑO,2024,2,167.0,944.0,817.0,614.0,2542.0,77987.0,2822.0,1362.0,11195.0,41.394650222222225
UPZ38,15,ANTONIO NARIÑO,2024,3,163.0,714.0,692.0,516.0,2085.0,77987.0,2822.0,1362.0,11195.0,41.394650222222225
UPZ38,15,ANTONIO NARIÑO,2024,4,126.0,478.0,586.0,344.0,1534.0,77987.0,2822.0,1362.0,11195.0,41.394650222222225
UPZ38,15,ANTONIO NARIÑO,2024,5,170.0,788.0,924.0,661.0,2543.0,77987.0,2822.0,1362.0,11195.0,41.394650222222225
UPZ38,15,ANTONIO NARIÑO,2024,6,198.0,843.0,911.0,666.0,2618.0,77987.0,2822.0,1362.0,11195.0,41.394650222222225
UPZ38,15,ANTONIO NARIÑO,2024,7,182.0,907.0,979.0,657.0,2725.0,77987.0,2822.0,1362.0,11195.0,41.394650222222225
UPZ38,15,ANTONIO NARIÑO,2024,8,213.0,944.0,893.0,612.0,2662.0,77987.0,2822.0,1362.0,11195.0,41.394650222222225
UPZ38,15,ANTONIO NARIÑO,2024,9,225.0,961.0,958.0,633.0,2777.0,77987.0,2822.0,1362.0,11195.0,41.394650222222225
UPZ38,15,ANTONIO NARIÑO,2024,10,238.0,1097.0,1136.0,624.0,3095.0,77987.0,2822.0,1362.0,11195.0,41.394650222222225
UPZ38,15,ANTONIO NARIÑO,2024,11,219.0,982.0,1042.0,692.0,2935.0,77987.0,2822.0,1362.0,11195.0,41.394650222222225
UPZ38,15,ANTONIO NARIÑO,2024,12,222.0,1064.0,1376.0,823.0,3485.0,77987.0,2822.0,1362.0,11195.0,41.394650222222225
UPZ35,15,ANTONIO NARIÑO,2024,1,48.0,203.0,214.0,122.0,587.0,77987.0,2822.0,1362.0,11195.0,41.394650222222225
UPZ35,15,ANTONIO NARIÑO,2024,2,79.0,314.0,325.0,189.0,907.0,77987.0,2822.0,1362.0,11195.0,41.394650222222225
UPZ35,15,ANTONIO NARIÑO,2024,3,70.0,369.0,293.0,174.0,906.0,77987.0,2822.0,1362.0,11195.0,41.394650222222225
UPZ35,15,ANTONIO NARIÑO,2024,4,45.0,246.0,203.0,157.0,651.0,77987.0,2822.0,1362.0,11195.0,41.394650222222225
UPZ35,15,ANTONIO NARIÑO,2024,5,82.0,359.0,320.0,244.0,1005.0,77987.0,2822.0,1362.0,11195.0,41.394650222222225
UPZ35,15,ANTONIO NARIÑO,2024,6,63.0,340.0,336.0,213.0,952.0,77987.0,2822.0,1362.0,11195.0,41.394650222222225
UPZ35,15,ANTONIO NARIÑO,2024,7,54.0,328.0,346.0,188.0,916.0,77987.0,2822.0,1362.0,11195.0,41.394650222222225
UPZ35,15,ANTONIO NARIÑO,2024,8,71.0,313.0,287.0,202.0,873.0,77987.0,2822.0,1362.0,11195.0,41.394650222222225
UPZ35,15,ANTONIO NARIÑO,2024,9,75.0,273.0,340.0,186.0,874.0,77987.0,2822.0,1362.0,11195.0,41.394650222222225
UPZ35,15,ANTONIO NARIÑO,2024,10,100.0,331.0,311.0,215.0,957.0,77987.0,2822.0,1362.0,11195.0,41.394650222222225
UPZ35,15,ANTONIO NARIÑO,2024,11,65.0,324.0,289.0,181.0,859.0,77987.0,2822.0,1362.0,11195.0,41.394650222222225
UPZ35,15,ANTONIO NARIÑO,2024,12,93.0,348.0,331.0,195.0,967.0,77987.0,2822.0,1362.0,11195.0,41.394650222222225
UPZ95,03,SANTA FE,2024,1,71.0,142.0,212.0,199.0,624.0,112939.0,7325.0,4303.0,15880.0,40.005426111111106
UPZ95,03,SANTA FE,2024,2,76.0,188.0,288.0,253.0,805.0,112939.0,7325.0,4303.0,15880.0,40.005426111111106
UPZ95,03,SANTA FE,2024,3,70.0,194.0,194.0,248.0,706.0,112939.0,7325.0,4303.0,15880.0,40.005426111111106
UPZ95,03,SANTA FE,2024,4,50.0,103.0,153.0,122.0,428.0,112939.0,7325.0,4303.0,15880.0,40.005426111111106
UPZ95,03,SANTA FE,2024,5,73.0,161.0,310.0,221.0,765.0,112939.0,7325.0,4303.0,15880.0,40.005426111111106
UPZ95,03,SANTA FE,2024,6,43.0,183.0,264.0,265.0,755.0,112939.0,7325.0,4303.0,15880.0,40.005426111111106
UPZ95,03,SANTA FE,2024,7,69.0,222.0,260.0,208.0,759.0,112939.0,7325.0,4303.0,15880.0,40.005426111111106
UPZ95,03,SANTA FE,2024,8,50.0,152.0,246.0,233.0,681.0,112939.0,7325.0,4303.0,15880.0,40.005426111111106
UPZ95,03,SANTA FE,2024,9,63.0,220.0,276.0,221.0,780.0,112939.0,7325.0,4303.0,15880.0,40.005426111111106
UPZ95,03,SANTA FE,2024,10,72.0,166.0,231.0,257.0,726.0,112939.0,7325.0,4303.0,15880.0,40.005426111111106
UPZ95,03,SANTA FE,2024,11,54.0,201.0,242.0,238.0,735.0,112939.0,7325.0,4303.0,15880.0,40.005426111111106
UPZ95,03,SANTA FE,2024,12,50.0,262.0,274.0,230.0,816.0,112939.0,7325.0,4303.0,15880.0,40.005426111111106
UPZ93,03,SANTA FE,2024,1,104.0,350.0,533.0,312.0,1299.0,112939.0,7325.0,4303.0,15880.0,40.005426111111106
UPZ93,03,SANTA FE,2024,2,173.0,671.0,823.0,568.0,2235.0,112939.0,7325.0,4303.0,15880.0,40.005426111111106
UPZ93,03,SANTA FE,2024,3,162.0,544.0,644.0,509.0,1859.0,112939.0,7325.0,4303.0,15880.0,40.005426111111106
UPZ93,03,SANTA FE,2024,4,143.0,390.0,575.0,360.0,1468.0,112939.0,7325.0,4303.0,15880.0,40.005426111111106
UPZ93,03,SANTA FE,2024,5,274.0,801.0,813.0,651.0,2539.0,112939.0,7325.0,4303.0,15880.0,40.005426111111106
UPZ93,03,SANTA FE,2024,6,184.0,724.0,793.0,585.0,2286.0,112939.0,7325.0,4303.0,15880.0,40.005426111111106
UPZ93,03,SANTA FE,2024,7,174.0,622.0,871.0,663.0,2330.0,112939.0,7325.0,4303.0,15880.0,40.005426111111106
UPZ93,03,SANTA FE,2024,8,190.0,628.0,848.0,588.0,2254.0,112939.0,7325.0,4303.0,15880.0,40.005426111111106
UPZ93,03,SANTA FE,2024,9,173.0,732.0,833.0,560.0,2298.0,112939.0,7325.0,4303.0,15880.0,40.005426111111106
UPZ93,03,SANTA FE,2024,10,223.0,765.0,1042.0,605.0,2635.0,112939.0,7325.0,4303.0,15880.0,40.005426111111106
UPZ93,03,SANTA FE,2024,11,238.0,719.0,865.0,686.0,2508.0,112939.0,7325.0,4303.0,15880.0,40.005426111111106
UPZ93,03,SANTA FE,2024,12,204.0,840.0,981.0,695.0,2720.0,112939.0,7325.0,4303.0,15880.0,40.005426111111106
UPZ91,03,SANTA FE,2024,1,39.0,149.0,330.0,105.0,623.0,112939.0,7325.0,4303.0,15880.0,40.005426111111106
UPZ91,03,SANTA FE,2024,2,54.0,180.0,363.0,192.0,789.0,112939.0,7325.0,4303.0,15880.0,40.005426111111106
UPZ91,03,SANTA FE,2024,3,32.0,221.0,279.0,115.0,647.0,112939.0,7325.0,4303.0,15880.0,40.005426111111106
UPZ91,03,SANTA FE,2024,4,35.0,175.0,275.0,112.0,597.0,112939.0,7325.0,4303.0,15880.0,40.005426111111106
UPZ91,03,SANTA FE,2024,5,85.0,237.0,342.0,143.0,807.0,112939.0,7325.0,4303.0,15880.0,40.005426111111106
UPZ91,03,SANTA FE,2024,6,58.0,232.0,388.0,167.0,845.0,112939.0,7325.0,4303.0,15880.0,40.005426111111106
UPZ91,03,SANTA FE,2024,7,61.0,191.0,358.0,126.0,736.0,112939.0,7325.0,4303.0,15880.0,40.005426111111106
UPZ91,03,SANTA FE,2024,8,59.0,192.0,363.0,137.0,751.0,112939.0,7325.0,4303.0,15880.0,40.005426111111106
UPZ91,03,SANTA FE,2024,9,52.0,251.0,367.0,160.0,830.0,112939.0,7325.0,4303.0,15880.0,40.005426111111106
UPZ91,03,SANTA FE,2024,10,52.0,191.0,446.0,165.0,854.0,112939.0,7325.0,4303.0,15880.0,40.005426111111106
UPZ91,03,SANTA FE,2024,11,46.0,229.0,341.0,167.0,783.0,112939.0,7325.0,4303.0,15880.0,40.005426111111106
UPZ91,03,SANTA FE,2024,12,47.0,269.0,361.0,168.0,845.0,112939.0,7325.0,4303.0,15880.0,40.005426111111106
UPZ99,02,CHAPINERO,2024,1,73.0,400.0,504.0,247.0,1224.0,161696.0,10950.0,6608.0,19315.0,42.201468444444444
UPZ99,02,CHAPINERO,2024,2,135.0,888.0,673.0,463.0,2159.0,161696.0,10950.0,6608.0,19315.0,42.201468444444444
UPZ99,02,CHAPINERO,2024,3,119.0,693.0,599.0,419.0,1830.0,161696.0,10950.0,6608.0,19315.0,42.201468444444444
UPZ99,02,CHAPINERO,2024,4,81.0,425.0,449.0,256.0,1211.0,161696.0,10950.0,6608.0,19315.0,42.201468444444444
UPZ99,02,CHAPINERO,2024,5,159.0,705.0,681.0,436.0,1981.0,161696.0,10950.0,6608.0,19315.0,42.201468444444444
UPZ99,02,CHAPINERO,2024,6,160.0,795.0,644.0,489.0,2088.0,161696.0,10950.0,6608.0,19315.0,42.201468444444444
UPZ99,02,CHAPINERO,2024,7,154.0,738.0,675.0,474.0,2041.0,161696.0,10950.0,6608.0,19315.0,42.201468444444444
UPZ99,02,CHAPINERO,2024,8,174.0,740.0,681.0,509.0,2104.0,161696.0,10950.0,6608.0,19315.0,42.201468444444444
UPZ99,02,CHAPINERO,2024,9,171.0,777.0,808.0,534.0,2290.0,161696.0,10950.0,6608.0,19315.0,42.201468444444444
UPZ99,02,CHAPINERO,2024,10,172.0,832.0,789.0,557.0,2350.0,161696.0,10950.0,6608.0,19315.0,42.201468444444444
UPZ99,02,CHAPINERO,2024,11,153.0,698.0,661.0,461.0,1973.0,161696.0,10950.0,6608.0,19315.0,42.201468444444444
UPZ99,02,CHAPINERO,2024,12,150.0,631.0,617.0,383.0,1781.0,161696.0,10950.0,6608.0,19315.0,42.201468444444444
UPZ34,04,SAN CRISTÓBAL,2024,1,117.0,375.0,502.0,411.0,1405.0,394656.0,5030.0,1833.0,37234.0,39.46668344444444
UPZ34,04,SAN CRISTÓBAL,2024,2,141.0,597.0,707.0,745.0,2190.0,394656.0,5030.0,1833.0,37234.0,39.46668344444444
UPZ34,04,SAN CRISTÓBAL,2024,3,103.0,491.0,624.0,611.0,1829.0,394656.0,5030.0,1833.0,37234.0,39.46668344444444
UPZ34,04,SAN CRISTÓBAL,2024,4,76.0,431.0,464.0,464.0,1435.0,394656.0,5030.0,1833.0,37234.0,39.46668344444444
UPZ34,04,SAN CRISTÓBAL,2024,5,148.0,611.0,723.0,733.0,2215.0,394656.0,5030.0,1833.0,37234.0,39.46668344444444
UPZ34,04,SAN CRISTÓBAL,2024,6,154.0,632.0,746.0,703.0,2235.0,394656.0,5030.0,1833.0,37234.0,39.46668344444444
UPZ34,04,SAN CRISTÓBAL,2024,7,124.0,677.0,725.0,851.0,2377.0,394656.0,5030.0,1833.0,37234.0,39.46668344444444
UPZ34,04,SAN CRISTÓBAL,2024,8,128.0,546.0,633.0,609.0,1916.0,394656.0,5030.0,1833.0,37234.0,39.46668344444444
UPZ34,04,SAN CRISTÓBAL,2024,9,115.0,645.0,728.0,699.0,2187.0,394656.0,5030.0,1833.0,37234.0,39.46668344444444
UPZ34,04,SAN CRISTÓBAL,2024,10,104.0,585.0,719.0,731.0,2139.0,394656.0,5030.0,1833.0,37234.0,39.46668344444444
UPZ34,04,SAN CRISTÓBAL,2024,11,130.0,459.0,683.0,676.0,1948.0,394656.0,5030.0,1833.0,37234.0,39.46668344444444
UPZ34,04,SAN CRISTÓBAL,2024,12,115.0,745.0,835.0,878.0,2573.0,394656.0,5030.0,1833.0,37234.0,39.46668344444444
UPZ33,04,SAN CRISTÓBAL,2024,1,70.0,275.0,340.0,262.0,947.0,394656.0,5030.0,1833.0,37234.0,39.46668344444444
UPZ33,04,SAN CRISTÓBAL,2024,2,100.0,354.0,467.0,421.0,1342.0,394656.0,5030.0,1833.0,37234.0,39.46668344444444
UPZ33,04,SAN CRISTÓBAL,2024,3,85.0,302.0,426.0,390.0,1203.0,394656.0,5030.0,1833.0,37234.0,39.46668344444444
UPZ33,04,SAN CRISTÓBAL,2024,4,43.0,238.0,262.0,219.0,762.0,394656.0,5030.0,1833.0,37234.0,39.46668344444444
UPZ33,04,SAN CRISTÓBAL,2024,5,82.0,401.0,470.0,361.0,1314.0,394656.0,5030.0,1833.0,37234.0,39.46668344444444
UPZ33,04,SAN CRISTÓBAL,2024,6,82.0,410.0,471.0,397.0,1360.0,394656.0,5030.0,1833.0,37234.0,39.46668344444444
UPZ33,04,SAN CRISTÓBAL,2024,7,71.0,363.0,559.0,425.0,1418.0,394656.0,5030.0,1833.0,37234.0,39.46668344444444
UPZ33,04,SAN CRISTÓBAL,2024,8,75.0,357.0,531.0,376.0,1339.0,394656.0,5030.0,1833.0,37234.0,39.46668344444444
UPZ33,04,SAN CRISTÓBAL,2024,9,73.0,383.0,558.0,428.0,1442.0,394656.0,5030.0,1833.0,37234.0,39.46668344444444
UPZ33,04,SAN CRISTÓBAL,2024,10,84.0,388.0,373.0,414.0,1259.0,394656.0,5030.0,1833.0,37234.0,39.46668344444444
UPZ33,04,SAN CRISTÓBAL,2024,11,79.0,301.0,370.0,335.0,1085.0,394656.0,5030.0,1833.0,37234.0,39.46668344444444
UPZ33,04,SAN CRISTÓBAL,2024,12,60.0,414.0,504.0,346.0,1324.0,394656.0,5030.0,1833.0,37234.0,39.46668344444444
UPZ94,17,CANDELARIA,2024,1,46.0,217.0,315.0,169.0,747.0,16689.0,1579.0,827.0,3035.0,39.161125222222225
UPZ94,17,CANDELARIA,2024,2,54.0,293.0,497.0,209.0,1053.0,16689.0,1579.0,827.0,3035.0,39.161125222222225
UPZ94,17,CANDELARIA,2024,3,52.0,251.0,344.0,201.0,848.0,16689.0,1579.0,827.0,3035.0,39.161125222222225
UPZ94,17,CANDELARIA,2024,4,58.0,220.0,363.0,200.0,841.0,16689.0,1579.0,827.0,3035.0,39.161125222222225
UPZ94,17,CANDELARIA,2024,5,60.0,296.0,453.0,263.0,1072.0,16689.0,1579.0,827.0,3035.0,39.161125222222225
UPZ94,17,CANDELARIA,2024,6,68.0,334.0,485.0,250.0,1137.0,16689.0,1579.0,827.0,3035.0,39.161125222222225
UPZ94,17,CANDELARIA,2024,7,55.0,376.0,409.0,235.0,1075.0,16689.0,1579.0,827.0,3035.0,39.161125222222225
UPZ94,17,CANDELARIA,2024,8,56.0,285.0,368.0,233.0,942.0,16689.0,1579.0,827.0,3035.0,39.161125222222225
UPZ94,17,CANDELARIA,2024,9,46.0,314.0,416.0,245.0,1021.0,16689.0,1579.0,827.0,3035.0,39.161125222222225
UPZ94,17,CANDELARIA,2024,10,68.0,310.0,459.0,243.0,1080.0,16689.0,1579.0,827.0,3035.0,39.161125222222225
UPZ94,17,CANDELARIA,2024,11,72.0,344.0,454.0,247.0,1117.0,16689.0,1579.0,827.0,3035.0,39.161125222222225
UPZ94,17,CANDELARIA,2024,12,62.0,410.0,496.0,292.0,1260.0,16689.0,1579.0,827.0,3035.0,39.161125222222225
UPZ10,01,USAQUÉN,2025,1,32.0,188.0,456.0,103.0,779.0,586286.0,9559.0,4923.0,45490.0,41.7932881111111
UPZ10,01,USAQUÉN,2025,2,47.0,211.0,268.0,142.0,668.0,586286.0,9559.0,4923.0,45490.0,41.7932881111111
UPZ10,01,USAQUÉN,2025,3,38.0,223.0,259.0,160.0,680.0,586286.0,9559.0,4923.0,45490.0,41.7932881111111
UPZ10,01,USAQUÉN,2025,4,43.0,232.0,271.0,163.0,709.0,586286.0,9559.0,4923.0,45490.0,41.7932881111111
UPZ10,01,USAQUÉN,2025,5,34.0,206.0,268.0,200.0,708.0,586286.0,9559.0,4923.0,45490.0,41.7932881111111
UPZ10,01,USAQUÉN,2025,6,33.0,240.0,223.0,200.0,696.0,586286.0,9559.0,4923.0,45490.0,41.7932881111111
UPZ10,01,USAQUÉN,2025,7,48.0,205.0,301.0,218.0,772.0,586286.0,9559.0,4923.0,45490.0,41.7932881111111
UPZ10,01,USAQUÉN,2025,8,49.0,270.0,336.0,195.0,850.0,586286.0,9559.0,4923.0,45490.0,41.7932881111111
UPZ10,01,USAQUÉN,2025,9,39.0,283.0,312.0,182.0,816.0,586286.0,9559.0,4923.0,45490.0,41.7932881111111
UPZ10,01,USAQUÉN,2025,10,38.0,210.0,359.0,193.0,800.0,586286.0,9559.0,4923.0,45490.0,41.7932881111111
UPZ10,01,USAQUÉN,2025,11,53.0,273.0,318.0,237.0,881.0,586286.0,9559.0,4923.0,45490.0,41.7932881111111
UPZ10,01,USAQUÉN,2025,12,34.0,246.0,335.0,234.0,849.0,586286.0,9559.0,4923.0,45490.0,41.7932881111111
UPZ9,01,USAQUÉN,2025,1,78.0,710.0,542.0,581.0,1911.0,586286.0,9559.0,4923.0,45490.0,41.7932881111111
UPZ9,01,USAQUÉN,2025,2,102.0,820.0,610.0,702.0,2234.0,586286.0,9559.0,4923.0,45490.0,41.7932881111111
UPZ9,01,USAQUÉN,2025,3,96.0,1013.0,742.0,858.0,2709.0,586286.0,9559.0,4923.0,45490.0,41.7932881111111
UPZ9,01,USAQUÉN,2025,4,70.0,804.0,628.0,602.0,2104.0,586286.0,9559.0,4923.0,45490.0,41.7932881111111
UPZ9,01,USAQUÉN,2025,5,99.0,907.0,728.0,729.0,2463.0,586286.0,9559.0,4923.0,45490.0,41.7932881111111
UPZ9,01,USAQUÉN,2025,6,83.0,964.0,622.0,674.0,2343.0,586286.0,9559.0,4923.0,45490.0,41.7932881111111
UPZ9,01,USAQUÉN,2025,7,95.0,817.0,650.0,713.0,2275.0,586286.0,9559.0,4923.0,45490.0,41.7932881111111
UPZ9,01,USAQUÉN,2025,8,90.0,1050.0,690.0,741.0,2571.0,586286.0,9559.0,4923.0,45490.0,41.7932881111111
UPZ9,01,USAQUÉN,2025,9,94.0,869.0,636.0,742.0,2341.0,586286.0,9559.0,4923.0,45490.0,41.7932881111111
UPZ9,01,USAQUÉN,2025,10,87.0,924.0,753.0,745.0,2509.0,586286.0,9559.0,4923.0,45490.0,41.7932881111111
UPZ9,01,USAQUÉN,2025,11,82.0,950.0,721.0,757.0,2510.0,586286.0,9559.0,4923.0,45490.0,41.7932881111111
UPZ9,01,USAQUÉN,2025,12,86.0,1149.0,893.0,941.0,3069.0,586286.0,9559.0,4923.0,45490.0,41.7932881111111
UPZ12,01,USAQUÉN,2025,1,78.0,323.0,419.0,269.0,1089.0,586286.0,9559.0,4923.0,45490.0,41.7932881111111
UPZ12,01,USAQUÉN,2025,2,73.0,400.0,472.0,345.0,1290.0,586286.0,9559.0,4923.0,45490.0,41.7932881111111
UPZ12,01,USAQUÉN,2025,3,94.0,368.0,559.0,337.0,1358.0,586286.0,9559.0,4923.0,45490.0,41.7932881111111
UPZ12,01,USAQUÉN,2025,4,89.0,417.0,528.0,361.0,1395.0,586286.0,9559.0,4923.0,45490.0,41.7932881111111
UPZ12,01,USAQUÉN,2025,5,74.0,388.0,539.0,315.0,1316.0,586286.0,9559.0,4923.0,45490.0,41.7932881111111
UPZ12,01,USAQUÉN,2025,6,70.0,536.0,509.0,350.0,1465.0,586286.0,9559.0,4923.0,45490.0,41.7932881111111
UPZ12,01,USAQUÉN,2025,7,77.0,488.0,482.0,366.0,1413.0,586286.0,9559.0,4923.0,45490.0,41.7932881111111
UPZ12,01,USAQUÉN,2025,8,81.0,408.0,573.0,368.0,1430.0,586286.0,9559.0,4923.0,45490.0,41.7932881111111
UPZ12,01,USAQUÉN,2025,9,75.0,423.0,537.0,357.0,1392.0,586286.0,9559.0,4923.0,45490.0,41.7932881111111
UPZ12,01,USAQUÉN,2025,10,66.0,405.0,547.0,291.0,1309.0,586286.0,9559.0,4923.0,45490.0,41.7932881111111
UPZ12,01,USAQUÉN,2025,11,71.0,454.0,539.0,344.0,1408.0,586286.0,9559.0,4923.0,45490.0,41.7932881111111
UPZ12,01,USAQUÉN,2025,12,68.0,512.0,639.0,393.0,1612.0,586286.0,9559.0,4923.0,45490.0,41.7932881111111
UPZ18,11,SUBA,2025,1,59.0,445.0,388.0,244.0,1136.0,1251652.0,16824.0,8053.0,104368.0,40.380222
UPZ18,11,SUBA,2025,2,100.0,507.0,474.0,327.0,1408.0,1251652.0,16824.0,8053.0,104368.0,40.380222
UPZ18,11,SUBA,2025,3,81.0,561.0,537.0,360.0,1539.0,1251652.0,16824.0,8053.0,104368.0,40.380222
UPZ18,11,SUBA,2025,4,85.0,444.0,450.0,265.0,1244.0,1251652.0,16824.0,8053.0,104368.0,40.380222
UPZ18,11,SUBA,2025,5,73.0,505.0,470.0,339.0,1387.0,1251652.0,16824.0,8053.0,104368.0,40.380222
UPZ18,11,SUBA,2025,6,75.0,392.0,451.0,363.0,1281.0,1251652.0,16824.0,8053.0,104368.0,40.380222
UPZ18,11,SUBA,2025,7,66.0,436.0,568.0,347.0,1417.0,1251652.0,16824.0,8053.0,104368.0,40.380222
UPZ18,11,SUBA,2025,8,82.0,517.0,653.0,317.0,1569.0,1251652.0,16824.0,8053.0,104368.0,40.380222
UPZ18,11,SUBA,2025,9,84.0,492.0,555.0,356.0,1487.0,1251652.0,16824.0,8053.0,104368.0,40.380222
UPZ18,11,SUBA,2025,10,77.0,494.0,490.0,299.0,1360.0,1251652.0,16824.0,8053.0,104368.0,40.380222
UPZ18,11,SUBA,2025,11,81.0,497.0,504.0,427.0,1509.0,1251652.0,16824.0,8053.0,104368.0,40.380222
UPZ18,11,SUBA,2025,12,72.0,685.0,603.0,362.0,1722.0,1251652.0,16824.0,8053.0,104368.0,40.380222
UPZ13,01,USAQUÉN,2025,1,123.0,706.0,744.0,386.0,1959.0,586286.0,9559.0,4923.0,45490.0,41.7932881111111
UPZ13,01,USAQUÉN,2025,2,148.0,823.0,953.0,458.0,2382.0,586286.0,9559.0,4923.0,45490.0,41.7932881111111
UPZ13,01,USAQUÉN,2025,3,176.0,885.0,1110.0,427.0,2598.0,586286.0,9559.0,4923.0,45490.0,41.7932881111111
UPZ13,01,USAQUÉN,2025,4,200.0,1023.0,1016.0,497.0,2736.0,586286.0,9559.0,4923.0,45490.0,41.7932881111111
UPZ13,01,USAQUÉN,2025,5,162.0,1080.0,1026.0,462.0,2730.0,586286.0,9559.0,4923.0,45490.0,41.7932881111111
UPZ13,01,USAQUÉN,2025,6,155.0,912.0,942.0,492.0,2501.0,586286.0,9559.0,4923.0,45490.0,41.7932881111111
UPZ13,01,USAQUÉN,2025,7,217.0,966.0,1064.0,529.0,2776.0,586286.0,9559.0,4923.0,45490.0,41.7932881111111
UPZ13,01,USAQUÉN,2025,8,195.0,1007.0,1017.0,476.0,2695.0,586286.0,9559.0,4923.0,45490.0,41.7932881111111
UPZ13,01,USAQUÉN,2025,9,196.0,945.0,1083.0,509.0,2733.0,586286.0,9559.0,4923.0,45490.0,41.7932881111111
UPZ13,01,USAQUÉN,2025,10,145.0,1006.0,1220.0,546.0,2917.0,586286.0,9559.0,4923.0,45490.0,41.7932881111111
UPZ13,01,USAQUÉN,2025,11,165.0,950.0,986.0,522.0,2623.0,586286.0,9559.0,4923.0,45490.0,41.7932881111111
UPZ13,01,USAQUÉN,2025,12,144.0,938.0,1269.0,487.0,2838.0,586286.0,9559.0,4923.0,45490.0,41.7932881111111
UPZ15,01,USAQUÉN,2025,1,26.0,96.0,171.0,58.0,351.0,586286.0,9559.0,4923.0,45490.0,41.7932881111111
UPZ15,01,USAQUÉN,2025,2,13.0,105.0,191.0,72.0,381.0,586286.0,9559.0,4923.0,45490.0,41.7932881111111
UPZ15,01,USAQUÉN,2025,3,26.0,132.0,187.0,72.0,417.0,586286.0,9559.0,4923.0,45490.0,41.7932881111111
UPZ15,01,USAQUÉN,2025,4,23.0,135.0,227.0,117.0,502.0,586286.0,9559.0,4923.0,45490.0,41.7932881111111
UPZ15,01,USAQUÉN,2025,5,33.0,150.0,208.0,63.0,454.0,586286.0,9559.0,4923.0,45490.0,41.7932881111111
UPZ15,01,USAQUÉN,2025,6,22.0,113.0,164.0,70.0,369.0,586286.0,9559.0,4923.0,45490.0,41.7932881111111
UPZ15,01,USAQUÉN,2025,7,30.0,121.0,199.0,79.0,429.0,586286.0,9559.0,4923.0,45490.0,41.7932881111111
UPZ15,01,USAQUÉN,2025,8,23.0,128.0,256.0,67.0,474.0,586286.0,9559.0,4923.0,45490.0,41.7932881111111
UPZ15,01,USAQUÉN,2025,9,24.0,135.0,212.0,70.0,441.0,586286.0,9559.0,4923.0,45490.0,41.7932881111111
UPZ15,01,USAQUÉN,2025,10,36.0,112.0,195.0,76.0,419.0,586286.0,9559.0,4923.0,45490.0,41.7932881111111
UPZ15,01,USAQUÉN,2025,11,27.0,123.0,207.0,85.0,442.0,586286.0,9559.0,4923.0,45490.0,41.7932881111111
UPZ15,01,USAQUÉN,2025,12,37.0,159.0,209.0,83.0,488.0,586286.0,9559.0,4923.0,45490.0,41.7932881111111
UPZ16,01,USAQUÉN,2025,1,128.0,553.0,654.0,246.0,1581.0,586286.0,9559.0,4923.0,45490.0,41.7932881111111
UPZ16,01,USAQUÉN,2025,2,139.0,608.0,774.0,263.0,1784.0,586286.0,9559.0,4923.0,45490.0,41.7932881111111
UPZ16,01,USAQUÉN,2025,3,155.0,672.0,890.0,309.0,2026.0,586286.0,9559.0,4923.0,45490.0,41.7932881111111
UPZ16,01,USAQUÉN,2025,4,140.0,625.0,904.0,302.0,1971.0,586286.0,9559.0,4923.0,45490.0,41.7932881111111
UPZ16,01,USAQUÉN,2025,5,122.0,638.0,888.0,319.0,1967.0,586286.0,9559.0,4923.0,45490.0,41.7932881111111
UPZ16,01,USAQUÉN,2025,6,152.0,665.0,806.0,308.0,1931.0,586286.0,9559.0,4923.0,45490.0,41.7932881111111
UPZ16,01,USAQUÉN,2025,7,167.0,740.0,851.0,343.0,2101.0,586286.0,9559.0,4923.0,45490.0,41.7932881111111
UPZ16,01,USAQUÉN,2025,8,180.0,766.0,895.0,320.0,2161.0,586286.0,9559.0,4923.0,45490.0,41.7932881111111
UPZ16,01,USAQUÉN,2025,9,177.0,717.0,929.0,300.0,2123.0,586286.0,9559.0,4923.0,45490.0,41.7932881111111
UPZ16,01,USAQUÉN,2025,10,147.0,773.0,935.0,299.0,2154.0,586286.0,9559.0,4923.0,45490.0,41.7932881111111
UPZ16,01,USAQUÉN,2025,11,145.0,792.0,892.0,304.0,2133.0,586286.0,9559.0,4923.0,45490.0,41.7932881111111
UPZ16,01,USAQUÉN,2025,12,102.0,768.0,855.0,337.0,2062.0,586286.0,9559.0,4923.0,45490.0,41.7932881111111
UPZ97,02,CHAPINERO,2025,1,200.0,693.0,1006.0,390.0,2289.0,161162.0,9254.0,5374.0,22695.0,42.201468444444444
UPZ97,02,CHAPINERO,2025,2,250.0,859.0,1232.0,496.0,2837.0,161162.0,9254.0,5374.0,22695.0,42.201468444444444
UPZ97,02,CHAPINERO,2025,3,243.0,951.0,1297.0,526.0,3017.0,161162.0,9254.0,5374.0,22695.0,42.201468444444444
UPZ97,02,CHAPINERO,2025,4,252.0,880.0,1239.0,523.0,2894.0,161162.0,9254.0,5374.0,22695.0,42.201468444444444
UPZ97,02,CHAPINERO,2025,5,271.0,969.0,1289.0,567.0,3096.0,161162.0,9254.0,5374.0,22695.0,42.201468444444444
UPZ97,02,CHAPINERO,2025,6,237.0,824.0,1151.0,511.0,2723.0,161162.0,9254.0,5374.0,22695.0,42.201468444444444
UPZ97,02,CHAPINERO,2025,7,231.0,832.0,1272.0,502.0,2837.0,161162.0,9254.0,5374.0,22695.0,42.201468444444444
UPZ97,02,CHAPINERO,2025,8,260.0,901.0,1422.0,556.0,3139.0,161162.0,9254.0,5374.0,22695.0,42.201468444444444
UPZ97,02,CHAPINERO,2025,9,256.0,968.0,1287.0,557.0,3068.0,161162.0,9254.0,5374.0,22695.0,42.201468444444444
UPZ97,02,CHAPINERO,2025,10,289.0,1094.0,1413.0,596.0,3392.0,161162.0,9254.0,5374.0,22695.0,42.201468444444444
UPZ97,02,CHAPINERO,2025,11,304.0,1049.0,1361.0,566.0,3280.0,161162.0,9254.0,5374.0,22695.0,42.201468444444444
UPZ97,02,CHAPINERO,2025,12,270.0,946.0,1250.0,516.0,2982.0,161162.0,9254.0,5374.0,22695.0,42.201468444444444
UPZ27,11,SUBA,2025,1,122.0,850.0,878.0,929.0,2779.0,1251652.0,16824.0,8053.0,104368.0,40.380222
UPZ27,11,SUBA,2025,2,154.0,834.0,1097.0,854.0,2939.0,1251652.0,16824.0,8053.0,104368.0,40.380222
UPZ27,11,SUBA,2025,3,163.0,1178.0,1275.0,1239.0,3855.0,1251652.0,16824.0,8053.0,104368.0,40.380222
UPZ27,11,SUBA,2025,4,162.0,1032.0,973.0,931.0,3098.0,1251652.0,16824.0,8053.0,104368.0,40.380222
UPZ27,11,SUBA,2025,5,174.0,1249.0,1119.0,1229.0,3771.0,1251652.0,16824.0,8053.0,104368.0,40.380222
UPZ27,11,SUBA,2025,6,136.0,1062.0,937.0,1045.0,3180.0,1251652.0,16824.0,8053.0,104368.0,40.380222
UPZ27,11,SUBA,2025,7,147.0,1208.0,1060.0,888.0,3303.0,1251652.0,16824.0,8053.0,104368.0,40.380222
UPZ27,11,SUBA,2025,8,146.0,1206.0,1193.0,1188.0,3733.0,1251652.0,16824.0,8053.0,104368.0,40.380222
UPZ27,11,SUBA,2025,9,151.0,1253.0,1123.0,1122.0,3649.0,1251652.0,16824.0,8053.0,104368.0,40.380222
UPZ27,11,SUBA,2025,10,145.0,1168.0,1149.0,1035.0,3497.0,1251652.0,16824.0,8053.0,104368.0,40.380222
UPZ27,11,SUBA,2025,11,171.0,1238.0,1192.0,1177.0,3778.0,1251652.0,16824.0,8053.0,104368.0,40.380222
UPZ27,11,SUBA,2025,12,138.0,1249.0,1152.0,1093.0,3632.0,1251652.0,16824.0,8053.0,104368.0,40.380222
UPZ28,11,SUBA,2025,1,259.0,2232.0,1404.0,1707.0,5602.0,1251652.0,16824.0,8053.0,104368.0,40.380222
UPZ28,11,SUBA,2025,2,240.0,2154.0,1538.0,1805.0,5737.0,1251652.0,16824.0,8053.0,104368.0,40.380222
UPZ28,11,SUBA,2025,3,303.0,2818.0,1833.0,2278.0,7232.0,1251652.0,16824.0,8053.0,104368.0,40.380222
UPZ28,11,SUBA,2025,4,241.0,2607.0,1657.0,2136.0,6641.0,1251652.0,16824.0,8053.0,104368.0,40.380222
UPZ28,11,SUBA,2025,5,302.0,2664.0,1684.0,2165.0,6815.0,1251652.0,16824.0,8053.0,104368.0,40.380222
UPZ28,11,SUBA,2025,6,305.0,2697.0,1691.0,2429.0,7122.0,1251652.0,16824.0,8053.0,104368.0,40.380222
UPZ28,11,SUBA,2025,7,307.0,2862.0,1711.0,2418.0,7298.0,1251652.0,16824.0,8053.0,104368.0,40.380222
UPZ28,11,SUBA,2025,8,324.0,3158.0,1903.0,2388.0,7773.0,1251652.0,16824.0,8053.0,104368.0,40.380222
UPZ28,11,SUBA,2025,9,329.0,2656.0,1851.0,2300.0,7136.0,1251652.0,16824.0,8053.0,104368.0,40.380222
UPZ28,11,SUBA,2025,10,327.0,2433.0,1937.0,2514.0,7211.0,1251652.0,16824.0,8053.0,104368.0,40.380222
UPZ28,11,SUBA,2025,11,310.0,3109.0,1844.0,2692.0,7955.0,1251652.0,16824.0,8053.0,104368.0,40.380222
UPZ28,11,SUBA,2025,12,333.0,3324.0,2253.0,2877.0,8787.0,1251652.0,16824.0,8053.0,104368.0,40.380222
UPZ24,11,SUBA,2025,1,114.0,395.0,628.0,257.0,1394.0,1251652.0,16824.0,8053.0,104368.0,40.380222
UPZ24,11,SUBA,2025,2,128.0,493.0,801.0,329.0,1751.0,1251652.0,16824.0,8053.0,104368.0,40.380222
UPZ24,11,SUBA,2025,3,124.0,552.0,840.0,286.0,1802.0,1251652.0,16824.0,8053.0,104368.0,40.380222
UPZ24,11,SUBA,2025,4,132.0,555.0,780.0,349.0,1816.0,1251652.0,16824.0,8053.0,104368.0,40.380222
UPZ24,11,SUBA,2025,5,113.0,542.0,851.0,347.0,1853.0,1251652.0,16824.0,8053.0,104368.0,40.380222
UPZ24,11,SUBA,2025,6,102.0,571.0,813.0,501.0,1987.0,1251652.0,16824.0,8053.0,104368.0,40.380222
UPZ24,11,SUBA,2025,7,114.0,642.0,889.0,660.0,2305.0,1251652.0,16824.0,8053.0,104368.0,40.380222
UPZ24,11,SUBA,2025,8,107.0,654.0,793.0,367.0,1921.0,1251652.0,16824.0,8053.0,104368.0,40.380222
UPZ24,11,SUBA,2025,9,128.0,622.0,872.0,401.0,2023.0,1251652.0,16824.0,8053.0,104368.0,40.380222
UPZ24,11,SUBA,2025,10,113.0,620.0,878.0,331.0,1942.0,1251652.0,16824.0,8053.0,104368.0,40.380222
UPZ24,11,SUBA,2025,11,117.0,688.0,771.0,334.0,1910.0,1251652.0,16824.0,8053.0,104368.0,40.380222
UPZ24,11,SUBA,2025,12,114.0,713.0,905.0,333.0,2065.0,1251652.0,16824.0,8053.0,104368.0,40.380222
UPZ25,11,SUBA,2025,1,36.0,162.0,257.0,99.0,554.0,1251652.0,16824.0,8053.0,104368.0,40.380222
UPZ25,11,SUBA,2025,2,44.0,146.0,280.0,95.0,565.0,1251652.0,16824.0,8053.0,104368.0,40.380222
UPZ25,11,SUBA,2025,3,47.0,200.0,320.0,149.0,716.0,1251652.0,16824.0,8053.0,104368.0,40.380222
UPZ25,11,SUBA,2025,4,55.0,232.0,245.0,116.0,648.0,1251652.0,16824.0,8053.0,104368.0,40.380222
UPZ25,11,SUBA,2025,5,41.0,204.0,307.0,182.0,734.0,1251652.0,16824.0,8053.0,104368.0,40.380222
UPZ25,11,SUBA,2025,6,51.0,208.0,277.0,123.0,659.0,1251652.0,16824.0,8053.0,104368.0,40.380222
UPZ25,11,SUBA,2025,7,53.0,193.0,314.0,112.0,672.0,1251652.0,16824.0,8053.0,104368.0,40.380222
UPZ25,11,SUBA,2025,8,49.0,232.0,307.0,155.0,743.0,1251652.0,16824.0,8053.0,104368.0,40.380222
UPZ25,11,SUBA,2025,9,54.0,223.0,297.0,177.0,751.0,1251652.0,16824.0,8053.0,104368.0,40.380222
UPZ25,11,SUBA,2025,10,50.0,210.0,334.0,159.0,753.0,1251652.0,16824.0,8053.0,104368.0,40.380222
UPZ25,11,SUBA,2025,11,65.0,260.0,371.0,165.0,861.0,1251652.0,16824.0,8053.0,104368.0,40.380222
UPZ25,11,SUBA,2025,12,78.0,240.0,400.0,138.0,856.0,1251652.0,16824.0,8053.0,104368.0,40.380222
UPZ20,11,SUBA,2025,1,57.0,253.0,298.0,169.0,777.0,1251652.0,16824.0,8053.0,104368.0,40.380222
UPZ20,11,SUBA,2025,2,56.0,306.0,350.0,125.0,837.0,1251652.0,16824.0,8053.0,104368.0,40.380222
UPZ20,11,SUBA,2025,3,51.0,277.0,460.0,109.0,897.0,1251652.0,16824.0,8053.0,104368.0,40.380222
UPZ20,11,SUBA,2025,4,47.0,231.0,343.0,107.0,728.0,1251652.0,16824.0,8053.0,104368.0,40.380222
UPZ20,11,SUBA,2025,5,70.0,249.0,441.0,149.0,909.0,1251652.0,16824.0,8053.0,104368.0,40.380222
UPZ20,11,SUBA,2025,6,73.0,282.0,343.0,116.0,814.0,1251652.0,16824.0,8053.0,104368.0,40.380222
UPZ20,11,SUBA,2025,7,67.0,257.0,440.0,168.0,932.0,1251652.0,16824.0,8053.0,104368.0,40.380222
UPZ20,11,SUBA,2025,8,78.0,303.0,376.0,138.0,895.0,1251652.0,16824.0,8053.0,104368.0,40.380222
UPZ20,11,SUBA,2025,9,55.0,331.0,360.0,125.0,871.0,1251652.0,16824.0,8053.0,104368.0,40.380222
UPZ20,11,SUBA,2025,10,56.0,334.0,466.0,162.0,1018.0,1251652.0,16824.0,8053.0,104368.0,40.380222
UPZ20,11,SUBA,2025,11,46.0,377.0,359.0,132.0,914.0,1251652.0,16824.0,8053.0,104368.0,40.380222
UPZ20,11,SUBA,2025,12,76.0,412.0,432.0,223.0,1143.0,1251652.0,16824.0,8053.0,104368.0,40.380222
UPZ21,12,BARRIOS UNIDOS,2025,1,73.0,252.0,337.0,165.0,827.0,135332.0,5711.0,2911.0,21080.0,39.80123933333333
UPZ21,12,BARRIOS UNIDOS,2025,2,60.0,311.0,396.0,218.0,985.0,135332.0,5711.0,2911.0,21080.0,39.80123933333333
UPZ21,12,BARRIOS UNIDOS,2025,3,67.0,324.0,451.0,222.0,1064.0,135332.0,5711.0,2911.0,21080.0,39.80123933333333
UPZ21,12,BARRIOS UNIDOS,2025,4,95.0,334.0,439.0,204.0,1072.0,135332.0,5711.0,2911.0,21080.0,39.80123933333333
UPZ21,12,BARRIOS UNIDOS,2025,5,64.0,357.0,444.0,233.0,1098.0,135332.0,5711.0,2911.0,21080.0,39.80123933333333
UPZ21,12,BARRIOS UNIDOS,2025,6,81.0,373.0,357.0,233.0,1044.0,135332.0,5711.0,2911.0,21080.0,39.80123933333333
UPZ21,12,BARRIOS UNIDOS,2025,7,98.0,506.0,451.0,227.0,1282.0,135332.0,5711.0,2911.0,21080.0,39.80123933333333
UPZ21,12,BARRIOS UNIDOS,2025,8,73.0,385.0,489.0,200.0,1147.0,135332.0,5711.0,2911.0,21080.0,39.80123933333333
UPZ21,12,BARRIOS UNIDOS,2025,9,85.0,416.0,506.0,301.0,1308.0,135332.0,5711.0,2911.0,21080.0,39.80123933333333
UPZ21,12,BARRIOS UNIDOS,2025,10,97.0,487.0,520.0,274.0,1378.0,135332.0,5711.0,2911.0,21080.0,39.80123933333333
UPZ21,12,BARRIOS UNIDOS,2025,11,103.0,503.0,482.0,217.0,1305.0,135332.0,5711.0,2911.0,21080.0,39.80123933333333
UPZ21,12,BARRIOS UNIDOS,2025,12,73.0,459.0,443.0,213.0,1188.0,135332.0,5711.0,2911.0,21080.0,39.80123933333333
UPZ72,10,ENGATIVÁ,2025,1,78.0,225.0,342.0,265.0,910.0,831165.0,15693.0,7442.0,79411.0,43.08297155555556
UPZ72,10,ENGATIVÁ,2025,2,78.0,258.0,446.0,179.0,961.0,831165.0,15693.0,7442.0,79411.0,43.08297155555556
UPZ72,10,ENGATIVÁ,2025,3,96.0,290.0,509.0,303.0,1198.0,831165.0,15693.0,7442.0,79411.0,43.08297155555556
UPZ72,10,ENGATIVÁ,2025,4,86.0,242.0,457.0,248.0,1033.0,831165.0,15693.0,7442.0,79411.0,43.08297155555556
UPZ72,10,ENGATIVÁ,2025,5,73.0,312.0,516.0,257.0,1158.0,831165.0,15693.0,7442.0,79411.0,43.08297155555556
UPZ72,10,ENGATIVÁ,2025,6,73.0,324.0,409.0,261.0,1067.0,831165.0,15693.0,7442.0,79411.0,43.08297155555556
UPZ72,10,ENGATIVÁ,2025,7,71.0,338.0,457.0,249.0,1115.0,831165.0,15693.0,7442.0,79411.0,43.08297155555556
UPZ72,10,ENGATIVÁ,2025,8,64.0,298.0,407.0,296.0,1065.0,831165.0,15693.0,7442.0,79411.0,43.08297155555556
UPZ72,10,ENGATIVÁ,2025,9,67.0,259.0,447.0,289.0,1062.0,831165.0,15693.0,7442.0,79411.0,43.08297155555556
UPZ72,10,ENGATIVÁ,2025,10,62.0,329.0,474.0,272.0,1137.0,831165.0,15693.0,7442.0,79411.0,43.08297155555556
UPZ72,10,ENGATIVÁ,2025,11,67.0,357.0,552.0,351.0,1327.0,831165.0,15693.0,7442.0,79411.0,43.08297155555556
UPZ72,10,ENGATIVÁ,2025,12,57.0,347.0,543.0,262.0,1209.0,831165.0,15693.0,7442.0,79411.0,43.08297155555556
UPZ30,10,ENGATIVÁ,2025,1,195.0,985.0,949.0,700.0,2829.0,831165.0,15693.0,7442.0,79411.0,43.08297155555556
UPZ30,10,ENGATIVÁ,2025,2,193.0,1018.0,1044.0,730.0,2985.0,831165.0,15693.0,7442.0,79411.0,43.08297155555556
UPZ30,10,ENGATIVÁ,2025,3,198.0,1158.0,1176.0,959.0,3491.0,831165.0,15693.0,7442.0,79411.0,43.08297155555556
UPZ30,10,ENGATIVÁ,2025,4,203.0,1021.0,1093.0,964.0,3281.0,831165.0,15693.0,7442.0,79411.0,43.08297155555556
UPZ30,10,ENGATIVÁ,2025,5,224.0,1308.0,963.0,990.0,3485.0,831165.0,15693.0,7442.0,79411.0,43.08297155555556
UPZ30,10,ENGATIVÁ,2025,6,211.0,1142.0,1323.0,875.0,3551.0,831165.0,15693.0,7442.0,79411.0,43.08297155555556
UPZ30,10,ENGATIVÁ,2025,7,233.0,1498.0,1230.0,956.0,3917.0,831165.0,15693.0,7442.0,79411.0,43.08297155555556
UPZ30,10,ENGATIVÁ,2025,8,311.0,1504.0,1268.0,1096.0,4179.0,831165.0,15693.0,7442.0,79411.0,43.08297155555556
UPZ30,10,ENGATIVÁ,2025,9,230.0,1410.0,1145.0,941.0,3726.0,831165.0,15693.0,7442.0,79411.0,43.08297155555556
UPZ30,10,ENGATIVÁ,2025,10,248.0,1336.0,1114.0,918.0,3616.0,831165.0,15693.0,7442.0,79411.0,43.08297155555556
UPZ30,10,ENGATIVÁ,2025,11,248.0,1437.0,1245.0,1006.0,3936.0,831165.0,15693.0,7442.0,79411.0,43.08297155555556
UPZ30,10,ENGATIVÁ,2025,12,246.0,1590.0,1425.0,970.0,4231.0,831165.0,15693.0,7442.0,79411.0,43.08297155555556
UPZ26,10,ENGATIVÁ,2025,1,205.0,1008.0,948.0,617.0,2778.0,831165.0,15693.0,7442.0,79411.0,43.08297155555556
UPZ26,10,ENGATIVÁ,2025,2,199.0,1016.0,1083.0,707.0,3005.0,831165.0,15693.0,7442.0,79411.0,43.08297155555556
UPZ26,10,ENGATIVÁ,2025,3,249.0,1254.0,1253.0,892.0,3648.0,831165.0,15693.0,7442.0,79411.0,43.08297155555556
UPZ26,10,ENGATIVÁ,2025,4,220.0,1244.0,1215.0,916.0,3595.0,831165.0,15693.0,7442.0,79411.0,43.08297155555556
UPZ26,10,ENGATIVÁ,2025,5,232.0,1364.0,1235.0,915.0,3746.0,831165.0,15693.0,7442.0,79411.0,43.08297155555556
UPZ26,10,ENGATIVÁ,2025,6,240.0,1512.0,1102.0,1005.0,3859.0,831165.0,15693.0,7442.0,79411.0,43.08297155555556
UPZ26,10,ENGATIVÁ,2025,7,242.0,1325.0,1230.0,918.0,3715.0,831165.0,15693.0,7442.0,79411.0,43.08297155555556
UPZ26,10,ENGATIVÁ,2025,8,288.0,1279.0,1250.0,1021.0,3838.0,831165.0,15693.0,7442.0,79411.0,43.08297155555556
UPZ26,10,ENGATIVÁ,2025,9,339.0,1239.0,1329.0,983.0,3890.0,831165.0,15693.0,7442.0,79411.0,43.08297155555556
UPZ26,10,ENGATIVÁ,2025,10,324.0,1350.0,1302.0,1146.0,4122.0,831165.0,15693.0,7442.0,79411.0,43.08297155555556
UPZ26,10,ENGATIVÁ,2025,11,304.0,1381.0,1276.0,963.0,3924.0,831165.0,15693.0,7442.0,79411.0,43.08297155555556
UPZ26,10,ENGATIVÁ,2025,12,265.0,1626.0,1610.0,902.0,4403.0,831165.0,15693.0,7442.0,79411.0,43.08297155555556
UPZ22,12,BARRIOS UNIDOS,2025,1,131.0,693.0,515.0,386.0,1725.0,135332.0,5711.0,2911.0,21080.0,39.80123933333333
UPZ22,12,BARRIOS UNIDOS,2025,2,150.0,696.0,734.0,460.0,2040.0,135332.0,5711.0,2911.0,21080.0,39.80123933333333
UPZ22,12,BARRIOS UNIDOS,2025,3,156.0,729.0,678.0,475.0,2038.0,135332.0,5711.0,2911.0,21080.0,39.80123933333333
UPZ22,12,BARRIOS UNIDOS,2025,4,125.0,600.0,570.0,455.0,1750.0,135332.0,5711.0,2911.0,21080.0,39.80123933333333
UPZ22,12,BARRIOS UNIDOS,2025,5,131.0,798.0,679.0,473.0,2081.0,135332.0,5711.0,2911.0,21080.0,39.80123933333333
UPZ22,12,BARRIOS UNIDOS,2025,6,131.0,745.0,635.0,470.0,1981.0,135332.0,5711.0,2911.0,21080.0,39.80123933333333
UPZ22,12,BARRIOS UNIDOS,2025,7,117.0,761.0,786.0,443.0,2107.0,135332.0,5711.0,2911.0,21080.0,39.80123933333333
UPZ22,12,BARRIOS UNIDOS,2025,8,135.0,813.0,692.0,572.0,2212.0,135332.0,5711.0,2911.0,21080.0,39.80123933333333
UPZ22,12,BARRIOS UNIDOS,2025,9,149.0,836.0,745.0,533.0,2263.0,135332.0,5711.0,2911.0,21080.0,39.80123933333333
UPZ22,12,BARRIOS UNIDOS,2025,10,126.0,757.0,689.0,544.0,2116.0,135332.0,5711.0,2911.0,21080.0,39.80123933333333
UPZ22,12,BARRIOS UNIDOS,2025,11,152.0,844.0,813.0,529.0,2338.0,135332.0,5711.0,2911.0,21080.0,39.80123933333333
UPZ22,12,BARRIOS UNIDOS,2025,12,114.0,996.0,779.0,484.0,2373.0,135332.0,5711.0,2911.0,21080.0,39.80123933333333
UPZ98,12,BARRIOS UNIDOS,2025,1,261.0,837.0,866.0,513.0,2477.0,135332.0,5711.0,2911.0,21080.0,39.80123933333333
UPZ98,12,BARRIOS UNIDOS,2025,2,227.0,948.0,1244.0,548.0,2967.0,135332.0,5711.0,2911.0,21080.0,39.80123933333333
UPZ98,12,BARRIOS UNIDOS,2025,3,270.0,1093.0,1392.0,618.0,3373.0,135332.0,5711.0,2911.0,21080.0,39.80123933333333
UPZ98,12,BARRIOS UNIDOS,2025,4,235.0,1030.0,1232.0,644.0,3141.0,135332.0,5711.0,2911.0,21080.0,39.80123933333333
UPZ98,12,BARRIOS UNIDOS,2025,5,212.0,1086.0,1303.0,584.0,3185.0,135332.0,5711.0,2911.0,21080.0,39.80123933333333
UPZ98,12,BARRIOS UNIDOS,2025,6,284.0,1188.0,1094.0,534.0,3100.0,135332.0,5711.0,2911.0,21080.0,39.80123933333333
UPZ98,12,BARRIOS UNIDOS,2025,7,261.0,1118.0,1248.0,617.0,3244.0,135332.0,5711.0,2911.0,21080.0,39.80123933333333
UPZ98,12,BARRIOS UNIDOS,2025,8,361.0,1111.0,1282.0,701.0,3455.0,135332.0,5711.0,2911.0,21080.0,39.80123933333333
UPZ98,12,BARRIOS UNIDOS,2025,9,394.0,1193.0,1370.0,739.0,3696.0,135332.0,5711.0,2911.0,21080.0,39.80123933333333
UPZ98,12,BARRIOS UNIDOS,2025,10,285.0,1245.0,1363.0,676.0,3569.0,135332.0,5711.0,2911.0,21080.0,39.80123933333333
UPZ98,12,BARRIOS UNIDOS,2025,11,307.0,1269.0,1330.0,750.0,3656.0,135332.0,5711.0,2911.0,21080.0,39.80123933333333
UPZ98,12,BARRIOS UNIDOS,2025,12,278.0,1488.0,1210.0,730.0,3706.0,135332.0,5711.0,2911.0,21080.0,39.80123933333333
UPZ83,08,KENNEDY,2025,1,24.0,66.0,163.0,107.0,360.0,1103801.0,14846.0,6785.0,97402.0,42.087377222222216
UPZ83,08,KENNEDY,2025,2,23.0,57.0,121.0,126.0,327.0,1103801.0,14846.0,6785.0,97402.0,42.087377222222216
UPZ83,08,KENNEDY,2025,3,32.0,75.0,170.0,144.0,421.0,1103801.0,14846.0,6785.0,97402.0,42.087377222222216
UPZ83,08,KENNEDY,2025,4,36.0,75.0,165.0,102.0,378.0,1103801.0,14846.0,6785.0,97402.0,42.087377222222216
UPZ83,08,KENNEDY,2025,5,25.0,63.0,161.0,126.0,375.0,1103801.0,14846.0,6785.0,97402.0,42.087377222222216
UPZ83,08,KENNEDY,2025,6,42.0,62.0,183.0,120.0,407.0,1103801.0,14846.0,6785.0,97402.0,42.087377222222216
UPZ83,08,KENNEDY,2025,7,13.0,63.0,164.0,119.0,359.0,1103801.0,14846.0,6785.0,97402.0,42.087377222222216
UPZ83,08,KENNEDY,2025,8,31.0,80.0,164.0,101.0,376.0,1103801.0,14846.0,6785.0,97402.0,42.087377222222216
UPZ83,08,KENNEDY,2025,9,20.0,60.0,178.0,120.0,378.0,1103801.0,14846.0,6785.0,97402.0,42.087377222222216
UPZ83,08,KENNEDY,2025,10,27.0,60.0,190.0,137.0,414.0,1103801.0,14846.0,6785.0,97402.0,42.087377222222216
UPZ83,08,KENNEDY,2025,11,24.0,61.0,213.0,121.0,419.0,1103801.0,14846.0,6785.0,97402.0,42.087377222222216
UPZ83,08,KENNEDY,2025,12,18.0,108.0,191.0,136.0,453.0,1103801.0,14846.0,6785.0,97402.0,42.087377222222216
UPZ82,08,KENNEDY,2025,3,154.0,1376.0,1039.0,1496.0,4065.0,1103801.0,14846.0,6785.0,97402.0,42.087377222222216
UPZ82,08,KENNEDY,2025,6,160.0,1242.0,1183.0,1398.0,3983.0,1103801.0,14846.0,6785.0,97402.0,42.087377222222216
UPZ82,08,KENNEDY,2025,7,160.0,1293.0,1063.0,1384.0,3900.0,1103801.0,14846.0,6785.0,97402.0,42.087377222222216
UPZ82,08,KENNEDY,2025,1,115.0,901.0,829.0,1055.0,2900.0,1103801.0,14846.0,6785.0,97402.0,42.087377222222216
UPZ82,08,KENNEDY,2025,2,137.0,936.0,828.0,1103.0,3004.0,1103801.0,14846.0,6785.0,97402.0,42.087377222222216
UPZ82,08,KENNEDY,2025,4,157.0,1156.0,996.0,1404.0,3713.0,1103801.0,14846.0,6785.0,97402.0,42.087377222222216
UPZ82,08,KENNEDY,2025,5,149.0,1213.0,920.0,1356.0,3638.0,1103801.0,14846.0,6785.0,97402.0,42.087377222222216
UPZ82,08,KENNEDY,2025,8,168.0,1376.0,1032.0,1470.0,4046.0,1103801.0,14846.0,6785.0,97402.0,42.087377222222216
UPZ82,08,KENNEDY,2025,9,145.0,1228.0,1032.0,1450.0,3855.0,1103801.0,14846.0,6785.0,97402.0,42.087377222222216
UPZ82,08,KENNEDY,2025,10,164.0,1173.0,1133.0,1402.0,3872.0,1103801.0,14846.0,6785.0,97402.0,42.087377222222216
UPZ82,08,KENNEDY,2025,11,144.0,1395.0,1094.0,1497.0,4130.0,1103801.0,14846.0,6785.0,97402.0,42.087377222222216
UPZ82,08,KENNEDY,2025,12,165.0,1474.0,1331.0,1725.0,4695.0,1103801.0,14846.0,6785.0,97402.0,42.087377222222216
UPZ46,08,KENNEDY,2025,1,170.0,989.0,938.0,608.0,2705.0,1103801.0,14846.0,6785.0,97402.0,42.087377222222216
UPZ46,08,KENNEDY,2025,2,219.0,1037.0,1019.0,719.0,2994.0,1103801.0,14846.0,6785.0,97402.0,42.087377222222216
UPZ46,08,KENNEDY,2025,3,190.0,1243.0,1161.0,842.0,3436.0,1103801.0,14846.0,6785.0,97402.0,42.087377222222216
UPZ46,08,KENNEDY,2025,4,185.0,988.0,1058.0,803.0,3034.0,1103801.0,14846.0,6785.0,97402.0,42.087377222222216
UPZ46,08,KENNEDY,2025,5,216.0,1164.0,1127.0,818.0,3325.0,1103801.0,14846.0,6785.0,97402.0,42.087377222222216
UPZ46,08,KENNEDY,2025,6,185.0,960.0,1046.0,938.0,3129.0,1103801.0,14846.0,6785.0,97402.0,42.087377222222216
UPZ46,08,KENNEDY,2025,7,217.0,1118.0,1011.0,794.0,3140.0,1103801.0,14846.0,6785.0,97402.0,42.087377222222216
UPZ46,08,KENNEDY,2025,8,185.0,1131.0,1157.0,869.0,3342.0,1103801.0,14846.0,6785.0,97402.0,42.087377222222216
UPZ46,08,KENNEDY,2025,9,210.0,1224.0,1195.0,938.0,3567.0,1103801.0,14846.0,6785.0,97402.0,42.087377222222216
UPZ46,08,KENNEDY,2025,10,171.0,1175.0,1162.0,842.0,3350.0,1103801.0,14846.0,6785.0,97402.0,42.087377222222216
UPZ46,08,KENNEDY,2025,11,203.0,1183.0,1111.0,891.0,3388.0,1103801.0,14846.0,6785.0,97402.0,42.087377222222216
UPZ46,08,KENNEDY,2025,12,189.0,1580.0,1538.0,1148.0,4455.0,1103801.0,14846.0,6785.0,97402.0,42.087377222222216
UPZ44,08,KENNEDY,2025,1,183.0,543.0,676.0,421.0,1823.0,1103801.0,14846.0,6785.0,97402.0,42.087377222222216
UPZ44,08,KENNEDY,2025,2,160.0,639.0,841.0,508.0,2148.0,1103801.0,14846.0,6785.0,97402.0,42.087377222222216
UPZ44,08,KENNEDY,2025,3,182.0,767.0,968.0,595.0,2512.0,1103801.0,14846.0,6785.0,97402.0,42.087377222222216
UPZ44,08,KENNEDY,2025,4,179.0,629.0,955.0,562.0,2325.0,1103801.0,14846.0,6785.0,97402.0,42.087377222222216
UPZ44,08,KENNEDY,2025,5,190.0,708.0,936.0,521.0,2355.0,1103801.0,14846.0,6785.0,97402.0,42.087377222222216
UPZ44,08,KENNEDY,2025,6,185.0,698.0,921.0,673.0,2477.0,1103801.0,14846.0,6785.0,97402.0,42.087377222222216
UPZ44,08,KENNEDY,2025,7,167.0,768.0,975.0,551.0,2461.0,1103801.0,14846.0,6785.0,97402.0,42.087377222222216
UPZ44,08,KENNEDY,2025,8,195.0,840.0,904.0,638.0,2577.0,1103801.0,14846.0,6785.0,97402.0,42.087377222222216
UPZ44,08,KENNEDY,2025,9,165.0,816.0,959.0,616.0,2556.0,1103801.0,14846.0,6785.0,97402.0,42.087377222222216
UPZ44,08,KENNEDY,2025,10,139.0,845.0,1068.0,638.0,2690.0,1103801.0,14846.0,6785.0,97402.0,42.087377222222216
UPZ44,08,KENNEDY,2025,11,136.0,731.0,965.0,605.0,2437.0,1103801.0,14846.0,6785.0,97402.0,42.087377222222216
UPZ44,08,KENNEDY,2025,12,177.0,948.0,1070.0,627.0,2822.0,1103801.0,14846.0,6785.0,97402.0,42.087377222222216
UPZ43,16,PUENTE ARANDA,2025,1,162.0,600.0,583.0,389.0,1734.0,249519.0,8727.0,4312.0,29954.0,41.012262222222226
UPZ43,16,PUENTE ARANDA,2025,2,148.0,610.0,697.0,521.0,1976.0,249519.0,8727.0,4312.0,29954.0,41.012262222222226
UPZ43,16,PUENTE ARANDA,2025,3,115.0,633.0,649.0,500.0,1897.0,249519.0,8727.0,4312.0,29954.0,41.012262222222226
UPZ43,16,PUENTE ARANDA,2025,4,122.0,664.0,586.0,503.0,1875.0,249519.0,8727.0,4312.0,29954.0,41.012262222222226
UPZ43,16,PUENTE ARANDA,2025,5,146.0,882.0,669.0,549.0,2246.0,249519.0,8727.0,4312.0,29954.0,41.012262222222226
UPZ43,16,PUENTE ARANDA,2025,6,156.0,810.0,686.0,530.0,2182.0,249519.0,8727.0,4312.0,29954.0,41.012262222222226
UPZ43,16,PUENTE ARANDA,2025,7,127.0,721.0,779.0,528.0,2155.0,249519.0,8727.0,4312.0,29954.0,41.012262222222226
UPZ43,16,PUENTE ARANDA,2025,8,138.0,689.0,749.0,470.0,2046.0,249519.0,8727.0,4312.0,29954.0,41.012262222222226
UPZ43,16,PUENTE ARANDA,2025,9,138.0,693.0,773.0,602.0,2206.0,249519.0,8727.0,4312.0,29954.0,41.012262222222226
UPZ43,16,PUENTE ARANDA,2025,10,127.0,697.0,815.0,577.0,2216.0,249519.0,8727.0,4312.0,29954.0,41.012262222222226
UPZ43,16,PUENTE ARANDA,2025,11,132.0,812.0,794.0,585.0,2323.0,249519.0,8727.0,4312.0,29954.0,41.012262222222226
UPZ43,16,PUENTE ARANDA,2025,12,117.0,916.0,993.0,598.0,2624.0,249519.0,8727.0,4312.0,29954.0,41.012262222222226
UPZ111,16,PUENTE ARANDA,2025,1,47.0,159.0,315.0,134.0,655.0,249519.0,8727.0,4312.0,29954.0,41.012262222222226
UPZ111,16,PUENTE ARANDA,2025,2,66.0,199.0,461.0,194.0,920.0,249519.0,8727.0,4312.0,29954.0,41.012262222222226
UPZ111,16,PUENTE ARANDA,2025,3,65.0,206.0,462.0,214.0,947.0,249519.0,8727.0,4312.0,29954.0,41.012262222222226
UPZ111,16,PUENTE ARANDA,2025,4,68.0,221.0,461.0,155.0,905.0,249519.0,8727.0,4312.0,29954.0,41.012262222222226
UPZ111,16,PUENTE ARANDA,2025,5,66.0,200.0,438.0,200.0,904.0,249519.0,8727.0,4312.0,29954.0,41.012262222222226
UPZ111,16,PUENTE ARANDA,2025,6,58.0,210.0,422.0,206.0,896.0,249519.0,8727.0,4312.0,29954.0,41.012262222222226
UPZ111,16,PUENTE ARANDA,2025,7,65.0,208.0,502.0,197.0,972.0,249519.0,8727.0,4312.0,29954.0,41.012262222222226
UPZ111,16,PUENTE ARANDA,2025,8,79.0,222.0,512.0,169.0,982.0,249519.0,8727.0,4312.0,29954.0,41.012262222222226
UPZ111,16,PUENTE ARANDA,2025,9,57.0,195.0,617.0,274.0,1143.0,249519.0,8727.0,4312.0,29954.0,41.012262222222226
UPZ111,16,PUENTE ARANDA,2025,10,79.0,197.0,532.0,222.0,1030.0,249519.0,8727.0,4312.0,29954.0,41.012262222222226
UPZ111,16,PUENTE ARANDA,2025,11,69.0,164.0,589.0,230.0,1052.0,249519.0,8727.0,4312.0,29954.0,41.012262222222226
UPZ111,16,PUENTE ARANDA,2025,12,72.0,176.0,606.0,225.0,1079.0,249519.0,8727.0,4312.0,29954.0,41.012262222222226
UPZ115,09,FONTIBÓN,2025,1,38.0,107.0,187.0,112.0,444.0,385455.0,8918.0,4695.0,32664.0,38.790278777777786
UPZ115,09,FONTIBÓN,2025,2,24.0,99.0,197.0,96.0,416.0,385455.0,8918.0,4695.0,32664.0,38.790278777777786
UPZ115,09,FONTIBÓN,2025,3,34.0,114.0,209.0,93.0,450.0,385455.0,8918.0,4695.0,32664.0,38.790278777777786
UPZ115,09,FONTIBÓN,2025,4,44.0,120.0,199.0,111.0,474.0,385455.0,8918.0,4695.0,32664.0,38.790278777777786
UPZ115,09,FONTIBÓN,2025,5,27.0,102.0,216.0,102.0,447.0,385455.0,8918.0,4695.0,32664.0,38.790278777777786
UPZ115,09,FONTIBÓN,2025,6,50.0,127.0,267.0,118.0,562.0,385455.0,8918.0,4695.0,32664.0,38.790278777777786
UPZ115,09,FONTIBÓN,2025,7,38.0,134.0,237.0,104.0,513.0,385455.0,8918.0,4695.0,32664.0,38.790278777777786
UPZ115,09,FONTIBÓN,2025,8,38.0,158.0,229.0,131.0,556.0,385455.0,8918.0,4695.0,32664.0,38.790278777777786
UPZ115,09,FONTIBÓN,2025,9,39.0,133.0,268.0,150.0,590.0,385455.0,8918.0,4695.0,32664.0,38.790278777777786
UPZ115,09,FONTIBÓN,2025,10,46.0,151.0,241.0,124.0,562.0,385455.0,8918.0,4695.0,32664.0,38.790278777777786
UPZ115,09,FONTIBÓN,2025,11,38.0,148.0,298.0,119.0,603.0,385455.0,8918.0,4695.0,32664.0,38.790278777777786
UPZ115,09,FONTIBÓN,2025,12,36.0,173.0,251.0,146.0,606.0,385455.0,8918.0,4695.0,32664.0,38.790278777777786
UPZ116,10,ENGATIVÁ,2025,1,59.0,141.0,287.0,85.0,572.0,831165.0,15693.0,7442.0,79411.0,43.08297155555556
UPZ116,10,ENGATIVÁ,2025,2,44.0,208.0,430.0,120.0,802.0,831165.0,15693.0,7442.0,79411.0,43.08297155555556
UPZ116,10,ENGATIVÁ,2025,3,44.0,171.0,374.0,130.0,719.0,831165.0,15693.0,7442.0,79411.0,43.08297155555556
UPZ116,10,ENGATIVÁ,2025,4,43.0,171.0,346.0,120.0,680.0,831165.0,15693.0,7442.0,79411.0,43.08297155555556
UPZ116,10,ENGATIVÁ,2025,5,38.0,169.0,413.0,151.0,771.0,831165.0,15693.0,7442.0,79411.0,43.08297155555556
UPZ116,10,ENGATIVÁ,2025,6,71.0,177.0,353.0,138.0,739.0,831165.0,15693.0,7442.0,79411.0,43.08297155555556
UPZ116,10,ENGATIVÁ,2025,7,76.0,174.0,375.0,126.0,751.0,831165.0,15693.0,7442.0,79411.0,43.08297155555556
UPZ116,10,ENGATIVÁ,2025,8,41.0,218.0,405.0,177.0,841.0,831165.0,15693.0,7442.0,79411.0,43.08297155555556
UPZ116,10,ENGATIVÁ,2025,9,61.0,172.0,376.0,173.0,782.0,831165.0,15693.0,7442.0,79411.0,43.08297155555556
UPZ116,10,ENGATIVÁ,2025,10,37.0,210.0,398.0,173.0,818.0,831165.0,15693.0,7442.0,79411.0,43.08297155555556
UPZ116,10,ENGATIVÁ,2025,11,65.0,179.0,459.0,196.0,899.0,831165.0,15693.0,7442.0,79411.0,43.08297155555556
UPZ116,10,ENGATIVÁ,2025,12,65.0,302.0,438.0,155.0,960.0,831165.0,15693.0,7442.0,79411.0,43.08297155555556
UPZ105,10,ENGATIVÁ,2025,1,19.0,49.0,59.0,28.0,155.0,831165.0,15693.0,7442.0,79411.0,43.08297155555556
UPZ105,10,ENGATIVÁ,2025,2,20.0,57.0,123.0,48.0,248.0,831165.0,15693.0,7442.0,79411.0,43.08297155555556
UPZ105,10,ENGATIVÁ,2025,3,25.0,50.0,138.0,46.0,259.0,831165.0,15693.0,7442.0,79411.0,43.08297155555556
UPZ105,10,ENGATIVÁ,2025,4,23.0,67.0,138.0,76.0,304.0,831165.0,15693.0,7442.0,79411.0,43.08297155555556
UPZ105,10,ENGATIVÁ,2025,5,20.0,62.0,134.0,53.0,269.0,831165.0,15693.0,7442.0,79411.0,43.08297155555556
UPZ105,10,ENGATIVÁ,2025,6,21.0,49.0,121.0,61.0,252.0,831165.0,15693.0,7442.0,79411.0,43.08297155555556
UPZ105,10,ENGATIVÁ,2025,7,24.0,74.0,125.0,56.0,279.0,831165.0,15693.0,7442.0,79411.0,43.08297155555556
UPZ105,10,ENGATIVÁ,2025,8,30.0,72.0,121.0,83.0,306.0,831165.0,15693.0,7442.0,79411.0,43.08297155555556
UPZ105,10,ENGATIVÁ,2025,9,37.0,76.0,137.0,52.0,302.0,831165.0,15693.0,7442.0,79411.0,43.08297155555556
UPZ105,10,ENGATIVÁ,2025,10,24.0,45.0,226.0,52.0,347.0,831165.0,15693.0,7442.0,79411.0,43.08297155555556
UPZ105,10,ENGATIVÁ,2025,11,24.0,69.0,176.0,58.0,327.0,831165.0,15693.0,7442.0,79411.0,43.08297155555556
UPZ105,10,ENGATIVÁ,2025,12,23.0,94.0,185.0,46.0,348.0,831165.0,15693.0,7442.0,79411.0,43.08297155555556
UPZ104,13,TEUSAQUILLO,2025,1,28.0,71.0,177.0,53.0,329.0,155083.0,8975.0,5315.0,21506.0,42.044905888888884
UPZ104,13,TEUSAQUILLO,2025,2,44.0,100.0,190.0,66.0,400.0,155083.0,8975.0,5315.0,21506.0,42.044905888888884
UPZ104,13,TEUSAQUILLO,2025,3,37.0,106.0,194.0,55.0,392.0,155083.0,8975.0,5315.0,21506.0,42.044905888888884
UPZ104,13,TEUSAQUILLO,2025,4,37.0,70.0,223.0,74.0,404.0,155083.0,8975.0,5315.0,21506.0,42.044905888888884
UPZ104,13,TEUSAQUILLO,2025,5,41.0,105.0,218.0,70.0,434.0,155083.0,8975.0,5315.0,21506.0,42.044905888888884
UPZ104,13,TEUSAQUILLO,2025,6,32.0,78.0,188.0,95.0,393.0,155083.0,8975.0,5315.0,21506.0,42.044905888888884
UPZ104,13,TEUSAQUILLO,2025,7,32.0,94.0,239.0,79.0,444.0,155083.0,8975.0,5315.0,21506.0,42.044905888888884
UPZ104,13,TEUSAQUILLO,2025,8,33.0,149.0,280.0,89.0,551.0,155083.0,8975.0,5315.0,21506.0,42.044905888888884
UPZ104,13,TEUSAQUILLO,2025,9,40.0,180.0,248.0,75.0,543.0,155083.0,8975.0,5315.0,21506.0,42.044905888888884
UPZ104,13,TEUSAQUILLO,2025,10,54.0,162.0,248.0,82.0,546.0,155083.0,8975.0,5315.0,21506.0,42.044905888888884
UPZ104,13,TEUSAQUILLO,2025,11,32.0,255.0,289.0,99.0,675.0,155083.0,8975.0,5315.0,21506.0,42.044905888888884
UPZ104,13,TEUSAQUILLO,2025,12,33.0,128.0,218.0,83.0,462.0,155083.0,8975.0,5315.0,21506.0,42.044905888888884
UPZ109,13,TEUSAQUILLO,2025,1,36.0,58.0,149.0,57.0,300.0,155083.0,8975.0,5315.0,21506.0,42.044905888888884
UPZ109,13,TEUSAQUILLO,2025,2,30.0,90.0,241.0,58.0,419.0,155083.0,8975.0,5315.0,21506.0,42.044905888888884
UPZ109,13,TEUSAQUILLO,2025,3,40.0,124.0,286.0,77.0,527.0,155083.0,8975.0,5315.0,21506.0,42.044905888888884
UPZ109,13,TEUSAQUILLO,2025,4,39.0,79.0,186.0,55.0,359.0,155083.0,8975.0,5315.0,21506.0,42.044905888888884
UPZ109,13,TEUSAQUILLO,2025,5,50.0,101.0,228.0,71.0,450.0,155083.0,8975.0,5315.0,21506.0,42.044905888888884
UPZ109,13,TEUSAQUILLO,2025,6,30.0,116.0,190.0,54.0,390.0,155083.0,8975.0,5315.0,21506.0,42.044905888888884
UPZ109,13,TEUSAQUILLO,2025,7,32.0,124.0,217.0,61.0,434.0,155083.0,8975.0,5315.0,21506.0,42.044905888888884
UPZ109,13,TEUSAQUILLO,2025,8,49.0,134.0,295.0,97.0,575.0,155083.0,8975.0,5315.0,21506.0,42.044905888888884
UPZ109,13,TEUSAQUILLO,2025,9,20.0,190.0,265.0,89.0,564.0,155083.0,8975.0,5315.0,21506.0,42.044905888888884
UPZ109,13,TEUSAQUILLO,2025,10,37.0,110.0,214.0,82.0,443.0,155083.0,8975.0,5315.0,21506.0,42.044905888888884
UPZ109,13,TEUSAQUILLO,2025,11,29.0,142.0,266.0,99.0,536.0,155083.0,8975.0,5315.0,21506.0,42.044905888888884
UPZ109,13,TEUSAQUILLO,2025,12,31.0,132.0,247.0,77.0,487.0,155083.0,8975.0,5315.0,21506.0,42.044905888888884
UPZ107,13,TEUSAQUILLO,2025,1,74.0,243.0,331.0,136.0,784.0,155083.0,8975.0,5315.0,21506.0,42.044905888888884
UPZ107,13,TEUSAQUILLO,2025,2,88.0,255.0,385.0,165.0,893.0,155083.0,8975.0,5315.0,21506.0,42.044905888888884
UPZ107,13,TEUSAQUILLO,2025,3,79.0,388.0,369.0,211.0,1047.0,155083.0,8975.0,5315.0,21506.0,42.044905888888884
UPZ107,13,TEUSAQUILLO,2025,4,96.0,441.0,376.0,225.0,1138.0,155083.0,8975.0,5315.0,21506.0,42.044905888888884
UPZ107,13,TEUSAQUILLO,2025,5,111.0,323.0,410.0,251.0,1095.0,155083.0,8975.0,5315.0,21506.0,42.044905888888884
UPZ107,13,TEUSAQUILLO,2025,6,101.0,292.0,363.0,182.0,938.0,155083.0,8975.0,5315.0,21506.0,42.044905888888884
UPZ107,13,TEUSAQUILLO,2025,7,114.0,301.0,553.0,160.0,1128.0,155083.0,8975.0,5315.0,21506.0,42.044905888888884
UPZ107,13,TEUSAQUILLO,2025,8,108.0,347.0,410.0,174.0,1039.0,155083.0,8975.0,5315.0,21506.0,42.044905888888884
UPZ107,13,TEUSAQUILLO,2025,9,106.0,359.0,402.0,195.0,1062.0,155083.0,8975.0,5315.0,21506.0,42.044905888888884
UPZ107,13,TEUSAQUILLO,2025,10,160.0,344.0,526.0,198.0,1228.0,155083.0,8975.0,5315.0,21506.0,42.044905888888884
UPZ107,13,TEUSAQUILLO,2025,11,117.0,287.0,488.0,207.0,1099.0,155083.0,8975.0,5315.0,21506.0,42.044905888888884
UPZ107,13,TEUSAQUILLO,2025,12,88.0,319.0,402.0,151.0,960.0,155083.0,8975.0,5315.0,21506.0,42.044905888888884
UPZ101,13,TEUSAQUILLO,2025,1,151.0,589.0,577.0,294.0,1611.0,155083.0,8975.0,5315.0,21506.0,42.044905888888884
UPZ101,13,TEUSAQUILLO,2025,2,157.0,676.0,587.0,336.0,1756.0,155083.0,8975.0,5315.0,21506.0,42.044905888888884
UPZ101,13,TEUSAQUILLO,2025,3,172.0,758.0,685.0,311.0,1926.0,155083.0,8975.0,5315.0,21506.0,42.044905888888884
UPZ101,13,TEUSAQUILLO,2025,4,107.0,759.0,601.0,292.0,1759.0,155083.0,8975.0,5315.0,21506.0,42.044905888888884
UPZ101,13,TEUSAQUILLO,2025,5,174.0,832.0,688.0,420.0,2114.0,155083.0,8975.0,5315.0,21506.0,42.044905888888884
UPZ101,13,TEUSAQUILLO,2025,6,169.0,720.0,580.0,359.0,1828.0,155083.0,8975.0,5315.0,21506.0,42.044905888888884
UPZ101,13,TEUSAQUILLO,2025,7,187.0,798.0,652.0,323.0,1960.0,155083.0,8975.0,5315.0,21506.0,42.044905888888884
UPZ101,13,TEUSAQUILLO,2025,8,190.0,882.0,731.0,403.0,2206.0,155083.0,8975.0,5315.0,21506.0,42.044905888888884
UPZ101,13,TEUSAQUILLO,2025,9,203.0,890.0,822.0,369.0,2284.0,155083.0,8975.0,5315.0,21506.0,42.044905888888884
UPZ101,13,TEUSAQUILLO,2025,10,197.0,764.0,724.0,455.0,2140.0,155083.0,8975.0,5315.0,21506.0,42.044905888888884
UPZ101,13,TEUSAQUILLO,2025,11,183.0,806.0,616.0,336.0,1941.0,155083.0,8975.0,5315.0,21506.0,42.044905888888884
UPZ101,13,TEUSAQUILLO,2025,12,132.0,798.0,636.0,301.0,1867.0,155083.0,8975.0,5315.0,21506.0,42.044905888888884
UPZ92,03,SANTA FE,2025,1,23.0,163.0,305.0,101.0,592.0,113315.0,7149.0,3943.0,18831.0,40.005426111111106
UPZ92,03,SANTA FE,2025,2,38.0,143.0,215.0,94.0,490.0,113315.0,7149.0,3943.0,18831.0,40.005426111111106
UPZ92,03,SANTA FE,2025,3,22.0,171.0,169.0,98.0,460.0,113315.0,7149.0,3943.0,18831.0,40.005426111111106
UPZ92,03,SANTA FE,2025,4,52.0,129.0,229.0,106.0,516.0,113315.0,7149.0,3943.0,18831.0,40.005426111111106
UPZ92,03,SANTA FE,2025,5,33.0,143.0,233.0,115.0,524.0,113315.0,7149.0,3943.0,18831.0,40.005426111111106
UPZ92,03,SANTA FE,2025,6,26.0,145.0,203.0,106.0,480.0,113315.0,7149.0,3943.0,18831.0,40.005426111111106
UPZ92,03,SANTA FE,2025,7,36.0,180.0,360.0,124.0,700.0,113315.0,7149.0,3943.0,18831.0,40.005426111111106
UPZ92,03,SANTA FE,2025,8,42.0,248.0,282.0,139.0,711.0,113315.0,7149.0,3943.0,18831.0,40.005426111111106
UPZ92,03,SANTA FE,2025,9,41.0,187.0,257.0,135.0,620.0,113315.0,7149.0,3943.0,18831.0,40.005426111111106
UPZ92,03,SANTA FE,2025,10,30.0,168.0,256.0,133.0,587.0,113315.0,7149.0,3943.0,18831.0,40.005426111111106
UPZ92,03,SANTA FE,2025,11,15.0,200.0,212.0,106.0,533.0,113315.0,7149.0,3943.0,18831.0,40.005426111111106
UPZ92,03,SANTA FE,2025,12,14.0,208.0,247.0,116.0,585.0,113315.0,7149.0,3943.0,18831.0,40.005426111111106
UPZ49,07,BOSA,2025,1,33.0,296.0,300.0,220.0,849.0,768002.0,8257.0,3354.0,66490.0,39.788368000000006
UPZ49,07,BOSA,2025,2,30.0,177.0,348.0,185.0,740.0,768002.0,8257.0,3354.0,66490.0,39.788368000000006
UPZ49,07,BOSA,2025,3,39.0,262.0,310.0,222.0,833.0,768002.0,8257.0,3354.0,66490.0,39.788368000000006
UPZ49,07,BOSA,2025,4,44.0,200.0,332.0,223.0,799.0,768002.0,8257.0,3354.0,66490.0,39.788368000000006
UPZ49,07,BOSA,2025,5,42.0,266.0,395.0,205.0,908.0,768002.0,8257.0,3354.0,66490.0,39.788368000000006
UPZ49,07,BOSA,2025,6,29.0,261.0,343.0,185.0,818.0,768002.0,8257.0,3354.0,66490.0,39.788368000000006
UPZ49,07,BOSA,2025,7,45.0,229.0,377.0,178.0,829.0,768002.0,8257.0,3354.0,66490.0,39.788368000000006
UPZ49,07,BOSA,2025,8,46.0,293.0,312.0,179.0,830.0,768002.0,8257.0,3354.0,66490.0,39.788368000000006
UPZ49,07,BOSA,2025,9,36.0,298.0,347.0,254.0,935.0,768002.0,8257.0,3354.0,66490.0,39.788368000000006
UPZ49,07,BOSA,2025,10,38.0,247.0,319.0,222.0,826.0,768002.0,8257.0,3354.0,66490.0,39.788368000000006
UPZ49,07,BOSA,2025,11,37.0,312.0,376.0,242.0,967.0,768002.0,8257.0,3354.0,66490.0,39.788368000000006
UPZ49,07,BOSA,2025,12,37.0,291.0,436.0,244.0,1008.0,768002.0,8257.0,3354.0,66490.0,39.788368000000006
UPZ65,19,CIUDAD BOLÍVAR,2025,1,74.0,423.0,423.0,331.0,1251.0,685039.0,9555.0,3195.0,58885.0,40.28282411111111
UPZ65,19,CIUDAD BOLÍVAR,2025,2,70.0,463.0,540.0,396.0,1469.0,685039.0,9555.0,3195.0,58885.0,40.28282411111111
UPZ65,19,CIUDAD BOLÍVAR,2025,3,73.0,625.0,490.0,499.0,1687.0,685039.0,9555.0,3195.0,58885.0,40.28282411111111
UPZ65,19,CIUDAD BOLÍVAR,2025,4,83.0,435.0,495.0,341.0,1354.0,685039.0,9555.0,3195.0,58885.0,40.28282411111111
UPZ65,19,CIUDAD BOLÍVAR,2025,5,89.0,454.0,542.0,465.0,1550.0,685039.0,9555.0,3195.0,58885.0,40.28282411111111
UPZ65,19,CIUDAD BOLÍVAR,2025,6,86.0,443.0,576.0,477.0,1582.0,685039.0,9555.0,3195.0,58885.0,40.28282411111111
UPZ65,19,CIUDAD BOLÍVAR,2025,7,125.0,524.0,532.0,418.0,1599.0,685039.0,9555.0,3195.0,58885.0,40.28282411111111
UPZ65,19,CIUDAD BOLÍVAR,2025,8,109.0,551.0,582.0,502.0,1744.0,685039.0,9555.0,3195.0,58885.0,40.28282411111111
UPZ65,19,CIUDAD BOLÍVAR,2025,9,101.0,551.0,565.0,531.0,1748.0,685039.0,9555.0,3195.0,58885.0,40.28282411111111
UPZ65,19,CIUDAD BOLÍVAR,2025,10,127.0,555.0,690.0,544.0,1916.0,685039.0,9555.0,3195.0,58885.0,40.28282411111111
UPZ65,19,CIUDAD BOLÍVAR,2025,11,114.0,586.0,623.0,500.0,1823.0,685039.0,9555.0,3195.0,58885.0,40.28282411111111
UPZ65,19,CIUDAD BOLÍVAR,2025,12,84.0,683.0,717.0,598.0,2082.0,685039.0,9555.0,3195.0,58885.0,40.28282411111111
UPZ45,08,KENNEDY,2025,1,148.0,692.0,789.0,531.0,2160.0,1103801.0,14846.0,6785.0,97402.0,42.087377222222216
UPZ45,08,KENNEDY,2025,2,133.0,767.0,928.0,708.0,2536.0,1103801.0,14846.0,6785.0,97402.0,42.087377222222216
UPZ45,08,KENNEDY,2025,3,149.0,807.0,1227.0,881.0,3064.0,1103801.0,14846.0,6785.0,97402.0,42.087377222222216
UPZ45,08,KENNEDY,2025,4,151.0,788.0,896.0,721.0,2556.0,1103801.0,14846.0,6785.0,97402.0,42.087377222222216
UPZ45,08,KENNEDY,2025,5,144.0,771.0,963.0,731.0,2609.0,1103801.0,14846.0,6785.0,97402.0,42.087377222222216
UPZ45,08,KENNEDY,2025,6,127.0,780.0,973.0,695.0,2575.0,1103801.0,14846.0,6785.0,97402.0,42.087377222222216
UPZ45,08,KENNEDY,2025,7,158.0,843.0,1038.0,665.0,2704.0,1103801.0,14846.0,6785.0,97402.0,42.087377222222216
UPZ45,08,KENNEDY,2025,8,168.0,963.0,1064.0,855.0,3050.0,1103801.0,14846.0,6785.0,97402.0,42.087377222222216
UPZ45,08,KENNEDY,2025,9,150.0,888.0,1106.0,833.0,2977.0,1103801.0,14846.0,6785.0,97402.0,42.087377222222216
UPZ45,08,KENNEDY,2025,10,160.0,887.0,1131.0,813.0,2991.0,1103801.0,14846.0,6785.0,97402.0,42.087377222222216
UPZ45,08,KENNEDY,2025,11,207.0,921.0,1040.0,797.0,2965.0,1103801.0,14846.0,6785.0,97402.0,42.087377222222216
UPZ45,08,KENNEDY,2025,12,140.0,1086.0,1249.0,877.0,3352.0,1103801.0,14846.0,6785.0,97402.0,42.087377222222216
UPZ41,16,PUENTE ARANDA,2025,1,85.0,509.0,668.0,311.0,1573.0,249519.0,8727.0,4312.0,29954.0,41.012262222222226
UPZ41,16,PUENTE ARANDA,2025,2,111.0,505.0,931.0,389.0,1936.0,249519.0,8727.0,4312.0,29954.0,41.012262222222226
UPZ41,16,PUENTE ARANDA,2025,3,118.0,587.0,922.0,364.0,1991.0,249519.0,8727.0,4312.0,29954.0,41.012262222222226
UPZ41,16,PUENTE ARANDA,2025,4,88.0,568.0,644.0,362.0,1662.0,249519.0,8727.0,4312.0,29954.0,41.012262222222226
UPZ41,16,PUENTE ARANDA,2025,5,139.0,712.0,646.0,363.0,1860.0,249519.0,8727.0,4312.0,29954.0,41.012262222222226
UPZ41,16,PUENTE ARANDA,2025,6,108.0,774.0,664.0,366.0,1912.0,249519.0,8727.0,4312.0,29954.0,41.012262222222226
UPZ41,16,PUENTE ARANDA,2025,7,111.0,653.0,696.0,392.0,1852.0,249519.0,8727.0,4312.0,29954.0,41.012262222222226
UPZ41,16,PUENTE ARANDA,2025,8,82.0,474.0,682.0,468.0,1706.0,249519.0,8727.0,4312.0,29954.0,41.012262222222226
UPZ41,16,PUENTE ARANDA,2025,9,112.0,561.0,645.0,361.0,1679.0,249519.0,8727.0,4312.0,29954.0,41.012262222222226
UPZ41,16,PUENTE ARANDA,2025,10,118.0,648.0,692.0,360.0,1818.0,249519.0,8727.0,4312.0,29954.0,41.012262222222226
UPZ41,16,PUENTE ARANDA,2025,11,88.0,722.0,658.0,435.0,1903.0,249519.0,8727.0,4312.0,29954.0,41.012262222222226
UPZ41,16,PUENTE ARANDA,2025,12,90.0,886.0,823.0,384.0,2183.0,249519.0,8727.0,4312.0,29954.0,41.012262222222226
UPZ85,07,BOSA,2025,1,238.0,1479.0,1279.0,1336.0,4332.0,768002.0,8257.0,3354.0,66490.0,39.788368000000006
UPZ85,07,BOSA,2025,2,237.0,1422.0,1447.0,1495.0,4601.0,768002.0,8257.0,3354.0,66490.0,39.788368000000006
UPZ85,07,BOSA,2025,3,207.0,1802.0,1550.0,1933.0,5492.0,768002.0,8257.0,3354.0,66490.0,39.788368000000006
UPZ85,07,BOSA,2025,4,197.0,1538.0,1657.0,1646.0,5038.0,768002.0,8257.0,3354.0,66490.0,39.788368000000006
UPZ85,07,BOSA,2025,5,190.0,1557.0,1468.0,1753.0,4968.0,768002.0,8257.0,3354.0,66490.0,39.788368000000006
UPZ85,07,BOSA,2025,6,209.0,1626.0,1541.0,1870.0,5246.0,768002.0,8257.0,3354.0,66490.0,39.788368000000006
UPZ85,07,BOSA,2025,7,193.0,1787.0,1690.0,1765.0,5435.0,768002.0,8257.0,3354.0,66490.0,39.788368000000006
UPZ85,07,BOSA,2025,8,229.0,1931.0,1666.0,1914.0,5740.0,768002.0,8257.0,3354.0,66490.0,39.788368000000006
UPZ85,07,BOSA,2025,9,230.0,1931.0,1696.0,1842.0,5699.0,768002.0,8257.0,3354.0,66490.0,39.788368000000006
UPZ85,07,BOSA,2025,10,214.0,1720.0,1533.0,1914.0,5381.0,768002.0,8257.0,3354.0,66490.0,39.788368000000006
UPZ85,07,BOSA,2025,11,228.0,2082.0,1667.0,2022.0,5999.0,768002.0,8257.0,3354.0,66490.0,39.788368000000006
UPZ85,07,BOSA,2025,12,265.0,2144.0,1865.0,2031.0,6305.0,768002.0,8257.0,3354.0,66490.0,39.788368000000006
UPZ100,13,TEUSAQUILLO,2025,1,132.0,735.0,587.0,381.0,1835.0,155083.0,8975.0,5315.0,21506.0,42.044905888888884
UPZ100,13,TEUSAQUILLO,2025,2,152.0,757.0,768.0,390.0,2067.0,155083.0,8975.0,5315.0,21506.0,42.044905888888884
UPZ100,13,TEUSAQUILLO,2025,3,187.0,846.0,758.0,495.0,2286.0,155083.0,8975.0,5315.0,21506.0,42.044905888888884
UPZ100,13,TEUSAQUILLO,2025,4,175.0,833.0,783.0,523.0,2314.0,155083.0,8975.0,5315.0,21506.0,42.044905888888884
UPZ100,13,TEUSAQUILLO,2025,5,127.0,1035.0,754.0,527.0,2443.0,155083.0,8975.0,5315.0,21506.0,42.044905888888884
UPZ100,13,TEUSAQUILLO,2025,6,148.0,860.0,732.0,478.0,2218.0,155083.0,8975.0,5315.0,21506.0,42.044905888888884
UPZ100,13,TEUSAQUILLO,2025,7,176.0,776.0,755.0,475.0,2182.0,155083.0,8975.0,5315.0,21506.0,42.044905888888884
UPZ100,13,TEUSAQUILLO,2025,8,214.0,879.0,747.0,648.0,2488.0,155083.0,8975.0,5315.0,21506.0,42.044905888888884
UPZ100,13,TEUSAQUILLO,2025,9,206.0,895.0,848.0,519.0,2468.0,155083.0,8975.0,5315.0,21506.0,42.044905888888884
UPZ100,13,TEUSAQUILLO,2025,10,196.0,937.0,895.0,603.0,2631.0,155083.0,8975.0,5315.0,21506.0,42.044905888888884
UPZ100,13,TEUSAQUILLO,2025,11,158.0,857.0,924.0,474.0,2413.0,155083.0,8975.0,5315.0,21506.0,42.044905888888884
UPZ100,13,TEUSAQUILLO,2025,12,167.0,854.0,779.0,446.0,2246.0,155083.0,8975.0,5315.0,21506.0,42.044905888888884
UPZ102,14,LOS MÁRTIRES,2025,1,207.0,791.0,1038.0,549.0,2585.0,75471.0,5762.0,3175.0,19060.0,41.75165722222223
UPZ102,14,LOS MÁRTIRES,2025,2,339.0,979.0,1361.0,630.0,3309.0,75471.0,5762.0,3175.0,19060.0,41.75165722222223
UPZ102,14,LOS MÁRTIRES,2025,3,369.0,891.0,1555.0,827.0,3642.0,75471.0,5762.0,3175.0,19060.0,41.75165722222223
UPZ102,14,LOS MÁRTIRES,2025,4,356.0,1267.0,1316.0,800.0,3739.0,75471.0,5762.0,3175.0,19060.0,41.75165722222223
UPZ102,14,LOS MÁRTIRES,2025,5,378.0,1005.0,1464.0,837.0,3684.0,75471.0,5762.0,3175.0,19060.0,41.75165722222223
UPZ102,14,LOS MÁRTIRES,2025,6,446.0,1000.0,1323.0,819.0,3588.0,75471.0,5762.0,3175.0,19060.0,41.75165722222223
UPZ102,14,LOS MÁRTIRES,2025,7,366.0,1075.0,1506.0,783.0,3730.0,75471.0,5762.0,3175.0,19060.0,41.75165722222223
UPZ102,14,LOS MÁRTIRES,2025,8,399.0,931.0,1472.0,856.0,3658.0,75471.0,5762.0,3175.0,19060.0,41.75165722222223
UPZ102,14,LOS MÁRTIRES,2025,9,423.0,1019.0,1429.0,880.0,3751.0,75471.0,5762.0,3175.0,19060.0,41.75165722222223
UPZ102,14,LOS MÁRTIRES,2025,10,360.0,1034.0,1598.0,882.0,3874.0,75471.0,5762.0,3175.0,19060.0,41.75165722222223
UPZ102,14,LOS MÁRTIRES,2025,11,338.0,1034.0,1666.0,883.0,3921.0,75471.0,5762.0,3175.0,19060.0,41.75165722222223
UPZ102,14,LOS MÁRTIRES,2025,12,376.0,1187.0,1641.0,931.0,4135.0,75471.0,5762.0,3175.0,19060.0,41.75165722222223
UPZ108,16,PUENTE ARANDA,2025,1,92.0,197.0,632.0,192.0,1113.0,249519.0,8727.0,4312.0,29954.0,41.012262222222226
UPZ108,16,PUENTE ARANDA,2025,2,101.0,249.0,900.0,261.0,1511.0,249519.0,8727.0,4312.0,29954.0,41.012262222222226
UPZ108,16,PUENTE ARANDA,2025,3,133.0,265.0,1100.0,292.0,1790.0,249519.0,8727.0,4312.0,29954.0,41.012262222222226
UPZ108,16,PUENTE ARANDA,2025,4,120.0,237.0,955.0,272.0,1584.0,249519.0,8727.0,4312.0,29954.0,41.012262222222226
UPZ108,16,PUENTE ARANDA,2025,5,116.0,264.0,1102.0,269.0,1751.0,249519.0,8727.0,4312.0,29954.0,41.012262222222226
UPZ108,16,PUENTE ARANDA,2025,6,96.0,348.0,807.0,349.0,1600.0,249519.0,8727.0,4312.0,29954.0,41.012262222222226
UPZ108,16,PUENTE ARANDA,2025,7,101.0,284.0,896.0,272.0,1553.0,249519.0,8727.0,4312.0,29954.0,41.012262222222226
UPZ108,16,PUENTE ARANDA,2025,8,125.0,317.0,1053.0,266.0,1761.0,249519.0,8727.0,4312.0,29954.0,41.012262222222226
UPZ108,16,PUENTE ARANDA,2025,9,128.0,264.0,959.0,296.0,1647.0,249519.0,8727.0,4312.0,29954.0,41.012262222222226
UPZ108,16,PUENTE ARANDA,2025,10,110.0,361.0,1035.0,362.0,1868.0,249519.0,8727.0,4312.0,29954.0,41.012262222222226
UPZ108,16,PUENTE ARANDA,2025,11,164.0,326.0,995.0,325.0,1810.0,249519.0,8727.0,4312.0,29954.0,41.012262222222226
UPZ108,16,PUENTE ARANDA,2025,12,104.0,350.0,1043.0,336.0,1833.0,249519.0,8727.0,4312.0,29954.0,41.012262222222226
UPZ40,16,PUENTE ARANDA,2025,1,179.0,823.0,876.0,542.0,2420.0,249519.0,8727.0,4312.0,29954.0,41.012262222222226
UPZ40,16,PUENTE ARANDA,2025,2,204.0,970.0,926.0,551.0,2651.0,249519.0,8727.0,4312.0,29954.0,41.012262222222226
UPZ40,16,PUENTE ARANDA,2025,3,244.0,1148.0,1016.0,676.0,3084.0,249519.0,8727.0,4312.0,29954.0,41.012262222222226
UPZ40,16,PUENTE ARANDA,2025,4,254.0,933.0,865.0,586.0,2638.0,249519.0,8727.0,4312.0,29954.0,41.012262222222226
UPZ40,16,PUENTE ARANDA,2025,5,210.0,1052.0,877.0,769.0,2908.0,249519.0,8727.0,4312.0,29954.0,41.012262222222226
UPZ40,16,PUENTE ARANDA,2025,6,227.0,1272.0,947.0,660.0,3106.0,249519.0,8727.0,4312.0,29954.0,41.012262222222226
UPZ40,16,PUENTE ARANDA,2025,7,215.0,1336.0,970.0,660.0,3181.0,249519.0,8727.0,4312.0,29954.0,41.012262222222226
UPZ40,16,PUENTE ARANDA,2025,8,219.0,1129.0,937.0,683.0,2968.0,249519.0,8727.0,4312.0,29954.0,41.012262222222226
UPZ40,16,PUENTE ARANDA,2025,9,205.0,992.0,967.0,715.0,2879.0,249519.0,8727.0,4312.0,29954.0,41.012262222222226
UPZ40,16,PUENTE ARANDA,2025,10,210.0,1168.0,1113.0,686.0,3177.0,249519.0,8727.0,4312.0,29954.0,41.012262222222226
UPZ40,16,PUENTE ARANDA,2025,11,213.0,1094.0,1069.0,679.0,3055.0,249519.0,8727.0,4312.0,29954.0,41.012262222222226
UPZ40,16,PUENTE ARANDA,2025,12,140.0,1307.0,1297.0,781.0,3525.0,249519.0,8727.0,4312.0,29954.0,41.012262222222226
UPZ42,06,TUNJUELITO,2025,1,162.0,816.0,974.0,744.0,2696.0,175399.0,3519.0,1620.0,18941.0,42.47902622222223
UPZ42,06,TUNJUELITO,2025,2,147.0,767.0,1079.0,870.0,2863.0,175399.0,3519.0,1620.0,18941.0,42.47902622222223
UPZ42,06,TUNJUELITO,2025,3,191.0,1007.0,1286.0,1046.0,3530.0,175399.0,3519.0,1620.0,18941.0,42.47902622222223
UPZ42,06,TUNJUELITO,2025,4,163.0,927.0,1212.0,1099.0,3401.0,175399.0,3519.0,1620.0,18941.0,42.47902622222223
UPZ42,06,TUNJUELITO,2025,5,185.0,1081.0,1324.0,979.0,3569.0,175399.0,3519.0,1620.0,18941.0,42.47902622222223
UPZ42,06,TUNJUELITO,2025,6,210.0,1096.0,1204.0,1081.0,3591.0,175399.0,3519.0,1620.0,18941.0,42.47902622222223
UPZ42,06,TUNJUELITO,2025,7,208.0,982.0,1242.0,1018.0,3450.0,175399.0,3519.0,1620.0,18941.0,42.47902622222223
UPZ42,06,TUNJUELITO,2025,8,195.0,1081.0,1296.0,1052.0,3624.0,175399.0,3519.0,1620.0,18941.0,42.47902622222223
UPZ42,06,TUNJUELITO,2025,9,178.0,1116.0,1212.0,1106.0,3612.0,175399.0,3519.0,1620.0,18941.0,42.47902622222223
UPZ42,06,TUNJUELITO,2025,10,182.0,1067.0,1459.0,1014.0,3722.0,175399.0,3519.0,1620.0,18941.0,42.47902622222223
UPZ42,06,TUNJUELITO,2025,11,195.0,1143.0,1349.0,994.0,3681.0,175399.0,3519.0,1620.0,18941.0,42.47902622222223
UPZ42,06,TUNJUELITO,2025,12,175.0,1314.0,1809.0,1077.0,4375.0,175399.0,3519.0,1620.0,18941.0,42.47902622222223
UPZ62,06,TUNJUELITO,2025,1,43.0,367.0,303.0,398.0,1111.0,175399.0,3519.0,1620.0,18941.0,42.47902622222223
UPZ62,06,TUNJUELITO,2025,2,67.0,436.0,345.0,519.0,1367.0,175399.0,3519.0,1620.0,18941.0,42.47902622222223
UPZ62,06,TUNJUELITO,2025,3,88.0,456.0,454.0,537.0,1535.0,175399.0,3519.0,1620.0,18941.0,42.47902622222223
UPZ62,06,TUNJUELITO,2025,4,67.0,494.0,465.0,443.0,1469.0,175399.0,3519.0,1620.0,18941.0,42.47902622222223
UPZ62,06,TUNJUELITO,2025,5,80.0,545.0,447.0,560.0,1632.0,175399.0,3519.0,1620.0,18941.0,42.47902622222223
UPZ62,06,TUNJUELITO,2025,6,60.0,449.0,412.0,440.0,1361.0,175399.0,3519.0,1620.0,18941.0,42.47902622222223
UPZ62,06,TUNJUELITO,2025,7,92.0,497.0,392.0,473.0,1454.0,175399.0,3519.0,1620.0,18941.0,42.47902622222223
UPZ62,06,TUNJUELITO,2025,8,50.0,493.0,419.0,504.0,1466.0,175399.0,3519.0,1620.0,18941.0,42.47902622222223
UPZ62,06,TUNJUELITO,2025,9,79.0,453.0,339.0,407.0,1278.0,175399.0,3519.0,1620.0,18941.0,42.47902622222223
UPZ62,06,TUNJUELITO,2025,10,82.0,403.0,392.0,357.0,1234.0,175399.0,3519.0,1620.0,18941.0,42.47902622222223
UPZ62,06,TUNJUELITO,2025,11,56.0,461.0,454.0,380.0,1351.0,175399.0,3519.0,1620.0,18941.0,42.47902622222223
UPZ62,06,TUNJUELITO,2025,12,69.0,472.0,432.0,482.0,1455.0,175399.0,3519.0,1620.0,18941.0,42.47902622222223
UPZ56,05,USME,2025,1,47.0,196.0,283.0,274.0,800.0,399153.0,4377.0,1612.0,38415.0,25.858706111111115
UPZ56,05,USME,2025,2,31.0,180.0,246.0,229.0,686.0,399153.0,4377.0,1612.0,38415.0,25.858706111111115
UPZ56,05,USME,2025,3,30.0,213.0,339.0,287.0,869.0,399153.0,4377.0,1612.0,38415.0,25.858706111111115
UPZ56,05,USME,2025,4,24.0,225.0,255.0,243.0,747.0,399153.0,4377.0,1612.0,38415.0,25.858706111111115
UPZ56,05,USME,2025,5,35.0,235.0,340.0,301.0,911.0,399153.0,4377.0,1612.0,38415.0,25.858706111111115
UPZ56,05,USME,2025,6,34.0,254.0,299.0,326.0,913.0,399153.0,4377.0,1612.0,38415.0,25.858706111111115
UPZ56,05,USME,2025,7,43.0,235.0,353.0,308.0,939.0,399153.0,4377.0,1612.0,38415.0,25.858706111111115
UPZ56,05,USME,2025,8,51.0,286.0,369.0,356.0,1062.0,399153.0,4377.0,1612.0,38415.0,25.858706111111115
UPZ56,05,USME,2025,9,45.0,274.0,372.0,325.0,1016.0,399153.0,4377.0,1612.0,38415.0,25.858706111111115
UPZ56,05,USME,2025,10,43.0,223.0,291.0,313.0,870.0,399153.0,4377.0,1612.0,38415.0,25.858706111111115
UPZ56,05,USME,2025,11,44.0,280.0,271.0,320.0,915.0,399153.0,4377.0,1612.0,38415.0,25.858706111111115
UPZ56,05,USME,2025,12,40.0,249.0,382.0,330.0,1001.0,399153.0,4377.0,1612.0,38415.0,25.858706111111115
UPZ54,18,RAFAEL URIBE URIBE,2025,1,101.0,551.0,431.0,544.0,1627.0,375043.0,5612.0,2429.0,43643.0,40.15385066666667
UPZ54,18,RAFAEL URIBE URIBE,2025,2,105.0,502.0,534.0,619.0,1760.0,375043.0,5612.0,2429.0,43643.0,40.15385066666667
UPZ54,18,RAFAEL URIBE URIBE,2025,3,80.0,650.0,602.0,732.0,2064.0,375043.0,5612.0,2429.0,43643.0,40.15385066666667
UPZ54,18,RAFAEL URIBE URIBE,2025,4,98.0,589.0,487.0,687.0,1861.0,375043.0,5612.0,2429.0,43643.0,40.15385066666667
UPZ54,18,RAFAEL URIBE URIBE,2025,5,101.0,633.0,498.0,712.0,1944.0,375043.0,5612.0,2429.0,43643.0,40.15385066666667
UPZ54,18,RAFAEL URIBE URIBE,2025,6,118.0,720.0,435.0,822.0,2095.0,375043.0,5612.0,2429.0,43643.0,40.15385066666667
UPZ54,18,RAFAEL URIBE URIBE,2025,7,102.0,625.0,470.0,703.0,1900.0,375043.0,5612.0,2429.0,43643.0,40.15385066666667
UPZ54,18,RAFAEL URIBE URIBE,2025,8,106.0,714.0,612.0,722.0,2154.0,375043.0,5612.0,2429.0,43643.0,40.15385066666667
UPZ54,18,RAFAEL URIBE URIBE,2025,9,86.0,693.0,567.0,719.0,2065.0,375043.0,5612.0,2429.0,43643.0,40.15385066666667
UPZ54,18,RAFAEL URIBE URIBE,2025,10,99.0,644.0,651.0,693.0,2087.0,375043.0,5612.0,2429.0,43643.0,40.15385066666667
UPZ54,18,RAFAEL URIBE URIBE,2025,11,96.0,736.0,546.0,641.0,2019.0,375043.0,5612.0,2429.0,43643.0,40.15385066666667
UPZ54,18,RAFAEL URIBE URIBE,2025,12,59.0,823.0,645.0,801.0,2328.0,375043.0,5612.0,2429.0,43643.0,40.15385066666667
UPZ53,18,RAFAEL URIBE URIBE,2025,1,74.0,408.0,311.0,371.0,1164.0,375043.0,5612.0,2429.0,43643.0,40.15385066666667
UPZ53,18,RAFAEL URIBE URIBE,2025,2,69.0,394.0,290.0,467.0,1220.0,375043.0,5612.0,2429.0,43643.0,40.15385066666667
UPZ53,18,RAFAEL URIBE URIBE,2025,3,74.0,465.0,435.0,570.0,1544.0,375043.0,5612.0,2429.0,43643.0,40.15385066666667
UPZ53,18,RAFAEL URIBE URIBE,2025,4,56.0,452.0,446.0,538.0,1492.0,375043.0,5612.0,2429.0,43643.0,40.15385066666667
UPZ53,18,RAFAEL URIBE URIBE,2025,5,57.0,463.0,454.0,602.0,1576.0,375043.0,5612.0,2429.0,43643.0,40.15385066666667
UPZ53,18,RAFAEL URIBE URIBE,2025,6,80.0,476.0,376.0,671.0,1603.0,375043.0,5612.0,2429.0,43643.0,40.15385066666667
UPZ53,18,RAFAEL URIBE URIBE,2025,7,51.0,499.0,423.0,685.0,1658.0,375043.0,5612.0,2429.0,43643.0,40.15385066666667
UPZ53,18,RAFAEL URIBE URIBE,2025,8,83.0,617.0,385.0,602.0,1687.0,375043.0,5612.0,2429.0,43643.0,40.15385066666667
UPZ53,18,RAFAEL URIBE URIBE,2025,9,64.0,459.0,378.0,617.0,1518.0,375043.0,5612.0,2429.0,43643.0,40.15385066666667
UPZ53,18,RAFAEL URIBE URIBE,2025,10,72.0,496.0,477.0,561.0,1606.0,375043.0,5612.0,2429.0,43643.0,40.15385066666667
UPZ53,18,RAFAEL URIBE URIBE,2025,11,71.0,597.0,406.0,602.0,1676.0,375043.0,5612.0,2429.0,43643.0,40.15385066666667
UPZ53,18,RAFAEL URIBE URIBE,2025,12,73.0,500.0,484.0,670.0,1727.0,375043.0,5612.0,2429.0,43643.0,40.15385066666667
UPZ39,18,RAFAEL URIBE URIBE,2025,1,161.0,850.0,766.0,588.0,2365.0,375043.0,5612.0,2429.0,43643.0,40.15385066666667
UPZ39,18,RAFAEL URIBE URIBE,2025,2,161.0,755.0,918.0,709.0,2543.0,375043.0,5612.0,2429.0,43643.0,40.15385066666667
UPZ39,18,RAFAEL URIBE URIBE,2025,3,168.0,1072.0,1057.0,903.0,3200.0,375043.0,5612.0,2429.0,43643.0,40.15385066666667
UPZ39,18,RAFAEL URIBE URIBE,2025,4,192.0,881.0,899.0,885.0,2857.0,375043.0,5612.0,2429.0,43643.0,40.15385066666667
UPZ39,18,RAFAEL URIBE URIBE,2025,5,216.0,1027.0,963.0,900.0,3106.0,375043.0,5612.0,2429.0,43643.0,40.15385066666667
UPZ39,18,RAFAEL URIBE URIBE,2025,6,213.0,979.0,944.0,958.0,3094.0,375043.0,5612.0,2429.0,43643.0,40.15385066666667
UPZ39,18,RAFAEL URIBE URIBE,2025,7,196.0,1054.0,1064.0,918.0,3232.0,375043.0,5612.0,2429.0,43643.0,40.15385066666667
UPZ39,18,RAFAEL URIBE URIBE,2025,8,199.0,1076.0,1103.0,935.0,3313.0,375043.0,5612.0,2429.0,43643.0,40.15385066666667
UPZ39,18,RAFAEL URIBE URIBE,2025,9,226.0,1151.0,1054.0,980.0,3411.0,375043.0,5612.0,2429.0,43643.0,40.15385066666667
UPZ39,18,RAFAEL URIBE URIBE,2025,10,248.0,1077.0,1082.0,976.0,3383.0,375043.0,5612.0,2429.0,43643.0,40.15385066666667
UPZ39,18,RAFAEL URIBE URIBE,2025,11,172.0,1004.0,1047.0,962.0,3185.0,375043.0,5612.0,2429.0,43643.0,40.15385066666667
UPZ39,18,RAFAEL URIBE URIBE,2025,12,145.0,1109.0,1295.0,1014.0,3563.0,375043.0,5612.0,2429.0,43643.0,40.15385066666667
UPZ36,18,RAFAEL URIBE URIBE,2025,1,86.0,487.0,411.0,312.0,1296.0,375043.0,5612.0,2429.0,43643.0,40.15385066666667
UPZ36,18,RAFAEL URIBE URIBE,2025,2,76.0,548.0,412.0,378.0,1414.0,375043.0,5612.0,2429.0,43643.0,40.15385066666667
UPZ36,18,RAFAEL URIBE URIBE,2025,3,116.0,651.0,468.0,389.0,1624.0,375043.0,5612.0,2429.0,43643.0,40.15385066666667
UPZ36,18,RAFAEL URIBE URIBE,2025,4,108.0,565.0,377.0,292.0,1342.0,375043.0,5612.0,2429.0,43643.0,40.15385066666667
UPZ36,18,RAFAEL URIBE URIBE,2025,5,107.0,516.0,484.0,480.0,1587.0,375043.0,5612.0,2429.0,43643.0,40.15385066666667
UPZ36,18,RAFAEL URIBE URIBE,2025,6,82.0,506.0,451.0,350.0,1389.0,375043.0,5612.0,2429.0,43643.0,40.15385066666667
UPZ36,18,RAFAEL URIBE URIBE,2025,7,97.0,533.0,529.0,430.0,1589.0,375043.0,5612.0,2429.0,43643.0,40.15385066666667
UPZ36,18,RAFAEL URIBE URIBE,2025,8,98.0,579.0,478.0,461.0,1616.0,375043.0,5612.0,2429.0,43643.0,40.15385066666667
UPZ36,18,RAFAEL URIBE URIBE,2025,9,85.0,525.0,437.0,428.0,1475.0,375043.0,5612.0,2429.0,43643.0,40.15385066666667
UPZ36,18,RAFAEL URIBE URIBE,2025,10,94.0,534.0,489.0,401.0,1518.0,375043.0,5612.0,2429.0,43643.0,40.15385066666667
UPZ36,18,RAFAEL URIBE URIBE,2025,11,77.0,589.0,464.0,418.0,1548.0,375043.0,5612.0,2429.0,43643.0,40.15385066666667
UPZ36,18,RAFAEL URIBE URIBE,2025,12,93.0,732.0,678.0,454.0,1957.0,375043.0,5612.0,2429.0,43643.0,40.15385066666667
UPZ38,15,ANTONIO NARIÑO,2025,1,204.0,853.0,826.0,459.0,2342.0,77392.0,2697.0,1361.0,13465.0,41.394650222222225
UPZ38,15,ANTONIO NARIÑO,2025,2,200.0,896.0,990.0,575.0,2661.0,77392.0,2697.0,1361.0,13465.0,41.394650222222225
UPZ38,15,ANTONIO NARIÑO,2025,3,235.0,1101.0,1113.0,700.0,3149.0,77392.0,2697.0,1361.0,13465.0,41.394650222222225
UPZ38,15,ANTONIO NARIÑO,2025,4,199.0,919.0,879.0,647.0,2644.0,77392.0,2697.0,1361.0,13465.0,41.394650222222225
UPZ38,15,ANTONIO NARIÑO,2025,5,215.0,873.0,1095.0,683.0,2866.0,77392.0,2697.0,1361.0,13465.0,41.394650222222225
UPZ38,15,ANTONIO NARIÑO,2025,6,222.0,931.0,973.0,637.0,2763.0,77392.0,2697.0,1361.0,13465.0,41.394650222222225
UPZ38,15,ANTONIO NARIÑO,2025,7,237.0,1067.0,1137.0,673.0,3114.0,77392.0,2697.0,1361.0,13465.0,41.394650222222225
UPZ38,15,ANTONIO NARIÑO,2025,8,230.0,948.0,1083.0,652.0,2913.0,77392.0,2697.0,1361.0,13465.0,41.394650222222225
UPZ38,15,ANTONIO NARIÑO,2025,9,189.0,1007.0,1007.0,632.0,2835.0,77392.0,2697.0,1361.0,13465.0,41.394650222222225
UPZ38,15,ANTONIO NARIÑO,2025,10,193.0,1011.0,1141.0,682.0,3027.0,77392.0,2697.0,1361.0,13465.0,41.394650222222225
UPZ38,15,ANTONIO NARIÑO,2025,11,200.0,1237.0,1049.0,716.0,3202.0,77392.0,2697.0,1361.0,13465.0,41.394650222222225
UPZ38,15,ANTONIO NARIÑO,2025,12,205.0,1195.0,1297.0,727.0,3424.0,77392.0,2697.0,1361.0,13465.0,41.394650222222225
UPZ35,15,ANTONIO NARIÑO,2025,1,79.0,305.0,263.0,144.0,791.0,77392.0,2697.0,1361.0,13465.0,41.394650222222225
UPZ35,15,ANTONIO NARIÑO,2025,2,78.0,312.0,320.0,170.0,880.0,77392.0,2697.0,1361.0,13465.0,41.394650222222225
UPZ35,15,ANTONIO NARIÑO,2025,3,81.0,331.0,392.0,227.0,1031.0,77392.0,2697.0,1361.0,13465.0,41.394650222222225
UPZ35,15,ANTONIO NARIÑO,2025,4,96.0,262.0,331.0,204.0,893.0,77392.0,2697.0,1361.0,13465.0,41.394650222222225
UPZ35,15,ANTONIO NARIÑO,2025,5,70.0,372.0,300.0,203.0,945.0,77392.0,2697.0,1361.0,13465.0,41.394650222222225
UPZ35,15,ANTONIO NARIÑO,2025,6,85.0,341.0,360.0,198.0,984.0,77392.0,2697.0,1361.0,13465.0,41.394650222222225
UPZ35,15,ANTONIO NARIÑO,2025,7,120.0,308.0,355.0,183.0,966.0,77392.0,2697.0,1361.0,13465.0,41.394650222222225
UPZ35,15,ANTONIO NARIÑO,2025,8,119.0,438.0,373.0,241.0,1171.0,77392.0,2697.0,1361.0,13465.0,41.394650222222225
UPZ35,15,ANTONIO NARIÑO,2025,9,82.0,508.0,372.0,208.0,1170.0,77392.0,2697.0,1361.0,13465.0,41.394650222222225
UPZ35,15,ANTONIO NARIÑO,2025,10,109.0,358.0,375.0,242.0,1084.0,77392.0,2697.0,1361.0,13465.0,41.394650222222225
UPZ35,15,ANTONIO NARIÑO,2025,11,70.0,425.0,374.0,204.0,1073.0,77392.0,2697.0,1361.0,13465.0,41.394650222222225
UPZ35,15,ANTONIO NARIÑO,2025,12,67.0,420.0,426.0,215.0,1128.0,77392.0,2697.0,1361.0,13465.0,41.394650222222225
UPZ95,03,SANTA FE,2025,1,57.0,226.0,219.0,211.0,713.0,113315.0,7149.0,3943.0,18831.0,40.005426111111106
UPZ95,03,SANTA FE,2025,2,55.0,224.0,214.0,187.0,680.0,113315.0,7149.0,3943.0,18831.0,40.005426111111106
UPZ95,03,SANTA FE,2025,3,83.0,246.0,308.0,221.0,858.0,113315.0,7149.0,3943.0,18831.0,40.005426111111106
UPZ95,03,SANTA FE,2025,4,63.0,190.0,240.0,228.0,721.0,113315.0,7149.0,3943.0,18831.0,40.005426111111106
UPZ95,03,SANTA FE,2025,5,71.0,279.0,295.0,249.0,894.0,113315.0,7149.0,3943.0,18831.0,40.005426111111106
UPZ95,03,SANTA FE,2025,6,91.0,281.0,257.0,270.0,899.0,113315.0,7149.0,3943.0,18831.0,40.005426111111106
UPZ95,03,SANTA FE,2025,7,84.0,327.0,248.0,231.0,890.0,113315.0,7149.0,3943.0,18831.0,40.005426111111106
UPZ95,03,SANTA FE,2025,9,58.0,264.0,250.0,245.0,817.0,113315.0,7149.0,3943.0,18831.0,40.005426111111106
UPZ93,03,SANTA FE,2025,1,146.0,671.0,676.0,443.0,1936.0,113315.0,7149.0,3943.0,18831.0,40.005426111111106
UPZ93,03,SANTA FE,2025,2,184.0,616.0,847.0,506.0,2153.0,113315.0,7149.0,3943.0,18831.0,40.005426111111106
UPZ93,03,SANTA FE,2025,3,181.0,625.0,962.0,593.0,2361.0,113315.0,7149.0,3943.0,18831.0,40.005426111111106
UPZ93,03,SANTA FE,2025,4,184.0,649.0,1001.0,609.0,2443.0,113315.0,7149.0,3943.0,18831.0,40.005426111111106
UPZ93,03,SANTA FE,2025,5,184.0,668.0,937.0,573.0,2362.0,113315.0,7149.0,3943.0,18831.0,40.005426111111106
UPZ93,03,SANTA FE,2025,6,183.0,708.0,909.0,562.0,2362.0,113315.0,7149.0,3943.0,18831.0,40.005426111111106
UPZ93,03,SANTA FE,2025,7,242.0,747.0,892.0,605.0,2486.0,113315.0,7149.0,3943.0,18831.0,40.005426111111106
UPZ93,03,SANTA FE,2025,8,234.0,820.0,1022.0,687.0,2763.0,113315.0,7149.0,3943.0,18831.0,40.005426111111106
UPZ93,03,SANTA FE,2025,9,262.0,811.0,1032.0,702.0,2807.0,113315.0,7149.0,3943.0,18831.0,40.005426111111106
UPZ93,03,SANTA FE,2025,10,230.0,734.0,1041.0,618.0,2623.0,113315.0,7149.0,3943.0,18831.0,40.005426111111106
UPZ93,03,SANTA FE,2025,11,225.0,849.0,1050.0,674.0,2798.0,113315.0,7149.0,3943.0,18831.0,40.005426111111106
UPZ93,03,SANTA FE,2025,12,188.0,815.0,1055.0,650.0,2708.0,113315.0,7149.0,3943.0,18831.0,40.005426111111106
UPZ91,03,SANTA FE,2025,12,40.0,232.0,419.0,170.0,861.0,113315.0,7149.0,3943.0,18831.0,40.005426111111106
UPZ91,03,SANTA FE,2025,1,50.0,194.0,289.0,107.0,640.0,113315.0,7149.0,3943.0,18831.0,40.005426111111106
UPZ91,03,SANTA FE,2025,2,57.0,186.0,311.0,137.0,691.0,113315.0,7149.0,3943.0,18831.0,40.005426111111106
UPZ91,03,SANTA FE,2025,3,63.0,291.0,416.0,128.0,898.0,113315.0,7149.0,3943.0,18831.0,40.005426111111106
UPZ91,03,SANTA FE,2025,4,65.0,212.0,382.0,170.0,829.0,113315.0,7149.0,3943.0,18831.0,40.005426111111106
UPZ91,03,SANTA FE,2025,5,65.0,262.0,425.0,179.0,931.0,113315.0,7149.0,3943.0,18831.0,40.005426111111106
UPZ91,03,SANTA FE,2025,6,66.0,206.0,392.0,160.0,824.0,113315.0,7149.0,3943.0,18831.0,40.005426111111106
UPZ91,03,SANTA FE,2025,7,84.0,259.0,364.0,161.0,868.0,113315.0,7149.0,3943.0,18831.0,40.005426111111106
UPZ91,03,SANTA FE,2025,8,79.0,297.0,472.0,170.0,1018.0,113315.0,7149.0,3943.0,18831.0,40.005426111111106
UPZ99,02,CHAPINERO,2025,1,137.0,517.0,474.0,326.0,1454.0,161162.0,9254.0,5374.0,22695.0,42.201468444444444
UPZ99,02,CHAPINERO,2025,2,139.0,765.0,720.0,511.0,2135.0,161162.0,9254.0,5374.0,22695.0,42.201468444444444
UPZ99,02,CHAPINERO,2025,3,181.0,813.0,855.0,510.0,2359.0,161162.0,9254.0,5374.0,22695.0,42.201468444444444
UPZ99,02,CHAPINERO,2025,4,144.0,667.0,659.0,419.0,1889.0,161162.0,9254.0,5374.0,22695.0,42.201468444444444
UPZ99,02,CHAPINERO,2025,5,180.0,785.0,722.0,533.0,2220.0,161162.0,9254.0,5374.0,22695.0,42.201468444444444
UPZ99,02,CHAPINERO,2025,6,145.0,704.0,707.0,407.0,1963.0,161162.0,9254.0,5374.0,22695.0,42.201468444444444
UPZ99,02,CHAPINERO,2025,7,155.0,730.0,731.0,424.0,2040.0,161162.0,9254.0,5374.0,22695.0,42.201468444444444
UPZ99,02,CHAPINERO,2025,8,230.0,820.0,740.0,482.0,2272.0,161162.0,9254.0,5374.0,22695.0,42.201468444444444
UPZ99,02,CHAPINERO,2025,9,183.0,827.0,905.0,557.0,2472.0,161162.0,9254.0,5374.0,22695.0,42.201468444444444
UPZ99,02,CHAPINERO,2025,10,163.0,814.0,890.0,546.0,2413.0,161162.0,9254.0,5374.0,22695.0,42.201468444444444
UPZ99,02,CHAPINERO,2025,11,170.0,814.0,893.0,557.0,2434.0,161162.0,9254.0,5374.0,22695.0,42.201468444444444
UPZ99,02,CHAPINERO,2025,12,156.0,776.0,736.0,474.0,2142.0,161162.0,9254.0,5374.0,22695.0,42.201468444444444
UPZ34,04,SAN CRISTÓBAL,2025,1,95.0,559.0,566.0,540.0,1760.0,394686.0,5580.0,1964.0,39259.0,39.46668344444444
UPZ34,04,SAN CRISTÓBAL,2025,2,107.0,563.0,574.0,612.0,1856.0,394686.0,5580.0,1964.0,39259.0,39.46668344444444
UPZ34,04,SAN CRISTÓBAL,2025,3,152.0,688.0,731.0,865.0,2436.0,394686.0,5580.0,1964.0,39259.0,39.46668344444444
UPZ34,04,SAN CRISTÓBAL,2025,4,101.0,628.0,638.0,655.0,2022.0,394686.0,5580.0,1964.0,39259.0,39.46668344444444
UPZ34,04,SAN CRISTÓBAL,2025,5,111.0,879.0,837.0,713.0,2540.0,394686.0,5580.0,1964.0,39259.0,39.46668344444444
UPZ34,04,SAN CRISTÓBAL,2025,6,132.0,804.0,645.0,716.0,2297.0,394686.0,5580.0,1964.0,39259.0,39.46668344444444
UPZ34,04,SAN CRISTÓBAL,2025,7,158.0,727.0,773.0,740.0,2398.0,394686.0,5580.0,1964.0,39259.0,39.46668344444444
UPZ34,04,SAN CRISTÓBAL,2025,8,141.0,782.0,792.0,651.0,2366.0,394686.0,5580.0,1964.0,39259.0,39.46668344444444
UPZ34,04,SAN CRISTÓBAL,2025,9,142.0,770.0,772.0,754.0,2438.0,394686.0,5580.0,1964.0,39259.0,39.46668344444444
UPZ34,04,SAN CRISTÓBAL,2025,10,137.0,686.0,830.0,658.0,2311.0,394686.0,5580.0,1964.0,39259.0,39.46668344444444
UPZ34,04,SAN CRISTÓBAL,2025,11,100.0,860.0,843.0,739.0,2542.0,394686.0,5580.0,1964.0,39259.0,39.46668344444444
UPZ34,04,SAN CRISTÓBAL,2025,12,107.0,914.0,922.0,847.0,2790.0,394686.0,5580.0,1964.0,39259.0,39.46668344444444
UPZ33,04,SAN CRISTÓBAL,2025,1,62.0,382.0,368.0,226.0,1038.0,394686.0,5580.0,1964.0,39259.0,39.46668344444444
UPZ33,04,SAN CRISTÓBAL,2025,2,118.0,365.0,408.0,331.0,1222.0,394686.0,5580.0,1964.0,39259.0,39.46668344444444
UPZ33,04,SAN CRISTÓBAL,2025,3,81.0,409.0,445.0,436.0,1371.0,394686.0,5580.0,1964.0,39259.0,39.46668344444444
UPZ33,04,SAN CRISTÓBAL,2025,4,61.0,313.0,508.0,308.0,1190.0,394686.0,5580.0,1964.0,39259.0,39.46668344444444
UPZ33,04,SAN CRISTÓBAL,2025,5,78.0,429.0,532.0,470.0,1509.0,394686.0,5580.0,1964.0,39259.0,39.46668344444444
UPZ33,04,SAN CRISTÓBAL,2025,6,106.0,521.0,540.0,405.0,1572.0,394686.0,5580.0,1964.0,39259.0,39.46668344444444
UPZ33,04,SAN CRISTÓBAL,2025,7,116.0,421.0,535.0,328.0,1400.0,394686.0,5580.0,1964.0,39259.0,39.46668344444444
UPZ33,04,SAN CRISTÓBAL,2025,8,103.0,511.0,555.0,458.0,1627.0,394686.0,5580.0,1964.0,39259.0,39.46668344444444
UPZ33,04,SAN CRISTÓBAL,2025,9,126.0,468.0,570.0,432.0,1596.0,394686.0,5580.0,1964.0,39259.0,39.46668344444444
UPZ33,04,SAN CRISTÓBAL,2025,10,131.0,556.0,527.0,396.0,1610.0,394686.0,5580.0,1964.0,39259.0,39.46668344444444
UPZ33,04,SAN CRISTÓBAL,2025,11,102.0,448.0,571.0,467.0,1588.0,394686.0,5580.0,1964.0,39259.0,39.46668344444444
UPZ33,04,SAN CRISTÓBAL,2025,12,74.0,560.0,443.0,468.0,1545.0,394686.0,5580.0,1964.0,39259.0,39.46668344444444
UPZ95,03,SANTA FE,2025,8,73.0,324.0,368.0,291.0,1056.0,113315.0,7149.0,3943.0,18831.0,40.005426111111106
UPZ95,03,SANTA FE,2025,10,45.0,244.0,258.0,213.0,760.0,113315.0,7149.0,3943.0,18831.0,40.005426111111106
UPZ95,03,SANTA FE,2025,11,73.0,265.0,300.0,252.0,890.0,113315.0,7149.0,3943.0,18831.0,40.005426111111106
UPZ95,03,SANTA FE,2025,12,52.0,348.0,279.0,205.0,884.0,113315.0,7149.0,3943.0,18831.0,40.005426111111106
UPZ94,17,CANDELARIA,2025,1,55.0,304.0,371.0,217.0,947.0,16574.0,1823.0,997.0,3644.0,39.161125222222225
UPZ94,17,CANDELARIA,2025,2,59.0,393.0,438.0,233.0,1123.0,16574.0,1823.0,997.0,3644.0,39.161125222222225
UPZ94,17,CANDELARIA,2025,3,67.0,354.0,466.0,261.0,1148.0,16574.0,1823.0,997.0,3644.0,39.161125222222225
UPZ94,17,CANDELARIA,2025,4,55.0,376.0,456.0,218.0,1105.0,16574.0,1823.0,997.0,3644.0,39.161125222222225
UPZ94,17,CANDELARIA,2025,5,60.0,397.0,509.0,270.0,1236.0,16574.0,1823.0,997.0,3644.0,39.161125222222225
UPZ94,17,CANDELARIA,2025,6,76.0,325.0,486.0,216.0,1103.0,16574.0,1823.0,997.0,3644.0,39.161125222222225
UPZ94,17,CANDELARIA,2025,7,57.0,373.0,451.0,259.0,1140.0,16574.0,1823.0,997.0,3644.0,39.161125222222225
UPZ94,17,CANDELARIA,2025,8,48.0,362.0,485.0,212.0,1107.0,16574.0,1823.0,997.0,3644.0,39.161125222222225
UPZ94,17,CANDELARIA,2025,9,53.0,417.0,501.0,212.0,1183.0,16574.0,1823.0,997.0,3644.0,39.161125222222225
UPZ94,17,CANDELARIA,2025,10,76.0,424.0,564.0,263.0,1327.0,16574.0,1823.0,997.0,3644.0,39.161125222222225
UPZ94,17,CANDELARIA,2025,11,59.0,456.0,539.0,272.0,1326.0,16574.0,1823.0,997.0,3644.0,39.161125222222225
UPZ94,17,CANDELARIA,2025,12,58.0,318.0,481.0,249.0,1106.0,16574.0,1823.0,997.0,3644.0,39.161125222222225
UPZ91,03,SANTA FE,2025,9,63.0,279.0,410.0,188.0,940.0,113315.0,7149.0,3943.0,18831.0,40.005426111111106
UPZ91,03,SANTA FE,2025,10,77.0,297.0,376.0,141.0,891.0,113315.0,7149.0,3943.0,18831.0,40.005426111111106
UPZ91,03,SANTA FE,2025,11,52.0,207.0,431.0,206.0,896.0,113315.0,7149.0,3943.0,18831.0,40.005426111111106
UPZ10,01,USAQUÉN,2026,1,35.0,212.0,324.0,145.0,716.0,584326.0,9153.0,4640.0,46798.0,41.7932881111111
UPZ10,01,USAQUÉN,2026,2,34.0,200.0,275.0,194.0,703.0,584326.0,9153.0,4640.0,46798.0,41.7932881111111
UPZ10,01,USAQUÉN,2026,3,34.0,227.0,337.0,194.0,792.0,584326.0,9153.0,4640.0,46798.0,41.7932881111111
UPZ10,01,USAQUÉN,2026,4,36.0,237.0,261.0,196.0,730.0,584326.0,9153.0,4640.0,46798.0,41.7932881111111
UPZ10,01,USAQUÉN,2026,5,40.0,247.0,370.0,179.0,836.0,584326.0,9153.0,4640.0,46798.0,41.7932881111111
UPZ10,01,USAQUÉN,2026,6,20.0,213.0,334.0,196.0,763.0,584326.0,9153.0,4640.0,46798.0,41.7932881111111
UPZ9,01,USAQUÉN,2026,1,89.0,836.0,642.0,719.0,2286.0,584326.0,9153.0,4640.0,46798.0,41.7932881111111
UPZ9,01,USAQUÉN,2026,2,90.0,758.0,727.0,706.0,2281.0,584326.0,9153.0,4640.0,46798.0,41.7932881111111
UPZ9,01,USAQUÉN,2026,3,120.0,837.0,808.0,841.0,2606.0,584326.0,9153.0,4640.0,46798.0,41.7932881111111
UPZ9,01,USAQUÉN,2026,4,103.0,736.0,626.0,741.0,2206.0,584326.0,9153.0,4640.0,46798.0,41.7932881111111
UPZ9,01,USAQUÉN,2026,5,60.0,950.0,721.0,784.0,2515.0,584326.0,9153.0,4640.0,46798.0,41.7932881111111
UPZ9,01,USAQUÉN,2026,6,78.0,800.0,720.0,705.0,2303.0,584326.0,9153.0,4640.0,46798.0,41.7932881111111
UPZ12,01,USAQUÉN,2026,1,71.0,431.0,445.0,380.0,1327.0,584326.0,9153.0,4640.0,46798.0,41.7932881111111
UPZ12,01,USAQUÉN,2026,2,75.0,439.0,475.0,304.0,1293.0,584326.0,9153.0,4640.0,46798.0,41.7932881111111
UPZ12,01,USAQUÉN,2026,3,77.0,522.0,585.0,353.0,1537.0,584326.0,9153.0,4640.0,46798.0,41.7932881111111
UPZ12,01,USAQUÉN,2026,4,64.0,480.0,472.0,334.0,1350.0,584326.0,9153.0,4640.0,46798.0,41.7932881111111
UPZ12,01,USAQUÉN,2026,5,58.0,515.0,565.0,426.0,1564.0,584326.0,9153.0,4640.0,46798.0,41.7932881111111
UPZ12,01,USAQUÉN,2026,6,62.0,419.0,444.0,300.0,1225.0,584326.0,9153.0,4640.0,46798.0,41.7932881111111
UPZ18,11,SUBA,2026,1,62.0,481.0,416.0,314.0,1273.0,1252218.0,14837.0,6742.0,111346.0,40.380222
UPZ18,11,SUBA,2026,2,80.0,537.0,566.0,319.0,1502.0,1252218.0,14837.0,6742.0,111346.0,40.380222
UPZ18,11,SUBA,2026,3,81.0,598.0,579.0,295.0,1553.0,1252218.0,14837.0,6742.0,111346.0,40.380222
UPZ18,11,SUBA,2026,4,45.0,380.0,423.0,265.0,1113.0,1252218.0,14837.0,6742.0,111346.0,40.380222
UPZ18,11,SUBA,2026,5,63.0,549.0,567.0,363.0,1542.0,1252218.0,14837.0,6742.0,111346.0,40.380222
UPZ18,11,SUBA,2026,6,47.0,518.0,492.0,290.0,1347.0,1252218.0,14837.0,6742.0,111346.0,40.380222
UPZ13,01,USAQUÉN,2026,1,117.0,820.0,901.0,409.0,2247.0,584326.0,9153.0,4640.0,46798.0,41.7932881111111
UPZ13,01,USAQUÉN,2026,2,196.0,928.0,1369.0,496.0,2989.0,584326.0,9153.0,4640.0,46798.0,41.7932881111111
UPZ13,01,USAQUÉN,2026,3,153.0,1035.0,1091.0,483.0,2762.0,584326.0,9153.0,4640.0,46798.0,41.7932881111111
UPZ13,01,USAQUÉN,2026,4,125.0,1046.0,1161.0,472.0,2804.0,584326.0,9153.0,4640.0,46798.0,41.7932881111111
UPZ13,01,USAQUÉN,2026,5,147.0,1000.0,1129.0,496.0,2772.0,584326.0,9153.0,4640.0,46798.0,41.7932881111111
UPZ13,01,USAQUÉN,2026,6,116.0,1028.0,916.0,451.0,2511.0,584326.0,9153.0,4640.0,46798.0,41.7932881111111
UPZ15,01,USAQUÉN,2026,1,21.0,93.0,181.0,54.0,349.0,584326.0,9153.0,4640.0,46798.0,41.7932881111111
UPZ15,01,USAQUÉN,2026,2,36.0,93.0,219.0,68.0,416.0,584326.0,9153.0,4640.0,46798.0,41.7932881111111
UPZ15,01,USAQUÉN,2026,3,31.0,159.0,195.0,87.0,472.0,584326.0,9153.0,4640.0,46798.0,41.7932881111111
UPZ15,01,USAQUÉN,2026,4,20.0,89.0,246.0,56.0,411.0,584326.0,9153.0,4640.0,46798.0,41.7932881111111
UPZ15,01,USAQUÉN,2026,5,31.0,126.0,180.0,81.0,418.0,584326.0,9153.0,4640.0,46798.0,41.7932881111111
UPZ15,01,USAQUÉN,2026,6,16.0,86.0,184.0,39.0,325.0,584326.0,9153.0,4640.0,46798.0,41.7932881111111
UPZ16,01,USAQUÉN,2026,1,102.0,590.0,809.0,254.0,1755.0,584326.0,9153.0,4640.0,46798.0,41.7932881111111
UPZ16,01,USAQUÉN,2026,2,115.0,604.0,832.0,317.0,1868.0,584326.0,9153.0,4640.0,46798.0,41.7932881111111
UPZ16,01,USAQUÉN,2026,3,137.0,704.0,973.0,392.0,2206.0,584326.0,9153.0,4640.0,46798.0,41.7932881111111
UPZ16,01,USAQUÉN,2026,4,113.0,666.0,845.0,254.0,1878.0,584326.0,9153.0,4640.0,46798.0,41.7932881111111
UPZ16,01,USAQUÉN,2026,5,155.0,661.0,892.0,307.0,2015.0,584326.0,9153.0,4640.0,46798.0,41.7932881111111
UPZ16,01,USAQUÉN,2026,6,125.0,690.0,818.0,265.0,1898.0,584326.0,9153.0,4640.0,46798.0,41.7932881111111
UPZ97,02,CHAPINERO,2026,1,220.0,1209.0,993.0,454.0,2876.0,160175.0,9495.0,5327.0,25018.0,42.201468444444444
UPZ97,02,CHAPINERO,2026,2,311.0,994.0,1128.0,599.0,3032.0,160175.0,9495.0,5327.0,25018.0,42.201468444444444
UPZ97,02,CHAPINERO,2026,3,295.0,1040.0,1210.0,640.0,3185.0,160175.0,9495.0,5327.0,25018.0,42.201468444444444
UPZ97,02,CHAPINERO,2026,4,269.0,1037.0,1147.0,551.0,3004.0,160175.0,9495.0,5327.0,25018.0,42.201468444444444
UPZ97,02,CHAPINERO,2026,5,254.0,926.0,1256.0,600.0,3036.0,160175.0,9495.0,5327.0,25018.0,42.201468444444444
UPZ97,02,CHAPINERO,2026,6,227.0,714.0,1080.0,443.0,2464.0,160175.0,9495.0,5327.0,25018.0,42.201468444444444
UPZ27,11,SUBA,2026,1,145.0,1091.0,1025.0,887.0,3148.0,1252218.0,14837.0,6742.0,111346.0,40.380222
UPZ27,11,SUBA,2026,2,153.0,1125.0,1033.0,978.0,3289.0,1252218.0,14837.0,6742.0,111346.0,40.380222
UPZ27,11,SUBA,2026,3,153.0,1250.0,1387.0,1177.0,3967.0,1252218.0,14837.0,6742.0,111346.0,40.380222
UPZ27,11,SUBA,2026,4,125.0,1132.0,1038.0,974.0,3269.0,1252218.0,14837.0,6742.0,111346.0,40.380222
UPZ27,11,SUBA,2026,5,128.0,1221.0,1145.0,978.0,3472.0,1252218.0,14837.0,6742.0,111346.0,40.380222
UPZ27,11,SUBA,2026,6,121.0,1174.0,1132.0,1017.0,3444.0,1252218.0,14837.0,6742.0,111346.0,40.380222
UPZ28,11,SUBA,2026,1,290.0,2494.0,1634.0,2086.0,6504.0,1252218.0,14837.0,6742.0,111346.0,40.380222
UPZ28,11,SUBA,2026,2,288.0,2102.0,1719.0,2206.0,6315.0,1252218.0,14837.0,6742.0,111346.0,40.380222
UPZ28,11,SUBA,2026,3,294.0,2605.0,1941.0,2464.0,7304.0,1252218.0,14837.0,6742.0,111346.0,40.380222
UPZ28,11,SUBA,2026,4,254.0,2661.0,1824.0,2433.0,7172.0,1252218.0,14837.0,6742.0,111346.0,40.380222
UPZ28,11,SUBA,2026,5,288.0,2866.0,2022.0,2155.0,7331.0,1252218.0,14837.0,6742.0,111346.0,40.380222
UPZ28,11,SUBA,2026,6,231.0,2541.0,1642.0,2131.0,6545.0,1252218.0,14837.0,6742.0,111346.0,40.380222
UPZ24,11,SUBA,2026,1,133.0,615.0,692.0,312.0,1752.0,1252218.0,14837.0,6742.0,111346.0,40.380222
UPZ24,11,SUBA,2026,2,93.0,465.0,754.0,346.0,1658.0,1252218.0,14837.0,6742.0,111346.0,40.380222
UPZ24,11,SUBA,2026,3,102.0,528.0,818.0,420.0,1868.0,1252218.0,14837.0,6742.0,111346.0,40.380222
UPZ24,11,SUBA,2026,4,104.0,534.0,774.0,314.0,1726.0,1252218.0,14837.0,6742.0,111346.0,40.380222
UPZ24,11,SUBA,2026,5,105.0,443.0,770.0,331.0,1649.0,1252218.0,14837.0,6742.0,111346.0,40.380222
UPZ24,11,SUBA,2026,6,91.0,437.0,765.0,300.0,1593.0,1252218.0,14837.0,6742.0,111346.0,40.380222
UPZ25,11,SUBA,2026,1,54.0,178.0,271.0,109.0,612.0,1252218.0,14837.0,6742.0,111346.0,40.380222
UPZ25,11,SUBA,2026,2,50.0,188.0,336.0,98.0,672.0,1252218.0,14837.0,6742.0,111346.0,40.380222
UPZ25,11,SUBA,2026,3,51.0,224.0,335.0,126.0,736.0,1252218.0,14837.0,6742.0,111346.0,40.380222
UPZ25,11,SUBA,2026,4,64.0,236.0,454.0,125.0,879.0,1252218.0,14837.0,6742.0,111346.0,40.380222
UPZ25,11,SUBA,2026,5,31.0,190.0,287.0,125.0,633.0,1252218.0,14837.0,6742.0,111346.0,40.380222
UPZ25,11,SUBA,2026,6,38.0,238.0,287.0,120.0,683.0,1252218.0,14837.0,6742.0,111346.0,40.380222
UPZ20,11,SUBA,2026,1,78.0,280.0,400.0,136.0,894.0,1252218.0,14837.0,6742.0,111346.0,40.380222
UPZ20,11,SUBA,2026,2,50.0,227.0,376.0,130.0,783.0,1252218.0,14837.0,6742.0,111346.0,40.380222
UPZ20,11,SUBA,2026,3,66.0,240.0,386.0,178.0,870.0,1252218.0,14837.0,6742.0,111346.0,40.380222
UPZ20,11,SUBA,2026,4,68.0,264.0,439.0,139.0,910.0,1252218.0,14837.0,6742.0,111346.0,40.380222
UPZ20,11,SUBA,2026,5,52.0,262.0,403.0,135.0,852.0,1252218.0,14837.0,6742.0,111346.0,40.380222
UPZ20,11,SUBA,2026,6,42.0,299.0,442.0,127.0,910.0,1252218.0,14837.0,6742.0,111346.0,40.380222
UPZ21,12,BARRIOS UNIDOS,2026,1,77.0,315.0,392.0,176.0,960.0,134573.0,5247.0,2683.0,22455.0,39.80123933333333
UPZ21,12,BARRIOS UNIDOS,2026,2,88.0,348.0,498.0,182.0,1116.0,134573.0,5247.0,2683.0,22455.0,39.80123933333333
UPZ21,12,BARRIOS UNIDOS,2026,3,108.0,398.0,561.0,230.0,1297.0,134573.0,5247.0,2683.0,22455.0,39.80123933333333
UPZ21,12,BARRIOS UNIDOS,2026,4,77.0,362.0,467.0,247.0,1153.0,134573.0,5247.0,2683.0,22455.0,39.80123933333333
UPZ21,12,BARRIOS UNIDOS,2026,5,68.0,323.0,462.0,186.0,1039.0,134573.0,5247.0,2683.0,22455.0,39.80123933333333
UPZ21,12,BARRIOS UNIDOS,2026,6,83.0,343.0,350.0,223.0,999.0,134573.0,5247.0,2683.0,22455.0,39.80123933333333
UPZ72,10,ENGATIVÁ,2026,1,51.0,297.0,471.0,280.0,1099.0,828873.0,13872.0,6502.0,86095.0,43.08297155555556
UPZ72,10,ENGATIVÁ,2026,2,78.0,259.0,430.0,251.0,1018.0,828873.0,13872.0,6502.0,86095.0,43.08297155555556
UPZ72,10,ENGATIVÁ,2026,3,56.0,277.0,504.0,313.0,1150.0,828873.0,13872.0,6502.0,86095.0,43.08297155555556
UPZ72,10,ENGATIVÁ,2026,4,75.0,330.0,428.0,260.0,1093.0,828873.0,13872.0,6502.0,86095.0,43.08297155555556
UPZ72,10,ENGATIVÁ,2026,5,55.0,330.0,449.0,291.0,1125.0,828873.0,13872.0,6502.0,86095.0,43.08297155555556
UPZ72,10,ENGATIVÁ,2026,6,46.0,383.0,437.0,275.0,1141.0,828873.0,13872.0,6502.0,86095.0,43.08297155555556
UPZ30,10,ENGATIVÁ,2026,1,192.0,1119.0,970.0,795.0,3076.0,828873.0,13872.0,6502.0,86095.0,43.08297155555556
UPZ30,10,ENGATIVÁ,2026,2,166.0,1030.0,1194.0,925.0,3315.0,828873.0,13872.0,6502.0,86095.0,43.08297155555556
UPZ30,10,ENGATIVÁ,2026,3,200.0,1274.0,1234.0,999.0,3707.0,828873.0,13872.0,6502.0,86095.0,43.08297155555556
UPZ30,10,ENGATIVÁ,2026,4,185.0,1192.0,1166.0,892.0,3435.0,828873.0,13872.0,6502.0,86095.0,43.08297155555556
UPZ30,10,ENGATIVÁ,2026,5,182.0,1140.0,1113.0,907.0,3342.0,828873.0,13872.0,6502.0,86095.0,43.08297155555556
UPZ30,10,ENGATIVÁ,2026,6,167.0,1114.0,947.0,849.0,3077.0,828873.0,13872.0,6502.0,86095.0,43.08297155555556
UPZ26,10,ENGATIVÁ,2026,1,257.0,1239.0,1061.0,806.0,3363.0,828873.0,13872.0,6502.0,86095.0,43.08297155555556
UPZ26,10,ENGATIVÁ,2026,2,189.0,1178.0,1351.0,899.0,3617.0,828873.0,13872.0,6502.0,86095.0,43.08297155555556
UPZ26,10,ENGATIVÁ,2026,3,227.0,1369.0,1414.0,1068.0,4078.0,828873.0,13872.0,6502.0,86095.0,43.08297155555556
UPZ26,10,ENGATIVÁ,2026,4,224.0,1196.0,1202.0,937.0,3559.0,828873.0,13872.0,6502.0,86095.0,43.08297155555556
UPZ26,10,ENGATIVÁ,2026,5,218.0,1339.0,1348.0,888.0,3793.0,828873.0,13872.0,6502.0,86095.0,43.08297155555556
UPZ26,10,ENGATIVÁ,2026,6,217.0,1221.0,1072.0,790.0,3300.0,828873.0,13872.0,6502.0,86095.0,43.08297155555556
UPZ22,12,BARRIOS UNIDOS,2026,1,147.0,805.0,707.0,513.0,2172.0,134573.0,5247.0,2683.0,22455.0,39.80123933333333
UPZ22,12,BARRIOS UNIDOS,2026,2,113.0,680.0,700.0,490.0,1983.0,134573.0,5247.0,2683.0,22455.0,39.80123933333333
UPZ22,12,BARRIOS UNIDOS,2026,3,152.0,742.0,812.0,617.0,2323.0,134573.0,5247.0,2683.0,22455.0,39.80123933333333
UPZ22,12,BARRIOS UNIDOS,2026,4,101.0,761.0,709.0,476.0,2047.0,134573.0,5247.0,2683.0,22455.0,39.80123933333333
UPZ22,12,BARRIOS UNIDOS,2026,5,104.0,833.0,711.0,441.0,2089.0,134573.0,5247.0,2683.0,22455.0,39.80123933333333
UPZ22,12,BARRIOS UNIDOS,2026,6,130.0,708.0,672.0,444.0,1954.0,134573.0,5247.0,2683.0,22455.0,39.80123933333333
UPZ98,12,BARRIOS UNIDOS,2026,1,301.0,1112.0,1018.0,548.0,2979.0,134573.0,5247.0,2683.0,22455.0,39.80123933333333
UPZ98,12,BARRIOS UNIDOS,2026,2,272.0,940.0,1338.0,636.0,3186.0,134573.0,5247.0,2683.0,22455.0,39.80123933333333
UPZ98,12,BARRIOS UNIDOS,2026,3,330.0,1159.0,1487.0,661.0,3637.0,134573.0,5247.0,2683.0,22455.0,39.80123933333333
UPZ98,12,BARRIOS UNIDOS,2026,4,246.0,1048.0,1228.0,643.0,3165.0,134573.0,5247.0,2683.0,22455.0,39.80123933333333
UPZ98,12,BARRIOS UNIDOS,2026,5,204.0,978.0,1260.0,625.0,3067.0,134573.0,5247.0,2683.0,22455.0,39.80123933333333
UPZ98,12,BARRIOS UNIDOS,2026,6,222.0,908.0,983.0,585.0,2698.0,134573.0,5247.0,2683.0,22455.0,39.80123933333333
UPZ83,08,KENNEDY,2026,1,20.0,87.0,138.0,118.0,363.0,1104934.0,13640.0,5906.0,106864.0,42.087377222222216
UPZ83,08,KENNEDY,2026,2,14.0,80.0,150.0,111.0,355.0,1104934.0,13640.0,5906.0,106864.0,42.087377222222216
UPZ83,08,KENNEDY,2026,3,33.0,65.0,218.0,139.0,455.0,1104934.0,13640.0,5906.0,106864.0,42.087377222222216
UPZ83,08,KENNEDY,2026,4,27.0,85.0,157.0,105.0,374.0,1104934.0,13640.0,5906.0,106864.0,42.087377222222216
UPZ83,08,KENNEDY,2026,5,25.0,64.0,208.0,135.0,432.0,1104934.0,13640.0,5906.0,106864.0,42.087377222222216
UPZ83,08,KENNEDY,2026,6,36.0,79.0,169.0,115.0,399.0,1104934.0,13640.0,5906.0,106864.0,42.087377222222216
UPZ82,08,KENNEDY,2026,1,141.0,1079.0,950.0,1176.0,3346.0,1104934.0,13640.0,5906.0,106864.0,42.087377222222216
UPZ82,08,KENNEDY,2026,2,131.0,1025.0,886.0,1283.0,3325.0,1104934.0,13640.0,5906.0,106864.0,42.087377222222216
UPZ82,08,KENNEDY,2026,3,148.0,1354.0,1186.0,1456.0,4144.0,1104934.0,13640.0,5906.0,106864.0,42.087377222222216
UPZ82,08,KENNEDY,2026,4,115.0,1277.0,1014.0,1270.0,3676.0,1104934.0,13640.0,5906.0,106864.0,42.087377222222216
UPZ82,08,KENNEDY,2026,5,114.0,1172.0,859.0,1225.0,3370.0,1104934.0,13640.0,5906.0,106864.0,42.087377222222216
UPZ82,08,KENNEDY,2026,6,159.0,1021.0,862.0,1251.0,3293.0,1104934.0,13640.0,5906.0,106864.0,42.087377222222216
UPZ46,08,KENNEDY,2026,1,170.0,1006.0,1078.0,751.0,3005.0,1104934.0,13640.0,5906.0,106864.0,42.087377222222216
UPZ46,08,KENNEDY,2026,2,190.0,968.0,1214.0,759.0,3131.0,1104934.0,13640.0,5906.0,106864.0,42.087377222222216
UPZ46,08,KENNEDY,2026,3,181.0,1308.0,1203.0,966.0,3658.0,1104934.0,13640.0,5906.0,106864.0,42.087377222222216
UPZ46,08,KENNEDY,2026,4,178.0,969.0,1207.0,800.0,3154.0,1104934.0,13640.0,5906.0,106864.0,42.087377222222216
UPZ46,08,KENNEDY,2026,5,174.0,1085.0,1124.0,848.0,3231.0,1104934.0,13640.0,5906.0,106864.0,42.087377222222216
UPZ46,08,KENNEDY,2026,6,163.0,1032.0,1173.0,820.0,3188.0,1104934.0,13640.0,5906.0,106864.0,42.087377222222216
UPZ44,08,KENNEDY,2026,1,132.0,649.0,756.0,457.0,1994.0,1104934.0,13640.0,5906.0,106864.0,42.087377222222216
UPZ44,08,KENNEDY,2026,2,134.0,593.0,949.0,515.0,2191.0,1104934.0,13640.0,5906.0,106864.0,42.087377222222216
UPZ44,08,KENNEDY,2026,3,164.0,869.0,1013.0,643.0,2689.0,1104934.0,13640.0,5906.0,106864.0,42.087377222222216
UPZ44,08,KENNEDY,2026,4,142.0,703.0,856.0,613.0,2314.0,1104934.0,13640.0,5906.0,106864.0,42.087377222222216
UPZ44,08,KENNEDY,2026,5,164.0,816.0,870.0,575.0,2425.0,1104934.0,13640.0,5906.0,106864.0,42.087377222222216
UPZ44,08,KENNEDY,2026,6,126.0,891.0,827.0,557.0,2401.0,1104934.0,13640.0,5906.0,106864.0,42.087377222222216
UPZ43,16,PUENTE ARANDA,2026,1,106.0,653.0,681.0,415.0,1855.0,248758.0,7655.0,3707.0,27980.0,41.012262222222226
UPZ43,16,PUENTE ARANDA,2026,2,79.0,572.0,718.0,434.0,1803.0,248758.0,7655.0,3707.0,27980.0,41.012262222222226
UPZ43,16,PUENTE ARANDA,2026,3,100.0,646.0,731.0,466.0,1943.0,248758.0,7655.0,3707.0,27980.0,41.012262222222226
UPZ43,16,PUENTE ARANDA,2026,4,83.0,531.0,630.0,444.0,1688.0,248758.0,7655.0,3707.0,27980.0,41.012262222222226
UPZ43,16,PUENTE ARANDA,2026,5,95.0,589.0,662.0,440.0,1786.0,248758.0,7655.0,3707.0,27980.0,41.012262222222226
UPZ43,16,PUENTE ARANDA,2026,6,87.0,594.0,715.0,426.0,1822.0,248758.0,7655.0,3707.0,27980.0,41.012262222222226
UPZ111,16,PUENTE ARANDA,2026,1,59.0,150.0,342.0,170.0,721.0,248758.0,7655.0,3707.0,27980.0,41.012262222222226
UPZ111,16,PUENTE ARANDA,2026,2,45.0,162.0,456.0,162.0,825.0,248758.0,7655.0,3707.0,27980.0,41.012262222222226
UPZ111,16,PUENTE ARANDA,2026,3,80.0,194.0,536.0,187.0,997.0,248758.0,7655.0,3707.0,27980.0,41.012262222222226
UPZ111,16,PUENTE ARANDA,2026,4,58.0,191.0,480.0,217.0,946.0,248758.0,7655.0,3707.0,27980.0,41.012262222222226
UPZ111,16,PUENTE ARANDA,2026,5,79.0,183.0,563.0,186.0,1011.0,248758.0,7655.0,3707.0,27980.0,41.012262222222226
UPZ111,16,PUENTE ARANDA,2026,6,51.0,175.0,414.0,165.0,805.0,248758.0,7655.0,3707.0,27980.0,41.012262222222226
UPZ115,09,FONTIBÓN,2026,1,30.0,115.0,218.0,106.0,469.0,384256.0,8291.0,4134.0,34755.0,38.790278777777786
UPZ115,09,FONTIBÓN,2026,2,36.0,151.0,227.0,113.0,527.0,384256.0,8291.0,4134.0,34755.0,38.790278777777786
UPZ115,09,FONTIBÓN,2026,3,44.0,150.0,236.0,114.0,544.0,384256.0,8291.0,4134.0,34755.0,38.790278777777786
UPZ115,09,FONTIBÓN,2026,4,29.0,122.0,235.0,123.0,509.0,384256.0,8291.0,4134.0,34755.0,38.790278777777786
UPZ115,09,FONTIBÓN,2026,5,36.0,127.0,238.0,108.0,509.0,384256.0,8291.0,4134.0,34755.0,38.790278777777786
UPZ115,09,FONTIBÓN,2026,6,48.0,142.0,248.0,128.0,566.0,384256.0,8291.0,4134.0,34755.0,38.790278777777786
UPZ116,10,ENGATIVÁ,2026,1,51.0,217.0,381.0,128.0,777.0,828873.0,13872.0,6502.0,86095.0,43.08297155555556
UPZ116,10,ENGATIVÁ,2026,2,42.0,253.0,402.0,171.0,868.0,828873.0,13872.0,6502.0,86095.0,43.08297155555556
UPZ116,10,ENGATIVÁ,2026,3,56.0,222.0,435.0,137.0,850.0,828873.0,13872.0,6502.0,86095.0,43.08297155555556
UPZ116,10,ENGATIVÁ,2026,4,42.0,179.0,443.0,143.0,807.0,828873.0,13872.0,6502.0,86095.0,43.08297155555556
UPZ116,10,ENGATIVÁ,2026,5,68.0,167.0,396.0,140.0,771.0,828873.0,13872.0,6502.0,86095.0,43.08297155555556
UPZ116,10,ENGATIVÁ,2026,6,43.0,180.0,377.0,128.0,728.0,828873.0,13872.0,6502.0,86095.0,43.08297155555556
UPZ105,10,ENGATIVÁ,2026,1,19.0,43.0,108.0,32.0,202.0,828873.0,13872.0,6502.0,86095.0,43.08297155555556
UPZ105,10,ENGATIVÁ,2026,2,18.0,48.0,99.0,53.0,218.0,828873.0,13872.0,6502.0,86095.0,43.08297155555556
UPZ105,10,ENGATIVÁ,2026,3,17.0,55.0,168.0,28.0,268.0,828873.0,13872.0,6502.0,86095.0,43.08297155555556
UPZ105,10,ENGATIVÁ,2026,4,29.0,37.0,107.0,78.0,251.0,828873.0,13872.0,6502.0,86095.0,43.08297155555556
UPZ105,10,ENGATIVÁ,2026,5,21.0,51.0,131.0,48.0,251.0,828873.0,13872.0,6502.0,86095.0,43.08297155555556
UPZ105,10,ENGATIVÁ,2026,6,18.0,46.0,98.0,44.0,206.0,828873.0,13872.0,6502.0,86095.0,43.08297155555556
UPZ104,13,TEUSAQUILLO,2026,1,40.0,94.0,202.0,73.0,409.0,154663.0,8029.0,4744.0,22550.0,42.044905888888884
UPZ104,13,TEUSAQUILLO,2026,2,31.0,233.0,236.0,75.0,575.0,154663.0,8029.0,4744.0,22550.0,42.044905888888884
UPZ104,13,TEUSAQUILLO,2026,3,38.0,98.0,253.0,104.0,493.0,154663.0,8029.0,4744.0,22550.0,42.044905888888884
UPZ104,13,TEUSAQUILLO,2026,4,55.0,114.0,238.0,91.0,498.0,154663.0,8029.0,4744.0,22550.0,42.044905888888884
UPZ104,13,TEUSAQUILLO,2026,5,38.0,68.0,235.0,72.0,413.0,154663.0,8029.0,4744.0,22550.0,42.044905888888884
UPZ104,13,TEUSAQUILLO,2026,6,46.0,96.0,228.0,72.0,442.0,154663.0,8029.0,4744.0,22550.0,42.044905888888884
UPZ109,13,TEUSAQUILLO,2026,1,37.0,85.0,167.0,65.0,354.0,154663.0,8029.0,4744.0,22550.0,42.044905888888884
UPZ109,13,TEUSAQUILLO,2026,2,20.0,116.0,250.0,59.0,445.0,154663.0,8029.0,4744.0,22550.0,42.044905888888884
UPZ109,13,TEUSAQUILLO,2026,3,42.0,136.0,216.0,90.0,484.0,154663.0,8029.0,4744.0,22550.0,42.044905888888884
UPZ109,13,TEUSAQUILLO,2026,4,31.0,114.0,310.0,85.0,540.0,154663.0,8029.0,4744.0,22550.0,42.044905888888884
UPZ109,13,TEUSAQUILLO,2026,5,32.0,146.0,238.0,56.0,472.0,154663.0,8029.0,4744.0,22550.0,42.044905888888884
UPZ109,13,TEUSAQUILLO,2026,6,23.0,108.0,276.0,81.0,488.0,154663.0,8029.0,4744.0,22550.0,42.044905888888884
UPZ107,13,TEUSAQUILLO,2026,1,86.0,286.0,360.0,143.0,875.0,154663.0,8029.0,4744.0,22550.0,42.044905888888884
UPZ107,13,TEUSAQUILLO,2026,2,139.0,284.0,403.0,193.0,1019.0,154663.0,8029.0,4744.0,22550.0,42.044905888888884
UPZ107,13,TEUSAQUILLO,2026,3,112.0,300.0,386.0,200.0,998.0,154663.0,8029.0,4744.0,22550.0,42.044905888888884
UPZ107,13,TEUSAQUILLO,2026,4,87.0,331.0,464.0,230.0,1112.0,154663.0,8029.0,4744.0,22550.0,42.044905888888884
UPZ107,13,TEUSAQUILLO,2026,5,135.0,344.0,477.0,263.0,1219.0,154663.0,8029.0,4744.0,22550.0,42.044905888888884
UPZ107,13,TEUSAQUILLO,2026,6,104.0,265.0,350.0,161.0,880.0,154663.0,8029.0,4744.0,22550.0,42.044905888888884
UPZ101,13,TEUSAQUILLO,2026,1,203.0,708.0,516.0,285.0,1712.0,154663.0,8029.0,4744.0,22550.0,42.044905888888884
UPZ101,13,TEUSAQUILLO,2026,2,252.0,850.0,690.0,347.0,2139.0,154663.0,8029.0,4744.0,22550.0,42.044905888888884
UPZ101,13,TEUSAQUILLO,2026,3,219.0,911.0,644.0,382.0,2156.0,154663.0,8029.0,4744.0,22550.0,42.044905888888884
UPZ101,13,TEUSAQUILLO,2026,4,226.0,881.0,667.0,337.0,2111.0,154663.0,8029.0,4744.0,22550.0,42.044905888888884
UPZ101,13,TEUSAQUILLO,2026,5,208.0,857.0,665.0,364.0,2094.0,154663.0,8029.0,4744.0,22550.0,42.044905888888884
UPZ101,13,TEUSAQUILLO,2026,6,149.0,687.0,580.0,340.0,1756.0,154663.0,8029.0,4744.0,22550.0,42.044905888888884
UPZ92,03,SANTA FE,2026,1,27.0,171.0,161.0,93.0,452.0,113327.0,7378.0,4073.0,19934.0,40.005426111111106
UPZ92,03,SANTA FE,2026,2,47.0,200.0,175.0,109.0,531.0,113327.0,7378.0,4073.0,19934.0,40.005426111111106
UPZ92,03,SANTA FE,2026,3,54.0,233.0,206.0,106.0,599.0,113327.0,7378.0,4073.0,19934.0,40.005426111111106
UPZ92,03,SANTA FE,2026,4,27.0,157.0,181.0,73.0,438.0,113327.0,7378.0,4073.0,19934.0,40.005426111111106
UPZ92,03,SANTA FE,2026,5,22.0,187.0,198.0,146.0,553.0,113327.0,7378.0,4073.0,19934.0,40.005426111111106
UPZ92,03,SANTA FE,2026,6,12.0,151.0,192.0,103.0,458.0,113327.0,7378.0,4073.0,19934.0,40.005426111111106
UPZ49,07,BOSA,2026,1,36.0,251.0,351.0,217.0,855.0,773327.0,9502.0,3605.0,73159.0,39.788368000000006
UPZ49,07,BOSA,2026,2,29.0,277.0,342.0,226.0,874.0,773327.0,9502.0,3605.0,73159.0,39.788368000000006
UPZ49,07,BOSA,2026,3,32.0,287.0,446.0,258.0,1023.0,773327.0,9502.0,3605.0,73159.0,39.788368000000006
UPZ49,07,BOSA,2026,4,44.0,268.0,357.0,243.0,912.0,773327.0,9502.0,3605.0,73159.0,39.788368000000006
UPZ49,07,BOSA,2026,5,39.0,224.0,320.0,229.0,812.0,773327.0,9502.0,3605.0,73159.0,39.788368000000006
UPZ49,07,BOSA,2026,6,36.0,250.0,346.0,242.0,874.0,773327.0,9502.0,3605.0,73159.0,39.788368000000006
UPZ65,19,CIUDAD BOLÍVAR,2026,1,83.0,546.0,537.0,471.0,1637.0,690843.0,7996.0,2405.0,67544.0,40.28282411111111
UPZ65,19,CIUDAD BOLÍVAR,2026,2,76.0,514.0,554.0,473.0,1617.0,690843.0,7996.0,2405.0,67544.0,40.28282411111111
UPZ65,19,CIUDAD BOLÍVAR,2026,3,107.0,581.0,700.0,598.0,1986.0,690843.0,7996.0,2405.0,67544.0,40.28282411111111
UPZ65,19,CIUDAD BOLÍVAR,2026,4,112.0,475.0,628.0,487.0,1702.0,690843.0,7996.0,2405.0,67544.0,40.28282411111111
UPZ65,19,CIUDAD BOLÍVAR,2026,5,88.0,461.0,607.0,494.0,1650.0,690843.0,7996.0,2405.0,67544.0,40.28282411111111
UPZ65,19,CIUDAD BOLÍVAR,2026,6,78.0,543.0,564.0,452.0,1637.0,690843.0,7996.0,2405.0,67544.0,40.28282411111111
UPZ45,08,KENNEDY,2026,1,127.0,778.0,840.0,652.0,2397.0,1104934.0,13640.0,5906.0,106864.0,42.087377222222216
UPZ45,08,KENNEDY,2026,2,110.0,731.0,1143.0,744.0,2728.0,1104934.0,13640.0,5906.0,106864.0,42.087377222222216
UPZ45,08,KENNEDY,2026,3,150.0,878.0,1111.0,922.0,3061.0,1104934.0,13640.0,5906.0,106864.0,42.087377222222216
UPZ45,08,KENNEDY,2026,4,143.0,826.0,1012.0,717.0,2698.0,1104934.0,13640.0,5906.0,106864.0,42.087377222222216
UPZ45,08,KENNEDY,2026,5,119.0,776.0,1047.0,782.0,2724.0,1104934.0,13640.0,5906.0,106864.0,42.087377222222216
UPZ45,08,KENNEDY,2026,6,147.0,661.0,991.0,661.0,2460.0,1104934.0,13640.0,5906.0,106864.0,42.087377222222216
UPZ41,16,PUENTE ARANDA,2026,1,87.0,751.0,593.0,309.0,1740.0,248758.0,7655.0,3707.0,27980.0,41.012262222222226
UPZ41,16,PUENTE ARANDA,2026,2,81.0,576.0,780.0,334.0,1771.0,248758.0,7655.0,3707.0,27980.0,41.012262222222226
UPZ41,16,PUENTE ARANDA,2026,3,112.0,676.0,903.0,394.0,2085.0,248758.0,7655.0,3707.0,27980.0,41.012262222222226
UPZ41,16,PUENTE ARANDA,2026,4,94.0,575.0,702.0,372.0,1743.0,248758.0,7655.0,3707.0,27980.0,41.012262222222226
UPZ41,16,PUENTE ARANDA,2026,5,81.0,656.0,844.0,331.0,1912.0,248758.0,7655.0,3707.0,27980.0,41.012262222222226
UPZ41,16,PUENTE ARANDA,2026,6,74.0,636.0,716.0,294.0,1720.0,248758.0,7655.0,3707.0,27980.0,41.012262222222226
UPZ85,07,BOSA,2026,1,214.0,1714.0,1513.0,1754.0,5195.0,773327.0,9502.0,3605.0,73159.0,39.788368000000006
UPZ85,07,BOSA,2026,2,249.0,1671.0,1545.0,1805.0,5270.0,773327.0,9502.0,3605.0,73159.0,39.788368000000006
UPZ85,07,BOSA,2026,3,275.0,1877.0,1909.0,1953.0,6014.0,773327.0,9502.0,3605.0,73159.0,39.788368000000006
UPZ85,07,BOSA,2026,4,220.0,1672.0,1494.0,1816.0,5202.0,773327.0,9502.0,3605.0,73159.0,39.788368000000006
UPZ85,07,BOSA,2026,5,212.0,1695.0,1572.0,1848.0,5327.0,773327.0,9502.0,3605.0,73159.0,39.788368000000006
UPZ85,07,BOSA,2026,6,238.0,1665.0,1521.0,1719.0,5143.0,773327.0,9502.0,3605.0,73159.0,39.788368000000006
UPZ100,13,TEUSAQUILLO,2026,1,194.0,675.0,609.0,359.0,1837.0,154663.0,8029.0,4744.0,22550.0,42.044905888888884
UPZ100,13,TEUSAQUILLO,2026,2,204.0,612.0,748.0,448.0,2012.0,154663.0,8029.0,4744.0,22550.0,42.044905888888884
UPZ100,13,TEUSAQUILLO,2026,3,221.0,755.0,886.0,481.0,2343.0,154663.0,8029.0,4744.0,22550.0,42.044905888888884
UPZ100,13,TEUSAQUILLO,2026,4,174.0,705.0,744.0,518.0,2141.0,154663.0,8029.0,4744.0,22550.0,42.044905888888884
UPZ100,13,TEUSAQUILLO,2026,5,174.0,816.0,738.0,464.0,2192.0,154663.0,8029.0,4744.0,22550.0,42.044905888888884
UPZ100,13,TEUSAQUILLO,2026,6,209.0,677.0,691.0,461.0,2038.0,154663.0,8029.0,4744.0,22550.0,42.044905888888884
UPZ102,14,LOS MÁRTIRES,2026,1,295.0,816.0,1147.0,693.0,2951.0,75373.0,5030.0,2745.0,19329.0,41.75165722222223
UPZ102,14,LOS MÁRTIRES,2026,2,376.0,1041.0,1296.0,790.0,3503.0,75373.0,5030.0,2745.0,19329.0,41.75165722222223
UPZ102,14,LOS MÁRTIRES,2026,3,415.0,1218.0,1547.0,890.0,4070.0,75373.0,5030.0,2745.0,19329.0,41.75165722222223
UPZ102,14,LOS MÁRTIRES,2026,4,367.0,1060.0,1342.0,929.0,3698.0,75373.0,5030.0,2745.0,19329.0,41.75165722222223
UPZ102,14,LOS MÁRTIRES,2026,5,324.0,1008.0,1354.0,866.0,3552.0,75373.0,5030.0,2745.0,19329.0,41.75165722222223
UPZ102,14,LOS MÁRTIRES,2026,6,326.0,970.0,1344.0,748.0,3388.0,75373.0,5030.0,2745.0,19329.0,41.75165722222223
UPZ108,16,PUENTE ARANDA,2026,1,110.0,244.0,786.0,224.0,1364.0,248758.0,7655.0,3707.0,27980.0,41.012262222222226
UPZ108,16,PUENTE ARANDA,2026,2,103.0,311.0,893.0,255.0,1562.0,248758.0,7655.0,3707.0,27980.0,41.012262222222226
UPZ108,16,PUENTE ARANDA,2026,3,121.0,294.0,765.0,291.0,1471.0,248758.0,7655.0,3707.0,27980.0,41.012262222222226
UPZ108,16,PUENTE ARANDA,2026,4,124.0,297.0,786.0,307.0,1514.0,248758.0,7655.0,3707.0,27980.0,41.012262222222226
UPZ108,16,PUENTE ARANDA,2026,5,117.0,274.0,819.0,256.0,1466.0,248758.0,7655.0,3707.0,27980.0,41.012262222222226
UPZ108,16,PUENTE ARANDA,2026,6,85.0,221.0,744.0,269.0,1319.0,248758.0,7655.0,3707.0,27980.0,41.012262222222226
UPZ40,16,PUENTE ARANDA,2026,1,192.0,960.0,926.0,560.0,2638.0,248758.0,7655.0,3707.0,27980.0,41.012262222222226
UPZ40,16,PUENTE ARANDA,2026,2,196.0,769.0,836.0,587.0,2388.0,248758.0,7655.0,3707.0,27980.0,41.012262222222226
UPZ40,16,PUENTE ARANDA,2026,3,148.0,922.0,1025.0,697.0,2792.0,248758.0,7655.0,3707.0,27980.0,41.012262222222226
UPZ40,16,PUENTE ARANDA,2026,4,187.0,901.0,903.0,552.0,2543.0,248758.0,7655.0,3707.0,27980.0,41.012262222222226
UPZ40,16,PUENTE ARANDA,2026,5,190.0,894.0,952.0,607.0,2643.0,248758.0,7655.0,3707.0,27980.0,41.012262222222226
UPZ40,16,PUENTE ARANDA,2026,6,159.0,791.0,834.0,552.0,2336.0,248758.0,7655.0,3707.0,27980.0,41.012262222222226
UPZ42,06,TUNJUELITO,2026,1,179.0,1127.0,1147.0,850.0,3303.0,174699.0,2817.0,1293.0,18539.0,42.47902622222223
UPZ42,06,TUNJUELITO,2026,2,126.0,1042.0,1161.0,878.0,3207.0,174699.0,2817.0,1293.0,18539.0,42.47902622222223
UPZ42,06,TUNJUELITO,2026,3,171.0,1285.0,1373.0,1051.0,3880.0,174699.0,2817.0,1293.0,18539.0,42.47902622222223
UPZ42,06,TUNJUELITO,2026,4,165.0,983.0,1257.0,955.0,3360.0,174699.0,2817.0,1293.0,18539.0,42.47902622222223
UPZ42,06,TUNJUELITO,2026,5,100.0,1158.0,1261.0,900.0,3419.0,174699.0,2817.0,1293.0,18539.0,42.47902622222223
UPZ42,06,TUNJUELITO,2026,6,128.0,858.0,1152.0,743.0,2881.0,174699.0,2817.0,1293.0,18539.0,42.47902622222223
UPZ62,06,TUNJUELITO,2026,1,79.0,399.0,343.0,320.0,1141.0,174699.0,2817.0,1293.0,18539.0,42.47902622222223
UPZ62,06,TUNJUELITO,2026,2,58.0,301.0,344.0,392.0,1095.0,174699.0,2817.0,1293.0,18539.0,42.47902622222223
UPZ62,06,TUNJUELITO,2026,3,62.0,381.0,450.0,431.0,1324.0,174699.0,2817.0,1293.0,18539.0,42.47902622222223
UPZ62,06,TUNJUELITO,2026,4,42.0,327.0,330.0,363.0,1062.0,174699.0,2817.0,1293.0,18539.0,42.47902622222223
UPZ62,06,TUNJUELITO,2026,5,57.0,375.0,352.0,356.0,1140.0,174699.0,2817.0,1293.0,18539.0,42.47902622222223
UPZ62,06,TUNJUELITO,2026,6,61.0,401.0,366.0,351.0,1179.0,174699.0,2817.0,1293.0,18539.0,42.47902622222223
UPZ56,05,USME,2026,1,20.0,214.0,294.0,285.0,813.0,401629.0,4025.0,1255.0,40889.0,25.858706111111115
UPZ56,05,USME,2026,2,32.0,215.0,307.0,240.0,794.0,401629.0,4025.0,1255.0,40889.0,25.858706111111115
UPZ56,05,USME,2026,3,30.0,218.0,296.0,357.0,901.0,401629.0,4025.0,1255.0,40889.0,25.858706111111115
UPZ56,05,USME,2026,4,39.0,257.0,337.0,272.0,905.0,401629.0,4025.0,1255.0,40889.0,25.858706111111115
UPZ56,05,USME,2026,5,20.0,242.0,294.0,306.0,862.0,401629.0,4025.0,1255.0,40889.0,25.858706111111115
UPZ56,05,USME,2026,6,44.0,259.0,280.0,281.0,864.0,401629.0,4025.0,1255.0,40889.0,25.858706111111115
UPZ54,18,RAFAEL URIBE URIBE,2026,1,115.0,773.0,582.0,661.0,2131.0,373665.0,5100.0,2079.0,45905.0,40.15385066666667
UPZ54,18,RAFAEL URIBE URIBE,2026,2,95.0,533.0,559.0,692.0,1879.0,373665.0,5100.0,2079.0,45905.0,40.15385066666667
UPZ54,18,RAFAEL URIBE URIBE,2026,3,98.0,713.0,659.0,758.0,2228.0,373665.0,5100.0,2079.0,45905.0,40.15385066666667
UPZ54,18,RAFAEL URIBE URIBE,2026,4,84.0,702.0,554.0,746.0,2086.0,373665.0,5100.0,2079.0,45905.0,40.15385066666667
UPZ54,18,RAFAEL URIBE URIBE,2026,5,79.0,784.0,544.0,683.0,2090.0,373665.0,5100.0,2079.0,45905.0,40.15385066666667
UPZ54,18,RAFAEL URIBE URIBE,2026,6,74.0,599.0,484.0,676.0,1833.0,373665.0,5100.0,2079.0,45905.0,40.15385066666667
UPZ53,18,RAFAEL URIBE URIBE,2026,1,79.0,534.0,359.0,537.0,1509.0,373665.0,5100.0,2079.0,45905.0,40.15385066666667
UPZ53,18,RAFAEL URIBE URIBE,2026,2,57.0,479.0,417.0,493.0,1446.0,373665.0,5100.0,2079.0,45905.0,40.15385066666667
UPZ53,18,RAFAEL URIBE URIBE,2026,3,83.0,517.0,605.0,611.0,1816.0,373665.0,5100.0,2079.0,45905.0,40.15385066666667
UPZ53,18,RAFAEL URIBE URIBE,2026,4,54.0,507.0,411.0,592.0,1564.0,373665.0,5100.0,2079.0,45905.0,40.15385066666667
UPZ53,18,RAFAEL URIBE URIBE,2026,5,63.0,449.0,414.0,553.0,1479.0,373665.0,5100.0,2079.0,45905.0,40.15385066666667
UPZ53,18,RAFAEL URIBE URIBE,2026,6,52.0,453.0,397.0,522.0,1424.0,373665.0,5100.0,2079.0,45905.0,40.15385066666667
UPZ39,18,RAFAEL URIBE URIBE,2026,1,181.0,1014.0,963.0,730.0,2888.0,373665.0,5100.0,2079.0,45905.0,40.15385066666667
UPZ39,18,RAFAEL URIBE URIBE,2026,2,175.0,834.0,972.0,879.0,2860.0,373665.0,5100.0,2079.0,45905.0,40.15385066666667
UPZ39,18,RAFAEL URIBE URIBE,2026,3,171.0,918.0,1122.0,1043.0,3254.0,373665.0,5100.0,2079.0,45905.0,40.15385066666667
UPZ39,18,RAFAEL URIBE URIBE,2026,4,174.0,976.0,866.0,843.0,2859.0,373665.0,5100.0,2079.0,45905.0,40.15385066666667
UPZ39,18,RAFAEL URIBE URIBE,2026,5,153.0,973.0,994.0,843.0,2963.0,373665.0,5100.0,2079.0,45905.0,40.15385066666667
UPZ39,18,RAFAEL URIBE URIBE,2026,6,131.0,841.0,826.0,737.0,2535.0,373665.0,5100.0,2079.0,45905.0,40.15385066666667
UPZ36,18,RAFAEL URIBE URIBE,2026,1,111.0,600.0,515.0,350.0,1576.0,373665.0,5100.0,2079.0,45905.0,40.15385066666667
UPZ36,18,RAFAEL URIBE URIBE,2026,2,59.0,633.0,532.0,375.0,1599.0,373665.0,5100.0,2079.0,45905.0,40.15385066666667
UPZ36,18,RAFAEL URIBE URIBE,2026,3,79.0,626.0,552.0,430.0,1687.0,373665.0,5100.0,2079.0,45905.0,40.15385066666667
UPZ36,18,RAFAEL URIBE URIBE,2026,4,91.0,604.0,519.0,436.0,1650.0,373665.0,5100.0,2079.0,45905.0,40.15385066666667
UPZ36,18,RAFAEL URIBE URIBE,2026,5,93.0,574.0,517.0,389.0,1573.0,373665.0,5100.0,2079.0,45905.0,40.15385066666667
UPZ36,18,RAFAEL URIBE URIBE,2026,6,62.0,545.0,440.0,380.0,1427.0,373665.0,5100.0,2079.0,45905.0,40.15385066666667
UPZ38,15,ANTONIO NARIÑO,2026,1,191.0,955.0,918.0,525.0,2589.0,76643.0,2575.0,1278.0,13404.0,41.394650222222225
UPZ38,15,ANTONIO NARIÑO,2026,2,163.0,932.0,960.0,595.0,2650.0,76643.0,2575.0,1278.0,13404.0,41.394650222222225
UPZ38,15,ANTONIO NARIÑO,2026,3,181.0,1039.0,1130.0,696.0,3046.0,76643.0,2575.0,1278.0,13404.0,41.394650222222225
UPZ38,15,ANTONIO NARIÑO,2026,4,186.0,947.0,1021.0,558.0,2712.0,76643.0,2575.0,1278.0,13404.0,41.394650222222225
UPZ38,15,ANTONIO NARIÑO,2026,5,154.0,870.0,922.0,563.0,2509.0,76643.0,2575.0,1278.0,13404.0,41.394650222222225
UPZ38,15,ANTONIO NARIÑO,2026,6,179.0,883.0,1003.0,590.0,2655.0,76643.0,2575.0,1278.0,13404.0,41.394650222222225
UPZ35,15,ANTONIO NARIÑO,2026,1,69.0,324.0,305.0,173.0,871.0,76643.0,2575.0,1278.0,13404.0,41.394650222222225
UPZ35,15,ANTONIO NARIÑO,2026,2,73.0,290.0,408.0,199.0,970.0,76643.0,2575.0,1278.0,13404.0,41.394650222222225
UPZ35,15,ANTONIO NARIÑO,2026,3,62.0,339.0,372.0,225.0,998.0,76643.0,2575.0,1278.0,13404.0,41.394650222222225
UPZ35,15,ANTONIO NARIÑO,2026,4,60.0,355.0,319.0,196.0,930.0,76643.0,2575.0,1278.0,13404.0,41.394650222222225
UPZ35,15,ANTONIO NARIÑO,2026,5,52.0,281.0,413.0,201.0,947.0,76643.0,2575.0,1278.0,13404.0,41.394650222222225
UPZ35,15,ANTONIO NARIÑO,2026,6,54.0,290.0,319.0,215.0,878.0,76643.0,2575.0,1278.0,13404.0,41.394650222222225
UPZ93,03,SANTA FE,2026,1,174.0,717.0,638.0,510.0,2039.0,113327.0,7378.0,4073.0,19934.0,40.005426111111106
UPZ93,03,SANTA FE,2026,2,204.0,784.0,744.0,619.0,2351.0,113327.0,7378.0,4073.0,19934.0,40.005426111111106
UPZ93,03,SANTA FE,2026,3,247.0,742.0,932.0,622.0,2543.0,113327.0,7378.0,4073.0,19934.0,40.005426111111106
UPZ93,03,SANTA FE,2026,4,197.0,669.0,850.0,569.0,2285.0,113327.0,7378.0,4073.0,19934.0,40.005426111111106
UPZ93,03,SANTA FE,2026,5,221.0,849.0,885.0,672.0,2627.0,113327.0,7378.0,4073.0,19934.0,40.005426111111106
UPZ93,03,SANTA FE,2026,6,172.0,700.0,815.0,535.0,2222.0,113327.0,7378.0,4073.0,19934.0,40.005426111111106
UPZ91,03,SANTA FE,2026,1,36.0,194.0,304.0,139.0,673.0,113327.0,7378.0,4073.0,19934.0,40.005426111111106
UPZ91,03,SANTA FE,2026,2,55.0,226.0,364.0,164.0,809.0,113327.0,7378.0,4073.0,19934.0,40.005426111111106
UPZ91,03,SANTA FE,2026,3,75.0,291.0,324.0,205.0,895.0,113327.0,7378.0,4073.0,19934.0,40.005426111111106
UPZ91,03,SANTA FE,2026,4,73.0,248.0,410.0,175.0,906.0,113327.0,7378.0,4073.0,19934.0,40.005426111111106
UPZ91,03,SANTA FE,2026,5,69.0,248.0,453.0,171.0,941.0,113327.0,7378.0,4073.0,19934.0,40.005426111111106
UPZ91,03,SANTA FE,2026,6,58.0,182.0,351.0,172.0,763.0,113327.0,7378.0,4073.0,19934.0,40.005426111111106
UPZ99,02,CHAPINERO,2026,1,148.0,584.0,567.0,311.0,1610.0,160175.0,9495.0,5327.0,25018.0,42.201468444444444
UPZ99,02,CHAPINERO,2026,2,141.0,741.0,689.0,514.0,2085.0,160175.0,9495.0,5327.0,25018.0,42.201468444444444
UPZ99,02,CHAPINERO,2026,3,201.0,788.0,809.0,485.0,2283.0,160175.0,9495.0,5327.0,25018.0,42.201468444444444
UPZ99,02,CHAPINERO,2026,4,172.0,755.0,707.0,492.0,2126.0,160175.0,9495.0,5327.0,25018.0,42.201468444444444
UPZ99,02,CHAPINERO,2026,5,142.0,732.0,786.0,463.0,2123.0,160175.0,9495.0,5327.0,25018.0,42.201468444444444
UPZ34,04,SAN CRISTÓBAL,2026,1,101.0,692.0,744.0,603.0,2140.0,393880.0,5666.0,1873.0,43270.0,39.46668344444444
UPZ34,04,SAN CRISTÓBAL,2026,2,102.0,607.0,759.0,661.0,2129.0,393880.0,5666.0,1873.0,43270.0,39.46668344444444
UPZ34,04,SAN CRISTÓBAL,2026,3,127.0,720.0,888.0,769.0,2504.0,393880.0,5666.0,1873.0,43270.0,39.46668344444444
UPZ34,04,SAN CRISTÓBAL,2026,4,113.0,776.0,693.0,567.0,2149.0,393880.0,5666.0,1873.0,43270.0,39.46668344444444
UPZ34,04,SAN CRISTÓBAL,2026,5,129.0,894.0,764.0,693.0,2480.0,393880.0,5666.0,1873.0,43270.0,39.46668344444444
UPZ34,04,SAN CRISTÓBAL,2026,6,105.0,679.0,637.0,617.0,2038.0,393880.0,5666.0,1873.0,43270.0,39.46668344444444
UPZ33,04,SAN CRISTÓBAL,2026,1,82.0,501.0,416.0,380.0,1379.0,393880.0,5666.0,1873.0,43270.0,39.46668344444444
UPZ33,04,SAN CRISTÓBAL,2026,2,67.0,355.0,510.0,362.0,1294.0,393880.0,5666.0,1873.0,43270.0,39.46668344444444
UPZ33,04,SAN CRISTÓBAL,2026,3,85.0,535.0,553.0,458.0,1631.0,393880.0,5666.0,1873.0,43270.0,39.46668344444444
UPZ33,04,SAN CRISTÓBAL,2026,4,108.0,483.0,563.0,454.0,1608.0,393880.0,5666.0,1873.0,43270.0,39.46668344444444
UPZ33,04,SAN CRISTÓBAL,2026,5,82.0,448.0,545.0,368.0,1443.0,393880.0,5666.0,1873.0,43270.0,39.46668344444444
UPZ33,04,SAN CRISTÓBAL,2026,6,78.0,455.0,476.0,340.0,1349.0,393880.0,5666.0,1873.0,43270.0,39.46668344444444
UPZ95,03,SANTA FE,2026,1,45.0,267.0,247.0,208.0,767.0,113327.0,7378.0,4073.0,19934.0,40.005426111111106
UPZ95,03,SANTA FE,2026,2,58.0,260.0,228.0,205.0,751.0,113327.0,7378.0,4073.0,19934.0,40.005426111111106
UPZ95,03,SANTA FE,2026,3,57.0,309.0,274.0,257.0,897.0,113327.0,7378.0,4073.0,19934.0,40.005426111111106
UPZ95,03,SANTA FE,2026,4,52.0,298.0,247.0,209.0,806.0,113327.0,7378.0,4073.0,19934.0,40.005426111111106
UPZ95,03,SANTA FE,2026,5,41.0,276.0,234.0,199.0,750.0,113327.0,7378.0,4073.0,19934.0,40.005426111111106
UPZ95,03,SANTA FE,2026,6,57.0,187.0,259.0,220.0,723.0,113327.0,7378.0,4073.0,19934.0,40.005426111111106
UPZ94,17,CANDELARIA,2026,1,48.0,307.0,373.0,212.0,940.0,16449.0,1579.0,894.0,3618.0,39.161125222222225
UPZ94,17,CANDELARIA,2026,2,67.0,326.0,399.0,209.0,1001.0,16449.0,1579.0,894.0,3618.0,39.161125222222225
UPZ94,17,CANDELARIA,2026,3,68.0,358.0,359.0,270.0,1055.0,16449.0,1579.0,894.0,3618.0,39.161125222222225
UPZ94,17,CANDELARIA,2026,4,51.0,415.0,395.0,244.0,1105.0,16449.0,1579.0,894.0,3618.0,39.161125222222225
UPZ94,17,CANDELARIA,2026,5,40.0,354.0,375.0,279.0,1048.0,16449.0,1579.0,894.0,3618.0,39.161125222222225
UPZ94,17,CANDELARIA,2026,6,54.0,291.0,339.0,175.0,859.0,16449.0,1579.0,894.0,3618.0,39.161125222222225
