No. ;Dependencia ;Norma, función o proceso;; Código del Procedimiento;" Código del
 Formato";"(Tipo documental)
Nombre del registro o documento de archivo";"(Tipo documental)
Definición";"(Tipo documental)
Idioma ";Análogo;Digital;Electrónico;Descripción del Soporte;Presentación de la información (formato);"(Tipo de origen) 
Interno";"(Tipo deorigen)
Externo";Serie; Subserie;Descripción de la categoría de información ;Pública;Clasificada;Reservada ;Custodio de la información ;Estado de la información ;Localización del documento o del activo de información ;
1;Gerencia General ;"Resolución No. 192 del 11 de Abril de 2016 ""Por la cual se modifica la Resolución 410 del 1 de julio de 2015 reorganizando el objeto, funciones, composición y reglamento del Comité de Gerencia "". ";;N/A;R-OP-004 ;Acta;Es el documento que contiene los temas tratados, decisiones y compromisos a los cuales se llego en el Comité;Español ;X;X;X;Papel/electronico;WORD/PDF ;X;;ACTAS;Actas de Comité de Gerencia   ;Esta subserie contiene todas las decisiones tomadas por el comité, como órgano de apoyo a la Gerencia General en la definición de estrategias y lineas de acción que garanticen el cumplimiento del objeto social y el rol  institucional de la entidad. ;X;;;Dirección Corporativa  -Profesional Gestión Documental/ Dirección de TIC ;Disponible ;Archivo de gestión Dirección Corporativa/SGDEA;
2;Gerencia General ;"Acuerdo No. 07 del 09 de Noviembre de 2017 ""Por la cual se modifica la estructura organizacional y las funciones de unas dependencias de la Empresa de Transporte del Tercer Milenio  - TRANSMILENIO S.A."" CAPÍTULO II númeral 10. Expedir los actos administrativos.  ";;N/A;N/A;"Circular
";Acto administrativo ;Español ;X;X;X;Papel/electronico;WORD/PDF ;X;;CIRCULARES;;Acto Administrativos que regula asuntos puntuales relacionados con la gestión estratégica, administrativa, financiera y técnica de la Empresa,.;X;;;Gerencia General/ Dirección Corporativa   ;Disponible ;Archivo de gestión Dirección Corporativa/ SGDEA;
3;Oficina Asesora de Planeación;"Decreto 456 de 2008  “Por el cual se reforma el Plan de Gestión Ambiental del Distrito Capital y se dictan otras disposiciones”, Decreto 815 de 2017 ""Por medio del cual se establecen los lineamientos para la formulación e implementación de los instrumentos operativos de planeación ambiental del Distrito PACA, PAL y PIGA, y se dictan otras disposiciones"".";;N/A;N/A;Plan de acción cuatrienal PACA ;" El Plan de Acción Cuatrienal Ambiental – PACA, como instrumento de planeación a corto plazo que armoniza los
objetivos de Plan de Desarrollo con los planteados en el PGA e incluye las acciones e inversiones
ambientales proyectadas para cada cuatrienio por cada una delas entidades que hacen parte del SIAC y
el Plan Institucional de Gestión Ambiental - PIGA como herramienta para integrar las acciones de gestión
orientadas al cumplimiento de los objetivos de ecoeficiencia establecidos en el PGA, principalmente.";Español ;X;X;X;Papel/electrónico ;Word/PDF ;X;;PLANES ;Planes de Acción Cuatrienal PACA;Testimonio de las actividades que se deben seguir para realizar la formulación y seguimiento de la gestión ambiental correspondiente al cuatrienio, realizada por Transmilenio S.A. en el marco del Plan de Desarrollo Distrital vigente.;X;;;Oficina Asesora de Planeación - Profesional Especializado Grado 06 - Gestión Ambiental;Disponible ;"Archivo de gestión OAP
Aplicativo Strom User (de la Secretaría de Ambiente)";
4;Oficina Asesora de Planeación;"Ley 1474 del 12 de Julio de 2011 ""Por la cual se dictan normas orientadas a fortalecer los mecanismos de prevención, investigación y sanción de actos de corrupción y la efectividad del control de la gestión pública. ";;N/A;N/A;Plan anticorrupción y atención al ciudadano;Documento de tipo preventivo para el control de la corrupción, su metodología incluye cinco componentes autónomos e independientes, que contienen parámetros y soporte normativo propio y un sexto componente que contempla iniciativas adicionales.;Español ;;;X;;Excel ;X;;PLANES ;Planes Anticorrupción y Atención al Ciudadano;Contiene el cronograma y el seguimiento de actividades que debe tener en cuenta cada área de la entidad al inicio de cada vigencia, para concretar el plan anticorrupción.;X;;;Oficina Asesora de Planeación -  Profesional Grado 4 Gestión Integral ;Disponible ;Oficina Asesora de Planeación ;
5;Oficina de Control Interno;"Resolución No. 296 de 10 de Mayo de 2018 ""Por la cual se crea el Comité Institucional de Coordinación de Control Interno de la Empresa de Transporte del Tercer Milenio - TRANSMILENIO S.A."" ";;N/A;N/A;Acta ;Documento que contiene los temas tratados, decisiones y compromisos a los cuales se llegó en el Comité ;Español ;X;X;X;Papel;WORD/PDF;X;;ACTAS;Actas de Comité Institucional de Coordinación de Control Interno;Serie documental donde se agrupaan las actas de comité junto con sus soportes. Las catas dan cuenta de las desiciones tomadas en asuntos tales como: Sistema de Control Interno, Plan Anual de Auditoría,  conflictos de interés , la política de administración del riesgo  entre otros temas.  ;X;;;Dirección Corporativa  -Profesional Gestión Documental ;Disponible ;Archivo de Gstión Dirección Corporativa/ SGDEA;
6;Oficina de Control Interno;" Auditoria interna del SIC
  Ejecucion de Trabajos de Aseguramiento ";;"P-CI-012
P-CI-009
P-CI-009";N/A ;Informe del trabajo de auditoría;Documento el cual evidencia el informe de la aditoría, el cual es enviado a las dependencias respecto al tema auditado. ;Español ;X;X;X;Papel;WORD/PDF;X;;Informes ;Informes de auditoría de control interno;"Documentos que evidencian  las actividades realizadas en las Auditorías Internas, ya sean de evaluación internos de procesos y de proyectos especiales, trabajos de cumplimiento u otros requerimientos en el cumplimiento de funciones de las dependencias. 

";X;;;Dirección Corporativa  -Profesional Gestión Documental ;Disponible ;Archivo de Gstión Dirección Corporativa;
7;Oficina de Control Interno;Atención de  requerimientos de la Comisión de Auditoría de la Contraloría y Visitas Administrativas de los Entes de Control y/o Vigilancia;;P-CI-005;R-OP-004;Expediente de Auditoria externa ;Expediente que contiene los temas tratados, decisiones y compromisos a los  que se han llegado una vez realida la auditoria. ;Español ;X;X;X;Papel;WORD/PDF;;X;Informes ;Informes de auditoría externa;Documentos que  dan cuenta  de las visitas o auditorias realizadas las actividades realizadas para atender las visitas de los Entes de Control y Vigilancia a TRANSMILENIO S.A., y de la presentación de respuestas a las solicitudes o requerimientos realizados en el desarrollo de la visita, dentro de los plazos y las condiciones estipuladas.;X;;;Dirección Corporativa  -Profesional Gestión Documental ;Disponible ;Archivo de Gstión Dirección Corporativa;
8;Oficina de Control Interno;Formulación y seguimiento al plan de mejoramiento suscrito con la Contraloría de Bogotá D.C.;;P-CI-011 ;R-CI-030;Informe de Seguimiento Plan de Mejoramiento Contraloría de Bogotá D.C.;Documento que contempla las actividades adelantas en cumplimiento de cada una de las acciones, grado de avance o justificaciones del incumplimiento de las mismas, y remitir las evidencias respectivas que soporten la información registrada.;Español ;X;X;X;Papel;WORD/PDF;X;;Informes ;Informes de Seguimiento al Plan de Mejoramiento Contraloría de Bogotá D.C.;Conjunto de documentos del seguiimiento a las actividades que se realizanpara llevar a cabo la verificación del cumplimiento de las acciones contenidas en el plan de mejoramiento consolidado a través del análisis de la información reportada y revisión de las evidencias, con el fin de determinar el avance suscrito entre TRANSMILENIO S. A. y la Contraloría de Bogotá D. C.;X;;;Dirección Corporativa  -Profesional Gestión Documental ;Disponible ;Archivo de Gstión Dirección Corporativa;
9;Oficina de Control Interno;Formulación y seguimiento a planes de mejoramiento internos.;;P-CI-010;R-OP-004;Plan;Documento que registra los planes de mejoramiento presentados a Control Interno, luego de  una auditoria.;Español ;X;X;X;Papel;WORD/PDF;X;;Planes ;Planes de Mejoramiento Institucional;Documentos que reflejan  los planes de  mejoramiento planificadas por las dependencias de la entidad, surgidas de la realización de procesos de evaluación internos, contemplados en el Plan Anual de Actividades de la Oficina de Control Interno.;X;;;Dirección Corporativa  -Profesional Gestión Documental ;Disponible ;Archivo de Gstión Dirección Corporativa;
10;Gerencia General ;"Acuerdo No. 07 del 09 de Noviembre de 2017 ""Por la cual se modifica la estructura organizacional y las funciones de unas dependencias de la Empresa de Transporte del Tercer Milenio  - TRANSMILENIO S.A."" CAPÍTULO II númeral 10. Expedir los actos administrativos.  ";;N/A;N/A;Resoluciones;Acto administrativo ;Español ;X;X;X;Papel/electronico;WORD/PDF ;X;;RESOLUCIONES ;;Actos administrativos de la más alta instancia decisoria de la entidad a través de los cuales se puede ver la gestión de asuntos estratégicos, misionales, de apoyo y de evaluación y control de la Empresa, orientados a garantizar el cumplimiento de su misión. ;X;;;Gerencia General/ Dirección Corporativa   ;Disponible ;Archivo de gestión Dirección Corporativa/ SGDEA;
11;Subgerencia General;"Acuerdo 4 de 1999 ""Por el cual se autoriza al Alcalde Mayor en representación del Distrito Capital para participar, conjuntamente con otras entidades del Orden Distrital, en la Constitución de la Empresa de Transporte del Tercer Milenio - TransMilenio S.A. y se dictan otras disposiciones"". ";;N/A;R-OP-004 ;Acta;Es el documento que contiene los temas tratados, decisiones y compromisos a los cuales se llego en la Asamblea General.;Español ;X;X;;Papel/;PDF;X;;ACTAS;Actas de Asamblea General ;"Las Actas de Asamblea General registran todas las decisiones y compromisos adoptados por los representantes de las entidades públicas distritales que conforman los accionistas de Transmilenio S.A. acerca de cualquier modificación del contrato social; la aprobación o improbación de los balances de fin de ejercicio; disposición de las utilidades que resulten conforme al balance general aprobado por ella; nombramiento o remoción del Revisor Fiscal; gestión financiera de acciones propias, y autorización de la participación en sociedades para el desarrollo de actividades o negocios comprendidos dentro del objeto social.";;X;;Subgerencia General/Dirección Corporativa  -Profesional Gestión Documental/;Disponible ;Subgerencia General/Archivo de Gestion Centralizado y SGDE;
12;Subgerencia General;"Resolución No. 521del03 de Junio de 2015 ""Por la cual se  modifica parcialmente la resolucion  489 del 19 de agosdto de 2014 que modifica y actualiza el Comité de Gerencia de la Integración  y se establece el apoyo al seguimiento y supervision especial de los contratos de conseción.";;N/A;R-OP-004 ;Acta;Es el documento que contiene los temas tratados, decisiones y compromisos a los cuales se llego en el Comité de Gerencia de la Integración.;Español ;X;X;;Papel;PDF;X;;ACTAS;Actas de Comité de la Integración ;Las Actas de Comité de Gerencia de la Integración contienen las deliberaciones, del Comité en torno a la toma de decisiones de carácter técnico, jurídico, económico, de negocios y comunicacional sobre los procesos de planeación, funcionamiento y control de todos los sistemas de transporte público - SITP y del Sistema de Recaudo, Control de Flota e Información al Usuario - SIRCI en cualquiera de sus componentes y la supervisión y aprobación del desarrollo integral de los contratos de concesión, con base en los informes técnicos y operativos emitidos por las Direcciones Operativas de la Empresa y el  apoyo a la supervisión mediante los procesos De regularización. ;X;;;Subgerencia General;Disponible ;Subgerencia General/Archivo de Gestion Centralizado y SGDE;
13;Subgerencia General;"Acuerdo 4 de 1999 ""Por el cual se autoriza al Alcalde Mayor en representación del Distrito Capital para participar, conjuntamente con otras entidades del Orden Distrital, en la Constitución de la Empresa de Transporte del Tercer Milenio - TransMilenio S.A. y se dictan otras disposiciones"". ";;N/A;R-OP-004 ;Acta;Es el documento que contiene los temas tratados, decisiones y compromisos a los cuales se llego en la Junta Directiva.;Español ;X;X;;Papel;PDF;X;;ACTAS;Actas de Junta Directiva   ;"Las Actas de Junta Directiva contienen información acerca de la formulación de la política general de la empresa y del transporte masivo; la aprobación del proyecto de presupuesto de la sociedad, el  análisis de los balances de prueba, el informe de la administración y el proyecto sobre distribución de utilidades y la formulación de las políticas relativas a la fijación de las tarifas para la prestación del servicio público de transporte masivo en autobús.";;X;;Subgerencia General;Disponible ;Subgerencia General/Archivo de Gestion Centralizado ;
14;Subgerencia General;"Acuerdo 4 de 1999 ""Por el cual se autoriza al Alcalde Mayor en representación del Distrito Capital para participar, conjuntamente con otras entidades del Orden Distrital, en la Constitución de la Empresa de Transporte del Tercer Milenio - TransMilenio S.A. y se dictan otras disposiciones"". ";;N/A;N/A;Acuerdo ;Acto administrativo por el cual la Junta Directiva establece cambios o aprueba  desiciones competentes a la entidad. ;Español ;X;X;;Papel;PDF;X;;ACUERDOS DE JUNTA DIRECTIVA  ;;Los Acuerdos de Junta Directiva contienen información acerca de los cambios en la estructura interna de la empresa, donde se crean dependencias y se asignan funciones, modificaciones en su planta de personal, el régimen de remuneraciones y la clasificación de los empleos. Además de aprobar el reglamento de contratación  por el cual se regirá la entidad.;X;;;Subgerencia General;Disponible ;Subgerencia General/Archivo de Gestión Centralizado ;
15;Subgerencia General;"Acuerdo 4 de 1999 ""Por el cual se autoriza al Alcalde Mayor en representación del Distrito Capital para participar, conjuntamente con otras entidades del Orden Distrital, en la Constitución de la Empresa de Transporte del Tercer Milenio - TransMilenio S.A. y se dictan otras disposiciones"". ";;N/A;N/A;Estatutos;Conjunto de documentos mediante los cuales fue constituida la empresa , su objeto social , ubicación , normas legales por las que se regula el funcionamiento entre otras cosas. ;Español ;X;X;;Papel;PDF;;X;ESTATUTOS ;;Los Estatutos son actos administrativos que documentan las normas por las que se rigen los asuntos internos de la empresa. Definen la denominación oficial de la sociedad, su propósito, los requisitos para ser miembro, los cargos y responsabilidades de los encargados, cómo se asignan las funciones, cómo se dirigen las reuniones de la Junta Directiva y la Asamblea General de Accionistas, y con cuánta frecuencia deben realizarse.;X;;;Dirección Corporativa  -Profesional Gestión Documental ;Disponible ;Archivo de gestión Dirección Corporativa;
16;Dirección de TIC ;Manual  de Políticas de seguridad y privacidad de la Información mediante el cual se busca stablecer y comunicar las políticas complementarias alineadas a la política de alto nivel del Sistema de Gestión de Seguridad de la Información - SGSI de TRANSMILENIO S.A., en pro de gestionar adecuadamente la integridad, confidencialidad y disponibilidad de los activos de información, en el marco de la norma NTC/ISO 27001:2013 y su Anexo A. ;;M-DT-001;;Expediente de seguridad de la informacion ;Registros de backup de Bases de datos administrativas, Reportes de Incidentes de Seguridad de la Información, Matriz de Riesgos de Seguridad de la Información;Español ;X;;X;CD, DVD, DISCO DURO;WORD, PDF, HOJA DE CALCULO, TIFF, JPG, JPEG.;X;X;INSTRUMENTOS DEL SISTEMA DE SEGURIDAD DE LA INFORMACIÓN ;;Documentos que soportan las politicas, acrtividades y seguimientn realizado al control de la seguridad de la información en la entidad;;;X (Los backup pueden contener información personal, información en proceso antes de publicación);Dirección Corporativa  -Profesional Gestión Documental ;Disponible a Entes de Control;Archivo de gestión Dirección Corporativa;
17;Dirección de TIC ;Plan Estratégico de Tecnologías de la Información y Comunicaciones – PETI ;;T-DT-005;;Plan;Instrumento de planificación y gestión financiera de mediano plazo. Para su elaboración se tomarán en consideración las proyecciones de ingresos, gastos, superávit o déficit y su financiamiento.;Español ;X;;X;Archivos digital/Papel;word/PDF ;X;;PLANES ;Planes Estratégicos de Tecnologías de la Información y las Comunicaciones (PETI);Documento que contiene el Plan Estrategico de Técnologías de Información y las Comunicaciones, en este plan busca alinear los conceptos y objetivos del Plan Estratégico de TRANSMILENIO S.A., así como permitir la actualización y crecimiento de la entidad mediante su infraestructura tecnológica y de sistemas. ;X;;;Gestión de TIC;Disponible  a los dueños de la información ;Archivo de gestión Dirección Corporativa;
18;Dirección de TIC ;Plan Estratégico de Seguridad de la Información – PESI ;;T-DT-006;;Plan;Instrumento de planificación y gestión financiera de mediano plazo. Para su elaboración se tomarán en consideración las proyecciones de ingresos, gastos, superávit o déficit y su financiamiento.;Español ;X;;X;Archivos digital/Papel;word/PDF ;X;;PLANES ;Planes Estratégicos de Seguridad de la Información (PESI) ;Documento que contiene la descripción de la estrategia de seguridad de la información que adopta la entidad de manera periodica. ;X;;;Gestión de TIC;Disponible  a los dueños de la información ;Archivo de gestión Dirección Corporativa;
19;Dirección de TIC ;"Artículos 37 al 46 de la Resolución 305 de 2008 «Por la cual se expiden políticas públicas para las entidades, organismos y órganos de control del Distrito Capital, en materia de Tecnologías de la Información y Comunicaciones respecto a la planeación, seguridad, democratización, calidad, racionalización del gasto, conectividad, infraestructura de Datos Espaciales y Software Libre».  Directiva Presidencial 02 del 02 de Febrero de 2002. Asunto:
Respeto al derecho de autor y los derechos conexos, en lo referente a utilización de programas de ordenador (software).";;P-DT-013;N/A;Proyecto ;Documento que describe  el proyecto a realizar ;Español ;X;;X;Archivos digital/Papel;word/PDF ;X;;Proyectos ;Proyectos de diseño, desarrollo e implementación de soluciones informáticas;Conjunto  de documetos que contienen la planeación y estructuración de los parámetros de proyectos de tecnologia. ;X;;;Gestión de TIC;Disponible  a los dueños de la información ;Archivo de gestión Dirección Corporativa;
20;Dirección Corporativa ;"Resolución No. 123 del 21 de febrero de 2020 ""Por la cual se crea el Comité de Gestión para el Desarrollo para los trabajadores oficiales de la EMPRESA DE TRANSPORTE DEL TERCER MILENIO  - TRANSMILENIO S.A."" ";;N/A;R-OP-004 ;Acta;Es el documento que contiene los temas tratados, decisiones y compromisos a los cuales se llego en el Comité de Gestión para el Desarrollo para los trabajadores oficiales.;Español ;X;;;Papel;N/A;X;;ACTAS;Actas del Comité de Gestión para el Desarrollo para los trabajadores oficiales ;Las Actas del Comité de Gestión para el Desarrollo para los trabajadores oficiales registran las deliberaciones y decisiones en torno al reconocimiento de los trabajadores que por su buena gestión puedan recibir estímulos e incentivos, dirimir las diferencias que se puedan presentar en el proceso de valoración de competencias y desempeño por objetivos y la definición de criterios para promover una cultura de orientación a resultados, innovación y desempeño superior en la empresa.;X;;;Dirección Corporativa  -Profesional Gestión Documental ;Disponible ;Archivo de Gstión Dirección Corporativa;
21;Dirección Corporativa ;"Resolución No. 178 del 19 de Diciembre de 2001 ""Por medio de la cual se crea y conforma el Comité de Inventarios de la EMPRESA DE TRANSPORTE DEL TERCER MILENIO  - TRANSMILENIO S.A."" ";;N/A;R-OP-004 ;Acta;Es el documento que contiene los temas tratados, decisiones y compromisos a los cuales se llego en el Comité de Inventarios. ;Español ;X;;;Papel;N/A;X;;ACTAS;Actas de Comité de Inventarios    ;Las Actas del Comité de Inventarios registran las decisiones de sus miembros relacionadas con el destino final de los bienes declarados inservibles o no utilizables en la entidad y formular conceptos sobre los resultados arrojados por los avalúos técnicos en materia de reclasificación de bienes o catálogo de elementos.;X;;;Dirección Corporativa  -Profesional Gestión Documental ;Disponible ;Archivo de Gstión Dirección Corporativa;
22;Dirección Corporativa ;"Resolución No. 723 del 01 de Diciembre de 2015 ""Por medio de la cual se crea el Comité de Seguridad Vial en TRANSMILENIO S.A. y se definen criterios para su conformación y funcionamiento""";;N/A;R-OP-004 ;Acta;Es el documento que contiene los temas tratados, decisiones y compromisos a los cuales se llego en el Comité de Seguridad Vial.;Español ;X;;;Papel;N/A;X;;ACTAS;Actas de Comité de Seguridad Vial;Las Actas de Comité de Seguridad Vial registran las decisiones de este organismo consultor en torno al planteamiento, diseño, implementación y medición  de las acciones que permitan generar conciencia entre los funcionarios a favor de la seguridad vial en la Entidad. Y establecer estrategias, líneas de acción y metas a cumplir en el Plan Estratégico de Seguridad Vial (PESV).;X;;;Dirección Corporativa  -Profesional Gestión Documental ;Disponible ;Archivo de Gstión Dirección Corporativa;
23;Dirección Corporativa ;Ley 1562 de 2012 Por la cual se modifica el Sistema de Riesgos Laborales y se dictan otras disposiciones en materia de Salud Ocupacional;;N/A;R-OP-004 ;Acta;Documento que contiene los temas tratados, decisiones y compromisos a los cuales se llegó en el Comité ;Español ;X;;;Papel;N/A;X;;ACTAS ;Actas de Comité Paritario ;Las actas de comité Paritario de Seguridad y Salud en el Trabajo (COPASST), contienen el registro de todas las acciones que sus miembros, en el ejercicio del cumplimiento de sus funciones ejecutan, todas enfocadas en la promoción y vigilancia del cumplimiento de las normas en temas de seguridad y salud en el trabajo al interior de la Entidad.;X;;;Dirección Corporativa  -Profesional Gestión Documental ;Disponible ;Archivo de Gstión Dirección Corporativa;
24;Dirección Corporativa ;"Resolución No. 162 del 06 de Abril de 2018 ""Por la cual se conforma el Comité Técnico de Sostenibilidad Contable de la Empresa de Transporte del Tercer Milenio TRANSMILENIO S.A.";;N/A;R-OP-004 ;Acta;Documento que contiene los temas tratados, decisiones y compromisos a los cuales se llegó en el Comité ;Español ;X;X;;Papel;N/A;X;;ACTAS ;Actas de Comité Técnico se Sostenibilidad Contable ;Serie que contiene las actas del Comité Tecnico de Sostenibilidad contable, donde se reflejan las decisiones tomadas frente a politicas, estrategias y procedimientos que garantizan la producción de información contable y financiera con caracteristicas de relevancia representacion fiel. ;X;;;Dirección Corporativa  -Profesional Gestión Documental ;Disponible ;Archivo de Gstión Dirección Corporativa;
25;Dirección Corporativa ;"Resolución No. 081 de 2020 ""Por la cual se determina el objeto, funciones, composición y reglamento del Comité de Contratación de la EMPRESA DE TRANSPORTE DEL TERCER MILENIO ""TRANSMILENIO S.A.""";;N/A;R-OP-004 ;Acta;Documento que contiene los temas tratados, decisiones y compromisos a los cuales se llegó en el Comité ;Español ;X;X;X;Papel /PDF;N/A ;X;;ACTAS ;Actas del Comité de Contratación y Adjudicaciones ;Las actas de Comité de Contratación y adjudicaciones  contienen la sustentación de las actuaciones y desiciones  tomadas por los miembros del Comité para la adquisicion de bienes y servicios, consultorias, conseciones, encargos fiduciarios y fiducia pública, requeridas por TRANSMILENIO S.A., previo estudio correspondiente de conformidad con las normas que lo regulan. ;X;;;Dirección Corporativa  -Profesional Gestión Documental ;Disponible ;Archivo de Gstión Dirección Corporativa/ SGDEA;
26;Dirección Corporativa ;"Resolución No. 014 de 2014 ""Por la cual se adopta el Comité Interno de Archivo  de la Empresa del Tercer Milenio  ""TRANSMILENIO S.A.""";;N/A;R-OP-004 ;Acta;Documento que contiene los temas tratados, decisiones y compromisos a los cuales se llegó en el Comité ;Español ;X;X;X;Papel /PDF;N/A ;X;;ACTAS ;Actas del Comité Interno de Archivo ;Las  actas del Comité Interno de Archivo  contienen  la definición de políticas, programas de trabajo y toma de cisiones en los procesos administrativos y técnicos de los archivos de la entidad.;X;;;Dirección Corporativa  -Profesional Gestión Documental ;Disponible ;Archivo de Gstión Dirección Corporativa/ SGDEA;
27;Dirección Corporativa ;"RESOLUCIÓN N° 806 DE 2021 del 20 de diciembre de 2021
 ""Por medio de la cXal se modifica, actualiza y consolida el Manual Específico de Funciones y Requisitos por Competencias Laborales para desempeñar los empleos de Trabajador
Oficial de la planta de personal de la EMPRESA DE TRANSPORTE DEL TERCER
MILENIO - TRANSMILENIO S.A.´

";;NA ;NA;Comprobante ;Documento en el que queda constancia de la realización de un  ajuste contable.;Español ;X;;;Papel ;N/A ;X;;COMPROBANTES CONTABLES ;Comprobantes de Ajustes;Es el documento que resume los ajustes correspondientes a un periodo contable. Por contener únicamente asientos de ajuste se le denomina comprobante de ajustes y se traslada a la columna de ajustes de la hoja de trabajo, como ajustes ordinarios o como ajustes por inflación.;X;;;Dirección Corporativa  -Profesional Especializado de Contabilidad ;Disponible ;Archivo de gestión Dirección Corporativa;
28;Dirección Corporativa ;"RESOLUCIÓN N° 806 DE 2021 del 20 de diciembre de 2021
 ""Por medio de la cXal se modifica, actualiza y consolida el Manual Específico de Funciones y Requisitos por Competencias Laborales para desempeñar los empleos de Trabajador Oficial de la planta de personal de la EMPRESA DE TRANSPORTE DEL TERCER MILENIO - TRANSMILENIO S.A.´

";;P-SE-014;N/A;Comprobante ;Documento en el que queda constancia de la contabilización  de un pago. ;Español ;X;;;Papel;PDF;X;;COMPROBANTES CONTABLES ;Comprobantes de Causación ; Registro contable según el tipo de compra realizada. La contabilización se hace con base a la factura de compra respectiva, es decir, se registran los valores que consten en la factura.;X;;;Dirección Corporativa  -Profesional Especializado de Contabilidad ;Disponible ;Archivo de gestión Dirección Corporativa;
29;Dirección Corporativa ;"RESOLUCIÓN N° 806 DE 2021 del 20 de diciembre de 2021
 ""Por medio de la cXal se modifica, actualiza y consolida el Manual Específico de Funciones y Requisitos por Competencias Laborales para desempeñar los empleos de Trabajador Oficial de la planta de personal de la EMPRESA DE TRANSPORTE DEL TERCER MILENIO - TRANSMILENIO S.A.´

";;N/A;N/A;Comprobante ;Documento en el que queda constancia de la realización de un pago;Español ;X;;;Papel;PDF;;;COMPROBANTES CONTABLES ;Comprobantes de Egreso;Documento contable que permite registrar el pago o abono de las diferentes obligaciones que adquiere un ente económico. Estas obligaciones pueden ser cuentas por pagar a proveedores, deudas laborales, cancelación de los diferentes gastos operacionales (como servicios y papelería), transacciones comerciales, anticipos, entre otras.;X;;;Dirección Corporativa  -Profesional Especializado de Contabilidad ;Disponible ;Archivo de gestión Dirección Corporativa;
30;Dirección Corporativa ;"RESOLUCIÓN N° 806 DE 2021 del 20 de diciembre de 2021
 ""Por medio de la cXal se modifica, actualiza y consolida el Manual Específico de Funciones y Requisitos por Competencias Laborales para desempeñar los empleos de Trabajador Oficial de la planta de personal de la EMPRESA DE TRANSPORTE DEL TERCER MILENIO - TRANSMILENIO S.A.´

";;N/A;N/A;Comprobante ;Documento en el que queda constancia  de un ingreso a la contabilidad de la empresa. ;Español ;X;;;Papel;PDF;;;COMPROBANTES CONTABLES ;Comprobantes de ingreso ;Son los documentos que registran todas las operaciones que originan movimientos de dinero dentro de una empresa y, junto con los Comprobantes de Egresos, dan constancia de la contabilidad interna.;X;;;Dirección Administrativa -Profesional Gestión Documental ;Disponible ;Archivo de gestión Dirección Corporativa;
31;Dirección Corporativa ;"RESOLUCIÓN N° 806 DE 2021 del 20 de diciembre de 2021
 ""Por medio de la cXal se modifica, actualiza y consolida el Manual Específico de Funciones y Requisitos por Competencias Laborales para desempeñar los empleos de Trabajador
Oficial de la planta de personal de la EMPRESA DE TRANSPORTE DEL TERCER
MILENIO - TRANSMILENIO S.A.´

";;N/A;N/A;Expediente contractual ;Conjunto de documentos que registran la ejecucion precontractual, contractual y poscontractual ;Español ;X;X;X;Papel;PPDF;;;CONTRATOS;Contratos Adminsitrativos ;Acuerdo jurídico de voluntades por el que se exige el cumplimiento de unos terminos y ocndiciones pactadas. Es un acuerdo jurídico entre dos o más partes que genera derechos y obligaciones.;;;;Dirección Administrativa -Profesional Gestión Documental ;;;
32;Dirección Corporativa ;Manual para la selección o nombramiento, vinculación y desvinculación de servidores públicos de TRANSMILENIO S.A.;;M-DA-016;N/A;Expediente de convocatoria  Interna ;Información que es producida en desarrollo de las convocatorias internas de la entidad ;Español ;X;X;;Papel;;X;;CONVOCATORIAS DE SELECCIÓN DE PERSONAL ;Convocatorias Internas ;"Las CONVOCATORIAS DE SELECCIÓN DE PERSONAL documentan el proceso de reclutamiento y selección de personal es un conjunto de etapas que tienen como objetivo el reclutar y seleccionar al personal más idóneo para un puesto de trabajo en la empresa. La categoría de empleados de Transmilenio S.A. es la de trabajadores oficiales.
Éste empieza con la definición del perfil del postulante, y continúa con la búsqueda, reclutamiento o convocatoria de postulantes, la evaluación de éstos, la selección y contratación del más idóneo, y la inducción y capacitación de éste.
";X;;;Dirección Administrativa -Profesional Gestión Documental ;Disponible ;Archivo de gestión Dirección Corporativa;
33;Dirección Corporativa ;Manual para la selección o nombramiento, vinculación y desvinculación de servidores públicos de TRANSMILENIO S.A.;;M-DA-016;N/A;Documentos del  proceso de selección        ;Información que es producida en desarrollo de las convocatorias mixtas de la entidad ;Español ;X;X;;Papel;;X;;CONVOCATORIAS DE SELECCIÓN DE PERSONAL ;Convocatorias Mixtas;"Las CONVOCATORIAS DE SELECCIÓN DE PERSONAL documentan el proceso de reclutamiento y selección de personal es un conjunto de etapas que tienen como objetivo el reclutar y seleccionar al personal más idóneo para un puesto de trabajo en la empresa. La categoría de empleados de Transmilenio S.A. es la de trabajadores oficiales.
Éste empieza con la definición del perfil del postulante, y continúa con la búsqueda, reclutamiento o convocatoria de postulantes, la evaluación de éstos, la selección y contratación del más idóneo, y la inducción y capacitación de éste.
";X;;;Dirección Administrativa -Profesional Gestión Documental ;Disponible ;Archivo de gestión Dirección Corporativa;
34;Dirección Corporativa ;Manual para la selección o nombramiento, vinculación y desvinculación de servidores públicos de TRANSMILENIO S.A.;;M-DA-016;N/A;Documentos del  proceso de selección        ;Documento que evidencia las tareas que se llevaran a cabo ;Español ;X;X;;Papel;PDF;X;;CONVOCATORIAS DE SELECCIÓN DE PERSONAL ;Convocatorias Abiertas;"Las CONVOCATORIAS DE SELECCIÓN DE PERSONAL documentan el proceso de reclutamiento y selección de personal es un conjunto de etapas que tienen como objetivo el reclutar y seleccionar al personal más idóneo para un puesto de trabajo en la empresa. La categoría de empleados de Transmilenio S.A. es la de trabajadores oficiales.
Éste empieza con la definición del perfil del postulante, y continúa con la búsqueda, reclutamiento o convocatoria de postulantes, la evaluación de éstos, la selección y contratación del más idóneo, y la inducción y capacitación de éste.
";X;;;Dirección Administrativa -Profesional Gestión Documental ;Disponible ;Archivo de gestión Dirección Corporativa;
35;Dirección Corporativa ;Manual de Inventarios;;M-DA-002;;Comprobante de ingreso al almacén      ;Documento generado en el SP7 donde consta la asignación de un codigo de ingreso de almacen a los bienes adquiridos. ;Español ;X;;X;Papel /PDF;SP7;X;;COMPROBANTES DE ALMACEN;Comprobantes de ingreso de bienes;Los MOVIMIENTOS DE ALMACÉN registran los comprobantes de entrada al almacén y los soportes anexos, de acuerdo con la modalidad de adquisición del bien, y además los documentos que se constituyen en la evidencia del retiro de un bien de propiedad de la Empresa.;X;;;Dirección Administrativa -Profesional Gestión Documental ;Disponible ;Archivo de gestión Dirección Corporativa;
36;Dirección Corporativa ;Manual de Inventarios;;M-DA-002;;Comprobante de salida de almacén;Documento generado por el aplicativo JP7 donde consta la asignación del bien a un funcionario. ;Español ;X;;X;Papel /PDF;SP7;X;;COMPROBANTES DE ALMACEN;Cpmprobantes de Salida de bienes     ;Los MOVIMIENTOS DE ALMACÉN registran los comprobantes de entrada al almacén y los soportes anexos, de acuerdo con la modalidad de adquisición del bien, y además los documentos que se constituyen en la evidencia del retiro de un bien de propiedad de la Empresa.;X;;;Dirección Administrativa -Profesional Gestión Documental ;Disponible ;Archivo de gestión Dirección Corporativa;
37;Dirección Corporativa ;Resolución 021 del 09 de enero de 2020, mediante la cual se modifica el Procedimiendo para el manejo de caja menor .;;P-DA-005;N/A;Comprobante  de Gasto  Caja Menor ;Documentos en los que se relacionan las operaciones de la caja menor y los procesos de apertura, ejecución, reembolso y de legalización. ;Español ;X;;;Papel;N/A;X;;LIBROS AUXILIARES DE CAJA MENOR;;Está en la guia transversal como Libros auxiliares de caja menor, por lo que no necesita ficha de valoración;X;;;Dirección Administrativa -Profesional Gestión Documental ;Disponible ;Archivo de gestión Dirección Corporativa;
38;Dirección Corporativa ;"RESOLUCIÓN N° 806 DE 2021 del 20 de diciembre de 2021
 ""Por medio de la cXal se modifica, actualiza y consolida el Manual Específico de Funciones y Requisitos por Competencias Laborales para desempeñar los empleos de Trabajador Oficial de la planta de personal de la EMPRESA DE TRANSPORTE DEL TERCER MILENIO - TRANSMILENIO S.A.´

";;N/A;N/A;Acto administrativo de expropiación o Escritura de compra, certificado catastral, certificado de libertad, acta de recibo, impuesto predial. ;Documentos que dan cuenta de la adquisición de un predio. ;Español ;X;;;Papel;N/A;X;;HISTORIALES ;Historiales de Predios ;Las Historias de Predios documentan las actividades de TransMilenio S.A. en orden a mantener una fuente de información que permita a lo largo del tiempo conocer el comportamiento de sus propiedades inmobiliarias, presenta información sobre el precio de la propiedad raíz afectado por variables como la ubicación de los inmuebles, tipo de inmueble, uso al cual ha sido destinado. También proporciona datos acerca de la forma de tenencia de los bienes: comodato, arrendamiento o propiedad.;X;;;Dirección Administrativa -Profesional Gestión Documental ;Disponible ;Archivo de gestión Dirección Corporativa;
39;Dirección Corporativa ;"Ley 594 de 2000 ""POR MEDIO DE LA CUAL SE DICTA LA LEY GENERAL DE ARCHIVOS Y SE DICTAN OTRAS DISPOSICIONES""

Circular N° 004 de 2003 Expedida por el Archivo General de la Nación.

Circular N° 012 de 2004 Expedida por el Departamento Administrativo de la Función Publica. ";;N/A;N/A;Expediente laboral;Conjunto de documentos  generados durante la trayectoria laboral de un empleado en la entidad. ;Español ;X;X;X;Papel;WORD/PDF ;;;HISTORIAS LABORALES ;;Serie documental de acceso reservado que contienen toda la información que se produce sobre la vinculación y trayectoria laboral de los servidores públicos.;;;X;Dirección Administrativa -Profesional Gestión Documental ;Disponible ;Archivo de gestión Dirección Corporativa;
40;Dirección Corporativa ;"RESOLUCIÓN N° 806 DE 2021 del 20 de diciembre de 2021
 ""Por medio de la cXal se modifica, actualiza y consolida el Manual Específico de Funciones y Requisitos por Competencias Laborales para desempeñar los empleos de Trabajador Oficial de la planta de personal de la EMPRESA DE TRANSPORTE DEL TERCER MILENIO - TRANSMILENIO S.A.´

";;P-DA-006;N/A;Informe;Informe comisiones al exterior o interior.;Español ;X;X;X;Papel;WORD/PDF ;X;;INFORMES ;Informes de Comisiones de Servicios y/o Estudios  ;Los Informes de Comisiones de Servicios y Estudios documentan el trámite que hace el trabajador oficial de Transmilenio S.A. para acceder a una Comisión de servicios, Comisión para adelantar estudios, y Comisión para atender invitaciones de gobiernos extranjeros, de organismos internacionales o de instituciones privadas.;X;;;Dirección Administrativa -Profesional Gestión Documental ;Disponible ;Archivo de gestión Dirección Corporativa;
41;Dirección Corporativa ;Manual de Inventarios;;M-DA-002;N/A;Inventario de bienes inmuebles y muebles de la entidad;Documento que describe los bienes  de propiedad de la empresa. ;Español ;;;X;Aplicativo JSP7/SERVER FILE;PDF ;X;;INVENTARIOS;Inventarios de Bienes Inmuebles           ;"Los  Inventarios documentan los registros de inventarios permanentes y actualizados sobre la existencia de bienes en el almacén, involucran tanto los devolutivos como los de consumo; estos registros se llevan a través del Sistema Administrativo y Financiero – SIAF. Como mecanismo para el control de inventarios la Entidad dispone de informes del inventario que están clasificados en  bienes de consumo en depósito, bienes devolutivos en depósito, bienes devolutivos en servicio, bienes inmuebles, bienes devolutivos entregados a través de contratos de comodato, interadministrativos o de uso, bienes recibidos de terceros a través de contratos de comodato, administración o custodia, registrados en cuentas de orden y bajo control administrativo, e inventario de hardware y software (adquirido en propiedad y en producción y desarrollo) cada informe especifica por separado el estado de los bienes (inservibles o aptos de reparación).";X;;;Dirección Corporativa  -Profesional Gestión Documental ;Disponible ;Archivo Server File Apoyo Logístico ;
42;Dirección Corporativa ;"Ley 594 de 2000 ""POR MEDIO DE LA CUAL SE DICTA LA LEY GENERAL DE ARCHIVOS Y SE DICTAN OTRAS DISPOSICIONES""

Acuerdo 038 de 2002 ecpedido por el Archivo General de la Nación ";;M-DA -001;N/A ;Inventarios documentos ;Formato en el que se relacionan los expdientes de cada una una de las dependencias de la entidad. ;Español ;X;X;;Papel ;Excel/PDF;X;;INVENTARIOS;Inventarios Documentales;Conjunto de documentos que describe la relación sistemática y detallada de las unidades documentales existentes en los archivos,;X;;;Dirección Corporativa  -Profesional Gestión Documental ;Disponible ;Archivo de gestión Dirección Corporativa;
43;Dirección Corporativa ;"RESOLUCIÓN N° 806 DE 2021 del 20 de diciembre de 2021
 ""Por medio de la cXal se modifica, actualiza y consolida el Manual Específico de Funciones y Requisitos por Competencias Laborales para desempeñar los empleos de Trabajador
Oficial de la planta de personal de la EMPRESA DE TRANSPORTE DEL TERCER
MILENIO - TRANSMILENIO S.A.´

";;M-DA-010;N/A;Expediente contable ;Aquellos documentos donde se refleja y se plasma toda la información económica, financiera y contable de la entid;Español ;X;;X;Papel ;Excel/PDF;X;;LIBROS CONTABLES ;Libros auxiliares ;Libros de contabilidad donde se registran en forma analítica y detallada los valores e información registrada en los libros principales.;X;;;Dirección Corporativa  -Profesional Gestión Documental ;Disponible ;Archivo de gestión Dirección Corporativa;
44;Dirección Corporativa ;"RESOLUCIÓN N° 806 DE 2021 del 20 de diciembre de 2021
 ""Por medio de la cXal se modifica, actualiza y consolida el Manual Específico de Funciones y Requisitos por Competencias Laborales para desempeñar los empleos de Trabajador
Oficial de la planta de personal de la EMPRESA DE TRANSPORTE DEL TERCER
MILENIO - TRANSMILENIO S.A.´

";;M-DA-009;N/A;Expediente contable ;Aquellos documentos donde se refleja y se plasma toda la información económica, financiera y contable de la entid;Español ;X;;X;Papel ;Excel/PDF;X;;LIBROS CONTABLES ;Libros de  diario;Es un documento que regristra de forma cronológica las transacciones económicas que una empresa realiza. Estas transacciones están relacionadas con la actividad principal de la Entidad ;X;;;Dirección Corporativa  -Profesional Gestión Documental ;Disponible ;Archivo de gestión Dirección Corporativa;
45;Dirección Corporativa ;"RESOLUCIÓN N° 806 DE 2021 del 20 de diciembre de 2021
 ""Por medio de la cXal se modifica, actualiza y consolida el Manual Específico de Funciones y Requisitos por Competencias Laborales para desempeñar los empleos de Trabajador
Oficial de la planta de personal de la EMPRESA DE TRANSPORTE DEL TERCER
MILENIO - TRANSMILENIO S.A.´

";;M-DA-010;N/A;Expediente contable ;quellos documentos donde se refleja y se plasma toda la información económica, financiera y contable de la entid;Español ;X;;X;Papel ;Excel/PDF;X;;LIBROS CONTABLES ;Libros Mayores;El libro mayor es un documento que recoge de manera cronológica todas las operaciones contables de la empresa registradas en cada una de las cuentas;X;;;Dirección Corporativa  -Profesional Gestión Documental ;Disponible ;Archivo de gestión Dirección Corporativa;
46;Direccion de Control  Diciplinario Interno;"Ley 734 de 2002, por la cual se expide el Código Disciplinario Único. Artículos 34-Deberes y 35-Prohibiciones; Ley 1474 de 2011 Por la cual se dictan normas orientadas a fortalecer los mecanismos de prevención, investigación y sanción de actos de corrupción y la efectividad del control de la gestión pública.";;N/A;N/A;Procesos Disciplinarios ;Procesos Disciplinarios ;Español ;X;X;X;Papel;PDF;;;PROCESOS ;Procesos Disciplinarios ;Documentos internos que dan cuenta del seguimiento e investigacion  que reraliza la endad para esclarecer los hechos relacionados con presuntas irregularidades y/o faltas cometidas por los trabajadores en el desarrollo del contrato de trabajo.;X;X;X;Dirección de Control Disciplinario Interno/Dirección Corporativa  - Gestión Documental ;Disponible ;Oficina de Control Disciplinario Interno/Archivo de gestión Dirección Corporativa;
47;Dirección Corporativa ;Manual para la Gestión de Tesorería en TRANSMILENIO S.A.;;M-DA-009;N/A;Plan      ;Programación de los ingresos a recibir y gastos a realizar en una vigencia, discriminandolos de manera mensual. ;Español ;;;X;Electronico ;Excel/PDF;X;;PROGRAMAS ;Programas Anuales Mensualizados de Caja PAC;El Plan Anual de Caja documenta el proceso mediante el cual se define el monto máximo mensual de fondos disponibles en la Cuenta Única distrital y el monto máximo de pagos en lo que se refiere a sus propios ingresos (Recursos Propios), con el fin de cumplir sus compromisos.;electronico;;;Dirección Corporativa  -Profesional Gestión Documental ;Disponible ;Archivo de gestión Dirección Corporativa;
48;Dirección Corporativa ;"RESOLUCIÓN N° 806 DE 2021 del 20 de diciembre de 2021
 ""Por medio de la cXal se modifica, actualiza y consolida el Manual Específico de Funciones y Requisitos por Competencias Laborales para desempeñar los empleos de Trabajador Oficial de la planta de personal de la EMPRESA DE TRANSPORTE DEL TERCER MILENIO - TRANSMILENIO S.A.´

";;M-DA-003;N/A;Expediente de nomina ;Documetos que reportan los  pagos que se realizan a los trabajadores con vinculo laboral directo. ;Español ;X;;X;Papel ;Excel/PDF;;;NOMINA ;;Documentos  que indican la cantidad de dinero que una empresa le paga a cada trabajador. La nomina esta compuesta no solo por el registro del pago sino por los soportes correspondientes al mismo. ;X;;;Dirección Corporativa  -Profesional Gestión Documental ;Disponible ;Archivo de gestión Dirección Corporativa;
49;Dirección Corporativa ;Manual para la Gestión de Tesorería en TRANSMILENIO S.A.;;P-DA-011;N/A;Plan   ;Instrumento de planificación y gestión financiera de mediano plazo. Para su elaboración se tomarán en consideración las proyecciones de ingresos, gastos, superávit o déficit y su financiamiento.;Español ;X;;X;Papel;Excel/PDF;X;;Planes ;Planes Financieros Plurianuales;El Plan Financiero Plurianual consolida la información por dependencia, anexando los soportes de las proyecciones tanto de ingresos como de gastos, de acuerdo con las necesidades expresadas por las áreas. Teniendo en cuenta los lineamientos de política presupuestal y los supuestos macroeconómicos definidos por la Administración Distrital para el mediano plazo. El Plan se genera al principio de cada vigencia administrativa de cuatro años y se verifica su ejecución anualmente.;X;;;Dirección Corporativa  -Profesional Gestión Documental ;Disponible ;Archivo de gestión Dirección Corporativa;
50;Dirección Corporativa ;Manual del Sistema de Gestión de Seguridad y Salud en el Trabajo (SG-SST);;M-DA-005;N/A;Plan ;Documento para alcanzar cada uno de los objetivos propuestos en el Sistema: de Gestión de la Seguridad y Salud en el Trabajo SG-SST, el cual debe identificar claramente metas, responsabilidades, recursos y cronograma de actividades, en concordancia con los estándares mínimos del Sistema Obligatorio de Garantía de Calidad del Sistema General de Riesgos Laborales;Español ;;;X;Papel ;HOJA DE CALCULO;X;;Planes ;Planes de Trabajo Anuales del Sistema de Gestión de  Seguridad y Salud en el Trabajo SG-SST;El Plan de Trabajo Anual del Sistema de Gestión de la Seguridad y Salud en el Trabajo SG-SST identifica las metas, responsabilidades, recursos y cronograma de actividades, en concordancia con los estándares mínimos del Sistema Obligatorio de Garantía de Calidad del Sistema General de Riesgos Laborales.;X;;;Dirección Corporativa  -Profesional Gestión Documental ;Disponible ;Archivo de gestión Dirección Corporativa;
51;Dirección Corporativa ;"Ley 594 de 2000 ""POR MEDIO DE LA CUAL SE DICTA LA LEY GENERAL DE ARCHIVOS Y SE DICTAN OTRAS DISPOSICIONES""

Acuerdo 004 de 2019  Emanado por el Archivo General de la Nación ";;N/A;N/A;Tabla  de retencion documental ;Documento donde se registran series y subseries de los documentos producidos por la entidad. ;Español ;X;X;X;Papel y electronico ;Excel/PDF;X;;INSTRUMENTOS ARCHIVÍSTICOS;Tabla de Retención Documental;Docuementos que registran las series, subseries documentales de los documentos producidos por la entidad asi como sus tiempos de retencion en cada uno de las fases del archivo. Alli tambien se agrupan los soportes y evidencias de aprobación y adopción;X;;;Dirección Corporativa  -Profesional Gestión Documental ;Disponible ;Archivo de gestión Dirección Corporativa;
52;Dirección Corporativa ;"Ley 594 de 2000 ""POR MEDIO DE LA CUAL SE DICTA LA LEY GENERAL DE ARCHIVOS Y SE DICTAN OTRAS DISPOSICIONES""

Acuerdo 002 de 2004  Emanado por el Archivo General de la Nación ";;N/A;N/A;Tabla  de Valoración documental ;Documento donde se registran agrupaciones documentales;Español ;X;X;;papel ;Excel/PDF;X;;INSTRUMENTOS ARCHIVÍSTICOS;Tabla de Valoración Documental;Docuementos que registran agrupaciones documentales de los documentos producidos por la entidad antes de la aprobacion de la TRD asi como sus tiempos de retención . Alli tambien se agrupan los soportes y evidencias de aprobación y adopción;X;;;Dirección Corporativa  -Profesional Gestión Documental ;Disponible ;Archivo de gestión Dirección Corporativa;
53;Dirección Corporativa ;"Ley 594 de 2000 ""POR MEDIO DE LA CUAL SE DICTA LA LEY GENERAL DE ARCHIVOS Y SE DICTAN OTRAS DISPOSICIONES""

Decreto 1080 de 2015 (mayo 26). Por medio del cual se expide el Decreto Único
Reglamentario del Sector Cultura. Título II Patrimonio Archivístico, Capítulo V Gestión de Documentos.
";;N/A;N/A;Inventario documetnales de transferencia ;Relacion de expedientes transferidos al Archivo Central ;Español ;X;X;X;Papel y electronico ;Excel/PDF;;;INSTRUMENTOS ARCHIVÍSTICOS;Transferencias Documentales;Registo documental mediante el cual se registra el inventario de expedientes transferidos de un archivo a otro.;X;;;Dirección Corporativa  -Profesional Gestión Documental ;Disponible ;Archivo de gestión Dirección Corporativa;
54;Dirección Corporativa ;Resolución  723 de 2015;;M-DA-005;N/A;Plan ;Plan Estratégico de Seguridad Vial    ;Español ;;;X;Papel ;EXCEL;X;;PLANES ;Planes Estratégicos de Seguridad Vial    ;Documentos que dan cuenta del instrumento de planificación que contiene las acciones, estrategias y políticas dirigidas a prevenir, controlar y disminuir el riesgo de muerte o de lesión de sus integrantes, contratistas, personas que interactúan directa o indirectamente y personas que asisten a las instalaciones para acceder a los servicios que presta la Secretaría realizando desplazamientos ya sea en medios motorizados o no motorizados a fin de evitar o reducir la accidentalidad vial.;X;;;Dirección Corporativa  -Profesional Gestión Documental ;Disponible ;Archivo de gestión Dirección Corporativa;
55;Subgerencia Económica ;Procedimiento  para la actualización de tarifas de los Agentes del Sistema;;P-SE-003;N/A ;Actualizaciones tarifarias a operadores de Transmilenio;Documento actualización tarifas de remuneración Operadores del Sistema Integrado de Transporte Público – SITP y  Documento Tarifa Técnica de Operación del Sistema TransMilenio.;Español ;;X;;Papel;WORD / PDF;X;;Actualizaciones Tarifarias SITP ;;Evidencia el proceso de proyección y ajuste de la tarifa técnica del Sistema (indica el costo medio de operación y control por pasajero pago del Sistema) y las tarifas de los agentes del Sistema (operadores de troncal y de alimentación) basada en los contratos de concesión que indican una remuneración a los operadores. Se realiza con una periodicidad mensual. Las tarifas actualizadas son la base para la liquidación del pago semanal a los agentes del Sistema. ;X;;;Dirección Corporativa  -Profesional Gestión Documental ;Disponible ;Archivo de gestión Dirección Corporativa;
56;Subgerencia Económica ;Procedimiento  para la actualización de tarifas de los Agentes del Sistema;;P-SE-004 ;N/A ;Estudio;Estudio proyecciones Fondo de Estabilización Tarifaria y Estudio Técnico Financiero de Soporte a la Actualización Tarifaria ;Español ;;X;;Papel;WORD / PDF;X;;ESTUDIOS;Estudio Técnico Financiero de Soporte a la Actualización Tarifaria ;"El Estudio Técnico Financiero de Soporte a la Actualización Tarifaria se define como aquel que, dado un diseño operacional del SITP que busca satisfacer las necesidades de movilidad de los usuarios del transporte público bajo condiciones de eficiencia y estándares de calidad de servicio, indica el costo medio de operación y control por pasajero pago del Sistema; considerando para cada uno de los agentes prestadores de servicio que intervienen en dicha operación, una adecuada estructura de costos, y una rentabilidad razonable conforme a las condiciones definidas en los pliegos de condiciones.";X;;;Dirección Corporativa  -Profesional Gestión Documental ;Disponible ;Archivo de gestión Dirección Corporativa;
57;Subgerencia Económica ;Procedimiento  para la actualización de tarifas de los Agentes del Sistema;;P-SE-006;N/A ;Liquidación previa ;Corresponde a la liquidación realizada por TRANSMILENIO S.A., para el control de la información técnica y su correspondiente participación económica de los agentes dentro de su marco como ente gestor la cual es enviada a La Fiduciaria para que sirva como referencia para la liquidación definitiva para remunerar a los Agentes del Sistema.,;Español ;;;X;Papel;PDF;X;;LIQUIDACIONES ;Liquidación previa de pagos semanales a operadores SITP;Documenta el proceso del cálculo de la liquidación previa de la remuneración de las participaciones económicas correspondientes a cada uno de los agentes vinculados al Sistema. ;X;;;Dirección Corporativa  -Profesional Gestión Documental ;Disponible ;Archivo de gestión Dirección Corporativa;
58;Subgerencia Económica ;Análisis Financiero y Económico de Concesiones;;P-SE-013;N/A ;Mapa de riesgos;Documento que evidencia los riesgos financieros de los operadores. ;Español ;;;X;Papel;HOJA DE CALCULO;X;;MAPA DE RIESGOS FINANCIEROS DE LOS CONCECIONARIOS ;;El mapa de riesgos financieros de los concesionarios es una herramienta utilizada por Transmilenio S.A. para visualizar las posibles amenazas que pueden surgir en las diferentes áreas de las empresas concesionarias del sistema. Mide la probabilidad y la gravedad de los eventos adversos que en materia financiera puedan surgir. Prevé los riesgos externos e internos de la empresa que servirá para monitorizar y controlar la situación económica de los operadores en situaciones límite, su capacidad de financiamiento e inversión. ;;X;;Dirección Corporativa  -Profesional Gestión Documental ;Disponible ;Subgerencia Económica ;
59;Subgerencia Técncia y de Servicios ;"Resolución No. 306 del 19 de Mayo de 2015 ""Por medio del cual se crea e integra el Comité Técnico Operacional, se fijan sus funciones y se dictan otras disposiciones""";;N/A;R-OP-004 ;Acta;Es el documento que contiene los temas tratados, decisiones y compromisos a los cuales se llego en el Comité de Gestión para el Desarrollo para los trabajadores oficiales.;Español ;X;X;;Papel;WORD/PDF ;X;;ACTAS ;Actas de Comité Técnico Operacional      ;Las Actas de Comité Técnico Operacional registran las decisiones tomadas en torno a ajustes en las rutas del componente zonal de Transmilenio S.A. con la respectiva coordinación de la dependencias que nivel interno de la entidad están comisionadas para llevar a cabo los ajustes, así como también se proyectan acciones de mejoramiento en el sistema de recaudo, Control de Flota e Información al Usuario – SIRCI, además de aspectos ambientales en la operación. ;X;;;Dirección Corporativa  -Profesional Gestión Documental ;Disponible ;Archivo de gestión Dirección Corporativa;
60;Subgerencia Técncia y de Servicios ;"Decreto No. 289 del 07 de Julio de 2016 ""Por medio del cual se modifica el Decreto 294 de 2011 y se dictan otras disposiciones"". 

Resolución No. 607 del 25 de Octubre de 2016 ""Por la cual se actualiza el Reglamento Interno del Comité de Seguimiento a la Etapa de Transición"". 
";;N/A;R-OP-004 ;Acta;Es el documento que contiene los temas tratados, decisiones y compromisos a los cuales se llego en el Comité de Seguimiento a la Etapa de Transición SITP (Patios y terminales zonales);Español ;X;X;;Papel;WORD/PDF ;X;;ACTAS ;Actas de Comité de Seguimiento a la Etapa de Transición SITP (Patios y terminales zonales)       ;Las Actas de Comité de Seguimiento a la Etapa de Transición SITP registran las decisiones tomadas en torno a la coordinación, articulación e impulso de las acciones, programas y proyectos que requiera el proceso de implementación de los terminales y patios zonales del Sistema Integrado de Transporte Público, en el marco del Plan de Ordenamiento territorial y el Plan Maestro de Movilidad vigente.;;X;;Dirección Corporativa  -Profesional Gestión Documental ;Disponible ;Archivo de gestión Dirección Corporativa;
61;Subgerencia Técncia y de Servicios ;"Resolución No. 525 del 19 de Septiembre de 2016 ""Por la cual se modifica la Resolución 260 de  2016 que conformó el Comité de Protocolo de Articulación"". ";;N/A;R-OP-004 ;Acta;Es el documento que contiene los temas tratados, decisiones y compromisos a los cuales se llego en el Comité del Protocolo de Articulación  ;Español ;X;X;;Papel;WORD/PDF ;X;;ACTAS ;Actas de Comité del Protocolo de Articulación   ;Las Actas del Comité de Protocolo de Articulación registran las decisiones tomadas en torno a zanjar las controversias que se suscitan en el cumplimiento del Protocolo de Articulación entre los concesionarios de operación y el concesionario del Sistema Integrado de Recaudo, Control e Información y Servicio al Usuario - SIRCI. Así como los debates respecto de la preparación, aprobación y puesta en operación de los vehículos utilizados en el marco del Sistema Integrado de Transporte Público.;X;;;Dirección Corporativa  -Profesional Gestión Documental ;Disponible ;Archivo de gestión Dirección Corporativa;
62;Subgerencia Técncia y de Servicios ;"Resolución No. 512 del 02 de Septiembre de 2016 "" Por la cual se modifica la Resolución No. 305 del 17 de julio de 2012 que confomó el Comité de Concesionarios con operación zonal del Sistema Integrado de Transporte Público de Bogotá D.C. y se deroga la Resolución No. 77 de 10 de mayo de 2015.
";;N/A;R-OP-004 ;Acta;Es el documento que contiene los temas tratados, decisiones y compromisos a los cuales se llego en el Comité de Concesionarios con Operación Zonal del SITP .;Español ;X;X;;Papel;WORD/PDF ;X;;ACTAS ;Actas de Comité de Concesionarios con Operación Zonal del SITP ;"Las Actas de Comité de Concesionarios con Operación Zonal (alimentadores, complementario y urbano) registran las decisiones tomadas por los Concesionarios de operación zonal y Transmilenio S.A, quienes conforman el Comité acerca de temas como ajustes a la tarifa que incidan en el mejoramiento del servicio; modificaciones, supresiones y adiciones a los desincentivos (descuentos en el pago de los operadores por infracciones a la operación) y unificación de criterios de prestación del servicio.";X;;;Dirección Corporativa  -Profesional Gestión Documental ;Disponible ;Archivo de gestión Dirección Corporativa;
63;Subgerencia Técncia y de Servicios ;Seguimiento a proyectos de Infraestructura;;P-ST-006;R-OP-004 ;Acta;Es el documento que contiene la información sobre las características y estado de la infraestructura recibida al ente ejecutor;Español ;X;X;;Papel;PDF;X;X;ACTAS ;Actas de Entrega de infraestructura  ;Las Actas de Entrega de Infraestructura son utilizadas para dar constancia de la entrega y recibo de toda la infraestructura del sistema que está compuesta por los derechos de la vía en que opera, sus paraderos y/o estaciones, facilidades de acceso peatonal, los estacionamientos, talleres de mantenimiento, control y suministro de energía entre otros.  ;X;;;Dirección Corporativa  -Profesional Gestión Documental ;Disponible ;Archivo de gestión Dirección Corporativa;
64;Subgerencia Técncia y de Servicios ;Procedimiento de consolidación y producción estadistica  sobre validaciones y abordajes del sistema;;"P-ST-001 
P-ST-011";N/A;Registro de base de datos de información recolectada;Estadísticas generadas bimensualmente a partir de información primaria y secundaria aportada por la dirección técnica de BRT, BUSES, Modos alternativos y la Subgerencia Económica de la entidad, el cual tiene como propósito proveer un informe periódico del estado actual y seguimiento a la oferta y la demanda del SITP. ;Español ;;;X;POWER POINT/PDF ;POWER POINT/PDF ;X;;ESTADISTICAS ;Estadísticas del SITP   ;Las estadísticas del SITP contienen información recopilada en campo, necesaria para las áreas misionales con el fin de soportar la planeación y supervisión del Sistema Integrado de Transporte Publico SITP en cumplimiento de los estándares técnicos y metodológicos de calidad aplicables.;X;;;Dirección Corporativa  -Profesional Gestión Documental ;Disponible ;Archivo de gestión Dirección Corporativa;
65;Subgerencia Técncia y de Servicios ;Parámetros para el Diseño de Infraestructura;;P-ST-005 ;N/A;Plan;Documento técnico elaborado por TRANSMILENIO S.A., en el que se plantea la hoja de ruta al mediano y largo plazo para el Sistema TransMilenio en el año 2010;Español ;X;X;;Papel;PDF;X;;PLANES ;Planes Marco ;El Plan Marco involucra la planeación y estructuración de los parámetros del diseño de las vías, las estaciones, los patios, paraderos de alimentación, señalización y demás elementos de infraestructura que intervienen en la operación del Sistema TransMilenio. ;X;;;Dirección Corporativa  -Profesional Gestión Documental ;Disponible ;Archivo de gestión Dirección Corporativa;
66;Subgerencia Técncia y de Servicios ;"Parámetros para el Diseño de Infraestructura
Implementación de las rutas del componente zonal del sistema Integrado de Transporte Público";;"P-ST-005 
P-ST-007";N/A ;Proyectos ;Documento con el proyecto de infraestructura, el cual sera diseñado y construido mediante el Convenio 20 de 2001. ;Español ;X;X;;Papel;PDF;X;;PROYECTOS ;Proyectos de Infraestructura;Los Proyectos de infraestructura contienen la planeación y estructuración de los parámetros del diseño de las vías, las estaciones, los patios, paraderos de alimentación, señalización y demás elementos de infraestructura que intervienen en la operación del Sistema TransMilenio en zonas específicas de la ciudad o vías específicas. ;X;;;Dirección Corporativa  -Profesional Gestión Documental ;Disponible ;Subgerencia Técnica y de Servicios ;
67;Subgerencia Técncia y de Servicios ;"Procedimiento proyecto de Kilómetros Eficientes Troncal  

Procedimiento mejora los niveles de servicio de las rutas del componente zonal del Sistema ";;"T-ST-001 
T-ST-002 ";N/A;Informe de Ejecución de Proyecto;Documento que contiene el avance de ejecución del proyecto. ;Español ;X;X;;Papel;power point / word / pdf;X;;PROYECTOS ;Proyectos de Kilometros Eficientes;Los Proyectos de Kilómetros Eficientes buscan canalizar todas las propuestas recibidas por parte de los concesionarios, la comunidad y el Ente Gestor, en orden a realizar todos los estudios referentes a temas de cobertura, indicadores técnicos y operacionales, viabilidades económicas, situaciones con comunidades, estudios de seguridad operacional e implicaciones directas sobre la infraestructura del componente zonal (paraderos) y troncal y proponer estrategias de rediseño del servicio según se requiera.;X;;;Dirección Corporativa  -Profesional Gestión Documental ;Disponible ;Subgerencia Técnica y de Servicios ;
68;Sungerencia de Atención al Usuario y Comunicaciones ;Manual de Gestión Social;;M-SC-001-3 ;R-OP-004 ;Acta;Es el documento que contiene los eventos de las actividades: Apoyo a Grupos de interés, Atención a Bloqueos, Marchas y/o Contingencias, SAT, Audiencias Públicas, Comité de Gestión Social, Divulgación, Eventos Locales, Mesa de Trabajo, Pedagogía, Reunión, Recorrido, otros.  ;Español ;X;;;Papel;WORD/PDF ;;X;ACTAS;Actas de Actividades Gestión Social;Las Actas de Actividades Gestión Social  son el resultado de establecer espacios de participación ciudadana a través de la convocatoria efectiva de comunidades, organizaciones sociales y referentes comunales, además de la interlocución con las Entidades Distritales que tienen asentamiento en las diferentes localidades, realizando mesas de trabajo y reuniones estratégicas con la participación de otras entidades.;X;;;Dirección Corporativa  -Profesional Gestión Documental ;Disponible ;Archivo de gestión Dirección Corporativa;
69;Sungerencia de Atención al Usuario y Comunicaciones ;N/A;;N/A;N/A;Boletín de Prensa ;Información de interes para la ciudadanía en general;Español ;;;X;lista de difusión (whatsApp);SERVERFILE;;X;BOLETINES ;Boletines de Prensa ;Los Boletines de Prensa y Monitoreo ser realizan con el fin de transmitir a la ciudadanía del Distrito Capital información relacionada con la implementación y operación del Sistema Integrado de Transporte Público y demás proyectos de impacto de TRANSMILENIO S.A., para generar conocimiento, apropiación y pertenencia hacia los componentes del sistema.;X;;;Subgerencia de Atención al Usuario y Comunicaciones ;Disponible ;Archivo de Subgerencia de Atención al Usuario y Comunicaciones ;
70;Sungerencia de Atención al Usuario y Comunicaciones ;Reglamentar el proceso que debe surtir la atención de un derecho de petición, una queja, un reclamo, una solicitud de información y/o una sugerencia presentados en TRANSMILENIO S.A. con relación al servicio prestado.;;P-SC-001;N/A;Comunicación oficial Recibida;Respuesta al requerimiento deacuerdo a los lineamientos de radicación de correspondencia establecidos en el Manual de Gestión Documental. ;Español ;X;X;X;Papel/Correo Electrónico/ Herramientas Web (SDQS-MONITOR);WORD/PDF /MSG;X;;PETICIONES, QUEJAS, RECLAMOS Y SUGERENCIAS    ;;Las PETICIONES, QUEJAS, RECLAMOS Y SUGERENCIAS son interpuestas por los usuarios, consisten en quejas, reclamos, solicitudes de información, consultas, sugerencias, felicitaciones, denuncias por corrupción, que puedan afectar sus intereses o los de la comunidad, con el objeto de qué la Empresa emita una respuesta oportuna, o de inicio a una actuación administrativa según sea el caso. Los canales de recepción son virtuales por medio del sistema SDQS, presenciales, y por vía telefónica.;;X;;Dirección Corporativa  -Profesional Gestión Documental ;Disponible ;Archivo de gestión Dirección Corporativa;
71;Sungerencia de Atención al Usuario y Comunicaciones ;Establecer los lineamientos para garantizar una comunicación eficiente, eficaz y efectiva de TRANSMILENIO S.A.;;T-SC-003;N/A;Plan;Es un instrumento que engloba el programa comunicativo empresarial (a corto, mediano y largo plazo), que recoge metas, estrategias, públicos objetivos, mensajes básicos, acciones, cronogramas, presupuestos y medios de evaluación.;Español ;X;;;Papel;TEXTO;X;;PLANES ;Planes de Comunicaciones;El Plan de comunicaciones es un instrumento que engloba el programa comunicativo empresarial (a corto, mediano y largo plazo), que recoge metas, estrategias, públicos objetivos, mensajes básicos, acciones, cronogramas, presupuestos y medios de evaluación.;X;;;Dirección Corporativa  -Profesional Gestión Documental ;Disponible ;Archivo de gestión Dirección Corporativa;
72;Sungerencia de Atención al Usuario y Comunicaciones ;N/A;;N/A;;Publicaciones ;Información al usuario a través de la página web institucional www.transmilenio.gov.co;Español ;;;X;PÁGINA WEB ;;X;;PUBLICACIONES;;Las PUBLICACIONES recogen la divulgación de información institucional pertinente para los usuarios acerca del uso del sistema de transporte masivo, a través de la edición, publicación y distribución de publicaciones seriadas, libros o folletos, cuyos temas comprenden el desarrollo de nuevas obras de infraestructura en el sistema, innovaciones en l flota de buses, característica del servicio de nuevas fases y zonas de la ciudad que alcanza el sistema, entre otros.;X;;;Subgerencia de Atención al Usuario y Comunicaciones ;Disponible ;www.transmilenio.gov.co;
73;Subgerencia de Desarrollo de Negocios ;"Resolución No. 461 del 15 de Julio de 2015 ""Por medio de la cual se actualizan las disposiciones relacionadas con la creación, composición y funcionamiento del Comité Comercial de la Empresa de Transporte del Tercer Milenio  - TRANSMILENIO S.A."" ";;N/A ;R-OP-004 ;Acta;Es el documento que contiene los temas tratados, decisiones y compromisos a los cuales se llego en el Comité.;Español;X;X;;Papel;PDF ;X;;ACTAS ;Actas de Comité Comercial    ;Las  Actas de Comité Comercial contienen todas las decisiones tomadas por este órgano asesor y de apoyo en la definición de estrategias y líneas de acción en materia comercial, reflejan el análisis y discusión de las iniciativas y proyectos en materia comercial y de mercadeo de la Empresa. ;X;;;Dirección Corporativa  -Profesional Gestión Documental ;Disponible ;Archivo de gestión Dirección Corporativa;
74;Subgerencia de Desarrollo de Negocios ;"ACUERDO Nº 07 DE 2017 (noviembre 09 de 2017) Junta Directiva. ""Por el cual se modifica la estructura organizacional y las funciones de unas dependencias de la Empresa de Transporte del Tercer Milenio - TRANSMILENIO S.A."" 

Art. 17º. Subgerencia de Desarrollo de Negocios. Funciones:
1. Formular y orientar estrategias y proyectos para el desarrollo de modelos de explotación comercial del Sistema y negocios colaterales, en coordinación con los ámbitos de la Gerencia de Integración y de la Dirección y Control de la Operación.
7.  Diseñar estrategias para el reconocimiento y favorabilidad nacional e internacional de la Empresa y sus marcas.";;N/A ;N/A ;Autorización;Firma de un convenio, o cruce de cartas de propuesta y otro de aceptación o de autorización por parte de TRANSMILENIO S.A., en las que se especifican las condiciones de la negociación. ;Español;X;X;;Papel;PDF ;X;;AUTORIZACIONES DE NEGOCIOS COLATERALES ;Autorizaciones de Arrendamiento de Especio en Infraestructura y Buses ;Las  Autorizaciones de Publicidad en Infraestructura  contienen la solicitud de autorización de cualquier organización comercial o persona jurídica para alquilar espacios publicitarios en calidad de arrendamiento con descripción de formato, cantidad, ubicación, artes y periodo de exhibición y la respuesta de la Subgerencia de Desarrollo de Negocios luego de efectuar la debida evaluación, de acuerdo a los criterios de disponibilidad de espacios, valor, entre otros.;X;;;Dirección Corporativa  -Profesional Gestión Documental ;Disponible ;Archivo de gestión Dirección Corporativa;
75;Subgerencia de Desarrollo de Negocios ;Resolución 393 de 2015, por medio de la cual se adoptan las políticas de la explotación colateral del Sistema ;;N/A ;N/A ;Autorización;Firma de un convenio, o cruce de cartas de propuesta y otro de aceptación o de autorización por parte de TRANSMILENIO S.A., en las que se especifican las condiciones de la negociación. ;Español;X;X;;Papel;PDF ;X;;AUTORIZACIONES DE NEGOCIO COLATERAL;Autorizaciones de Publicidad en Buses;Las Autorizaciones de Publicidad en Buses se sustentan bajo Actas de Acuerdos Temporales derivados de unas cláusulas de los contratos de Concesión de Operación Troncal y Zonal. ;X;;;Dirección Corporativa  -Profesional Gestión Documental ;Disponible ;Archivo de gestión Dirección Corporativa;
76;Subgerencia de Desarrollo de Negocios ;Resolución 393 de 2015, por medio de la cual se adoptan las políticas de la explotación colateral del Sistema ;;P-SN-002;N/A ;Autorización;Firma de un convenio, o cruce de cartas de propuesta y otro de aceptación o de autorización por parte de TRANSMILENIO S.A., en las que se especifican las condiciones de la negociación. ;Español;X;X;;Papel;PDF ;X;;AUTORIZACIONES DE NEGOCIO COLATERAL;Autorizaciones de Publicidad en Infraestructura;Las  Autorizaciones de Publicidad en Infraestructura  contienen la solicitud de autorización de cualquier organización comercial o persona jurídica para alquilar espacios publicitarios en calidad de arrendamiento con descripción de formato, cantidad, ubicación, artes y periodo de exhibición y la respuesta de la Subgerencia de Desarrollo de Negocios luego de efectuar la debida evaluación, de acuerdo a los criterios de disponibilidad de espacios, valor, entre otros.;X;;;Dirección Corporativa  -Profesional Gestión Documental ;Disponible ;Archivo de gestión Dirección Corporativa;
77;Subgerencia de Desarrollo de Negocios ;Procedimiento acuerdos de uso de marca;;P-SN-001;N/A ;Autorización;Firma de un convenio, o cruce de cartas de propuesta y otro de aceptación o de autorización por parte de TRANSMILENIO S.A., en las que se especifican las condiciones de la negociación. ;Español;X;X;;Papel / Correo electrónico;PDF ;X;;AUTORIZACIONES DE NEGOCIO COLATERAL;Autorizaciones de uso de la Marca;Las Autorizaciones de uso de la Marca contienen la solicitud de autorización de uso de la marca o marcas de propiedad de TRANSMILENIO S.A. las condiciones del uso y las tarifas, la respectiva respuesta de la Subgerencia de Desarrollo de Negocios de aceptación o rechazo y la respectiva factura si es el caso.;X;;;Dirección Corporativa  -Profesional Gestión Documental ;Disponible ;Archivo de gestión Dirección Corporativa;
78;Subgerencia de Desarrollo de Negocios ;Procedimiento cursos de Capacitación;;P-SN-005 ;N/A;Agenda ;Realizar el seguimiento de obligaciones adquiridas y compromisos de TRANSMILENIO S.A. y del cliente.;Español / Inglés;X;;;Papel / Correo electrónico;;X;;EVENTOS INSTITUCIONALES ;Eventos Técnicos Especializados ;Esta subserie documenta los pasos a seguir para la prestación del servicio de educación continua en temas relacionados con el transporte público de pasajeros y afines, dirigidos al sector público y privado.  ;X;;;Dirección Corporativa  -Profesional Gestión Documental ;Disponible ;Archivo de gestión Dirección Corporativa;
79;Subgerencia de Desarrollo de Negocios ;"Resolución No. 00486 del 15 de Enero de 1999 de la Superintendencia de Industria y Comercio ""Por la cual se concede un registro"". Expediente No. 980416400000. ARTICULO PRIMERO: Conceder el registro de una marca normativa TRANSMILENIO. ";;N/A ;N/A;Registros ;"Documento que evidencia el Acto administrativo donde se realiza el registro de la marca ""TransMilenio"". ";Español;X;;;Papel;Texto ;;X;REGISTRO DE MARCA TRANSMILENIO;;Recoge la información del trámite realizado ante la Superintendencia de Industria y Comercio de las marcas registradas de Transmilenio S.A. el Registro de Marca determina la identidad gráfica, física y operativa de sus productos y servicios. ;X;;;Dirección Corporativa  -Profesional Gestión Documental ;Disponible ;Archivo de gestión Dirección Corporativa;
80;Subgerencia Juridica ;"Resolución No. 086 de 2002 por la cual se modifica la Resolución No. 066 de 2002 de Transmilenio S.A. por medio del cual se establece el Comité de Conciliación. Decreto Distrital 690 de 2009, por el cual se dictan lineamientos sobre la conciliación y los Comités de Conciliación en Bogotá, D.C.
ACUERDO Nº 07 DE 2017 (noviembre 09 de 2017) Junta Directiva. ""Por el cual se modifica la estructura organizacional y las funciones de unas dependencias de la Empresa de Transporte del Tercer Milenio - TRANSMILENIO S.A.""
Artículo Décimo Sexto. Subgerencia Jurídica. Funciones literal 11. ";;N/A;N/A;Acta ;Es el documento que contiene los temas tratados, decisiones y compromisos a los cuales se llego en el Comité de conciliación ;Español ;X;X;X;Papel ;WORD/PDF ;X;;ACTAS ;Actas de Conciliación ;Conjunto de Actas de la instancia administrativa que actúa como estudio, análisis y formulación de políticas sobre prevención del daño antijurídico y defensa de los intereses de la entidad.;X;;;Dirección Corporativa  -Profesional Gestión Documental ;Disponible ;Archivo de gestión Dirección Corporativa;
81;Subgerencia Juridica ;"ACUERDO Nº 07 DE 2017 (noviembre 09 de 2017) Junta Directiva. ""Por el cual se modifica la estructura organizacional y las funciones de unas dependencias de la Empresa de Transporte del Tercer Milenio - TRANSMILENIO S.A."" ARTÍCULO  DÉCIMO SEXTO: Subgerencia Jurídica, Literal 10. Orientar la definición y atención de los asuntos jurídicos y legales de la Empresa y expedir conceptos en concordancia con la normatividad vigente. ";;N/A;N/A;Concepto ;Documento que contiene una apreciacion o recomendación juridica . ;Español ;X;X;X;Papel ;WORD/PDF ;X;;CONCEPTOS;Conceptos Juridicos ;Conjunto de documentos  que contienen csobre un tema de carácter particular o general, a la que se llega después de un análisis de los hechos y de la normatividad, jurisprudencia y doctrina vigentes y aplicables al tema en estudio;;;;;;;
82;Subgerencia Juridica ;Manual de Contratacion ;;M-DA-013;N/A;Contrato;Documento que evidencia el acuerdo entre dos o más partes y definen obligaciones a las partes que lo suscriben. ;Español ;X;X;X;Papel/secop II;WORD/PDF ;X;;CONTRATOS DE CONCESIÓN ;;"Documenta el proceso mediante el cual Transmilenio S.A. se encarga de seleccionar a la empresa privada mejor calificada para celebrar el contrato de forma que favorezca a los intereses públicos. Dichas condiciones tienen que ver fundamentalmente con condiciones técnicas y económicas que satisfagan los requerimientos de transporte masivo público para la ciudad de Bogotá según zonas de operación. Documenta un procedimiento formal y competitivo de adquisiciones, mediante el cual se solicitan, reciben y evalúan ofertas para la adquisición de bienes, obras o servicios y se adjudica el contrato correspondiente al oferente que ofrezca la propuesta más conveniente, de lo que se siguen las denominadas fases del contrato, pre-contractual; contractual, de la ejecución del contrato como tal y pos-contractual posterior a su terminación..";X;;;Dirección Corporativa  -Profesional Gestión Documental ;Disponible ;Archivo de gestión Dirección Corporativa;
83;Subgerencia Juridica ; Trámite de Conciliaciones y Mecanismos Alternos de Solución de Conflictos ;;P-SJ-002;N/A ;Expediente de solución de conflictos ;Expediente del proceso donde reposan los documentos resulatantes de las actuaciones de  Transmilenio S.A. una vez se encarga de los procesos de conciliación. ;Español ;X;X;X;Papel;PDF;;X;PROCESOS ;Mecanismos Alternativos de Solución de Conflictos (MASC)   ;Subserie documental donde se organizan los distintos expedientes de  solucion de conflictos  los cuales estan compuestos  por la solicitud de la parte interesada en conciliar, donde expone su intención de conciliar y sus condiciones para ser analizadas y estudiadas por la contraparte, el acta de conciliación propiamente dicha en la cual van los acuerdos a que se ha llegado en la conciliación, las comunicaciones oficiales que se requirieron, la sentencia en que ordena el cumplimiento donde va explícita la orden impartida por la autoridad competente, para que se cumpla lo decidido sobre un asunto y finalmente el acuerdo de cumplimiento.;X;X;La conciliaicón extrajudicial  tiene reserva;Dirección Corporativa  -Profesional Gestión Documental ;Disponible ;Archivo de gestión Dirección Corporativa;
84;Subgerencia Juridica ;Ley 1564 de  2012;;N/A ;N/A ;Actuaciones de Órganos de Control y Vigilancia (Según el caso)  ;Expediente del proceso donde reposan los documentos resulatantes de las actuaciones de  Transmilenio S.A. una vez se encarga de los procesos de conciliación. ;Español ;X;X;;Papel;PDF;;X;PROCESOS ;Procesos de actuaciones administrativas  ;Subserie documental que agrupa expedientes de actuaciones  en cuyos soportes consta decisiones formuladas en desarrollo de la función de control y vigilancia correspondiente a los órganos de control (Procuraduría General de la Nación, Contraloría General de la República, Fiscalía General de la Nación, Personería, Superintendencias, etc.).;;X;;Dirección Corporativa  -Profesional Gestión Documental ;Disponible ;Archivo de gestión Dirección Corporativa;
85;Subgerencia Juridica ;Ley 1564 de  2029;;N/A ;N/A ;"Denuncia, querella, actuación de oficio, prueba de ""noticia crimines"", petición, querella, informe o solicitud de autoridad o particular (Según los medios por el cual puede iniciarse la actividad de la justicia penal).  ";Expediente que complila documentos mediante el cual la Entidad pone en conocimiento de la Autoridad Penal (Policía o Fisclía), la ocurrencia de un Hecho Punible (Contravención o Delito).;Español ;X;;;Papel;;X;;PROCESOS ;Procesos Penales    ;Conjunto de documentos  del proceso  mediante el cual Transmilenio S.A. allega toda la información ante la Fiscalía General de La Nación para que realice la acción penal que comprende la investigación de los hechos que revistan las características de un delito, este podrá ser de oficio o que congreguen a su conocimiento por medio de denuncia, petición especial o querella. La noticia criminal inicia el proceso, este se divide en tres etapas: la primera es la indagación, la segunda la investigación y por último la de juzgamiento.;;;La información tiene reserva hasta que se apertura la etapa de juicio.;Dirección Corporativa  -Profesional Gestión Documental ;Disponible ;Archivo de gestión Dirección Corporativa;
86;Dirección Técnica de Buses ;"RESOLUCIÓN N° 806 DE 2021 del 20 de diciembre de 2021
 ""Por medio de la cXal se modifica, actualiza y consolida el Manual Específico de Funciones y Requisitos por Competencias Laborales para desempeñar los empleos de Trabajador Oficial de la planta de personal de la EMPRESA DE TRANSPORTE DEL TERCER MILENIO - TRANSMILENIO S.A.´

";;P-DB-002;N/A;Registro de bitácora;Es la base de datos de la aplicación del GESTSAE, en la cual se lleva la totalidad de los registros de los acontecimientos diarios de la operación del Sistema Integrado de Transporte Público - SUIP.;Español ;;;X;GESTSAE/T-DOC;PDF/HOJA DE CALCULO/CSV;X;;BITACORAS;Bitácoras de Operación;Las Bitácoras de Operación documentan toda novedad reportada por los usuarios, la policía, o el personal de TRANSMILENIO S.A., personal de interventoría, contratistas  y personal de los concesionarios  al Centro de Control Maestro o Centro de Control Zonal, el registro se lleva a cabo en el GESTSAE Gestión del Sistema de Ayuda a la Explotación: aplicación Web diseñada para realizar la bitácora del SAEOPERADOR, la cual, es la base de datos para registrar todas las situaciones que se originan en el transcurso de la operación del Sistema Integrado de Transporte Público. Mediante su uso se puede consultar todas las novedades operacionales que se generan en el transcurso de la operación. Los datos que se deben diligenciar como mínimo en la nota son: fecha, tipo, subtipo, subsubtipo, empresa, línea, No. SAE Vehículo, No. SAE conductor, observaciones y/o descripción.;X;;;Dirección Corporativa  -Profesional Gestión Documental ;Disponible ;Archivo de gestión Dirección Corporativa;
87;Dirección Técnica de Buses ;"RESOLUCIÓN N° 806 DE 2021 del 20 de diciembre de 2021
 ""Por medio de la cXal se modifica, actualiza y consolida el Manual Específico de Funciones y Requisitos por Competencias Laborales para desempeñar los empleos de Trabajador Oficial de la planta de personal de la EMPRESA DE TRANSPORTE DEL TERCER MILENIO - TRANSMILENIO S.A.´

";;P-DB-010 ;N/A;Reporte de novedad;Mensaje que evidencia la novedad y se informa la afectación de las rutas Zonales al Director Técnico de Buses. ;Español ;;;X;Mensajería Instantanea/Radio Telefono;Mensajería Instantanea/Radio Telefono;X;;BITACORAS;Informes de Atención a Contingencias;"Los Informes de Atención de Contingencias documentan hechos fortuitos que pueden afectar de manera negativa la operación sistema, en primer lugar toda contingencia  es reportada al Centro de Control del Ente Gestor. Se toman las acciones enfocadas no solo en la solución del suceso, sino también en la continuidad y normalización del servicio
Toda contingencia se registra  en el GestSAE. Incluyen situaciones como: bloqueos de portales y estaciones por parte de usuarios del sistema, personas lesionadas, incendios, terrorismo, o inundaciones.
";X;;;Dirección Corporativa  -Profesional Gestión Documental ;Disponible ;Dirección Técnica de Buses;
88;Dirección Técnica de Buses ;"Resolución No. 347 del 16 de junio de 2015 ""Por medio de la cual se adopta el reglamento de operación en el marco del Decreto 190 de 2015, por el cual se definen los lineamientos para la finalización de la etapa de transición del transporte público colectivo al SITP, establecida mediante Decreto 156 de 2011 y se dictan otras disposiciones"". ";;N/A;N/A;Informe;Documento que contiene el informe elaborado por la Dirección Técnica de Buses, donde  presentan resultados de la supervisión a la operación del SITP Provisional . ;Español ;X;X;;Papel;WORD / IMAGEN / PDF;X;;BITACORAS;Informes de SITP Provisional ;"La empresas prestadoreas de servicio SITP provisional, deberán suministrar toda la información requerida por TRANSMILENIO S.A., dentro del desarrollo de la operación diaria de forma oportuna teniendo en cuenta el esquema operativo estipulado. 
Asi mismo, cualquier tipo de novedad presentada en la operación con un vehículo y/o conductor y/o peatón y/o infraestructura deberá ser informada a TRANSMILENIO S.A. a traves de los mecanismos de comunicación que se  establezcan. 
Las empresas deberan registrar todas las novedades presentadas durante la operación y fuera de ella a TRANSMILENIO S.A. mensualmente o cuando éste lo requiera. ";X;;;Dirección Corporativa  -Profesional Gestión Documental ;Disponible ;Dirección Técnica de Buses;
89;Dirección de Modos Alternativos y Equipamientos Complementarios  ;"RESOLUCIÓN N° 806 DE 2021 del 20 de diciembre de 2021
 ""Por medio de la cXal se modifica, actualiza y consolida el Manual Específico de Funciones y Requisitos por Competencias Laborales para desempeñar los empleos de Trabajador Oficial de la planta de personal de la EMPRESA DE TRANSPORTE DEL TERCER MILENIO - TRANSMILENIO S.A.´

";;N/A ;N/A ;informe ;Documento que contiene la información, análisis y concepto ambiental solicitado o los lineamientos ambientales solicitados para el proyecto.;Español ;;;;Papel;WORD/PDF;X;;INFORMES ;Informes técnicos ambientales ;Documentos relacionados con la aplicación, competencia, pertinencia o aclaración del marco normativo ambiental o  de conceptos jurídicos relacionados con asuntos, situaciones o temáticas ambientales solicitados por ciudadanos individuales o personas jurídicas con respecto a la infraestructura de Transmilenio S.A. que se ve afectada o afecta el entorno urbano.;Cuando así la Entidad lo considere;Cuando así la Entidad lo considere;Dirección Administrativa  -Profesional Gestión Documental ;Disponible ;Archivo de gestión Centralizado Dirección Administrativa;;Dirección Técnica de Modos Alternativos y Equipamientos Complementarios 
90;Dirección de Modos Alternativos y Equipamientos Complementarios  ;"RESOLUCIÓN N° 806 DE 2021 del 20 de diciembre de 2021
 ""Por medio de la cXal se modifica, actualiza y consolida el Manual Específico de Funciones y Requisitos por Competencias Laborales para desempeñar los empleos de Trabajador Oficial de la planta de personal de la EMPRESA DE TRANSPORTE DEL TERCER MILENIO - TRANSMILENIO S.A.´

";;N/A ;N/A ;Estudio;Documento escrito presentado por una entidad externa que contiene una propuesta de estudio para revisar la posibilidad inicialmente de una prueba piloto o un contrato según corresponda.;Español ;x;x;;papel;WORD/PDF;;x;ESTUDIOS;Estudios Integrales en la Infraestructura;Evidencia de la generación de estudios de interconectividad, accesibilidad, intermodalidad, ambientales y otros en los sistemas a cargo de la Entidad. ;X;;;Dirección Corporativa  -Profesional Gestión Documental ;Disponible ;Archivo de gestión Dirección Corporativa;
91;Dirección de Modos Alternativos y Equipamientos Complementarios  ;"RESOLUCIÓN N° 806 DE 2021 del 20 de diciembre de 2021
 ""Por medio de la cXal se modifica, actualiza y consolida el Manual Específico de Funciones y Requisitos por Competencias Laborales para desempeñar los empleos de Trabajador Oficial de la planta de personal de la EMPRESA DE TRANSPORTE DEL TERCER MILENIO - TRANSMILENIO S.A.´

";;N/A;N/A;Informe;Información generada por un tercero sobre la infraestructura del Sistema BRT.;Español ;X;;;Papel;Papel;X;;INFORMES ;Informes de estado de la Infraestructura Sistema BRT ;Los Informes de estado de la Infraestructura Sistema BRT documentan la gestión y seguimiento pertinente del mantenimiento de la infraestructura por donde circulan los Buses de Tránsito Rápido – BRT, es decir los articulados, que incluyen puentes peatonales, mobiliario urbano, vías, señalización, en estaciones, patios y portales.;X;;;Dirección Corporativa  -Profesional Gestión Documental ;Disponible ;Archivo de gestión Dirección Corporativa;
92;Dirección de Modos Alternativos y Equipamientos Complementarios  ;" Procedimiento para la retribución al operador del Sistema Transmicable 
";;P-DM-010;N/A;Informe ;Documento enviado por el tercero interesado de adelantar una prueba piloto de productos, bienes y/o servicios en la infraestructura de los sistemas de transporte a cargo de la Entidad que contiene información técnica, cronogramas, responsables, duración, etc.;Español ;X;X;X;Papel/Correo Electrónico;WORD/PDF;;X;INFORMES ;Informes Pruebas Piloto en Infraestructura;Los Pruebas Piloto en Infraestructura involucran la evaluación de productos o servicios realizadas en la infraestructura de los sistemas de transporte a cargo de la empresa, para soportar posibles modificaciones o adecuaciones de la infraestructura, incorporación de nuevas tecnologías, entre otras, con el fin de mejorar la disponibilidad física de la infraestructura para la prestación del servicio de transporte y conexos.  ;X;;;Dirección Corporativa  -Profesional Gestión Documental ;Disponible ;Archivo de gestión Dirección Corporativa;
93;Dirección de Modos Alternativos y Equipamientos Complementarios  ;N/A;;N/A;N/A;Informe ;Documento que contiene información de seguimiento al trámite ambiental a cargo de la Entidad.;Español ;X;X;;Papel/soporte digital;WORD/PDF;X;;INFORMES ;Informes Gestión Ambiental en la Infraestructura;Los Informes Gestión Ambiental en la Infraestructura dan cuenta de trámites ambientales de gestión interinstitucional a cargo de la Entidad, relacionados con implementación y manejo de coberturas vegetales y zonas verdes en la infraestructura del Sistema, trámites de publicidad exterior visual, mejoramiento de la calidad del aire, entre otros.;X;;;Dirección Corporativa  -Profesional Gestión Documental ;Disponible ;Archivo de gestión Dirección Corporativa;
94;Dirección Tecnica de Seguridad ;"Resolución No. 491 del 15 de Septiembre de 2017 ""Por medio de la cual se actualiza el reglamento de la seguridad del Sistema de Transporte Público Gestionado por Transmilenio S.A.";;N/A;R-OP-004 ;Acta;Es el documento que contiene los temas tratados, decisiones y compromisos a los cuales se llego en el Comité de Seguridad Física y Anti-evasión.;Español ;X;X;;Papel;PDF;X;;ACTAS;Actas de Comité de Seguridad Física y Anti-evasión del Sistema;"Las Actas del Comité de Seguridad Física y Anti-evasión  documentan las deliberaciones, decisiones y compromisos de los miembros del Comité en torno a la valoración periódica de estrategias de seguridad física y anti evasión con el fin de que sean adecuadas para afrontar las amenazas; la recomendación de ajustes requeridos al Plan Integral de Seguridad del Sistema de Transporte Público Gestionado por Transmilenio S.A, y de realizar el seguimiento de las tareas encomendadas por el Comité.";X;;;Dirección Corporativa  -Profesional Gestión Documental ;Disponible ;Archivo de gestión Dirección Corporativa;
95;Dirección Tecnica de Seguridad ;"Resolución No. 491 del 15 de Septiembre de 2017 ""Por medio de la cual se actualiza el reglamento de la seguridad del Sistema de Transporte Público Gestionado por Transmilenio S.A.";;N/A;R-OP-004 ;Acta;Es el documento que contiene los temas tratados, decisiones y compromisos a los cuales se llego en el Comité de Seguridad Vial Troncal y Zonal.;Español ;X;X;;Papel;PDF;X;;ACTAS;Actas de Comité de Seguridad Vial Troncal y Zonal;"Las Actas de Comité de Seguridad Vial Troncal y Zonal documentan las deliberaciones, decisiones y compromisos de los miembros del Comité en torno a la proposición de planes y programas relacionados con seguridad vial y operacional; seguimiento a las cifras e indicadores de accidentalidad de los componentes zonal y troncal; socialización de buenas prácticas y lecciones aprendidas; y la gestión de los riesgos viales y operacionales identificados por el Comité.";X;;;Dirección Corporativa  -Profesional Gestión Documental ;Disponible ;Archivo de gestión Dirección Corporativa;
96;Dirección Tecnica de Seguridad ;"Resolución No. 491 del 15 de Septiembre de 2017 ""Por medio de la cual se actualiza el reglamento de la seguridad del Sistema de Transporte Público Gestionado por Transmilenio S.A.";;T-DS-008;N/A;boletin ;Documento que soporta la identificación de peligros en la visita de via ;Español ;X;X;X;Papel /correo electonico ;PDF / MSG ;X;;BOLETINES ;Boletines Atentos;Los Boletines Atentos se plantean desde la Subgerencia Técnica y de Servicios, la Subgerencia de Atención al Usuario y Comunicaciones, las Direcciones Técnicas de Seguridad, BRT o Buses de TRANSMILENIO S.A., la Secretaría Distrital de Movilidad o de parte de contratistas que realizan obras civiles, informando de novedades que afectan la normal operación del Sistema y que impliquen cambios operativos relevantes en el desarrollo normal de la movilidad del Sistema. Entre las principales afectaciones tienen los desvíos operacionales, rutas nuevas, conexiones entre troncales, obras, entre otros.;X;;;Dirección Corporativa  -Profesional Gestión Documental ;Disponible ;Archivo de gestión Dirección Corporativa;
97;Dirección Tecnica de Seguridad ;"Resolución No. 491 del 15 de Septiembre de 2017 ""Por medio de la cual se actualiza el reglamento de la seguridad del Sistema de Transporte Público Gestionado por Transmilenio S.A.";;N/A;N/A;Boletín;Documento en word  en el cual se informan las obras que se estan realizando en las calzadas exclusivas y es enviado por correo electronico.;Español ;;;X;Correo Electronico;MSG ;X;;BOLETINES ;Boletines de Obra;Los Boletines de obra están conformados por reportes que informan las obras que se están realizando en las calzadas exclusivas, esta información es enviado por correo electrónico a los operadores del sistema.;X;;;Dirección Corporativa  -Profesional Gestión Documental ;Disponible ;Dirección Técnica de Seguridad ;
98;Dirección Tecnica de Seguridad ;Plan Integral de Seguridad;;T- DS- 003;N/A;Documentos, fotografias, volantes e  informe. ;Se encuentran en los informes y reportes de interventoria o fuerza operativa ;Español ;;;X;"papel
Electronico  ";PDF / MSG  / Server File;;X;CAMPAÑAS DE SEGURIDAD VIAL Y FISICA ;;Los Campañas de Seguridad Vial y Física se realizan en el marco del cumplimiento del Manual de Operaciones Sistema Transmilenio y por obligaciones contractuales de la entidad con los concesionarios, se debe tener el registro de asistencia a las capacitaciones en manejo preventivo, responsabilidad en el manejo del bus  articulado o de alimentación, cortesía en la vía y demás factores fundamentales para el buen funcionamiento del sistema.;X;;;Dirección Corporativa  -Profesional Gestión Documental ;Disponible ;Archivo de gestión Dirección Corporativa;
99;Dirección Tecnica de Seguridad ;Protocolo para la prestación del servicio anti - evasión con  vigilancia sin arma y con medio canino;;T- DS- 004;N/A;Registro de Base de Datos en Excel ;Planillas de reporte de eventos de siniestros  de transito y eventos de seguridad y convivencia ciudadana ;Español ;;;X;Hojas de calculo;Hojas de calculo;X;;ESTADISTICAS ;Estadísticas de Seguridad Víal y Física      ;Las Estadísticas de Seguridad Vial y Física consisten en el registro resumido y detallado de los incidentes de seguridad vial acontecidos a los vehículos BRT y buses duales en el componente troncal y aquellos ocurridos en el componente zonal que incluyen choques simples,  choques con herido o muerto y en los que están involucrados otros vehículos, peatones, pasajeros, bicicletas o motos.;X;;;Dirección Corporativa  -Profesional Gestión Documental ;Disponible ;Archivo de gestión Dirección Corporativa;
100;Dirección Tecnica de Seguridad ;Protocolo para el ánalisis de eventos de accidentalidad;;T-DS-007;R-DS-012;Informe de análisis de evento de accidentalidad;"Documento que evidencia el informe de análisis de evento
de accidentalidad.";Español ;X;X;;Papel/CD;PDF;X;X;INFORMES ;Informes de Análisis de Accidentes Troncales;Los Informes de Análisis de Accidentes Troncales y de accidentes zonales, únicamente se diferencian por el componente del sistema en el cual suceden los hechos, bien sea en las vías principales empleadas por los BRT o aquellas zonas de la ciudad que utilizan otro tipo de buses. Documentan los eventos, generalmente involuntarios, generados al menos por un vehículo en movimiento, en el cual se hallen involucrados vehículos vinculados al Sistema Integrado de Transporte Público que gestiona Transmilenio S.A., en el que se causa daños a personas y bienes e igualmente afecta la normal circulación de los vehículos que se movilizan por la vía o vías comprendidas en el lugar o dentro de la zona de influencia del hecho.;;X;;Dirección Corporativa  -Profesional Gestión Documental ;Disponible ;Archivo de gestión Dirección Corporativa;
101;Dirección Tecnica de Seguridad ;Protocolo para el ánalisis de eventos de accidentalidad;;T-DS-007;R-DS-012;Informe de análisis de evento de accidentalidad;"Documento que evidencia el informe de análisis de evento
de accidentalidad.";Español ;X;X;;Papel/CD;PDF;X;X;INFORMES ;Informes de Análisis de Accidentes zonal ;Los Informes de Análisis de Accidentes Troncales y de accidentes zonales, únicamente se diferencian por el componente del sistema en el cual suceden los hechos, bien sea en las vías principales empleadas por los BRT o aquellas zonas de la ciudad que utilizan otro tipo de buses. Documentan los eventos, generalmente involuntarios, generados al menos por un vehículo en movimiento, en el cual se hallen involucrados vehículos vinculados al Sistema Integrado de Transporte Público que gestiona Transmilenio S.A., en el que se causa daños a personas y bienes e igualmente afecta la normal circulación de los vehículos que se movilizan por la vía o vías comprendidas en el lugar o dentro de la zona de influencia del hecho.;;X;;Dirección Corporativa  -Profesional Gestión Documental ;Disponible ;Archivo de gestión Dirección Corporativa;
102;Dirección Tecnica de Seguridad ;Protocolo para desarrollar inspecciones de seguridad operacional;;T-DS-010 ;N/A;Informe de inspección ;Informe que consolida las inspecciones realizadas, los resultados y las recomendaciones. ;Español;X;X;;Papel/CD;PDF/JPG;;X;INFORMES ;Informes de Inspección de Seguridad Industrial;Los Informes de Inspección de Seguridad Industrial están conformados por observaciones sistemáticas para identificar los peligros, riesgos o condiciones inseguras en el Sistema, que de otro modo podrían pasarse por alto, y de hacerlo así podrían ocurrir eventos o desastres que pusieran en riesgo la operación como tal, a sus trabajadores y los usuarios del Sistema Integrado de Transporte Público.;X;;;Dirección Corporativa  -Profesional Gestión Documental ;Disponible ;Archivo de gestión Dirección Corporativa;
103;Dirección Tecnica de Seguridad ;Protocolo para la aplicación de pruebas de alcoholimetria;;T-DS-006;R-DS-009;Informe de alcoholimetría ;Informe de alcoholimetría el cual se hace en los casos que son positivos. ;Español;X;;X;VIHANET;PDF;;X;INFORMES ;Informes de Pruebas de Alcoholimetría;Los Informes de Pruebas de Alcoholimetría documentan la realización de pruebas de alcoholimetría al interior del Sistema Integrado de Transporte Público – SITP gestionado por TRANSMILENIO S.A., incluyendo a todo el personal operativo y administrativo que incida en la operación, el procedimiento incluye la prueba automática o test pasivo que se realiza en primera instancia, con el fin de determinar cualitativamente sí hay concentración de alcohol en la sangre. Este tipo de prueba permite que las mediciones sean rápidas y no afecten la operación. Los resultados de estas pruebas son reportados como positivos “POS” si se detecta alcohol, o negativos “NEG” si no se detecta alcohol. Si se detecta sea hace una prueba confirmatoria  o test activo, se lleva a cabo con boquilla y únicamente al inspeccionado, sirve para validar la prueba automática y determinar concentración de alcohol en la sangre. El trámite reflejado da cuenta del evento en el cual las pruebas salen positivas y se inician acciones frente al Concesionario.;X;;;Dirección Corporativa  -Profesional Gestión Documental ;Disponible ;Archivo de gestión Dirección Corporativa;
104;Dirección Tecnica de Seguridad ;"
Plan Institucional de Respuesta a Emergencia  del Sistema TransMilenio
";;T-DS-002;;Plan;Plan preventivo para incluir medidas y procedimientos  con el objetivo de variar niveles de amenaza, evaluaciones de riesgo y las correspondientes medidas de seguridad que han de aplicarse para prevenir y mitigar los sucesos, así como preparar a todas las partes interesadas que tengan funciones y obligaciones en caso de que se realice un acto de interferencia ilícita. Medidas de seguridad graduales que puedan aumentarse a medida que la amenaza aumenta. ;Español;X;;;Papel ;Word/PDF;X;;PLANES ;Planes de Emergencias del Sistema;Documentos que definen pobjetivos, organización, funciones en operación normal y en situación de emergencia, seguimiento, capacitación y recursos a requerirse. Cada plan cuenta con un responsable de su adecuada y oportuna ejecución. ;X;;;Dirección Corporativa  -Profesional Gestión Documental ;Disponible ;Archivo de gestión Dirección Corporativa;
105;Dirección Tecnica de Seguridad ;"Resolución No. 178 del 19 de Diciembre de 2001 ""Por medio de la cual se crea y conforma el Comité de Inventarios de la EMPRESA DE TRANSPORTE DEL TERCER MILENIO  - TRANSMILENIO S.A."" ";;;;Plan;Documento  que definir las líneas de acción en materia de seguridad física, seguridad vial y evasión,;Español;X;;X;;Papel / Intranet;PDF;;PLANES ;Planes Integrales de Seguridad;El Plan Integral de Seguridad contiene las líneas de acción en materia de seguridad física, seguridad vial y evasión, a través de las cuales se enmarcaran las actividades a gestionar desde TRANSMILENIO S.A. y los agentes internos y externos, para mejorar la Seguridad del Sistema de Transporte Público gestionado por TRANSMILENIO S.A.;;;;;;;
106;Dirección Técnica de BRT;"
Reglamento Comité de Operadores Troncales TRANSMILENIO S.A.";;"
P-O-GR-001
";R-OP-004 ;Acta;Documento que contiene y describe los temas tratados, decisiones y compromisos a los cuales se llego en el Comité de Operadores Troncales.;Español ;X;X;;Papel;PDF;X;;ACTAS ;Actas de Comité de Operadores Troncales;Las Actas de Comité de Operadores Troncales documentan las deliberaciones de sus miembros conformados por representantes de los operadores troncales por concesión del sistema y representantes de TRANSMILENIO S.A. que operan en el componente troncal del sistema, en torno al análisis a partir de las tablas horarias sugeridas por los operadores, el cumplimiento de especificaciones y rangos mínimos establecidos en la planeación preliminar de los servicios, y verificar que en cada franja horaria, los intervalos estén distribuidos uniformemente.;X;;;Dirección Corporativa  -Profesional Gestión Documental ;Disponible ;Archivo de gestión Dirección Corporativa;
107;Dirección Técnica de BRT;"Resolución No. 081 de 2020 ""Por la cual se determina el objeto, funciones, composición y reglamento del Comité de Contratación de la EMPRESA DE TRANSPORTE DEL TERCER MILENIO ""TRANSMILENIO S.A.""";;P-DO-002;N/A;Registro de bitácora;Registros que se deben realizar en el momento en que se presentan los eventos, para que el registro del instante corresponda con la hora real del evento. Si es necesario se completa la bitácora después del turno, si la cantidad de las contingencias lo amerita.;Español ;;;X;GESTSAE/T-DOC;PDF/HOJA DE CALCULO/CSV;X;;BITACORAS;Bitácoras de Operación;Las Bitácoras de Operación documentan toda novedad reportada por los usuarios, la policía, o el personal de TRANSMILENIO S.A., personal de interventoría, contratistas  y personal de los concesionarios  al Centro de Control Maestro o Centro de Control Zonal, el registro se lleva a cabo en el GESTSAE Gestión del Sistema de Ayuda a la Explotación: aplicación Web diseñada para realizar la bitácora del SAEOPERADOR, la cual, es la base de datos para registrar todas las situaciones que se originan en el transcurso de la operación del Sistema Integrado de Transporte Público. Mediante su uso se puede consultar todas las novedades operacionales que se generan en el transcurso de la operación. Los datos que se deben diligenciar como mínimo en la nota son: fecha, tipo, subtipo, subsubtipo, empresa, línea, No. SAE Vehículo, No. SAE conductor, observaciones y/o descripción.;X;;;Dirección Corporativa  -Profesional Gestión Documental ;Disponible ;Dirección Técnica de BRT;
108;Dirección Técnica de BRT;"Resolución No. 081 de 2020 ""Por la cual se determina el objeto, funciones, composición y reglamento del Comité de Contratación de la EMPRESA DE TRANSPORTE DEL TERCER MILENIO ""TRANSMILENIO S.A.""";;T-DS-003;N/A;Plan de Manejo de Tráfico;Documento que cuenta con las especificaciones técnicas mínimas para la realización de Planes de Manejo de Tráfico en la ciudad, establecidas por la Secretaría Distrital de Movilidad y por el Instituto Urbano, IDU.;Español ;X;;;Papel;Papel;;X;PLANES ;Planes de Manejo de Tráfico ;Agrupacuón de documentos que conforman el Plan de manejo de tráfico aprobado por la Secretaría de Movilidad y puede tener una  interferencia mediana, alta o baja, se generan para minimizar los impactos generados en la movilidad por la ejecución de obras civiles de alta prioridad, implican cierres o desvíos viales temporales en la red principal y local de la ciudad, además presentan una señalización vertical y horizontal temporal para indicar cierres o desvíos en las vías públicas por donde circulan los vehículos de transporte público pertenecientes al sistema que gestiona Transmilenio S.A.;X;;;Dirección Corporativa  -Profesional Gestión Documental ;Disponible ;Archivo de gestión Dirección Corporativa;
